<assembly>
    <id>archive</id>
    <formats>
        <format>dir</format>
        <format>zip</format>
    </formats>
    <dependencySets>
        <!-- Write out all dependency artifacts to lib directory -->
        <dependencySet>
            <scope>runtime</scope>
            <useProjectArtifact>false</useProjectArtifact>
            <outputDirectory>lib</outputDirectory>
            <directoryMode>0770</directoryMode>
            <fileMode>0660</fileMode>
            <useTransitiveDependencies>false</useTransitiveDependencies>
        </dependencySet>
    </dependencySets>
    <fileSets>
        <fileSet>
            <includes>
                <include>${project.basedir}/README*</include>
            </includes>
        </fileSet>
        <fileSet>
            <directory>${project.basedir}/src/hive/ddl</directory>
            <outputDirectory>hive/ddl</outputDirectory>
            <fileMode>0755</fileMode>
            <lineEnding>unix</lineEnding>
            <includes>
                <include>*.ddl</include>
            </includes>
        </fileSet>
        <fileSet>
            <directory>${project.basedir}/src/hive/hql</directory>
            <outputDirectory>hive/hql</outputDirectory>
            <fileMode>0755</fileMode>
            <lineEnding>unix</lineEnding>
            <includes>
                <include>*.hql</include>
            </includes>
        </fileSet>
        <fileSet>
            <directory>${project.basedir}/src/postgresql/ddl</directory>
            <outputDirectory>postgresql/ddl</outputDirectory>
            <fileMode>0755</fileMode>
            <lineEnding>unix</lineEnding>
            <includes>
                <include>**/*.sql</include>
            </includes>
        </fileSet>
        <fileSet>
            <directory>${project.basedir}/src/postgresql</directory>
            <outputDirectory>postgresql</outputDirectory>
            <fileMode>0755</fileMode>
            <includes>
                <include>**/*</include>
            </includes>
        </fileSet>
        <fileSet>
            <directory>${project.basedir}/src/scripts</directory>
            <outputDirectory>scripts</outputDirectory>
            <fileMode>0755</fileMode>
            <includes>
                <include>**/*</include>
            </includes>
        </fileSet>
        <fileSet>
            <directory>${project.basedir}/src/spark/ActiveTrainScheduleDomainFeed/target</directory>
            <outputDirectory>spark-jars/ActiveTrainScheduleDomainFeed</outputDirectory>
            <fileMode>0755</fileMode>
            <includes>
                <include>**/*uber.jar</include>
                <include>**/*.conf</include>
                <include>**/*index.html</include>
            </includes>
        </fileSet>
        <fileSet>
            <directory>${project.basedir}/src/spark/AssetAssociationDescribedLoad/target</directory>
            <outputDirectory>spark-jars/AssetAssociationDescribedLoad</outputDirectory>
            <fileMode>0755</fileMode>
            <includes>
                <include>**/*uber.jar</include>
                <include>**/*.conf</include>
                <include>**/*index.html</include>
            </includes>
        </fileSet>
        <fileSet>
            <directory>${project.basedir}/src/spark/AssetAssociationLoad/target</directory>
            <outputDirectory>spark-jars/AssetAssociationLoad</outputDirectory>
            <fileMode>0755</fileMode>
            <includes>
                <include>**/*uber.jar</include>
                <include>**/*.conf</include>
                <include>**/*index.html</include>
            </includes>
        </fileSet>
        <fileSet>
            <directory>${project.basedir}/src/spark/AssetConditionCreatedLoad/target</directory>
            <outputDirectory>spark-jars/AssetConditionCreatedLoad</outputDirectory>
            <fileMode>0755</fileMode>
            <includes>
                <include>**/*uber.jar</include>
                <include>**/*.conf</include>
                <include>**/*index.html</include>
            </includes>
        </fileSet>
        <fileSet>
            <directory>${project.basedir}/src/spark/AssetCreatedLoad/target</directory>
            <outputDirectory>spark-jars/AssetCreatedLoad</outputDirectory>
            <fileMode>0755</fileMode>
            <includes>
                <include>**/*uber.jar</include>
                <include>**/*.conf</include>
                <include>**/*index.html</include>
            </includes>
        </fileSet>
        <fileSet>
            <directory>${project.basedir}/src/spark/AssetDescribedLoad/target</directory>
            <outputDirectory>spark-jars/AssetDescribedLoad</outputDirectory>
            <fileMode>0755</fileMode>
            <includes>
                <include>**/*uber.jar</include>
                <include>**/*.conf</include>
                <include>**/*index.html</include>
            </includes>
        </fileSet>
        <fileSet>
            <directory>${project.basedir}/src/spark/BadOrderCodeReferenceLoad/target</directory>
            <outputDirectory>spark-jars/BadOrderCodeReferenceLoad</outputDirectory>
            <fileMode>0755</fileMode>
            <includes>
                <include>**/*uber.jar</include>
                <include>**/*.conf</include>
                <include>**/*index.html</include>
            </includes>
        </fileSet>
        <fileSet>
            <directory>${project.basedir}/src/spark/BusinessPartnerAssociatedLoad/target</directory>
            <outputDirectory>spark-jars/BusinessPartnerAssociatedLoad</outputDirectory>
            <fileMode>0755</fileMode>
            <includes>
                <include>**/*uber.jar</include>
                <include>**/*.conf</include>
            </includes>
        </fileSet>
        <fileSet>
            <directory>${project.basedir}/src/spark/BusinessPartnerConditionCreatedLoad/target</directory>
            <outputDirectory>spark-jars/BusinessPartnerConditionCreatedLoad</outputDirectory>
            <fileMode>0755</fileMode>
            <includes>
                <include>**/*uber.jar</include>
                <include>**/*.conf</include>
                <include>**/*index.html</include>
            </includes>
        </fileSet>
        <fileSet>
            <directory>${project.basedir}/src/spark/BusinessPartnerCreatedLoad/target</directory>
            <outputDirectory>spark-jars/BusinessPartnerCreatedLoad</outputDirectory>
            <fileMode>0755</fileMode>
            <includes>
                <include>**/*uber.jar</include>
                <include>**/*.conf</include>
                <include>**/*index.html</include>
            </includes>
        </fileSet>
        <fileSet>
            <directory>${project.basedir}/src/spark/BusinessPartnerDescribedLoad/target</directory>
            <outputDirectory>spark-jars/BusinessPartnerDescribedLoad</outputDirectory>
            <fileMode>0755</fileMode>
            <includes>
                <include>**/*uber.jar</include>
                <include>**/*.conf</include>
            </includes>
        </fileSet>
        <fileSet>
            <directory>${project.basedir}/src/spark/BusinessPartnerRemovedLoad/target</directory>
            <outputDirectory>spark-jars/BusinessPartnerRemovedLoad</outputDirectory>
            <fileMode>0755</fileMode>
            <includes>
                <include>**/*uber.jar</include>
                <include>**/*.conf</include>
                <include>**/*index.html</include>
            </includes>
        </fileSet>
        <fileSet>
            <directory>${project.basedir}/src/spark/CarInventoryDomainFeed/target</directory>
            <outputDirectory>spark-jars/CarInventoryDomainFeed</outputDirectory>
            <fileMode>0755</fileMode>
            <includes>
                <include>**/*uber.jar</include>
                <include>**/*.conf</include>
                <include>**/*index.html</include>
            </includes>
        </fileSet>
        <fileSet>
            <directory>${project.basedir}/src/spark/CarInventoryIntermodalDomainFeed/target</directory>
            <outputDirectory>spark-jars/CarInventoryIntermodalDomainFeed</outputDirectory>
            <fileMode>0755</fileMode>
            <includes>
                <include>**/*uber.jar</include>
                <include>**/*.conf</include>
                <include>**/*index.html</include>
            </includes>
        </fileSet>
        <fileSet>
            <directory>${project.basedir}/src/spark/CarReferenceLoad/target</directory>
            <outputDirectory>spark-jars/CarReferenceLoad</outputDirectory>
            <fileMode>0755</fileMode>
            <includes>
                <include>**/*uber.jar</include>
                <include>**/*.conf</include>
                <include>**/*index.html</include>
            </includes>
        </fileSet>
        <fileSet>
            <directory>${project.basedir}/src/spark/CarrierForeignStationDomainFeed/target</directory>
            <outputDirectory>spark-jars/CarrierForeignStationDomainFeed</outputDirectory>
            <fileMode>0755</fileMode>
            <includes>
                <include>**/*uber.jar</include>
                <include>**/*.conf</include>
                <include>**/*index.html</include>
            </includes>
        </fileSet>
        <fileSet>
            <directory>${project.basedir}/src/spark/CommodityConditionCreatedLoad/target</directory>
            <outputDirectory>spark-jars/CommodityConditionCreatedLoad</outputDirectory>
            <fileMode>0755</fileMode>
            <includes>
                <include>**/*uber.jar</include>
                <include>**/*.conf</include>
                <include>**/*index.html</include>
            </includes>
        </fileSet>
        <fileSet>
            <directory>${project.basedir}/src/spark/CommodityCreateLoad/target</directory>
            <outputDirectory>spark-jars/CommodityCreateLoad</outputDirectory>
            <fileMode>0755</fileMode>
            <includes>
                <include>**/*uber.jar</include>
                <include>**/*.conf</include>
                <include>**/*index.html</include>
            </includes>
        </fileSet>
        <fileSet>
            <directory>${project.basedir}/src/spark/CommodityDescribedLoad/target</directory>
            <outputDirectory>spark-jars/CommodityDescribedLoad</outputDirectory>
            <fileMode>0755</fileMode>
            <includes>
                <include>**/*uber.jar</include>
                <include>**/*.conf</include>
                <include>**/*index.html</include>
            </includes>
        </fileSet>
        <fileSet>
            <directory>${project.basedir}/src/spark/CommodityDomainFeed/target</directory>
            <outputDirectory>spark-jars/CommodityDomainFeed</outputDirectory>
            <fileMode>0755</fileMode>
            <includes>
                <include>**/*uber.jar</include>
                <include>**/*.conf</include>
                <include>**/*index.html</include>
            </includes>
        </fileSet>
        <fileSet>
            <directory>${project.basedir}/src/spark/CommodityRemovedLoad/target</directory>
            <outputDirectory>spark-jars/CommodityRemovedLoad</outputDirectory>
            <fileMode>0755</fileMode>
            <includes>
                <include>**/*uber.jar</include>
                <include>**/*.conf</include>
                <include>**/*index.html</include>
            </includes>
        </fileSet>
        <fileSet>
            <directory>${project.basedir}/src/spark/ConveyorAssociateDescribedFlatLoad/target</directory>
            <outputDirectory>spark-jars/ConveyorAssociateDescribedFlatLoad</outputDirectory>
            <fileMode>0755</fileMode>
            <includes>
                <include>**/*uber.jar</include>
                <include>**/*.conf</include>
            </includes>
        </fileSet>
        <fileSet>
            <directory>${project.basedir}/src/spark/ConveyorAssociateDescribedLoad/target</directory>
            <outputDirectory>spark-jars/ConveyorAssociateDescribedLoad</outputDirectory>
            <fileMode>0755</fileMode>
            <includes>
                <include>**/*uber.jar</include>
                <include>**/*.conf</include>
            </includes>
        </fileSet>
        <fileSet>
            <directory>${project.basedir}/src/spark/ConveyorAssociatedLoad/target</directory>
            <outputDirectory>spark-jars/ConveyorAssociatedLoad</outputDirectory>
            <fileMode>0755</fileMode>
            <includes>
                <include>**/*uber.jar</include>
                <include>**/*.conf</include>
            </includes>
        </fileSet>
        <fileSet>
            <directory>${project.basedir}/src/spark/ConveyorCompositeCreatedLoad/target</directory>
            <outputDirectory>spark-jars/ConveyorCompositeCreatedLoad</outputDirectory>
            <fileMode>0755</fileMode>
            <includes>
                <include>**/*uber.jar</include>
                <include>**/*.conf</include>
                <include>**/*index.html</include>
            </includes>
        </fileSet>
        <fileSet>
            <directory>${project.basedir}/src/spark/ConveyorCompositeDescribedLoad/target</directory>
            <outputDirectory>spark-jars/ConveyorCompositeDescribedLoad</outputDirectory>
            <fileMode>0755</fileMode>
            <includes>
                <include>**/*uber.jar</include>
                <include>**/*.conf</include>
                <include>**/*index.html</include>
            </includes>
        </fileSet>
        <fileSet>
            <directory>${project.basedir}/src/spark/ConveyorConditionChangedLoad/target</directory>
            <outputDirectory>spark-jars/ConveyorConditionChangedLoad</outputDirectory>
            <fileMode>0755</fileMode>
            <includes>
                <include>**/*uber.jar</include>
                <include>**/*.conf</include>
            </includes>
        </fileSet>
        <fileSet>
            <directory>${project.basedir}/src/spark/ConveyorConditionCreatedLoad/target</directory>
            <outputDirectory>spark-jars/ConveyorConditionCreatedLoad</outputDirectory>
            <fileMode>0755</fileMode>
            <includes>
                <include>**/*uber.jar</include>
                <include>**/*.conf</include>
            </includes>
        </fileSet>
        <fileSet>
            <directory>${project.basedir}/src/spark/ConveyorCreateLoad/target</directory>
            <outputDirectory>spark-jars/ConveyorCreateLoad</outputDirectory>
            <fileMode>0755</fileMode>
            <includes>
                <include>**/*uber.jar</include>
                <include>**/*.conf</include>
            </includes>
        </fileSet>
        <fileSet>
            <directory>${project.basedir}/src/spark/ConveyorDescribedLoad/target</directory>
            <outputDirectory>spark-jars/ConveyorDescribedLoad</outputDirectory>
            <fileMode>0755</fileMode>
            <includes>
                <include>**/*uber.jar</include>
                <include>**/*.conf</include>
            </includes>
        </fileSet>
        <fileSet>
            <directory>${project.basedir}/src/spark/ConveyorDisassociatedLoad/target</directory>
            <outputDirectory>spark-jars/ConveyorDisassociatedLoad</outputDirectory>
            <fileMode>0755</fileMode>
            <includes>
                <include>**/*uber.jar</include>
                <include>**/*.conf</include>
            </includes>
        </fileSet>
        <fileSet>
            <directory>${project.basedir}/src/spark/ConveyorRemovedLoad/target</directory>
            <outputDirectory>spark-jars/ConveyorRemovedLoad</outputDirectory>
            <fileMode>0755</fileMode>
            <includes>
                <include>**/*uber.jar</include>
                <include>**/*.conf</include>
                <include>**/*index.html</include>
            </includes>
        </fileSet>
        <fileSet>
            <directory>${project.basedir}/src/spark/CurrentInventoryDomainFeed/target</directory>
            <outputDirectory>spark-jars/CurrentInventoryDomainFeed</outputDirectory>
            <fileMode>0755</fileMode>
            <includes>
                <include>**/*uber.jar</include>
                <include>**/*.conf</include>
                <include>**/*index.html</include>
            </includes>
        </fileSet>
        <fileSet>
            <directory>${project.basedir}/src/spark/CustomerDestinationInstructionLoad/target</directory>
            <outputDirectory>spark-jars/CustomerDestinationInstructionLoad</outputDirectory>
            <fileMode>0755</fileMode>
            <includes>
                <include>**/*uber.jar</include>
                <include>**/*.conf</include>
            </includes>
        </fileSet>
        <fileSet>
            <directory>${project.basedir}/src/spark/CustomerDomainFeed/target</directory>
            <outputDirectory>spark-jars/CustomerDomainFeed</outputDirectory>
            <fileMode>0755</fileMode>
            <includes>
                <include>**/*uber.jar</include>
                <include>**/*.conf</include>
            </includes>
        </fileSet>
        <fileSet>
            <directory>${project.basedir}/src/spark/EquipmentOwnerDomainFeed/target</directory>
            <outputDirectory>spark-jars/EquipmentOwnerDomainFeed</outputDirectory>
            <fileMode>0755</fileMode>
            <includes>
                <include>**/*uber.jar</include>
                <include>**/*.conf</include>
            </includes>
        </fileSet>
        <fileSet>
            <directory>${project.basedir}/src/spark/ETAETDDomainFeed/target</directory>
            <outputDirectory>spark-jars/ETAETDDomainFeed</outputDirectory>
            <fileMode>0755</fileMode>
            <includes>
                <include>**/*uber.jar</include>
                <include>**/*.conf</include>
            </includes>
        </fileSet>
        <fileSet>
            <directory>${project.basedir}/src/spark/GateEventDomainFeed/target</directory>
            <outputDirectory>spark-jars/GateEventDomainFeed</outputDirectory>
            <fileMode>0755</fileMode>
            <includes>
                <include>**/*uber.jar</include>
                <include>**/*.conf</include>
            </includes>
        </fileSet>
        <fileSet>
            <directory>${project.basedir}/src/spark/GateEventUnpublishConveyorDomainFeed/target</directory>
            <outputDirectory>spark-jars/GateEventUnpublishConveyorDomainFeed</outputDirectory>
            <fileMode>0755</fileMode>
            <includes>
                <include>**/*uber.jar</include>
                <include>**/*.conf</include>
            </includes>
        </fileSet>
        <fileSet>
            <directory>${project.basedir}/src/spark/GateEventUnpublishEventDomainFeed/target</directory>
            <outputDirectory>spark-jars/GateEventUnpublishEventDomainFeed</outputDirectory>
            <fileMode>0755</fileMode>
            <includes>
                <include>**/*uber.jar</include>
                <include>**/*.conf</include>
            </includes>
        </fileSet>
        <fileSet>
            <directory>${project.basedir}/src/spark/HazardousCommodityDomainFeed/target</directory>
            <outputDirectory>spark-jars/HazardousCommodityDomainFeed</outputDirectory>
            <fileMode>0755</fileMode>
            <includes>
                <include>**/*uber.jar</include>
                <include>**/*.conf</include>
            </includes>
        </fileSet>
        <fileSet>
            <directory>${project.basedir}/src/spark/HoldStatusCodeReferenceLoad/target</directory>
            <outputDirectory>spark-jars/HoldStatusCodeReferenceLoad</outputDirectory>
            <fileMode>0755</fileMode>
            <includes>
                <include>**/*uber.jar</include>
                <include>**/*.conf</include>
            </includes>
        </fileSet>
        <fileSet>
            <directory>${project.basedir}/src/spark/InGateRequestDomainFeed/target</directory>
            <outputDirectory>spark-jars/InGateRequestDomainFeed</outputDirectory>
            <fileMode>0755</fileMode>
            <includes>
                <include>**/*uber.jar</include>
                <include>**/*.conf</include>
            </includes>
        </fileSet>
        <fileSet>
            <directory>${project.basedir}/src/spark/IntermodalBadOrderDomainFeed/target</directory>
            <outputDirectory>spark-jars/IntermodalBadOrderDomainFeed</outputDirectory>
            <fileMode>0755</fileMode>
            <includes>
                <include>**/*uber.jar</include>
                <include>**/*.conf</include>
            </includes>
        </fileSet>
        <fileSet>
            <directory>${project.basedir}/src/spark/IntermodalCarContainerDomainFeed/target</directory>
            <outputDirectory>spark-jars/IntermodalCarContainerDomainFeed</outputDirectory>
            <fileMode>0755</fileMode>
            <includes>
                <include>**/*uber.jar</include>
                <include>**/*.conf</include>
            </includes>
        </fileSet>
        <fileSet>
            <directory>${project.basedir}/src/spark/IntermodalNoteEventsDomainFeed/target</directory>
            <outputDirectory>spark-jars/IntermodalNoteEventsDomainFeed</outputDirectory>
            <fileMode>0755</fileMode>
            <includes>
                <include>**/*uber.jar</include>
                <include>**/*.conf</include>
            </includes>
        </fileSet>
        <fileSet>
            <directory>${project.basedir}/src/spark/IntermodalStorageDomainFeed/target</directory>
            <outputDirectory>spark-jars/IntermodalStorageDomainFeed</outputDirectory>
            <fileMode>0755</fileMode>
            <includes>
                <include>**/*uber.jar</include>
                <include>**/*.conf</include>
            </includes>
        </fileSet>
        <fileSet>
            <directory>${project.basedir}/src/spark/IproUnitMovePlanDomainFeed/target</directory>
            <outputDirectory>spark-jars/IproUnitMovePlanDomainFeed</outputDirectory>
            <fileMode>0755</fileMode>
            <includes>
                <include>**/*uber.jar</include>
                <include>**/*.conf</include>
            </includes>
        </fileSet>
        <fileSet>
            <directory>${project.basedir}/src/spark/LocationAssociatedDescribedLoad/target</directory>
            <outputDirectory>spark-jars/LocationAssociatedDescribedLoad</outputDirectory>
            <fileMode>0755</fileMode>
            <includes>
                <include>**/*uber.jar</include>
                <include>**/*.conf</include>
            </includes>
        </fileSet>
        <fileSet>
            <directory>${project.basedir}/src/spark/LocationAssociationLoad/target</directory>
            <outputDirectory>spark-jars/LocationAssociationLoad</outputDirectory>
            <fileMode>0755</fileMode>
            <includes>
                <include>**/*uber.jar</include>
                <include>**/*.conf</include>
            </includes>
        </fileSet>
        <fileSet>
            <directory>${project.basedir}/src/spark/LocationConditionCreatedLoad/target</directory>
            <outputDirectory>spark-jars/LocationConditionCreatedLoad</outputDirectory>
            <fileMode>0755</fileMode>
            <includes>
                <include>**/*uber.jar</include>
                <include>**/*.conf</include>
            </includes>
        </fileSet>
        <fileSet>
            <directory>${project.basedir}/src/spark/LocationCreatedLoad/target</directory>
            <outputDirectory>spark-jars/LocationCreatedLoad</outputDirectory>
            <fileMode>0755</fileMode>
            <includes>
                <include>**/*uber.jar</include>
                <include>**/*.conf</include>
            </includes>
        </fileSet>
        <fileSet>
            <directory>${project.basedir}/src/spark/LocationDescribedLoad/target</directory>
            <outputDirectory>spark-jars/LocationDescribedLoad</outputDirectory>
            <fileMode>0755</fileMode>
            <includes>
                <include>**/*uber.jar</include>
                <include>**/*.conf</include>
            </includes>
        </fileSet>
        <fileSet>
            <directory>${project.basedir}/src/spark/LocationRemovedLoad/target</directory>
            <outputDirectory>spark-jars/LocationRemovedLoad</outputDirectory>
            <fileMode>0755</fileMode>
            <includes>
                <include>**/*uber.jar</include>
                <include>**/*.conf</include>
            </includes>
        </fileSet>
        <fileSet>
            <directory>${project.basedir}/src/spark/LocomotiveInventoryDomainFeed/target</directory>
            <outputDirectory>spark-jars/LocomotiveInventoryDomainFeed</outputDirectory>
            <fileMode>0755</fileMode>
            <includes>
                <include>**/*uber.jar</include>
                <include>**/*.conf</include>
            </includes>
        </fileSet>
        <fileSet>
            <directory>${project.basedir}/src/spark/LocomotivePositionDomainFeed/target</directory>
            <outputDirectory>spark-jars/LocomotivePositionDomainFeed</outputDirectory>
            <fileMode>0755</fileMode>
            <includes>
                <include>**/*uber.jar</include>
                <include>**/*.conf</include>
            </includes>
        </fileSet>
        <fileSet>
            <directory>${project.basedir}/src/spark/MotorCarrierDomainFeed/target</directory>
            <outputDirectory>spark-jars/MotorCarrierDomainFeed</outputDirectory>
            <fileMode>0755</fileMode>
            <includes>
                <include>**/*uber.jar</include>
                <include>**/*.conf</include>
            </includes>
        </fileSet>
        <fileSet>
            <directory>${project.basedir}/src/spark/NonSystemEquipmentDomainFeed/target</directory>
            <outputDirectory>spark-jars/NonSystemEquipmentDomainFeed</outputDirectory>
            <fileMode>0755</fileMode>
            <includes>
                <include>**/*uber.jar</include>
                <include>**/*.conf</include>
            </includes>
        </fileSet>
        <fileSet>
            <directory>${project.basedir}/src/spark/PlannedEventAssociationLoad/target</directory>
            <outputDirectory>spark-jars/PlannedEventAssociationLoad</outputDirectory>
            <fileMode>0755</fileMode>
            <includes>
                <include>**/*uber.jar</include>
                <include>**/*.conf</include>
            </includes>
        </fileSet>
        <fileSet>
            <directory>${project.basedir}/src/spark/PlannedEventDescribedLoad/target</directory>
            <outputDirectory>spark-jars/PlannedEventDescribedLoad</outputDirectory>
            <fileMode>0755</fileMode>
            <includes>
                <include>**/*uber.jar</include>
                <include>**/*.conf</include>
            </includes>
        </fileSet>
        <fileSet>
            <directory>${project.basedir}/src/spark/PlannedEventDescriptionChangedLoad/target</directory>
            <outputDirectory>spark-jars/PlannedEventDescriptionChangedLoad</outputDirectory>
            <fileMode>0755</fileMode>
            <includes>
                <include>**/*uber.jar</include>
                <include>**/*.conf</include>
            </includes>
        </fileSet>
        <fileSet>
            <directory>${project.basedir}/src/spark/PlannedEventDisassociatedLoad/target</directory>
            <outputDirectory>spark-jars/PlannedEventDisassociatedLoad</outputDirectory>
            <fileMode>0755</fileMode>
            <includes>
                <include>**/*uber.jar</include>
                <include>**/*.conf</include>
            </includes>
        </fileSet>
        <fileSet>
            <directory>${project.basedir}/src/spark/PlannedEventRemovedLoad/target</directory>
            <outputDirectory>spark-jars/PlannedEventRemovedLoad</outputDirectory>
            <fileMode>0755</fileMode>
            <includes>
                <include>**/*uber.jar</include>
                <include>**/*.conf</include>
            </includes>
        </fileSet>
        <fileSet>
            <directory>${project.basedir}/src/spark/PlannedEventReportedLoad/target</directory>
            <outputDirectory>spark-jars/PlannedEventReportedLoad</outputDirectory>
            <fileMode>0755</fileMode>
            <includes>
                <include>**/*uber.jar</include>
                <include>**/*.conf</include>
            </includes>
        </fileSet>
        <fileSet>
            <directory>${project.basedir}/src/spark/PortStationInformationDomainFeed/target</directory>
            <outputDirectory>spark-jars/PortStationInformationDomainFeed</outputDirectory>
            <fileMode>0755</fileMode>
            <includes>
                <include>**/*uber.jar</include>
                <include>**/*.conf</include>
            </includes>
        </fileSet>
        <fileSet>
            <directory>${project.basedir}/src/spark/RailStationReferenceLoad/target</directory>
            <outputDirectory>spark-jars/RailStationReferenceLoad</outputDirectory>
            <fileMode>0755</fileMode>
            <includes>
                <include>**/*uber.jar</include>
                <include>**/*.conf</include>
                <include>**/*index.html</include>
            </includes>
        </fileSet>
        <fileSet>
            <directory>${project.basedir}/src/spark/ReferenceDataLoad/target</directory>
            <outputDirectory>spark-jars/ReferenceDataLoad</outputDirectory>
            <fileMode>0755</fileMode>
            <includes>
                <include>**/*uber.jar</include>
                <include>**/*.conf</include>
            </includes>
        </fileSet>
        <fileSet>
            <directory>${project.basedir}/src/spark/RouteCancelledLoad/target</directory>
            <outputDirectory>spark-jars/RouteCancelledLoad</outputDirectory>
            <fileMode>0755</fileMode>
            <includes>
                <include>**/*uber.jar</include>
                <include>**/*.conf</include>
            </includes>
        </fileSet>
        <fileSet>
            <directory>${project.basedir}/src/spark/RouteDescribedLoad/target</directory>
            <outputDirectory>spark-jars/RouteDescribedLoad</outputDirectory>
            <fileMode>0755</fileMode>
            <includes>
                <include>**/*uber.jar</include>
                <include>**/*.conf</include>
            </includes>
        </fileSet>
        <fileSet>
            <directory>${project.basedir}/src/spark/RoutePlannedLoad/target</directory>
            <outputDirectory>spark-jars/RoutePlannedLoad</outputDirectory>
            <fileMode>0755</fileMode>
            <includes>
                <include>**/*uber.jar</include>
                <include>**/*.conf</include>
            </includes>
        </fileSet>
        <fileSet>
            <directory>${project.basedir}/src/spark/ShipmentAssociationDescribedLoad/target</directory>
            <outputDirectory>spark-jars/ShipmentAssociationDescribedLoad</outputDirectory>
            <fileMode>0755</fileMode>
            <includes>
                <include>**/*uber.jar</include>
                <include>**/*.conf</include>
            </includes>
        </fileSet>
        <fileSet>
            <directory>${project.basedir}/src/spark/ShipmentAssociationLoad/target</directory>
            <outputDirectory>spark-jars/ShipmentAssociationLoad</outputDirectory>
            <fileMode>0755</fileMode>
            <includes>
                <include>**/*uber.jar</include>
                <include>**/*.conf</include>
            </includes>
        </fileSet>
        <fileSet>
            <directory>${project.basedir}/src/spark/ShipmentCompositeCreatedLoad/target</directory>
            <outputDirectory>spark-jars/ShipmentCompositeCreatedLoad</outputDirectory>
            <fileMode>0755</fileMode>
            <includes>
                <include>**/*uber.jar</include>
                <include>**/*.conf</include>
            </includes>
        </fileSet>
        <fileSet>
            <directory>${project.basedir}/src/spark/ShipmentCompositeDescribedLoad/target</directory>
            <outputDirectory>spark-jars/ShipmentCompositeDescribedLoad</outputDirectory>
            <fileMode>0755</fileMode>
            <includes>
                <include>**/*uber.jar</include>
                <include>**/*.conf</include>
            </includes>
        </fileSet>
        <fileSet>
            <directory>${project.basedir}/src/spark/ShipmentCompositeRemovedLoad/target</directory>
            <outputDirectory>spark-jars/ShipmentCompositeRemovedLoad</outputDirectory>
            <fileMode>0755</fileMode>
            <includes>
                <include>**/*uber.jar</include>
                <include>**/*.conf</include>
            </includes>
        </fileSet>
        <fileSet>
            <directory>${project.basedir}/src/spark/ShipmentConditionCreatedLoad/target</directory>
            <outputDirectory>spark-jars/ShipmentConditionCreatedLoad</outputDirectory>
            <fileMode>0755</fileMode>
            <includes>
                <include>**/*uber.jar</include>
                <include>**/*.conf</include>
            </includes>
        </fileSet>
        <fileSet>
            <directory>${project.basedir}/src/spark/ShipmentCreateLoad/target</directory>
            <outputDirectory>spark-jars/ShipmentCreateLoad</outputDirectory>
            <fileMode>0755</fileMode>
            <includes>
                <include>**/*uber.jar</include>
                <include>**/*.conf</include>
            </includes>
        </fileSet>
        <fileSet>
            <directory>${project.basedir}/src/spark/ShipmentDescribedFlatLoad/target</directory>
            <outputDirectory>spark-jars/ShipmentDescribedFlatLoad</outputDirectory>
            <fileMode>0755</fileMode>
            <includes>
                <include>**/*uber.jar</include>
                <include>**/*.conf</include>
            </includes>
        </fileSet>
        <fileSet>
            <directory>${project.basedir}/src/spark/ShipmentDescribedLoad/target</directory>
            <outputDirectory>spark-jars/ShipmentDescribedLoad</outputDirectory>
            <fileMode>0755</fileMode>
            <includes>
                <include>**/*uber.jar</include>
                <include>**/*.conf</include>
            </includes>
        </fileSet>
        <fileSet>
            <directory>${project.basedir}/src/spark/ShipmentDisassociatedLoad/target</directory>
            <outputDirectory>spark-jars/ShipmentDisassociatedLoad</outputDirectory>
            <fileMode>0755</fileMode>
            <includes>
                <include>**/*uber.jar</include>
                <include>**/*.conf</include>
            </includes>
        </fileSet>
        <fileSet>
            <directory>${project.basedir}/src/spark/SpecialConditionCodeReferenceLoad/target</directory>
            <outputDirectory>spark-jars/SpecialConditionCodeReferenceLoad</outputDirectory>
            <fileMode>0755</fileMode>
            <includes>
                <include>**/*uber.jar</include>
                <include>**/*.conf</include>
            </includes>
        </fileSet>
        <fileSet>
            <directory>${project.basedir}/src/spark/StopOrderDomainFeed/target</directory>
            <outputDirectory>spark-jars/StopOrderDomainFeed</outputDirectory>
            <fileMode>0755</fileMode>
            <includes>
                <include>**/*uber.jar</include>
                <include>**/*.conf</include>
            </includes>
        </fileSet>
        <fileSet>
            <directory>${project.basedir}/src/spark/StorageChargeDomainFeed/target</directory>
            <outputDirectory>spark-jars/StorageChargeDomainFeed</outputDirectory>
            <fileMode>0755</fileMode>
            <includes>
                <include>**/*uber.jar</include>
                <include>**/*.conf</include>
            </includes>
        </fileSet>
        <fileSet>
            <directory>${project.basedir}/src/spark/SystemEquipmentDomainFeed/target</directory>
            <outputDirectory>spark-jars/SystemEquipmentDomainFeed</outputDirectory>
            <fileMode>0755</fileMode>
            <includes>
                <include>**/*uber.jar</include>
                <include>**/*.conf</include>
            </includes>
        </fileSet>
        <fileSet>
            <directory>${project.basedir}/src/spark/TerminalEventDomainFeed/target</directory>
            <outputDirectory>spark-jars/TerminalEventDomainFeed</outputDirectory>
            <fileMode>0755</fileMode>
            <includes>
                <include>**/*uber.jar</include>
                <include>**/*.conf</include>
            </includes>
        </fileSet>
        <fileSet>
            <directory>${project.basedir}/src/spark/TrackReferenceLoad/target</directory>
            <outputDirectory>spark-jars/TrackReferenceLoad</outputDirectory>
            <fileMode>0755</fileMode>
            <includes>
                <include>**/*uber.jar</include>
                <include>**/*.conf</include>
            </includes>
        </fileSet>
        <fileSet>
            <directory>${project.basedir}/src/spark/TrainReportingDomainFeed/target</directory>
            <outputDirectory>spark-jars/TrainReportingDomainFeed</outputDirectory>
            <fileMode>0755</fileMode>
            <includes>
                <include>**/*uber.jar</include>
                <include>**/*.conf</include>
            </includes>
        </fileSet>
        <fileSet>
            <directory>${project.basedir}/src/spark/TransportationEventAssociatedLoad/target</directory>
            <outputDirectory>spark-jars/TransportationEventAssociatedLoad</outputDirectory>
            <fileMode>0755</fileMode>
            <includes>
                <include>**/*uber.jar</include>
                <include>**/*.conf</include>
            </includes>
        </fileSet>
        <fileSet>
            <directory>${project.basedir}/src/spark/TransportationEventAssociationDescribedLoad/target</directory>
            <outputDirectory>spark-jars/TransportationEventAssociationDescribedLoad</outputDirectory>
            <fileMode>0755</fileMode>
            <includes>
                <include>**/*uber.jar</include>
                <include>**/*.conf</include>
            </includes>
        </fileSet>
        <fileSet>
            <directory>${project.basedir}/src/spark/TransportationEventDescribedLoad/target</directory>
            <outputDirectory>spark-jars/TransportationEventDescribedLoad</outputDirectory>
            <fileMode>0755</fileMode>
            <includes>
                <include>**/*uber.jar</include>
                <include>**/*.conf</include>
            </includes>
        </fileSet>
        <fileSet>
            <directory>${project.basedir}/src/spark/TransportationEventRemovedLoad/target</directory>
            <outputDirectory>spark-jars/TransportationEventRemovedLoad</outputDirectory>
            <fileMode>0755</fileMode>
            <includes>
                <include>**/*uber.jar</include>
                <include>**/*.conf</include>
            </includes>
        </fileSet>
        <fileSet>
            <directory>${project.basedir}/src/spark/TransportationReportedLoad/target</directory>
            <outputDirectory>spark-jars/TransportationReportedLoad</outputDirectory>
            <fileMode>0755</fileMode>
            <includes>
                <include>**/*uber.jar</include>
                <include>**/*.conf</include>
            </includes>
        </fileSet>
        <fileSet>
            <directory>${project.basedir}/src/spark/TripPlanAssociatedLoad/target</directory>
            <outputDirectory>spark-jars/TripPlanAssociatedLoad</outputDirectory>
            <fileMode>0755</fileMode>
            <includes>
                <include>**/*uber.jar</include>
                <include>**/*.conf</include>
            </includes>
        </fileSet>
        <fileSet>
            <directory>${project.basedir}/src/spark/TripPlanCreateLoad/target</directory>
            <outputDirectory>spark-jars/TripPlanCreateLoad</outputDirectory>
            <fileMode>0755</fileMode>
            <includes>
                <include>**/*uber.jar</include>
                <include>**/*.conf</include>
            </includes>
        </fileSet>
        <fileSet>
            <directory>${project.basedir}/src/spark/TripPlanDescribedLoad/target</directory>
            <outputDirectory>spark-jars/TripPlanDescribedLoad</outputDirectory>
            <fileMode>0755</fileMode>
            <includes>
                <include>**/*uber.jar</include>
                <include>**/*.conf</include>
            </includes>
        </fileSet>
        <fileSet>
            <directory>${project.basedir}/src/spark/TripPlanSegmentDescribedFlattenLoad/target</directory>
            <outputDirectory>spark-jars/TripPlanSegmentDescribedFlattenLoad</outputDirectory>
            <fileMode>0755</fileMode>
            <includes>
                <include>**/*uber.jar</include>
                <include>**/*.conf</include>
            </includes>
        </fileSet>
        <fileSet>
            <directory>${project.basedir}/src/spark/TripPlanDomainFeed/target</directory>
            <outputDirectory>spark-jars/TripPlanDomainFeed</outputDirectory>
            <fileMode>0755</fileMode>
            <includes>
                <include>**/*uber.jar</include>
                <include>**/*.conf</include>
            </includes>
        </fileSet>
        <fileSet>
            <directory>${project.basedir}/src/spark/TripPlanRemovedLoad/target</directory>
            <outputDirectory>spark-jars/TripPlanRemovedLoad</outputDirectory>
            <fileMode>0755</fileMode>
            <includes>
                <include>**/*uber.jar</include>
                <include>**/*.conf</include>
            </includes>
        </fileSet>
        <fileSet>
            <directory>${project.basedir}/src/spark/TripPlanSegmentCreatedLoad/target</directory>
            <outputDirectory>spark-jars/TripPlanSegmentCreatedLoad</outputDirectory>
            <fileMode>0755</fileMode>
            <includes>
                <include>**/*uber.jar</include>
                <include>**/*.conf</include>
            </includes>
        </fileSet>
        <fileSet>
            <directory>${project.basedir}/src/spark/UmlerDomainFeed/target</directory>
            <outputDirectory>spark-jars/UmlerDomainFeed</outputDirectory>
            <fileMode>0755</fileMode>
            <includes>
                <include>**/*uber.jar</include>
                <include>**/*.conf</include>
            </includes>
        </fileSet>
       <fileSet>
            <directory>${project.basedir}/src/spark/VShipmentUpdatePush/target</directory>
            <outputDirectory>spark-jars/VShipmentUpdatePush</outputDirectory>
            <fileMode>0755</fileMode>
            <includes>
                <include>**/*uber.jar</include>
                <include>**/*.conf</include>
            </includes>
        </fileSet>
        <fileSet>
            <directory>${project.basedir}/src/spark/VTripPlanSegmentPush/target</directory>
            <outputDirectory>spark-jars/VTripPlanSegmentPush</outputDirectory>
            <fileMode>0755</fileMode>
            <includes>
                <include>**/*uber.jar</include>
                <include>**/*.conf</include>
            </includes>
        </fileSet>
        <fileSet>
            <directory>${project.basedir}/src/spark/VIntermodalUnitUpdatedPush/target</directory>
            <outputDirectory>spark-jars/VIntermodalUnitUpdatedPush</outputDirectory>
            <fileMode>0755</fileMode>
            <includes>
                <include>**/*uber.jar</include>
                <include>**/*.conf</include>
            </includes>
        </fileSet>
        <fileSet>
            <directory>${project.basedir}/src/spark/VRailCarEventReportedPush/target</directory>
            <outputDirectory>spark-jars/VRailCarEventReportedPush</outputDirectory>
            <fileMode>0755</fileMode>
            <includes>
                <include>**/*uber.jar</include>
                <include>**/*.conf</include>
            </includes>
        </fileSet>
        <fileSet>
            <directory>${project.basedir}/src/spark/WaybillCodesReferenceLoad/target</directory>
            <outputDirectory>spark-jars/WaybillCodesReferenceLoad</outputDirectory>
            <fileMode>0755</fileMode>
            <includes>
                <include>**/*uber.jar</include>
                <include>**/*.conf</include>
            </includes>
        </fileSet>
        <fileSet>
            <directory>${project.basedir}/src/spark/UnitLocationUpdateDomainFeed/target</directory>
            <outputDirectory>spark-jars/UnitLocationUpdateDomainFeed</outputDirectory>
            <fileMode>0755</fileMode>
            <includes>
                <include>**/*uber.jar</include>
                <include>**/*.conf</include>
            </includes>
        </fileSet>
        <fileSet>
            <directory>${project.basedir}/src/spark/VesselDomainFeed/target</directory>
            <outputDirectory>spark-jars/VesselDomainFeed</outputDirectory>
            <fileMode>0755</fileMode>
            <includes>
                <include>**/*uber.jar</include>
                <include>**/*.conf</include>
            </includes>
        </fileSet>
        <fileSet>
            <directory>${project.basedir}/src/spark/VoyageDomainFeed/target</directory>
            <outputDirectory>spark-jars/VoyageDomainFeed</outputDirectory>
            <fileMode>0755</fileMode>
            <includes>
                <include>**/*uber.jar</include>
                <include>**/*.conf</include>
            </includes>
        </fileSet>
        <fileSet>
            <directory>${project.basedir}/src/spark/VoyageSegmentDomainFeed/target</directory>
            <outputDirectory>spark-jars/VoyageSegmentDomainFeed</outputDirectory>
            <fileMode>0755</fileMode>
            <includes>
                <include>**/*uber.jar</include>
                <include>**/*.conf</include>
            </includes>
        </fileSet>
        <fileSet>
            <directory>${project.basedir}/src/spark/WaybillCityCustomerDomainFeed/target</directory>
            <outputDirectory>spark-jars/WaybillCityCustomerDomainFeed</outputDirectory>
            <fileMode>0755</fileMode>
            <includes>
                <include>**/*uber.jar</include>
                <include>**/*.conf</include>
            </includes>
        </fileSet>
        <fileSet>
            <directory>${project.basedir}/src/spark/WaybillCodesReferenceLoad/target</directory>
            <outputDirectory>spark-jars/WaybillCodesReferenceLoad</outputDirectory>
            <fileMode>0755</fileMode>
            <includes>
                <include>**/*uber.jar</include>
                <include>**/*.conf</include>
            </includes>
        </fileSet>
        <fileSet>
            <directory>${project.basedir}/src/spark/WaybillDomainFeed/target</directory>
            <outputDirectory>spark-jars/WaybillDomainFeed</outputDirectory>
            <fileMode>0755</fileMode>
            <includes>
                <include>**/*uber.jar</include>
                <include>**/*.conf</include>
            </includes>
        </fileSet>
        <fileSet>
            <directory>${project.basedir}/src/spark/WaybillFumigationDomainFeed/target</directory>
            <outputDirectory>spark-jars/WaybillFumigationDomainFeed</outputDirectory>
            <fileMode>0755</fileMode>
            <includes>
                <include>**/*uber.jar</include>
                <include>**/*.conf</include>
            </includes>
        </fileSet>
        <fileSet>
            <directory>${project.basedir}/src/spark/WaybillHazardousMaterialDescriptionLoad/target</directory>
            <outputDirectory>spark-jars/WaybillHazardousMaterialDescriptionLoad</outputDirectory>
            <fileMode>0755</fileMode>
            <includes>
                <include>**/*uber.jar</include>
                <include>**/*.conf</include>
            </includes>
        </fileSet>
        <fileSet>
            <directory>${project.basedir}/src/spark/WaybillHazardousMaterialNotesLoad/target</directory>
            <outputDirectory>spark-jars/WaybillHazardousMaterialNotesLoad</outputDirectory>
            <fileMode>0755</fileMode>
            <includes>
                <include>**/*uber.jar</include>
                <include>**/*.conf</include>
            </includes>
        </fileSet>
        <fileSet>
            <directory>${project.basedir}/src/spark/WaybillHazardousWasteInformationLoad/target</directory>
            <outputDirectory>spark-jars/WaybillHazardousWasteInformationLoad</outputDirectory>
            <fileMode>0755</fileMode>
            <includes>
                <include>**/*uber.jar</include>
                <include>**/*.conf</include>
            </includes>
        </fileSet>
        <fileSet>
            <directory>${project.basedir}/src/spark/WaybillLadingDomainFeed/target</directory>
            <outputDirectory>spark-jars/WaybillLadingDomainFeed</outputDirectory>
            <fileMode>0755</fileMode>
            <includes>
                <include>**/*uber.jar</include>
                <include>**/*.conf</include>
            </includes>
        </fileSet>
        <fileSet>
            <directory>${project.basedir}/src/spark/WaybillReferenceDomainFeed/target</directory>
            <outputDirectory>spark-jars/WaybillReferenceDomainFeed</outputDirectory>
            <fileMode>0755</fileMode>
            <includes>
                <include>**/*uber.jar</include>
                <include>**/*.conf</include>
            </includes>
        </fileSet>
        <fileSet>
            <directory>${project.basedir}/src/spark/WaybillSealDomainFeed/target</directory>
            <outputDirectory>spark-jars/WaybillSealDomainFeed</outputDirectory>
            <fileMode>0755</fileMode>
            <includes>
                <include>**/*uber.jar</include>
                <include>**/*.conf</include>
            </includes>
        </fileSet>
        <fileSet>
            <directory>${project.basedir}/src/spark/WaybillSpecialConditionCodesDomainFeed/target</directory>
            <outputDirectory>spark-jars/WaybillSpecialConditionCodesDomainFeed</outputDirectory>
            <fileMode>0755</fileMode>
            <includes>
                <include>**/*uber.jar</include>
                <include>**/*.conf</include>
            </includes>
        </fileSet>
        <fileSet>
            <directory>${project.basedir}/src/spark/WaybillStopOffDomainFeed/target</directory>
            <outputDirectory>spark-jars/WaybillStopOffDomainFeed</outputDirectory>
            <fileMode>0755</fileMode>
            <includes>
                <include>**/*uber.jar</include>
                <include>**/*.conf</include>
            </includes>
        </fileSet>
        <fileSet>
            <directory>${project.basedir}/src/spark/WaybillVesselDomainFeed/target</directory>
            <outputDirectory>spark-jars/WaybillVesselDomainFeed</outputDirectory>
            <fileMode>0755</fileMode>
            <includes>
                <include>**/*uber.jar</include>
                <include>**/*.conf</include>
            </includes>
        </fileSet>
        <fileSet>
            <directory>${project.basedir}/src/spark/CarWeightSpecificationLoad/target</directory>
            <outputDirectory>spark-jars/CarWeightSpecificationLoad</outputDirectory>
            <fileMode>0755</fileMode>
            <includes>
                <include>**/*uber.jar</include>
                <include>**/*.conf</include>
            </includes>
        </fileSet>
    </fileSets>
</assembly>