{
  "Kafka_Output": [
    {
      "name": "tc_id_3.ihl_dev_rm.reg.tm.prepared.dhPGLogs.v1",
      "data": [
        {
          "DomainEventHeader": {
            "SOR_INGT_CRT_TS": "2020-03-26T10:13:21.770-04:00",
            "SOR_READ_TS": "2020-05-21 17:49:00.007",
            "DE_CRT_TS": "2020-05-21 17:49:04",
            "SOR_TPIC_NM": "reg.tm.raw.srs.trnConsist.v2",
            "DE_META": ""
          },
          "AssetAssociated": {
            "Primary_Object_Key": "43e02a4a6633033e3c00bd75804cc33d9f2d3a596252657630f26aac4c7b926b",
            "Domain_Event_Type_Key": "8eb3e769649d98d5e896398ded3b7bdb63bdaf6d53f440f4b9a8da51e8f74f40",
            "Association_Key": "996769e74602334025b980dcac59c74bacfa93a2f1f9937bfb58846f06fbb81d",
            "Association_Type_Key": "2969646982dbc2eff78e85a376ba534762b0d65f1d128792fd898a674a64ea4b",
            "Asset_Key": "e1932f2861c7fce5f5b63a5cba2cb17f4a08ef75f685234d8e1e7dd750d5bafd",
            "Asset_Type_Key": "08e8d3db4a88f4048af2d4afa8e241965560177eeaa88d8f5eab57e9641c2249",
            "Associated_Object_Key": "785cd204e7782d1d4eedbb2714843580ab6cb4f74994b093e7e1ace1c7b6f5f1",
            "Associated_Object_Type_Key": "533ee1768e00975f1aa57f8ae1f88de53018f3adc22d8c0d6c85e7cc73aa3a3f",
            "Domain_Event_Key": "41fa008573fcd7f79e9d338f8d8904e5f18ef70f6fa148c30f92e01ef95edc02",
            "Correlation_Id": "414d51204d51485542453120202020205e773da1289a6500",
            "Client_Identification": "SRS-YIT",
            "System_Key": "caf48af09f8e479707513247ae96fd6c8f0fd7649b682952115359e1a4ebab2d",
            "Proc_Ts": "2020-02-09 15:04:58.680926",
            "Proc_Ts_Tz_Dst_Cd": "100",
            "Event_Ts": "2020-02-09 15:04:58.680926",
            "Event_Ts_Tz_Dst_Cd": "100"
          },
          "LogHeader": {
            "ERROR_TO_DE": "ERROR: duplicate key value violates unique constraint xak1asset_association_domain_event Detail: Key domn_evt_key sor_proc_ts x34316661303038353733666364376637396539643333386638643839303465356631386566373066366661313438633330663932653031656639356564633032 2020 02 09 15:04:58.680926 already exists.",
            "RAW_KAFKA_QUEUE_NAME": "tc_id_3.ihl_dev_rm.reg.tm.prepared.asetAsct.v1",
            "SPARK_JOB_NAME": "AssetAssociationLoad"
          }
        }
      ]
    }
  ],
  "PostgreSQL_Output": [
    {
      "name": "dh_aset_asct_domn_evt",
      "data": [
        {
          "domn_evt_key": "41fa008573fcd7f79e9d338f8d8904e5f18ef70f6fa148c30f92e01ef95edc02",
          "domn_evt_type_key": "8eb3e769649d98d5e896398ded3b7bdb63bdaf6d53f440f4b9a8da51e8f74f40",
          "aset_key": "e1932f2861c7fce5f5b63a5cba2cb17f4a08ef75f685234d8e1e7dd750d5bafd",
          "aset_type_key": "08e8d3db4a88f4048af2d4afa8e241965560177eeaa88d8f5eab57e9641c2249",
          "asct_key": "996769e74602334025b980dcac59c74bacfa93a2f1f9937bfb58846f06fbb81d",
          "asct_type_key": "2969646982dbc2eff78e85a376ba534762b0d65f1d128792fd898a674a64ea4b",
          "asct_obj_key": "785cd204e7782d1d4eedbb2714843580ab6cb4f74994b093e7e1ace1c7b6f5f1",
          "asct_obj_type_key": "533ee1768e00975f1aa57f8ae1f88de53018f3adc22d8c0d6c85e7cc73aa3a3f",
          "sor_crlt_id": "414d51204d51485542453120202020205e773da1289a6500",
          "sys_key": "caf48af09f8e479707513247ae96fd6c8f0fd7649b682952115359e1a4ebab2d",
          "clnt_id": "SRS-YIT",
          "sor_proc_ts": "2020-02-09 15:04:58.680926",
          "sor_evt_ts": "2020-02-09 15:04:58.680926",
          "sor_ingt_crt_ts": "2020-03-26 14:13:21.770000",
          "sor_read_ts": "2020-05-21 17:49:00.007000",
          "domn_evt_crt_ts": "2020-05-21 17:49:04",
          "sor_tpic_nm": "reg.tm.raw.srs.trnConsist.v2",
          "domn_evt_meta": "",
          "sor_evt_ts_tz_dst_cd": 100,
          "sor_proc_ts_tz_dst_cd": 100,
          "prim_obj_key": "43e02a4a6633033e3c00bd75804cc33d9f2d3a596252657630f26aac4c7b926b"
        }
      ]
    },
    {
      "name": "dh_aset_asct",
      "data": [
        {
          "asct_key": "996769e74602334025b980dcac59c74bacfa93a2f1f9937bfb58846f06fbb81d",
          "aset_key": "e1932f2861c7fce5f5b63a5cba2cb17f4a08ef75f685234d8e1e7dd750d5bafd",
          "asct_obj_key": "785cd204e7782d1d4eedbb2714843580ab6cb4f74994b093e7e1ace1c7b6f5f1",
          "act_stus_ind": 1,
          "asct_type_key": "2969646982dbc2eff78e85a376ba534762b0d65f1d128792fd898a674a64ea4b",
          "aset_type_key": "08e8d3db4a88f4048af2d4afa8e241965560177eeaa88d8f5eab57e9641c2249",
          "asct_obj_type_key": "533ee1768e00975f1aa57f8ae1f88de53018f3adc22d8c0d6c85e7cc73aa3a3f",
          "sor_crlt_id": "414d51204d51485542453120202020205e773da1289a6500",
          "sys_key": "caf48af09f8e479707513247ae96fd6c8f0fd7649b682952115359e1a4ebab2d",
          "asct_clnt_id": "SRS-YIT",
          "asct_sor_proc_ts": "2020-02-09 15:04:58.680926",
          "sor_evt_ts": "2020-02-09 15:04:58.680926",
          "dasc_clnt_id": null,
          "dasc_sor_proc_ts": null,
          "sor_ingt_crt_ts": "2020-03-26 14:13:21.770000",
          "sor_read_ts": "2020-05-21 17:49:00.007000",
          "domn_evt_crt_ts": "2020-05-21 17:49:04",
          "sor_tpic_nm": "reg.tm.raw.srs.trnConsist.v2",
          "domn_evt_meta": "",
          "prim_obj_key": "43e02a4a6633033e3c00bd75804cc33d9f2d3a596252657630f26aac4c7b926b",
          "sor_evt_ts_tz_dst_cd": 100,
          "sor_proc_ts_tz_dst_cd": 100
        }
      ]
    }
  ]
}