{
  "Kafka_Output": [
    {
      "name": "tc_id_11.ihl_dev_rm.reg.tm.prepared.dhPGLogs.v1",
      "data": [
        {
          "DomainEventHeader": {
            "SOR_INGT_CRT_TS": "2020-05-15T11:00:36.709-04:00",
            "SOR_READ_TS": "2020-05-20 14:43:54.13",
            "DE_CRT_TS": "2020-05-20 15:02:58",
            "SOR_TPIC_NM": "reg.tm.raw.srs.trnReporting.v3",
            "DE_META": ""
          },
          "AssetDescribed": {
            "Domain_Event_Type_Key": "e3b61a2ebf5b23ed3fd8ff58d88a71874f646ec36a6e49d48b10b0c9e3100d05",
            "Asset_Key": "965fafe171300c97d5d4943dd35ffdfe92a2fbd63eab7ebfbbd09273b760f253",
            "AssetCharacteristics": [
              {
                "Asset_Characteristic_Key": "03a05147b32212dede260fef6a2d1a6f690e4fcc05ab16983fce570b36e13d24",
                "Characteristic_Type_Key": "1eae340932d52fe2223892cd8950e6af82434a4ab95a09616315ab2e1fbe7f03",
                "Characteristic_Value": "LEIG000033"
              },
              {
                "Asset_Characteristic_Key": "e7b758b300f6fbe3fd4f0aedd029757e667833745d10bc8b47b02368ebbdc328",
                "Characteristic_Type_Key": "e98582b4ca39021073323539c1f4e13b53c692aaa7cf47e57f8aaac207d3b3d7",
                "Characteristic_Value": "066"
              },
              {
                "Asset_Characteristic_Key": "80ca4833e6708cbfd0e943be20a72d93b674295525a0b67d1a62d02e2b415f62",
                "Characteristic_Type_Key": "df936d59f4f9c2f81eb1aa6ecee9eef8b162a37b1c31a621d6f4b89357c60f84",
                "Characteristic_Value": "F"
              },
              {
                "Asset_Characteristic_Key": "90186465e69559705e6ef92e51ea8fa23a64a8f6ef99226d6b5c1fdc2820b1be",
                "Characteristic_Type_Key": "e5c2f67ac164e82413cef237f282a9fef77600e75747d43abd71a973874f964c",
                "Characteristic_Value": "0385000"
              },
              {
                "Asset_Characteristic_Key": "54672272b7bdaaf6560c7b5ebb004b77f78242c62a72a5f977d2357da41a0438",
                "Characteristic_Type_Key": "9368c6bed70b4fa9362d849b4e4f61b61f2ce437f5378342217bb26e0b5c75d1",
                "Characteristic_Value": "L"
              },
              {
                "Asset_Characteristic_Key": "737bdd558e7679811003141c4160eb954afb8b17ba07604dcd0fe4f4c90bbd7b",
                "Characteristic_Type_Key": "15fa9d1ebf529605ab888c6f059eb68a4081817dc40831ec74d4ac7ecbcf6eff",
                "Characteristic_Value": "LN"
              }
            ],
            "Domain_Event_Key": "d94e342f1d335126d0c297751d455b94fb7c486999a16eacd34b7bd1389a60a1",
            "Correlation_Id": "d56e7d0496bc11eaa567a57318d70000",
            "Client_Identification": "SRS-YIT",
            "System_Key": "caf48af09f8e479707513247ae96fd6c8f0fd7649b682952115359e1a4ebab2d",
            "Proc_Ts": "2020-02-09 15:04:58.680926",
            "Proc_Ts_Tz_Dst_Cd": "100",
            "Event_Ts": "2020-02-09 15:04:58.680926",
            "Event_Ts_Tz_Dst_Cd": "100"
          },
          "LogHeader": {
            "ERROR_TO_DE": "ERROR: duplicate key value violates unique constraint xak1asset_characteristic_domain_event Detail: Key domn_evt_key aset_char_key sor_proc_ts x64393465333432663164333335313236643063323937373531643435356239346662376334383639393961313665616364333462376264313338396136306131 x38306361343833336536373038636266643065393433626532306137326439336236373432393535323561306236376431613632643032653262343135663632 2020 02 09 15:04:58.680926 already exists.",
            "RAW_KAFKA_QUEUE_NAME": "tc_id_11.ihl_dev_rm.reg.tm.prepared.asetDsc.v1",
            "SPARK_JOB_NAME": "AssetDescribedLoad"
          }
        },
        {
          "DomainEventHeader": {
            "SOR_INGT_CRT_TS": "2020-05-15T11:00:36.709-04:00",
            "SOR_READ_TS": "2020-05-20 14:43:54.13",
            "DE_CRT_TS": "2020-05-20 15:02:58",
            "SOR_TPIC_NM": "reg.tm.raw.srs.trnReporting.v3",
            "DE_META": ""
          },
          "AssetDescribed": {
            "Domain_Event_Type_Key": "e3b61a2ebf5b23ed3fd8ff58d88a71874f646ec36a6e49d48b10b0c9e3100d05",
            "Asset_Key": "965fafe171300c97d5d4943dd35ffdfe92a2fbd63eab7ebfbbd09273b760f253",
            "AssetCharacteristics": [
              {
                "Asset_Characteristic_Key": "03a05147b32212dede260fef6a2d1a6f690e4fcc05ab16983fce570b36e13d24",
                "Characteristic_Type_Key": "1eae340932d52fe2223892cd8950e6af82434a4ab95a09616315ab2e1fbe7f03",
                "Characteristic_Value": "LEIG000033"
              },
              {
                "Asset_Characteristic_Key": "e7b758b300f6fbe3fd4f0aedd029757e667833745d10bc8b47b02368ebbdc328",
                "Characteristic_Type_Key": "e98582b4ca39021073323539c1f4e13b53c692aaa7cf47e57f8aaac207d3b3d7",
                "Characteristic_Value": "066"
              },
              {
                "Asset_Characteristic_Key": "80ca4833e6708cbfd0e943be20a72d93b674295525a0b67d1a62d02e2b415f62",
                "Characteristic_Type_Key": "df936d59f4f9c2f81eb1aa6ecee9eef8b162a37b1c31a621d6f4b89357c60f84",
                "Characteristic_Value": "F"
              },
              {
                "Asset_Characteristic_Key": "90186465e69559705e6ef92e51ea8fa23a64a8f6ef99226d6b5c1fdc2820b1be",
                "Characteristic_Type_Key": "e5c2f67ac164e82413cef237f282a9fef77600e75747d43abd71a973874f964c",
                "Characteristic_Value": "0385000"
              },
              {
                "Asset_Characteristic_Key": "54672272b7bdaaf6560c7b5ebb004b77f78242c62a72a5f977d2357da41a0438",
                "Characteristic_Type_Key": "9368c6bed70b4fa9362d849b4e4f61b61f2ce437f5378342217bb26e0b5c75d1",
                "Characteristic_Value": "L"
              },
              {
                "Asset_Characteristic_Key": "737bdd558e7679811003141c4160eb954afb8b17ba07604dcd0fe4f4c90bbd7b",
                "Characteristic_Type_Key": "15fa9d1ebf529605ab888c6f059eb68a4081817dc40831ec74d4ac7ecbcf6eff",
                "Characteristic_Value": "LN"
              }
            ],
            "Domain_Event_Key": "d94e342f1d335126d0c297751d455b94fb7c486999a16eacd34b7bd1389a60a1",
            "Correlation_Id": "d56e7d0496bc11eaa567a57318d70000",
            "Client_Identification": "SRS-YIT",
            "System_Key": "caf48af09f8e479707513247ae96fd6c8f0fd7649b682952115359e1a4ebab2d",
            "Proc_Ts": "2020-02-09 15:04:58.680926",
            "Proc_Ts_Tz_Dst_Cd": "100",
            "Event_Ts": "2020-02-09 15:04:58.680926",
            "Event_Ts_Tz_Dst_Cd": "100"
          },
          "LogHeader": {
            "ERROR_TO_DE": "ERROR: duplicate key value violates unique constraint xak1asset_characteristic_domain_event Detail: Key domn_evt_key aset_char_key sor_proc_ts x64393465333432663164333335313236643063323937373531643435356239346662376334383639393961313665616364333462376264313338396136306131 x37333762646435353865373637393831313030333134316334313630656239353461666238623137626130373630346463643066653466346339306262643762 2020 02 09 15:04:58.680926 already exists.",
            "RAW_KAFKA_QUEUE_NAME": "tc_id_11.ihl_dev_rm.reg.tm.prepared.asetDsc.v1",
            "SPARK_JOB_NAME": "AssetDescribedLoad"
          }
        },
        {
          "DomainEventHeader": {
            "SOR_INGT_CRT_TS": "2020-05-15T11:00:36.709-04:00",
            "SOR_READ_TS": "2020-05-20 14:43:54.13",
            "DE_CRT_TS": "2020-05-20 15:02:58",
            "SOR_TPIC_NM": "reg.tm.raw.srs.trnReporting.v3",
            "DE_META": ""
          },
          "AssetDescribed": {
            "Domain_Event_Type_Key": "e3b61a2ebf5b23ed3fd8ff58d88a71874f646ec36a6e49d48b10b0c9e3100d05",
            "Asset_Key": "965fafe171300c97d5d4943dd35ffdfe92a2fbd63eab7ebfbbd09273b760f253",
            "AssetCharacteristics": [
              {
                "Asset_Characteristic_Key": "03a05147b32212dede260fef6a2d1a6f690e4fcc05ab16983fce570b36e13d24",
                "Characteristic_Type_Key": "1eae340932d52fe2223892cd8950e6af82434a4ab95a09616315ab2e1fbe7f03",
                "Characteristic_Value": "LEIG000033"
              },
              {
                "Asset_Characteristic_Key": "e7b758b300f6fbe3fd4f0aedd029757e667833745d10bc8b47b02368ebbdc328",
                "Characteristic_Type_Key": "e98582b4ca39021073323539c1f4e13b53c692aaa7cf47e57f8aaac207d3b3d7",
                "Characteristic_Value": "066"
              },
              {
                "Asset_Characteristic_Key": "80ca4833e6708cbfd0e943be20a72d93b674295525a0b67d1a62d02e2b415f62",
                "Characteristic_Type_Key": "df936d59f4f9c2f81eb1aa6ecee9eef8b162a37b1c31a621d6f4b89357c60f84",
                "Characteristic_Value": "F"
              },
              {
                "Asset_Characteristic_Key": "90186465e69559705e6ef92e51ea8fa23a64a8f6ef99226d6b5c1fdc2820b1be",
                "Characteristic_Type_Key": "e5c2f67ac164e82413cef237f282a9fef77600e75747d43abd71a973874f964c",
                "Characteristic_Value": "0385000"
              },
              {
                "Asset_Characteristic_Key": "54672272b7bdaaf6560c7b5ebb004b77f78242c62a72a5f977d2357da41a0438",
                "Characteristic_Type_Key": "9368c6bed70b4fa9362d849b4e4f61b61f2ce437f5378342217bb26e0b5c75d1",
                "Characteristic_Value": "L"
              },
              {
                "Asset_Characteristic_Key": "737bdd558e7679811003141c4160eb954afb8b17ba07604dcd0fe4f4c90bbd7b",
                "Characteristic_Type_Key": "15fa9d1ebf529605ab888c6f059eb68a4081817dc40831ec74d4ac7ecbcf6eff",
                "Characteristic_Value": "LN"
              }
            ],
            "Domain_Event_Key": "d94e342f1d335126d0c297751d455b94fb7c486999a16eacd34b7bd1389a60a1",
            "Correlation_Id": "d56e7d0496bc11eaa567a57318d70000",
            "Client_Identification": "SRS-YIT",
            "System_Key": "caf48af09f8e479707513247ae96fd6c8f0fd7649b682952115359e1a4ebab2d",
            "Proc_Ts": "2020-02-09 15:04:58.680926",
            "Proc_Ts_Tz_Dst_Cd": "100",
            "Event_Ts": "2020-02-09 15:04:58.680926",
            "Event_Ts_Tz_Dst_Cd": "100"
          },
          "LogHeader": {
            "ERROR_TO_DE": "ERROR: duplicate key value violates unique constraint xak1asset_characteristic_domain_event Detail: Key domn_evt_key aset_char_key sor_proc_ts x64393465333432663164333335313236643063323937373531643435356239346662376334383639393961313665616364333462376264313338396136306131 x30336130353134376233323231326465646532363066656636613264316136663639306534666363303561623136393833666365353730623336653133643234 2020 02 09 15:04:58.680926 already exists.",
            "RAW_KAFKA_QUEUE_NAME": "tc_id_11.ihl_dev_rm.reg.tm.prepared.asetDsc.v1",
            "SPARK_JOB_NAME": "AssetDescribedLoad"
          }
        },
        {
          "DomainEventHeader": {
            "SOR_INGT_CRT_TS": "2020-05-15T11:00:36.709-04:00",
            "SOR_READ_TS": "2020-05-20 14:43:54.13",
            "DE_CRT_TS": "2020-05-20 15:02:58",
            "SOR_TPIC_NM": "reg.tm.raw.srs.trnReporting.v3",
            "DE_META": ""
          },
          "AssetDescribed": {
            "Domain_Event_Type_Key": "e3b61a2ebf5b23ed3fd8ff58d88a71874f646ec36a6e49d48b10b0c9e3100d05",
            "Asset_Key": "965fafe171300c97d5d4943dd35ffdfe92a2fbd63eab7ebfbbd09273b760f253",
            "AssetCharacteristics": [
              {
                "Asset_Characteristic_Key": "03a05147b32212dede260fef6a2d1a6f690e4fcc05ab16983fce570b36e13d24",
                "Characteristic_Type_Key": "1eae340932d52fe2223892cd8950e6af82434a4ab95a09616315ab2e1fbe7f03",
                "Characteristic_Value": "LEIG000033"
              },
              {
                "Asset_Characteristic_Key": "e7b758b300f6fbe3fd4f0aedd029757e667833745d10bc8b47b02368ebbdc328",
                "Characteristic_Type_Key": "e98582b4ca39021073323539c1f4e13b53c692aaa7cf47e57f8aaac207d3b3d7",
                "Characteristic_Value": "066"
              },
              {
                "Asset_Characteristic_Key": "80ca4833e6708cbfd0e943be20a72d93b674295525a0b67d1a62d02e2b415f62",
                "Characteristic_Type_Key": "df936d59f4f9c2f81eb1aa6ecee9eef8b162a37b1c31a621d6f4b89357c60f84",
                "Characteristic_Value": "F"
              },
              {
                "Asset_Characteristic_Key": "90186465e69559705e6ef92e51ea8fa23a64a8f6ef99226d6b5c1fdc2820b1be",
                "Characteristic_Type_Key": "e5c2f67ac164e82413cef237f282a9fef77600e75747d43abd71a973874f964c",
                "Characteristic_Value": "0385000"
              },
              {
                "Asset_Characteristic_Key": "54672272b7bdaaf6560c7b5ebb004b77f78242c62a72a5f977d2357da41a0438",
                "Characteristic_Type_Key": "9368c6bed70b4fa9362d849b4e4f61b61f2ce437f5378342217bb26e0b5c75d1",
                "Characteristic_Value": "L"
              },
              {
                "Asset_Characteristic_Key": "737bdd558e7679811003141c4160eb954afb8b17ba07604dcd0fe4f4c90bbd7b",
                "Characteristic_Type_Key": "15fa9d1ebf529605ab888c6f059eb68a4081817dc40831ec74d4ac7ecbcf6eff",
                "Characteristic_Value": "LN"
              }
            ],
            "Domain_Event_Key": "d94e342f1d335126d0c297751d455b94fb7c486999a16eacd34b7bd1389a60a1",
            "Correlation_Id": "d56e7d0496bc11eaa567a57318d70000",
            "Client_Identification": "SRS-YIT",
            "System_Key": "caf48af09f8e479707513247ae96fd6c8f0fd7649b682952115359e1a4ebab2d",
            "Proc_Ts": "2020-02-09 15:04:58.680926",
            "Proc_Ts_Tz_Dst_Cd": "100",
            "Event_Ts": "2020-02-09 15:04:58.680926",
            "Event_Ts_Tz_Dst_Cd": "100"
          },
          "LogHeader": {
            "ERROR_TO_DE": "ERROR: duplicate key value violates unique constraint xak1asset_characteristic_domain_event Detail: Key domn_evt_key aset_char_key sor_proc_ts x64393465333432663164333335313236643063323937373531643435356239346662376334383639393961313665616364333462376264313338396136306131 x39303138363436356536393535393730356536656639326535316561386661323361363461386636656639393232366436623563316664633238323062316265 2020 02 09 15:04:58.680926 already exists.",
            "RAW_KAFKA_QUEUE_NAME": "tc_id_11.ihl_dev_rm.reg.tm.prepared.asetDsc.v1",
            "SPARK_JOB_NAME": "AssetDescribedLoad"
          }
        },
        {
          "DomainEventHeader": {
            "SOR_INGT_CRT_TS": "2020-05-15T11:00:36.709-04:00",
            "SOR_READ_TS": "2020-05-20 14:43:54.13",
            "DE_CRT_TS": "2020-05-20 15:02:58",
            "SOR_TPIC_NM": "reg.tm.raw.srs.trnReporting.v3",
            "DE_META": ""
          },
          "AssetDescribed": {
            "Domain_Event_Type_Key": "e3b61a2ebf5b23ed3fd8ff58d88a71874f646ec36a6e49d48b10b0c9e3100d05",
            "Asset_Key": "965fafe171300c97d5d4943dd35ffdfe92a2fbd63eab7ebfbbd09273b760f253",
            "AssetCharacteristics": [
              {
                "Asset_Characteristic_Key": "03a05147b32212dede260fef6a2d1a6f690e4fcc05ab16983fce570b36e13d24",
                "Characteristic_Type_Key": "1eae340932d52fe2223892cd8950e6af82434a4ab95a09616315ab2e1fbe7f03",
                "Characteristic_Value": "LEIG000033"
              },
              {
                "Asset_Characteristic_Key": "e7b758b300f6fbe3fd4f0aedd029757e667833745d10bc8b47b02368ebbdc328",
                "Characteristic_Type_Key": "e98582b4ca39021073323539c1f4e13b53c692aaa7cf47e57f8aaac207d3b3d7",
                "Characteristic_Value": "066"
              },
              {
                "Asset_Characteristic_Key": "80ca4833e6708cbfd0e943be20a72d93b674295525a0b67d1a62d02e2b415f62",
                "Characteristic_Type_Key": "df936d59f4f9c2f81eb1aa6ecee9eef8b162a37b1c31a621d6f4b89357c60f84",
                "Characteristic_Value": "F"
              },
              {
                "Asset_Characteristic_Key": "90186465e69559705e6ef92e51ea8fa23a64a8f6ef99226d6b5c1fdc2820b1be",
                "Characteristic_Type_Key": "e5c2f67ac164e82413cef237f282a9fef77600e75747d43abd71a973874f964c",
                "Characteristic_Value": "0385000"
              },
              {
                "Asset_Characteristic_Key": "54672272b7bdaaf6560c7b5ebb004b77f78242c62a72a5f977d2357da41a0438",
                "Characteristic_Type_Key": "9368c6bed70b4fa9362d849b4e4f61b61f2ce437f5378342217bb26e0b5c75d1",
                "Characteristic_Value": "L"
              },
              {
                "Asset_Characteristic_Key": "737bdd558e7679811003141c4160eb954afb8b17ba07604dcd0fe4f4c90bbd7b",
                "Characteristic_Type_Key": "15fa9d1ebf529605ab888c6f059eb68a4081817dc40831ec74d4ac7ecbcf6eff",
                "Characteristic_Value": "LN"
              }
            ],
            "Domain_Event_Key": "d94e342f1d335126d0c297751d455b94fb7c486999a16eacd34b7bd1389a60a1",
            "Correlation_Id": "d56e7d0496bc11eaa567a57318d70000",
            "Client_Identification": "SRS-YIT",
            "System_Key": "caf48af09f8e479707513247ae96fd6c8f0fd7649b682952115359e1a4ebab2d",
            "Proc_Ts": "2020-02-09 15:04:58.680926",
            "Proc_Ts_Tz_Dst_Cd": "100",
            "Event_Ts": "2020-02-09 15:04:58.680926",
            "Event_Ts_Tz_Dst_Cd": "100"
          },
          "LogHeader": {
            "ERROR_TO_DE": "ERROR: duplicate key value violates unique constraint xak1asset_characteristic_domain_event Detail: Key domn_evt_key aset_char_key sor_proc_ts x64393465333432663164333335313236643063323937373531643435356239346662376334383639393961313665616364333462376264313338396136306131 x65376237353862333030663666626533666434663061656464303239373537653636373833333734356431306263386234376230323336386562626463333238 2020 02 09 15:04:58.680926 already exists.",
            "RAW_KAFKA_QUEUE_NAME": "tc_id_11.ihl_dev_rm.reg.tm.prepared.asetDsc.v1",
            "SPARK_JOB_NAME": "AssetDescribedLoad"
          }
        },
        {
          "DomainEventHeader": {
            "SOR_INGT_CRT_TS": "2020-05-15T11:00:36.709-04:00",
            "SOR_READ_TS": "2020-05-20 14:43:54.13",
            "DE_CRT_TS": "2020-05-20 15:02:58",
            "SOR_TPIC_NM": "reg.tm.raw.srs.trnReporting.v3",
            "DE_META": ""
          },
          "AssetDescribed": {
            "Domain_Event_Type_Key": "e3b61a2ebf5b23ed3fd8ff58d88a71874f646ec36a6e49d48b10b0c9e3100d05",
            "Asset_Key": "965fafe171300c97d5d4943dd35ffdfe92a2fbd63eab7ebfbbd09273b760f253",
            "AssetCharacteristics": [
              {
                "Asset_Characteristic_Key": "03a05147b32212dede260fef6a2d1a6f690e4fcc05ab16983fce570b36e13d24",
                "Characteristic_Type_Key": "1eae340932d52fe2223892cd8950e6af82434a4ab95a09616315ab2e1fbe7f03",
                "Characteristic_Value": "LEIG000033"
              },
              {
                "Asset_Characteristic_Key": "e7b758b300f6fbe3fd4f0aedd029757e667833745d10bc8b47b02368ebbdc328",
                "Characteristic_Type_Key": "e98582b4ca39021073323539c1f4e13b53c692aaa7cf47e57f8aaac207d3b3d7",
                "Characteristic_Value": "066"
              },
              {
                "Asset_Characteristic_Key": "80ca4833e6708cbfd0e943be20a72d93b674295525a0b67d1a62d02e2b415f62",
                "Characteristic_Type_Key": "df936d59f4f9c2f81eb1aa6ecee9eef8b162a37b1c31a621d6f4b89357c60f84",
                "Characteristic_Value": "F"
              },
              {
                "Asset_Characteristic_Key": "90186465e69559705e6ef92e51ea8fa23a64a8f6ef99226d6b5c1fdc2820b1be",
                "Characteristic_Type_Key": "e5c2f67ac164e82413cef237f282a9fef77600e75747d43abd71a973874f964c",
                "Characteristic_Value": "0385000"
              },
              {
                "Asset_Characteristic_Key": "54672272b7bdaaf6560c7b5ebb004b77f78242c62a72a5f977d2357da41a0438",
                "Characteristic_Type_Key": "9368c6bed70b4fa9362d849b4e4f61b61f2ce437f5378342217bb26e0b5c75d1",
                "Characteristic_Value": "L"
              },
              {
                "Asset_Characteristic_Key": "737bdd558e7679811003141c4160eb954afb8b17ba07604dcd0fe4f4c90bbd7b",
                "Characteristic_Type_Key": "15fa9d1ebf529605ab888c6f059eb68a4081817dc40831ec74d4ac7ecbcf6eff",
                "Characteristic_Value": "LN"
              }
            ],
            "Domain_Event_Key": "d94e342f1d335126d0c297751d455b94fb7c486999a16eacd34b7bd1389a60a1",
            "Correlation_Id": "d56e7d0496bc11eaa567a57318d70000",
            "Client_Identification": "SRS-YIT",
            "System_Key": "caf48af09f8e479707513247ae96fd6c8f0fd7649b682952115359e1a4ebab2d",
            "Proc_Ts": "2020-02-09 15:04:58.680926",
            "Proc_Ts_Tz_Dst_Cd": "100",
            "Event_Ts": "2020-02-09 15:04:58.680926",
            "Event_Ts_Tz_Dst_Cd": "100"
          },
          "LogHeader": {
            "ERROR_TO_DE": "ERROR: duplicate key value violates unique constraint xak1asset_characteristic_domain_event Detail: Key domn_evt_key aset_char_key sor_proc_ts x64393465333432663164333335313236643063323937373531643435356239346662376334383639393961313665616364333462376264313338396136306131 x35343637323237326237626461616636353630633762356562623030346237376637383234326336326137326135663937376432333537646134316130343338 2020 02 09 15:04:58.680926 already exists.",
            "RAW_KAFKA_QUEUE_NAME": "tc_id_11.ihl_dev_rm.reg.tm.prepared.asetDsc.v1",
            "SPARK_JOB_NAME": "AssetDescribedLoad"
          }
        }
      ]
    }
  ],
  "PostgreSQL_Output": [
    {
      "name": "dh_aset_char_domn_evt",
      "data": [
        {
          "domn_evt_key": "d94e342f1d335126d0c297751d455b94fb7c486999a16eacd34b7bd1389a60a1",
          "aset_char_key": "03a05147b32212dede260fef6a2d1a6f690e4fcc05ab16983fce570b36e13d24",
          "domn_evt_type_key": "e3b61a2ebf5b23ed3fd8ff58d88a71874f646ec36a6e49d48b10b0c9e3100d05",
          "aset_key": "965fafe171300c97d5d4943dd35ffdfe92a2fbd63eab7ebfbbd09273b760f253",
          "char_type_key": "1eae340932d52fe2223892cd8950e6af82434a4ab95a09616315ab2e1fbe7f03",
          "char_val": "LEIG000033",
          "sor_crlt_id": "d56e7d0496bc11eaa567a57318d70000",
          "sys_key": "caf48af09f8e479707513247ae96fd6c8f0fd7649b682952115359e1a4ebab2d",
          "clnt_id": "SRS-YIT",
          "sor_proc_ts": "2020-02-09 15:04:58.680926",
          "sor_evt_ts": "2020-02-09 15:04:58.680926",
          "sor_ingt_crt_ts": "2020-05-15 15:00:36.709000",
          "sor_read_ts": "2020-05-20 14:43:54.130000",
          "domn_evt_crt_ts": "2020-05-20 15:02:58",
          "sor_tpic_nm": "reg.tm.raw.srs.trnReporting.v3",
          "domn_evt_meta": "",
          "sor_evt_ts_tz_dst_cd": 100,
          "sor_proc_ts_tz_dst_cd": 100
        },
        {
          "domn_evt_key": "d94e342f1d335126d0c297751d455b94fb7c486999a16eacd34b7bd1389a60a1",
          "aset_char_key": "e7b758b300f6fbe3fd4f0aedd029757e667833745d10bc8b47b02368ebbdc328",
          "domn_evt_type_key": "e3b61a2ebf5b23ed3fd8ff58d88a71874f646ec36a6e49d48b10b0c9e3100d05",
          "aset_key": "965fafe171300c97d5d4943dd35ffdfe92a2fbd63eab7ebfbbd09273b760f253",
          "char_type_key": "e98582b4ca39021073323539c1f4e13b53c692aaa7cf47e57f8aaac207d3b3d7",
          "char_val": "066",
          "sor_crlt_id": "d56e7d0496bc11eaa567a57318d70000",
          "sys_key": "caf48af09f8e479707513247ae96fd6c8f0fd7649b682952115359e1a4ebab2d",
          "clnt_id": "SRS-YIT",
          "sor_proc_ts": "2020-02-09 15:04:58.680926",
          "sor_evt_ts": "2020-02-09 15:04:58.680926",
          "sor_ingt_crt_ts": "2020-05-15 15:00:36.709000",
          "sor_read_ts": "2020-05-20 14:43:54.130000",
          "domn_evt_crt_ts": "2020-05-20 15:02:58",
          "sor_tpic_nm": "reg.tm.raw.srs.trnReporting.v3",
          "domn_evt_meta": "",
          "sor_evt_ts_tz_dst_cd": 100,
          "sor_proc_ts_tz_dst_cd": 100
        },
        {
          "domn_evt_key": "d94e342f1d335126d0c297751d455b94fb7c486999a16eacd34b7bd1389a60a1",
          "aset_char_key": "80ca4833e6708cbfd0e943be20a72d93b674295525a0b67d1a62d02e2b415f62",
          "domn_evt_type_key": "e3b61a2ebf5b23ed3fd8ff58d88a71874f646ec36a6e49d48b10b0c9e3100d05",
          "aset_key": "965fafe171300c97d5d4943dd35ffdfe92a2fbd63eab7ebfbbd09273b760f253",
          "char_type_key": "df936d59f4f9c2f81eb1aa6ecee9eef8b162a37b1c31a621d6f4b89357c60f84",
          "char_val": "F",
          "sor_crlt_id": "d56e7d0496bc11eaa567a57318d70000",
          "sys_key": "caf48af09f8e479707513247ae96fd6c8f0fd7649b682952115359e1a4ebab2d",
          "clnt_id": "SRS-YIT",
          "sor_proc_ts": "2020-02-09 15:04:58.680926",
          "sor_evt_ts": "2020-02-09 15:04:58.680926",
          "sor_ingt_crt_ts": "2020-05-15 15:00:36.709000",
          "sor_read_ts": "2020-05-20 14:43:54.130000",
          "domn_evt_crt_ts": "2020-05-20 15:02:58",
          "sor_tpic_nm": "reg.tm.raw.srs.trnReporting.v3",
          "domn_evt_meta": "",
          "sor_evt_ts_tz_dst_cd": 100,
          "sor_proc_ts_tz_dst_cd": 100
        },
        {
          "domn_evt_key": "d94e342f1d335126d0c297751d455b94fb7c486999a16eacd34b7bd1389a60a1",
          "aset_char_key": "90186465e69559705e6ef92e51ea8fa23a64a8f6ef99226d6b5c1fdc2820b1be",
          "domn_evt_type_key": "e3b61a2ebf5b23ed3fd8ff58d88a71874f646ec36a6e49d48b10b0c9e3100d05",
          "aset_key": "965fafe171300c97d5d4943dd35ffdfe92a2fbd63eab7ebfbbd09273b760f253",
          "char_type_key": "e5c2f67ac164e82413cef237f282a9fef77600e75747d43abd71a973874f964c",
          "char_val": "0385000",
          "sor_crlt_id": "d56e7d0496bc11eaa567a57318d70000",
          "sys_key": "caf48af09f8e479707513247ae96fd6c8f0fd7649b682952115359e1a4ebab2d",
          "clnt_id": "SRS-YIT",
          "sor_proc_ts": "2020-02-09 15:04:58.680926",
          "sor_evt_ts": "2020-02-09 15:04:58.680926",
          "sor_ingt_crt_ts": "2020-05-15 15:00:36.709000",
          "sor_read_ts": "2020-05-20 14:43:54.130000",
          "domn_evt_crt_ts": "2020-05-20 15:02:58",
          "sor_tpic_nm": "reg.tm.raw.srs.trnReporting.v3",
          "domn_evt_meta": "",
          "sor_evt_ts_tz_dst_cd": 100,
          "sor_proc_ts_tz_dst_cd": 100
        },
        {
          "domn_evt_key": "d94e342f1d335126d0c297751d455b94fb7c486999a16eacd34b7bd1389a60a1",
          "aset_char_key": "54672272b7bdaaf6560c7b5ebb004b77f78242c62a72a5f977d2357da41a0438",
          "domn_evt_type_key": "e3b61a2ebf5b23ed3fd8ff58d88a71874f646ec36a6e49d48b10b0c9e3100d05",
          "aset_key": "965fafe171300c97d5d4943dd35ffdfe92a2fbd63eab7ebfbbd09273b760f253",
          "char_type_key": "9368c6bed70b4fa9362d849b4e4f61b61f2ce437f5378342217bb26e0b5c75d1",
          "char_val": "L",
          "sor_crlt_id": "d56e7d0496bc11eaa567a57318d70000",
          "sys_key": "caf48af09f8e479707513247ae96fd6c8f0fd7649b682952115359e1a4ebab2d",
          "clnt_id": "SRS-YIT",
          "sor_proc_ts": "2020-02-09 15:04:58.680926",
          "sor_evt_ts": "2020-02-09 15:04:58.680926",
          "sor_ingt_crt_ts": "2020-05-15 15:00:36.709000",
          "sor_read_ts": "2020-05-20 14:43:54.130000",
          "domn_evt_crt_ts": "2020-05-20 15:02:58",
          "sor_tpic_nm": "reg.tm.raw.srs.trnReporting.v3",
          "domn_evt_meta": "",
          "sor_evt_ts_tz_dst_cd": 100,
          "sor_proc_ts_tz_dst_cd": 100
        },
        {
          "domn_evt_key": "d94e342f1d335126d0c297751d455b94fb7c486999a16eacd34b7bd1389a60a1",
          "aset_char_key": "737bdd558e7679811003141c4160eb954afb8b17ba07604dcd0fe4f4c90bbd7b",
          "domn_evt_type_key": "e3b61a2ebf5b23ed3fd8ff58d88a71874f646ec36a6e49d48b10b0c9e3100d05",
          "aset_key": "965fafe171300c97d5d4943dd35ffdfe92a2fbd63eab7ebfbbd09273b760f253",
          "char_type_key": "15fa9d1ebf529605ab888c6f059eb68a4081817dc40831ec74d4ac7ecbcf6eff",
          "char_val": "LN",
          "sor_crlt_id": "d56e7d0496bc11eaa567a57318d70000",
          "sys_key": "caf48af09f8e479707513247ae96fd6c8f0fd7649b682952115359e1a4ebab2d",
          "clnt_id": "SRS-YIT",
          "sor_proc_ts": "2020-02-09 15:04:58.680926",
          "sor_evt_ts": "2020-02-09 15:04:58.680926",
          "sor_ingt_crt_ts": "2020-05-15 15:00:36.709000",
          "sor_read_ts": "2020-05-20 14:43:54.130000",
          "domn_evt_crt_ts": "2020-05-20 15:02:58",
          "sor_tpic_nm": "reg.tm.raw.srs.trnReporting.v3",
          "domn_evt_meta": "",
          "sor_evt_ts_tz_dst_cd": 100,
          "sor_proc_ts_tz_dst_cd": 100
        }
      ]
    },
    {
      "name": "dh_aset_char",
      "data": [
        {
          "aset_key": "965fafe171300c97d5d4943dd35ffdfe92a2fbd63eab7ebfbbd09273b760f253",
          "char_type_key": "1eae340932d52fe2223892cd8950e6af82434a4ab95a09616315ab2e1fbe7f03",
          "char_val": "LEIG000033",
          "act_stus_ind": 1,
          "sor_crlt_id": "d56e7d0496bc11eaa567a57318d70000",
          "sys_key": "caf48af09f8e479707513247ae96fd6c8f0fd7649b682952115359e1a4ebab2d",
          "rpt_clnt_id": "SRS-YIT",
          "rpt_sor_proc_ts": "2020-02-09 15:04:58.680926",
          "sor_evt_ts": "2020-02-09 15:04:58.680926",
          "rmv_clnt_id": null,
          "rmv_sor_proc_ts": null,
          "sor_ingt_crt_ts": "2020-05-15 15:00:36.709000",
          "sor_read_ts": "2020-05-20 14:43:54.130000",
          "domn_evt_crt_ts": "2020-05-20 15:02:58",
          "sor_tpic_nm": "reg.tm.raw.srs.trnReporting.v3",
          "domn_evt_meta": "",
          "sor_evt_ts_tz_dst_cd": 100,
          "sor_proc_ts_tz_dst_cd": 100
        },
        {
          "aset_key": "965fafe171300c97d5d4943dd35ffdfe92a2fbd63eab7ebfbbd09273b760f253",
          "char_type_key": "e98582b4ca39021073323539c1f4e13b53c692aaa7cf47e57f8aaac207d3b3d7",
          "char_val": "066",
          "act_stus_ind": 1,
          "sor_crlt_id": "d56e7d0496bc11eaa567a57318d70000",
          "sys_key": "caf48af09f8e479707513247ae96fd6c8f0fd7649b682952115359e1a4ebab2d",
          "rpt_clnt_id": "SRS-YIT",
          "rpt_sor_proc_ts": "2020-02-09 15:04:58.680926",
          "sor_evt_ts": "2020-02-09 15:04:58.680926",
          "rmv_clnt_id": null,
          "rmv_sor_proc_ts": null,
          "sor_ingt_crt_ts": "2020-05-15 15:00:36.709000",
          "sor_read_ts": "2020-05-20 14:43:54.130000",
          "domn_evt_crt_ts": "2020-05-20 15:02:58",
          "sor_tpic_nm": "reg.tm.raw.srs.trnReporting.v3",
          "domn_evt_meta": "",
          "sor_evt_ts_tz_dst_cd": 100,
          "sor_proc_ts_tz_dst_cd": 100
        },
        {
          "aset_key": "965fafe171300c97d5d4943dd35ffdfe92a2fbd63eab7ebfbbd09273b760f253",
          "char_type_key": "df936d59f4f9c2f81eb1aa6ecee9eef8b162a37b1c31a621d6f4b89357c60f84",
          "char_val": "F",
          "act_stus_ind": 1,
          "sor_crlt_id": "d56e7d0496bc11eaa567a57318d70000",
          "sys_key": "caf48af09f8e479707513247ae96fd6c8f0fd7649b682952115359e1a4ebab2d",
          "rpt_clnt_id": "SRS-YIT",
          "rpt_sor_proc_ts": "2020-02-09 15:04:58.680926",
          "sor_evt_ts": "2020-02-09 15:04:58.680926",
          "rmv_clnt_id": null,
          "rmv_sor_proc_ts": null,
          "sor_ingt_crt_ts": "2020-05-15 15:00:36.709000",
          "sor_read_ts": "2020-05-20 14:43:54.130000",
          "domn_evt_crt_ts": "2020-05-20 15:02:58",
          "sor_tpic_nm": "reg.tm.raw.srs.trnReporting.v3",
          "domn_evt_meta": "",
          "sor_evt_ts_tz_dst_cd": 100,
          "sor_proc_ts_tz_dst_cd": 100
        },
        {
          "aset_key": "965fafe171300c97d5d4943dd35ffdfe92a2fbd63eab7ebfbbd09273b760f253",
          "char_type_key": "e5c2f67ac164e82413cef237f282a9fef77600e75747d43abd71a973874f964c",
          "char_val": "0385000",
          "act_stus_ind": 1,
          "sor_crlt_id": "d56e7d0496bc11eaa567a57318d70000",
          "sys_key": "caf48af09f8e479707513247ae96fd6c8f0fd7649b682952115359e1a4ebab2d",
          "rpt_clnt_id": "SRS-YIT",
          "rpt_sor_proc_ts": "2020-02-09 15:04:58.680926",
          "sor_evt_ts": "2020-02-09 15:04:58.680926",
          "rmv_clnt_id": null,
          "rmv_sor_proc_ts": null,
          "sor_ingt_crt_ts": "2020-05-15 15:00:36.709000",
          "sor_read_ts": "2020-05-20 14:43:54.130000",
          "domn_evt_crt_ts": "2020-05-20 15:02:58",
          "sor_tpic_nm": "reg.tm.raw.srs.trnReporting.v3",
          "domn_evt_meta": "",
          "sor_evt_ts_tz_dst_cd": 100,
          "sor_proc_ts_tz_dst_cd": 100
        },
        {
          "aset_key": "965fafe171300c97d5d4943dd35ffdfe92a2fbd63eab7ebfbbd09273b760f253",
          "char_type_key": "9368c6bed70b4fa9362d849b4e4f61b61f2ce437f5378342217bb26e0b5c75d1",
          "char_val": "L",
          "act_stus_ind": 1,
          "sor_crlt_id": "d56e7d0496bc11eaa567a57318d70000",
          "sys_key": "caf48af09f8e479707513247ae96fd6c8f0fd7649b682952115359e1a4ebab2d",
          "rpt_clnt_id": "SRS-YIT",
          "rpt_sor_proc_ts": "2020-02-09 15:04:58.680926",
          "sor_evt_ts": "2020-02-09 15:04:58.680926",
          "rmv_clnt_id": null,
          "rmv_sor_proc_ts": null,
          "sor_ingt_crt_ts": "2020-05-15 15:00:36.709000",
          "sor_read_ts": "2020-05-20 14:43:54.130000",
          "domn_evt_crt_ts": "2020-05-20 15:02:58",
          "sor_tpic_nm": "reg.tm.raw.srs.trnReporting.v3",
          "domn_evt_meta": "",
          "sor_evt_ts_tz_dst_cd": 100,
          "sor_proc_ts_tz_dst_cd": 100
        },
        {
          "aset_key": "965fafe171300c97d5d4943dd35ffdfe92a2fbd63eab7ebfbbd09273b760f253",
          "char_type_key": "15fa9d1ebf529605ab888c6f059eb68a4081817dc40831ec74d4ac7ecbcf6eff",
          "char_val": "LN",
          "act_stus_ind": 1,
          "sor_crlt_id": "d56e7d0496bc11eaa567a57318d70000",
          "sys_key": "caf48af09f8e479707513247ae96fd6c8f0fd7649b682952115359e1a4ebab2d",
          "rpt_clnt_id": "SRS-YIT",
          "rpt_sor_proc_ts": "2020-02-09 15:04:58.680926",
          "sor_evt_ts": "2020-02-09 15:04:58.680926",
          "rmv_clnt_id": null,
          "rmv_sor_proc_ts": null,
          "sor_ingt_crt_ts": "2020-05-15 15:00:36.709000",
          "sor_read_ts": "2020-05-20 14:43:54.130000",
          "domn_evt_crt_ts": "2020-05-20 15:02:58",
          "sor_tpic_nm": "reg.tm.raw.srs.trnReporting.v3",
          "domn_evt_meta": "",
          "sor_evt_ts_tz_dst_cd": 100,
          "sor_proc_ts_tz_dst_cd": 100
        }
      ]
    }
  ]
}