{
  "Kafka_Output": [
    {
      "name": "tc_id_10.ihl_dev_rm.reg.tm.prepared.dhPGLogs.v1",
      "data": [
        {
          "DomainEventHeader": {
            "SOR_INGT_CRT_TS": "2020-05-15T09:36:14.142-04:00",
            "SOR_READ_TS": "2020-05-20 14:43:54.114",
            "DE_CRT_TS": "2020-05-20 15:02:52",
            "SOR_TPIC_NM": "reg.tm.raw.srs.trnReporting.v3",
            "DE_META": ""
          },
          "AssetCreated": {
            "Domain_Event_Type_Key": "e3b61a2ebf5b23ed3fd8ff58d88a71874f646ec36a6e49d48b10b0c9e3100d05",
            "Asset_Key": "2a212b42a5a8ef88e9c9e66ead1cdada766fb1e4cdb4e7f2f2381d2285feeb33",
            "Asset_Type_Key": "e89c106b5619aa7899cb8d964faa3c7f66464fa807a905d583ca02a51a27d823",
            "Identification_Type_Key": "0139eb3dce64ac448a95418d912a644bf8df5c5294b592b0a6323b61a226ebf4",
            "Identification_Value": "CNQ631209",
            "Domain_Event_Key": "c9739d7f899b76bef3b5762b06dc661067fbe35af62c8d66e3feca152cdae386",
            "Correlation_Id": "0be628b696b111eaa567a57318d70000",
            "Client_Identification": "SRS-YIT",
            "System_Key": "caf48af09f8e479707513247ae96fd6c8f0fd7649b682952115359e1a4ebab2d",
            "Proc_Ts": "2020-02-09 15:04:58.680926",
            "Proc_Ts_Tz_Dst_Cd": "100",
            "Event_Ts": "2020-02-09 15:04:58.680926",
            "Event_Ts_Tz_Dst_Cd": "100"
          },
          "LogHeader": {
            "ERROR_TO_DE": "ERROR: duplicate key value violates unique constraint xak1asset_domain_event Detail: Key domn_evt_key sor_proc_ts x63393733396437663839396237366265663362353736326230366463363631303637666265333561663632633864363665336665636131353263646165333836 2020 02 09 15:04:58.680926 already exists.",
            "RAW_KAFKA_QUEUE_NAME": "tc_id_10.ihl_dev_rm.reg.tm.prepared.asetCrt.v1",
            "SPARK_JOB_NAME": "AssetCreatedLoad"
          }
        }
      ]
    }
  ],
  "PostgreSQL_Output": [
    {
      "name": "dh_aset_domn_evt",
      "data": [
        {
          "domn_evt_key": "c9739d7f899b76bef3b5762b06dc661067fbe35af62c8d66e3feca152cdae386",
          "domn_evt_type_key": "e3b61a2ebf5b23ed3fd8ff58d88a71874f646ec36a6e49d48b10b0c9e3100d05",
          "aset_key": "2a212b42a5a8ef88e9c9e66ead1cdada766fb1e4cdb4e7f2f2381d2285feeb33",
          "aset_type_key": "e89c106b5619aa7899cb8d964faa3c7f66464fa807a905d583ca02a51a27d823",
          "id_type_key": "0139eb3dce64ac448a95418d912a644bf8df5c5294b592b0a6323b61a226ebf4",
          "id_val": "CNQ631209",
          "sor_crlt_id": "0be628b696b111eaa567a57318d70000",
          "sys_key": "caf48af09f8e479707513247ae96fd6c8f0fd7649b682952115359e1a4ebab2d",
          "clnt_id": "SRS-YIT",
          "sor_proc_ts": "2020-02-09 15:04:58.680926",
          "sor_evt_ts": "2020-02-09 15:04:58.680926",
          "sor_ingt_crt_ts": "2020-05-15 13:36:14.142000",
          "sor_read_ts": "2020-05-20 14:43:54.114000",
          "domn_evt_crt_ts": "2020-05-20 15:02:52",
          "sor_tpic_nm": "reg.tm.raw.srs.trnReporting.v3",
          "domn_evt_meta": "",
          "sor_evt_ts_tz_dst_cd": 100,
          "sor_proc_ts_tz_dst_cd": 100
        }
      ]
    },
    {
      "name": "dh_aset",
      "data": [
        {
          "aset_key": "2a212b42a5a8ef88e9c9e66ead1cdada766fb1e4cdb4e7f2f2381d2285feeb33",
          "aset_type_key": "e89c106b5619aa7899cb8d964faa3c7f66464fa807a905d583ca02a51a27d823",
          "act_stus_ind": 1,
          "id_type_key": "0139eb3dce64ac448a95418d912a644bf8df5c5294b592b0a6323b61a226ebf4",
          "id_val": "CNQ631209",
          "sor_crlt_id": "0be628b696b111eaa567a57318d70000",
          "sys_key": "caf48af09f8e479707513247ae96fd6c8f0fd7649b682952115359e1a4ebab2d",
          "rpt_clnt_id": "SRS-YIT",
          "rpt_sor_proc_ts": "2020-02-09 15:04:58.680926",
          "sor_evt_ts": "2020-02-09 15:04:58.680926",
          "rmv_clnt_id": null,
          "rmv_sor_proc_ts": null,
          "sor_ingt_crt_ts": "2020-05-15 13:36:14.142000",
          "sor_read_ts": "2020-05-20 14:43:54.114000",
          "domn_evt_crt_ts": "2020-05-20 15:02:52",
          "sor_tpic_nm": "reg.tm.raw.srs.trnReporting.v3",
          "domn_evt_meta": "",
          "sor_evt_ts_tz_dst_cd": 100,
          "sor_proc_ts_tz_dst_cd": 100
        }
      ]
    }
  ]
}