{
  "Kafka_Output": [
    {
      "name": "tc_id_83.ihl_dev_rm.reg.tm.prepared.dhPGLogs.v1",
      "data": [
        {
          "DomainEventHeader": {
            "SOR_INGT_CRT_TS": "2021-03-12 11:05:25.761650",
            "SOR_READ_TS": "2021-03-12 11:05:28.005",
            "DE_CRT_TS": "2021-03-12 11:05:28",
            "SOR_TPIC_NM": "ihl_dev_rm.transportation.locomotive-position.raw.v1",
            "DE_META": ""
          },
          "AssetConditionCreated": {
            "Domain_Event_Type_Key": "e3b61a2ebf5b23ed3fd8ff58d88a71874f646ec36a6e49d48b10b0c9e3100d05",
            "Asset_Key": "897fb58dadaa0de9c6aade224a6a092d21488c5b1890716b43065c3b04dc09ce",
            "ConditionCharacteristics": [
              {
                "Condition_Characteristic_Key": "48ad6113348a8abe0b4360cd54d73d5a873940344fb885ffee2fe0668a81f844",
                "Characteristic_Type_Key": "af6a730d48880a4e1fbd4f0d3b6b48b6568557fbc74bceb543457b106c57daad",
                "Characteristic_Value": "-79.680031"
              },
              {
                "Condition_Characteristic_Key": "fb6e09e6e6a7f1542a215eeeaa68881ac2563e99eba6a72c65f2e103ae75915c",
                "Characteristic_Type_Key": "63b1339bfe1572688e3e42e39d7e6998fb5429f0257868bdaf79ca8b03129905",
                "Characteristic_Value": "43.739437"
              }
            ],
            "Domain_Event_Key": "31780105a881c1e09f41842ac9a9e3a7b99393debb3c812d60810932af3e91e8",
            "Correlation_Id": "d8fe8aba-8322-11eb-80bb-0a0d13360000",
            "Client_Identification": "SRS_TRAIN",
            "System_Key": "2afbcfe4fe80110984c186a5e26fc5b6a9898a9e032ff4ac730c9d7a7b93afb2",
            "Proc_Ts": "2021-03-12 11:05:25.761650",
            "Proc_Ts_Tz_Dst_Cd": "100",
            "Event_Ts": "2021-03-12T06:05:00.000-05:00",
            "Event_Ts_Tz_Dst_Cd": "106"
          },
          "LogHeader": {
            "ERROR_TO_DE": "ERROR: duplicate key value violates unique constraint xak1asset_condition_domain_event Detail: Key domn_evt_key cond_char_key sor_proc_ts x33313738303130356138383163316530396634313834326163396139653361376239393339336465626233633831326436303831303933326166336539316538 x66623665303965366536613766313534326132313565656561613638383831616332353633653939656261366137326336356632653130336165373539313563 2021 03 12 11:05:25.76165 already exists.",
            "RAW_KAFKA_QUEUE_NAME": "tc_id_83.ihl_dev_rm.reg.transportation.asset-condition-created.prepared.v1",
            "SPARK_JOB_NAME": "AssetConditionCreatedLoad"
          }
        },
        {
          "DomainEventHeader": {
            "SOR_INGT_CRT_TS": "2021-03-12 11:05:25.761650",
            "SOR_READ_TS": "2021-03-12 11:05:28.005",
            "DE_CRT_TS": "2021-03-12 11:05:28",
            "SOR_TPIC_NM": "ihl_dev_rm.transportation.locomotive-position.raw.v1",
            "DE_META": ""
          },
          "AssetConditionCreated": {
            "Domain_Event_Type_Key": "e3b61a2ebf5b23ed3fd8ff58d88a71874f646ec36a6e49d48b10b0c9e3100d05",
            "Asset_Key": "897fb58dadaa0de9c6aade224a6a092d21488c5b1890716b43065c3b04dc09ce",
            "ConditionCharacteristics": [
              {
                "Condition_Characteristic_Key": "48ad6113348a8abe0b4360cd54d73d5a873940344fb885ffee2fe0668a81f844",
                "Characteristic_Type_Key": "af6a730d48880a4e1fbd4f0d3b6b48b6568557fbc74bceb543457b106c57daad",
                "Characteristic_Value": "-79.680031"
              },
              {
                "Condition_Characteristic_Key": "fb6e09e6e6a7f1542a215eeeaa68881ac2563e99eba6a72c65f2e103ae75915c",
                "Characteristic_Type_Key": "63b1339bfe1572688e3e42e39d7e6998fb5429f0257868bdaf79ca8b03129905",
                "Characteristic_Value": "43.739437"
              }
            ],
            "Domain_Event_Key": "31780105a881c1e09f41842ac9a9e3a7b99393debb3c812d60810932af3e91e8",
            "Correlation_Id": "d8fe8aba-8322-11eb-80bb-0a0d13360000",
            "Client_Identification": "SRS_TRAIN",
            "System_Key": "2afbcfe4fe80110984c186a5e26fc5b6a9898a9e032ff4ac730c9d7a7b93afb2",
            "Proc_Ts": "2021-03-12 11:05:25.761650",
            "Proc_Ts_Tz_Dst_Cd": "100",
            "Event_Ts": "2021-03-12T06:05:00.000-05:00",
            "Event_Ts_Tz_Dst_Cd": "106"
          },
          "LogHeader": {
            "ERROR_TO_DE": "ERROR: duplicate key value violates unique constraint xak1asset_condition_domain_event Detail: Key domn_evt_key cond_char_key sor_proc_ts x33313738303130356138383163316530396634313834326163396139653361376239393339336465626233633831326436303831303933326166336539316538 x34386164363131333334386138616265306234333630636435346437336435613837333934303334346662383835666665653266653036363861383166383434 2021 03 12 11:05:25.76165 already exists.",
            "RAW_KAFKA_QUEUE_NAME": "tc_id_83.ihl_dev_rm.reg.transportation.asset-condition-created.prepared.v1",
            "SPARK_JOB_NAME": "AssetConditionCreatedLoad"
          }
        }
      ]
    }
  ],
  "PostgreSQL_Output": [
    {
      "name": "dh_aset_cond_domn_evt",
      "data": [
        {
          "domn_evt_key": "31780105a881c1e09f41842ac9a9e3a7b99393debb3c812d60810932af3e91e8",
          "cond_char_key": "48ad6113348a8abe0b4360cd54d73d5a873940344fb885ffee2fe0668a81f844",
          "domn_evt_type_key": "e3b61a2ebf5b23ed3fd8ff58d88a71874f646ec36a6e49d48b10b0c9e3100d05",
          "char_type_key": "af6a730d48880a4e1fbd4f0d3b6b48b6568557fbc74bceb543457b106c57daad",
          "char_val": "-79.680031",
          "sor_crlt_id": "d8fe8aba-8322-11eb-80bb-0a0d13360000",
          "sys_key": "2afbcfe4fe80110984c186a5e26fc5b6a9898a9e032ff4ac730c9d7a7b93afb2",
          "clnt_id": "SRS_TRAIN",
          "sor_proc_ts": "2021-03-12 11:05:25.761650",
          "sor_evt_ts": "2021-03-12 11:05:00",
          "sor_ingt_crt_ts": "2021-03-12 11:05:25.761650",
          "sor_read_ts": "2021-03-12 11:05:28.005000",
          "domn_evt_crt_ts": "2021-03-12 11:05:28",
          "sor_tpic_nm": "ihl_dev_rm.transportation.locomotive-position.raw.v1",
          "domn_evt_meta": "",
          "sor_evt_ts_tz_dst_cd": 106,
          "sor_proc_ts_tz_dst_cd": 100,
          "aset_key": "897fb58dadaa0de9c6aade224a6a092d21488c5b1890716b43065c3b04dc09ce"
        },
        {
          "domn_evt_key": "31780105a881c1e09f41842ac9a9e3a7b99393debb3c812d60810932af3e91e8",
          "cond_char_key": "fb6e09e6e6a7f1542a215eeeaa68881ac2563e99eba6a72c65f2e103ae75915c",
          "domn_evt_type_key": "e3b61a2ebf5b23ed3fd8ff58d88a71874f646ec36a6e49d48b10b0c9e3100d05",
          "char_type_key": "63b1339bfe1572688e3e42e39d7e6998fb5429f0257868bdaf79ca8b03129905",
          "char_val": "43.739437",
          "sor_crlt_id": "d8fe8aba-8322-11eb-80bb-0a0d13360000",
          "sys_key": "2afbcfe4fe80110984c186a5e26fc5b6a9898a9e032ff4ac730c9d7a7b93afb2",
          "clnt_id": "SRS_TRAIN",
          "sor_proc_ts": "2021-03-12 11:05:25.761650",
          "sor_evt_ts": "2021-03-12 11:05:00",
          "sor_ingt_crt_ts": "2021-03-12 11:05:25.761650",
          "sor_read_ts": "2021-03-12 11:05:28.005000",
          "domn_evt_crt_ts": "2021-03-12 11:05:28",
          "sor_tpic_nm": "ihl_dev_rm.transportation.locomotive-position.raw.v1",
          "domn_evt_meta": "",
          "sor_evt_ts_tz_dst_cd": 106,
          "sor_proc_ts_tz_dst_cd": 100,
          "aset_key": "897fb58dadaa0de9c6aade224a6a092d21488c5b1890716b43065c3b04dc09ce"
        }
      ]
    },
    {
      "name": "dh_aset_cond",
      "data": [
        {
          "aset_key": "897fb58dadaa0de9c6aade224a6a092d21488c5b1890716b43065c3b04dc09ce",
          "char_type_key": "af6a730d48880a4e1fbd4f0d3b6b48b6568557fbc74bceb543457b106c57daad",
          "char_val": "-79.680031",
          "act_stus_ind": 1,
          "sor_crlt_id": "d8fe8aba-8322-11eb-80bb-0a0d13360000",
          "sys_key": "2afbcfe4fe80110984c186a5e26fc5b6a9898a9e032ff4ac730c9d7a7b93afb2",
          "rpt_clnt_id": "SRS_TRAIN",
          "rpt_sor_proc_ts": "2021-03-12 11:05:25.761650",
          "sor_evt_ts": "2021-03-12 11:05:00",
          "rmv_clnt_id": null,
          "rmv_sor_proc_ts": null,
          "sor_ingt_crt_ts": "2021-03-12 11:05:25.761650",
          "sor_read_ts": "2021-03-12 11:05:28.005000",
          "domn_evt_crt_ts": "2021-03-12 11:05:28",
          "sor_tpic_nm": "ihl_dev_rm.transportation.locomotive-position.raw.v1",
          "domn_evt_meta": "",
          "sor_evt_ts_tz_dst_cd": 106,
          "sor_proc_ts_tz_dst_cd": 100
        },
        {
          "aset_key": "897fb58dadaa0de9c6aade224a6a092d21488c5b1890716b43065c3b04dc09ce",
          "char_type_key": "63b1339bfe1572688e3e42e39d7e6998fb5429f0257868bdaf79ca8b03129905",
          "char_val": "43.739437",
          "act_stus_ind": 1,
          "sor_crlt_id": "d8fe8aba-8322-11eb-80bb-0a0d13360000",
          "sys_key": "2afbcfe4fe80110984c186a5e26fc5b6a9898a9e032ff4ac730c9d7a7b93afb2",
          "rpt_clnt_id": "SRS_TRAIN",
          "rpt_sor_proc_ts": "2021-03-12 11:05:25.761650",
          "sor_evt_ts": "2021-03-12 11:05:00",
          "rmv_clnt_id": null,
          "rmv_sor_proc_ts": null,
          "sor_ingt_crt_ts": "2021-03-12 11:05:25.761650",
          "sor_read_ts": "2021-03-12 11:05:28.005000",
          "domn_evt_crt_ts": "2021-03-12 11:05:28",
          "sor_tpic_nm": "ihl_dev_rm.transportation.locomotive-position.raw.v1",
          "domn_evt_meta": "",
          "sor_evt_ts_tz_dst_cd": 106,
          "sor_proc_ts_tz_dst_cd": 100
        }
      ]
    }
  ]
}