{
  "Kafka_Output": [
    {
      "name": "tc_id_2.ihl_dev_rm.reg.tm.prepared.dhPGLogs.v1",
      "data": [
        {
          "DomainEventHeader": {
            "SOR_INGT_CRT_TS": "2020-03-26T10:13:21.770-04:00",
            "SOR_READ_TS": "2020-05-21 17:49:00.007",
            "DE_CRT_TS": "2020-05-21 17:49:05",
            "SOR_TPIC_NM": "reg.tm.raw.srs.trnConsist.v2",
            "DE_META": ""
          },
          "AssetAssociationDescribed": {
            "Primary_Object_Key": "43e02a4a6633033e3c00bd75804cc33d9f2d3a596252657630f26aac4c7b926b",
            "Domain_Event_Type_Key": "e3b61a2ebf5b23ed3fd8ff58d88a71874f646ec36a6e49d48b10b0c9e3100d05",
            "Association_Key": "e7a2930458486625efec41a197da3857dba606e0db265ebe1bbf3cfd3b181082",
            "AssociationCharacteristics": [
              {
                "Association_Characteristic_Key": "3b78ecbdf6d8fa8aefd384139911ccaa85ca2818b3eed0177fd3ca7b67bf6170",
                "Characteristic_Type_Key": "b15471c6d48ed7ac98908ec48bc34eaa4cbc267bf2cc52ed6ab87287dc44f24d",
                "Characteristic_Value": "3"
              },
              {
                "Association_Characteristic_Key": "c820a6ec04f26e3300d3176817775362ed9c4dd9c02deafdd242cf2099f0a2cb",
                "Characteristic_Type_Key": "cf18908878415d881a95c1eadfd31dc34f691bd017e43103fa5f1426d589d873",
                "Characteristic_Value": "SS"
              }
            ],
            "Domain_Event_Key": "a44790135c86bf6873a56a69f603e2ac0bf2f9d92c5e38b0b4cb0566ed12e341",
            "Correlation_Id": "414d51204d51485542453120202020205e773da1289a6500",
            "Client_Identification": "SRS-YIT",
            "System_Key": "caf48af09f8e479707513247ae96fd6c8f0fd7649b682952115359e1a4ebab2d",
            "Proc_Ts": "2020-02-09 15:04:58.680926",
            "Proc_Ts_Tz_Dst_Cd": "100",
            "Event_Ts": "2020-02-09 15:04:58.680926",
            "Event_Ts_Tz_Dst_Cd": "100"
          },
          "LogHeader": {
            "ERROR_TO_DE": "ERROR: duplicate key value violates unique constraint xak1asset_association_characteristic_domain_event Detail: Key domn_evt_key asct_char_key sor_proc_ts x61343437393031333563383662663638373361353661363966363033653261633062663266396439326335653338623062346362303536366564313265333431 x33623738656362646636643866613861656664333834313339393131636361613835636132383138623365656430313737666433636137623637626636313730 2020 02 09 15:04:58.680926 already exists.",
            "RAW_KAFKA_QUEUE_NAME": "tc_id_2.ihl_dev_rm.reg.tm.prepared.asetAsctDsc.v1",
            "SPARK_JOB_NAME": "AssetAssociationDescribedLoad"
          }
        },
        {
          "DomainEventHeader": {
            "SOR_INGT_CRT_TS": "2020-03-26T10:13:21.770-04:00",
            "SOR_READ_TS": "2020-05-21 17:49:00.007",
            "DE_CRT_TS": "2020-05-21 17:49:05",
            "SOR_TPIC_NM": "reg.tm.raw.srs.trnConsist.v2",
            "DE_META": ""
          },
          "AssetAssociationDescribed": {
            "Primary_Object_Key": "43e02a4a6633033e3c00bd75804cc33d9f2d3a596252657630f26aac4c7b926b",
            "Domain_Event_Type_Key": "e3b61a2ebf5b23ed3fd8ff58d88a71874f646ec36a6e49d48b10b0c9e3100d05",
            "Association_Key": "e7a2930458486625efec41a197da3857dba606e0db265ebe1bbf3cfd3b181082",
            "AssociationCharacteristics": [
              {
                "Association_Characteristic_Key": "3b78ecbdf6d8fa8aefd384139911ccaa85ca2818b3eed0177fd3ca7b67bf6170",
                "Characteristic_Type_Key": "b15471c6d48ed7ac98908ec48bc34eaa4cbc267bf2cc52ed6ab87287dc44f24d",
                "Characteristic_Value": "3"
              },
              {
                "Association_Characteristic_Key": "c820a6ec04f26e3300d3176817775362ed9c4dd9c02deafdd242cf2099f0a2cb",
                "Characteristic_Type_Key": "cf18908878415d881a95c1eadfd31dc34f691bd017e43103fa5f1426d589d873",
                "Characteristic_Value": "SS"
              }
            ],
            "Domain_Event_Key": "a44790135c86bf6873a56a69f603e2ac0bf2f9d92c5e38b0b4cb0566ed12e341",
            "Correlation_Id": "414d51204d51485542453120202020205e773da1289a6500",
            "Client_Identification": "SRS-YIT",
            "System_Key": "caf48af09f8e479707513247ae96fd6c8f0fd7649b682952115359e1a4ebab2d",
            "Proc_Ts": "2020-02-09 15:04:58.680926",
            "Proc_Ts_Tz_Dst_Cd": "100",
            "Event_Ts": "2020-02-09 15:04:58.680926",
            "Event_Ts_Tz_Dst_Cd": "100"
          },
          "LogHeader": {
            "ERROR_TO_DE": "ERROR: duplicate key value violates unique constraint xak1asset_association_characteristic_domain_event Detail: Key domn_evt_key asct_char_key sor_proc_ts x61343437393031333563383662663638373361353661363966363033653261633062663266396439326335653338623062346362303536366564313265333431 x63383230613665633034663236653333303064333137363831373737353336326564396334646439633032646561666464323432636632303939663061326362 2020 02 09 15:04:58.680926 already exists.",
            "RAW_KAFKA_QUEUE_NAME": "tc_id_2.ihl_dev_rm.reg.tm.prepared.asetAsctDsc.v1",
            "SPARK_JOB_NAME": "AssetAssociationDescribedLoad"
          }
        }
      ]
    }
  ],
  "PostgreSQL_Output": [
    {
      "name": "dh_aset_asct_char_domn_evt",
      "data": [
        {
          "domn_evt_key": "a44790135c86bf6873a56a69f603e2ac0bf2f9d92c5e38b0b4cb0566ed12e341",
          "asct_char_key": "3b78ecbdf6d8fa8aefd384139911ccaa85ca2818b3eed0177fd3ca7b67bf6170",
          "domn_evt_type_key": "e3b61a2ebf5b23ed3fd8ff58d88a71874f646ec36a6e49d48b10b0c9e3100d05",
          "asct_key": "e7a2930458486625efec41a197da3857dba606e0db265ebe1bbf3cfd3b181082",
          "char_type_key": "b15471c6d48ed7ac98908ec48bc34eaa4cbc267bf2cc52ed6ab87287dc44f24d",
          "char_val": "3",
          "sor_crlt_id": "414d51204d51485542453120202020205e773da1289a6500",
          "sys_key": "caf48af09f8e479707513247ae96fd6c8f0fd7649b682952115359e1a4ebab2d",
          "clnt_id": "SRS-YIT",
          "sor_proc_ts": "2020-02-09 15:04:58.680926",
          "sor_evt_ts": "2020-02-09 15:04:58.680926",
          "sor_ingt_crt_ts": "2020-03-26 14:13:21.770000",
          "sor_read_ts": "2020-05-21 17:49:00.007000",
          "domn_evt_crt_ts": "2020-05-21 17:49:05",
          "sor_tpic_nm": "reg.tm.raw.srs.trnConsist.v2",
          "domn_evt_meta": "",
          "sor_evt_ts_tz_dst_cd": 100,
          "sor_proc_ts_tz_dst_cd": 100,
          "prim_obj_key": "43e02a4a6633033e3c00bd75804cc33d9f2d3a596252657630f26aac4c7b926b"
        },
        {
          "domn_evt_key": "a44790135c86bf6873a56a69f603e2ac0bf2f9d92c5e38b0b4cb0566ed12e341",
          "asct_char_key": "c820a6ec04f26e3300d3176817775362ed9c4dd9c02deafdd242cf2099f0a2cb",
          "domn_evt_type_key": "e3b61a2ebf5b23ed3fd8ff58d88a71874f646ec36a6e49d48b10b0c9e3100d05",
          "asct_key": "e7a2930458486625efec41a197da3857dba606e0db265ebe1bbf3cfd3b181082",
          "char_type_key": "cf18908878415d881a95c1eadfd31dc34f691bd017e43103fa5f1426d589d873",
          "char_val": "SS",
          "sor_crlt_id": "414d51204d51485542453120202020205e773da1289a6500",
          "sys_key": "caf48af09f8e479707513247ae96fd6c8f0fd7649b682952115359e1a4ebab2d",
          "clnt_id": "SRS-YIT",
          "sor_proc_ts": "2020-02-09 15:04:58.680926",
          "sor_evt_ts": "2020-02-09 15:04:58.680926",
          "sor_ingt_crt_ts": "2020-03-26 14:13:21.770000",
          "sor_read_ts": "2020-05-21 17:49:00.007000",
          "domn_evt_crt_ts": "2020-05-21 17:49:05",
          "sor_tpic_nm": "reg.tm.raw.srs.trnConsist.v2",
          "domn_evt_meta": "",
          "sor_evt_ts_tz_dst_cd": 100,
          "sor_proc_ts_tz_dst_cd": 100,
          "prim_obj_key": "43e02a4a6633033e3c00bd75804cc33d9f2d3a596252657630f26aac4c7b926b"
        }
      ]
    },
    {
      "name": "dh_aset_asct_char",
      "data": [
        {
          "asct_key": "e7a2930458486625efec41a197da3857dba606e0db265ebe1bbf3cfd3b181082",
          "char_type_key": "b15471c6d48ed7ac98908ec48bc34eaa4cbc267bf2cc52ed6ab87287dc44f24d",
          "char_val": "3",
          "act_stus_ind": 1,
          "sor_crlt_id": "414d51204d51485542453120202020205e773da1289a6500",
          "sys_key": "caf48af09f8e479707513247ae96fd6c8f0fd7649b682952115359e1a4ebab2d",
          "rpt_clnt_id": "SRS-YIT",
          "rpt_sor_proc_ts": "2020-02-09 15:04:58.680926",
          "sor_evt_ts": "2020-02-09 15:04:58.680926",
          "rmv_clnt_id": null,
          "rmv_sor_proc_ts": null,
          "sor_ingt_crt_ts": "2020-03-26 14:13:21.770000",
          "sor_read_ts": "2020-05-21 17:49:00.007000",
          "domn_evt_crt_ts": "2020-05-21 17:49:05",
          "sor_tpic_nm": "reg.tm.raw.srs.trnConsist.v2",
          "domn_evt_meta": "",
          "prim_obj_key": "43e02a4a6633033e3c00bd75804cc33d9f2d3a596252657630f26aac4c7b926b",
          "sor_evt_ts_tz_dst_cd": 100,
          "sor_proc_ts_tz_dst_cd": 100
        },
        {
          "asct_key": "e7a2930458486625efec41a197da3857dba606e0db265ebe1bbf3cfd3b181082",
          "char_type_key": "cf18908878415d881a95c1eadfd31dc34f691bd017e43103fa5f1426d589d873",
          "char_val": "SS",
          "act_stus_ind": 1,
          "sor_crlt_id": "414d51204d51485542453120202020205e773da1289a6500",
          "sys_key": "caf48af09f8e479707513247ae96fd6c8f0fd7649b682952115359e1a4ebab2d",
          "rpt_clnt_id": "SRS-YIT",
          "rpt_sor_proc_ts": "2020-02-09 15:04:58.680926",
          "sor_evt_ts": "2020-02-09 15:04:58.680926",
          "rmv_clnt_id": null,
          "rmv_sor_proc_ts": null,
          "sor_ingt_crt_ts": "2020-03-26 14:13:21.770000",
          "sor_read_ts": "2020-05-21 17:49:00.007000",
          "domn_evt_crt_ts": "2020-05-21 17:49:05",
          "sor_tpic_nm": "reg.tm.raw.srs.trnConsist.v2",
          "domn_evt_meta": "",
          "prim_obj_key": "43e02a4a6633033e3c00bd75804cc33d9f2d3a596252657630f26aac4c7b926b",
          "sor_evt_ts_tz_dst_cd": 100,
          "sor_proc_ts_tz_dst_cd": 100
        }
      ]
    }
  ]
}