{
  "Kafka_Output": [
    {
      "name": "tc_id_78.ihl_dev_rm.reg.tm.prepared.dhPGLogs.v1",
      "data": [
        {
          "DomainEventHeader": {
            "SOR_INGT_CRT_TS": "2020-03-13 10:40:51.805246",
            "SOR_READ_TS": "2020-11-27 14:38:20.012",
            "DE_CRT_TS": "2020-11-27 14:38:20",
            "SOR_TPIC_NM": "reg.tm.raw.cust.v1",
            "DE_META": ""
          },
          "BusinessPartnerDescribed": {
            "Domain_Event_Type_Key": "e3b61a2ebf5b23ed3fd8ff58d88a71874f646ec36a6e49d48b10b0c9e3100d05",
            "Business_Partner_Key": "1e78e6ab2bc842c283eb8278fdb90e8137fe13fed3ee588c88005fa6f4e1d486",
            "BusinessPartnerCharacteristics": [
              {
                "Business_Partner_Characteristic_Key": "e85c724fab094546a8e7c3292a80ec4f0c7b42e4239341a1125dfffed8ba1b84",
                "Characteristic_Type_Key": "0b1821f40450113c8ce372b1cc14a2865520c66493a36d225a353a1f6bbbeb94",
                "Characteristic_Value": "92124"
              },
              {
                "Business_Partner_Characteristic_Key": "6f2e6ca568c074320915a2519101c5ccb7fd4c7490907561681f15f76497fa68",
                "Characteristic_Type_Key": "bd9dae217a0a467e1d4ab7e34974038e2001b9361a106a8a088debd5c5430e14",
                "Characteristic_Value": "122915BC"
              },
              {
                "Business_Partner_Characteristic_Key": "6fefe700c89ac2e19362243fe7e123615b468d4f4383f99cf3ecb288c5945609",
                "Characteristic_Type_Key": "28fa08b6d074f1abef54d8137ee775f0c86b5d3246929eb140b56e963c8263c6",
                "Characteristic_Value": "1229156 BC LTD"
              }
            ],
            "Domain_Event_Key": "31cf0e0957b4ba449681ef26e6cdbe49f1e0928c14b1452c847ae34eae902746",
            "Correlation_Id": "08a46b91-40a8-4c2f-90bc-355a5ca00b62",
            "Client_Identification": "102250",
            "System_Key": "d312198489b4563fef394081a70fab687dfe0ce0a3ba85044675bb3bd2de9a58",
            "Proc_Ts": "2020-03-13 10:40:51.805246",
            "Proc_Ts_Tz_Dst_Cd": "100",
            "Event_Ts": "2020-03-13 10:40:51.805246",
            "Event_Ts_Tz_Dst_Cd": "100"
          },
          "LogHeader": {
            "ERROR_TO_DE": "ERROR: duplicate key value violates unique constraint xak1business_partner_characteristic_domain_event Detail: Key domn_evt_key bus_prtr_char_key sor_proc_ts x33316366306530393537623462613434393638316566323665366364626534396631653039323863313462313435326338343761653334656165393032373436 x65383563373234666162303934353436613865376333323932613830656334663063376234326534323339333431613131323564666666656438626131623834 2020 03 13 10:40:51.805246 already exists.",
            "RAW_KAFKA_QUEUE_NAME": "tc_id_78.ihl_dev_rm.reg.tm.prepared.busPrtrDsc.v1",
            "SPARK_JOB_NAME": "BusinessPartnerDescribedLoad"
          }
        },
        {
          "DomainEventHeader": {
            "SOR_INGT_CRT_TS": "2020-03-13 10:40:51.805246",
            "SOR_READ_TS": "2020-11-27 14:38:20.012",
            "DE_CRT_TS": "2020-11-27 14:38:20",
            "SOR_TPIC_NM": "reg.tm.raw.cust.v1",
            "DE_META": ""
          },
          "BusinessPartnerDescribed": {
            "Domain_Event_Type_Key": "e3b61a2ebf5b23ed3fd8ff58d88a71874f646ec36a6e49d48b10b0c9e3100d05",
            "Business_Partner_Key": "1e78e6ab2bc842c283eb8278fdb90e8137fe13fed3ee588c88005fa6f4e1d486",
            "BusinessPartnerCharacteristics": [
              {
                "Business_Partner_Characteristic_Key": "e85c724fab094546a8e7c3292a80ec4f0c7b42e4239341a1125dfffed8ba1b84",
                "Characteristic_Type_Key": "0b1821f40450113c8ce372b1cc14a2865520c66493a36d225a353a1f6bbbeb94",
                "Characteristic_Value": "92124"
              },
              {
                "Business_Partner_Characteristic_Key": "6f2e6ca568c074320915a2519101c5ccb7fd4c7490907561681f15f76497fa68",
                "Characteristic_Type_Key": "bd9dae217a0a467e1d4ab7e34974038e2001b9361a106a8a088debd5c5430e14",
                "Characteristic_Value": "122915BC"
              },
              {
                "Business_Partner_Characteristic_Key": "6fefe700c89ac2e19362243fe7e123615b468d4f4383f99cf3ecb288c5945609",
                "Characteristic_Type_Key": "28fa08b6d074f1abef54d8137ee775f0c86b5d3246929eb140b56e963c8263c6",
                "Characteristic_Value": "1229156 BC LTD"
              }
            ],
            "Domain_Event_Key": "31cf0e0957b4ba449681ef26e6cdbe49f1e0928c14b1452c847ae34eae902746",
            "Correlation_Id": "08a46b91-40a8-4c2f-90bc-355a5ca00b62",
            "Client_Identification": "102250",
            "System_Key": "d312198489b4563fef394081a70fab687dfe0ce0a3ba85044675bb3bd2de9a58",
            "Proc_Ts": "2020-03-13 10:40:51.805246",
            "Proc_Ts_Tz_Dst_Cd": "100",
            "Event_Ts": "2020-03-13 10:40:51.805246",
            "Event_Ts_Tz_Dst_Cd": "100"
          },
          "LogHeader": {
            "ERROR_TO_DE": "ERROR: duplicate key value violates unique constraint xak1business_partner_characteristic_domain_event Detail: Key domn_evt_key bus_prtr_char_key sor_proc_ts x33316366306530393537623462613434393638316566323665366364626534396631653039323863313462313435326338343761653334656165393032373436 x36663265366361353638633037343332303931356132353139313031633563636237666434633734393039303735363136383166313566373634393766613638 2020 03 13 10:40:51.805246 already exists.",
            "RAW_KAFKA_QUEUE_NAME": "tc_id_78.ihl_dev_rm.reg.tm.prepared.busPrtrDsc.v1",
            "SPARK_JOB_NAME": "BusinessPartnerDescribedLoad"
          }
        },
        {
          "DomainEventHeader": {
            "SOR_INGT_CRT_TS": "2020-03-13 10:40:51.805246",
            "SOR_READ_TS": "2020-11-27 14:38:20.012",
            "DE_CRT_TS": "2020-11-27 14:38:20",
            "SOR_TPIC_NM": "reg.tm.raw.cust.v1",
            "DE_META": ""
          },
          "BusinessPartnerDescribed": {
            "Domain_Event_Type_Key": "e3b61a2ebf5b23ed3fd8ff58d88a71874f646ec36a6e49d48b10b0c9e3100d05",
            "Business_Partner_Key": "1e78e6ab2bc842c283eb8278fdb90e8137fe13fed3ee588c88005fa6f4e1d486",
            "BusinessPartnerCharacteristics": [
              {
                "Business_Partner_Characteristic_Key": "e85c724fab094546a8e7c3292a80ec4f0c7b42e4239341a1125dfffed8ba1b84",
                "Characteristic_Type_Key": "0b1821f40450113c8ce372b1cc14a2865520c66493a36d225a353a1f6bbbeb94",
                "Characteristic_Value": "92124"
              },
              {
                "Business_Partner_Characteristic_Key": "6f2e6ca568c074320915a2519101c5ccb7fd4c7490907561681f15f76497fa68",
                "Characteristic_Type_Key": "bd9dae217a0a467e1d4ab7e34974038e2001b9361a106a8a088debd5c5430e14",
                "Characteristic_Value": "122915BC"
              },
              {
                "Business_Partner_Characteristic_Key": "6fefe700c89ac2e19362243fe7e123615b468d4f4383f99cf3ecb288c5945609",
                "Characteristic_Type_Key": "28fa08b6d074f1abef54d8137ee775f0c86b5d3246929eb140b56e963c8263c6",
                "Characteristic_Value": "1229156 BC LTD"
              }
            ],
            "Domain_Event_Key": "31cf0e0957b4ba449681ef26e6cdbe49f1e0928c14b1452c847ae34eae902746",
            "Correlation_Id": "08a46b91-40a8-4c2f-90bc-355a5ca00b62",
            "Client_Identification": "102250",
            "System_Key": "d312198489b4563fef394081a70fab687dfe0ce0a3ba85044675bb3bd2de9a58",
            "Proc_Ts": "2020-03-13 10:40:51.805246",
            "Proc_Ts_Tz_Dst_Cd": "100",
            "Event_Ts": "2020-03-13 10:40:51.805246",
            "Event_Ts_Tz_Dst_Cd": "100"
          },
          "LogHeader": {
            "ERROR_TO_DE": "ERROR: duplicate key value violates unique constraint xak1business_partner_characteristic_domain_event Detail: Key domn_evt_key bus_prtr_char_key sor_proc_ts x33316366306530393537623462613434393638316566323665366364626534396631653039323863313462313435326338343761653334656165393032373436 x36666566653730306338396163326531393336323234336665376531323336313562343638643466343338336639396366336563623238386335393435363039 2020 03 13 10:40:51.805246 already exists.",
            "RAW_KAFKA_QUEUE_NAME": "tc_id_78.ihl_dev_rm.reg.tm.prepared.busPrtrDsc.v1",
            "SPARK_JOB_NAME": "BusinessPartnerDescribedLoad"
          }
        }
      ]
    }
  ],
  "PostgreSQL_Output": [
    {
      "name": "dh_bus_prtr_char_domn_evt",
      "data": [
        {
          "domn_evt_key": "31cf0e0957b4ba449681ef26e6cdbe49f1e0928c14b1452c847ae34eae902746",
          "bus_prtr_char_key": "e85c724fab094546a8e7c3292a80ec4f0c7b42e4239341a1125dfffed8ba1b84",
          "domn_evt_type_key": "e3b61a2ebf5b23ed3fd8ff58d88a71874f646ec36a6e49d48b10b0c9e3100d05",
          "bus_prtr_key": "1e78e6ab2bc842c283eb8278fdb90e8137fe13fed3ee588c88005fa6f4e1d486",
          "char_type_key": "0b1821f40450113c8ce372b1cc14a2865520c66493a36d225a353a1f6bbbeb94",
          "char_val": "92124",
          "sor_crlt_id": "08a46b91-40a8-4c2f-90bc-355a5ca00b62",
          "sys_key": "d312198489b4563fef394081a70fab687dfe0ce0a3ba85044675bb3bd2de9a58",
          "clnt_id": "102250",
          "sor_proc_ts": "2020-03-13 10:40:51.805246",
          "sor_evt_ts": "2020-03-13 10:40:51.805246",
          "sor_ingt_crt_ts": "2020-03-13 10:40:51.805246",
          "sor_read_ts": "2020-11-27 14:38:20.012000",
          "domn_evt_crt_ts": "2020-11-27 14:38:20",
          "sor_tpic_nm": "reg.tm.raw.cust.v1",
          "domn_evt_meta": "",
          "sor_evt_ts_tz_dst_cd": 100,
          "sor_proc_ts_tz_dst_cd": 100
        },
        {
          "domn_evt_key": "31cf0e0957b4ba449681ef26e6cdbe49f1e0928c14b1452c847ae34eae902746",
          "bus_prtr_char_key": "6f2e6ca568c074320915a2519101c5ccb7fd4c7490907561681f15f76497fa68",
          "domn_evt_type_key": "e3b61a2ebf5b23ed3fd8ff58d88a71874f646ec36a6e49d48b10b0c9e3100d05",
          "bus_prtr_key": "1e78e6ab2bc842c283eb8278fdb90e8137fe13fed3ee588c88005fa6f4e1d486",
          "char_type_key": "bd9dae217a0a467e1d4ab7e34974038e2001b9361a106a8a088debd5c5430e14",
          "char_val": "122915BC",
          "sor_crlt_id": "08a46b91-40a8-4c2f-90bc-355a5ca00b62",
          "sys_key": "d312198489b4563fef394081a70fab687dfe0ce0a3ba85044675bb3bd2de9a58",
          "clnt_id": "102250",
          "sor_proc_ts": "2020-03-13 10:40:51.805246",
          "sor_evt_ts": "2020-03-13 10:40:51.805246",
          "sor_ingt_crt_ts": "2020-03-13 10:40:51.805246",
          "sor_read_ts": "2020-11-27 14:38:20.012000",
          "domn_evt_crt_ts": "2020-11-27 14:38:20",
          "sor_tpic_nm": "reg.tm.raw.cust.v1",
          "domn_evt_meta": "",
          "sor_evt_ts_tz_dst_cd": 100,
          "sor_proc_ts_tz_dst_cd": 100
        },
        {
          "domn_evt_key": "31cf0e0957b4ba449681ef26e6cdbe49f1e0928c14b1452c847ae34eae902746",
          "bus_prtr_char_key": "6fefe700c89ac2e19362243fe7e123615b468d4f4383f99cf3ecb288c5945609",
          "domn_evt_type_key": "e3b61a2ebf5b23ed3fd8ff58d88a71874f646ec36a6e49d48b10b0c9e3100d05",
          "bus_prtr_key": "1e78e6ab2bc842c283eb8278fdb90e8137fe13fed3ee588c88005fa6f4e1d486",
          "char_type_key": "28fa08b6d074f1abef54d8137ee775f0c86b5d3246929eb140b56e963c8263c6",
          "char_val": "1229156 BC LTD",
          "sor_crlt_id": "08a46b91-40a8-4c2f-90bc-355a5ca00b62",
          "sys_key": "d312198489b4563fef394081a70fab687dfe0ce0a3ba85044675bb3bd2de9a58",
          "clnt_id": "102250",
          "sor_proc_ts": "2020-03-13 10:40:51.805246",
          "sor_evt_ts": "2020-03-13 10:40:51.805246",
          "sor_ingt_crt_ts": "2020-03-13 10:40:51.805246",
          "sor_read_ts": "2020-11-27 14:38:20.012000",
          "domn_evt_crt_ts": "2020-11-27 14:38:20",
          "sor_tpic_nm": "reg.tm.raw.cust.v1",
          "domn_evt_meta": "",
          "sor_evt_ts_tz_dst_cd": 100,
          "sor_proc_ts_tz_dst_cd": 100
        }
      ]
    },
    {
      "name": "dh_bus_prtr_char",
      "data": [
        {
          "bus_prtr_key": "1e78e6ab2bc842c283eb8278fdb90e8137fe13fed3ee588c88005fa6f4e1d486",
          "char_type_key": "0b1821f40450113c8ce372b1cc14a2865520c66493a36d225a353a1f6bbbeb94",
          "char_val": "92124",
          "act_stus_ind": 1,
          "sor_crlt_id": "08a46b91-40a8-4c2f-90bc-355a5ca00b62",
          "sys_key": "d312198489b4563fef394081a70fab687dfe0ce0a3ba85044675bb3bd2de9a58",
          "rpt_clnt_id": "102250",
          "rpt_sor_proc_ts": "2020-03-13 10:40:51.805246",
          "sor_evt_ts": "2020-03-13 10:40:51.805246",
          "rmv_clnt_id": null,
          "rmv_sor_proc_ts": null,
          "sor_ingt_crt_ts": "2020-03-13 10:40:51.805246",
          "sor_read_ts": "2020-11-27 14:38:20.012000",
          "domn_evt_crt_ts": "2020-11-27 14:38:20",
          "sor_tpic_nm": "reg.tm.raw.cust.v1",
          "domn_evt_meta": "",
          "sor_evt_ts_tz_dst_cd": 100,
          "sor_proc_ts_tz_dst_cd": 100
        },
        {
          "bus_prtr_key": "1e78e6ab2bc842c283eb8278fdb90e8137fe13fed3ee588c88005fa6f4e1d486",
          "char_type_key": "bd9dae217a0a467e1d4ab7e34974038e2001b9361a106a8a088debd5c5430e14",
          "char_val": "122915BC",
          "act_stus_ind": 1,
          "sor_crlt_id": "08a46b91-40a8-4c2f-90bc-355a5ca00b62",
          "sys_key": "d312198489b4563fef394081a70fab687dfe0ce0a3ba85044675bb3bd2de9a58",
          "rpt_clnt_id": "102250",
          "rpt_sor_proc_ts": "2020-03-13 10:40:51.805246",
          "sor_evt_ts": "2020-03-13 10:40:51.805246",
          "rmv_clnt_id": null,
          "rmv_sor_proc_ts": null,
          "sor_ingt_crt_ts": "2020-03-13 10:40:51.805246",
          "sor_read_ts": "2020-11-27 14:38:20.012000",
          "domn_evt_crt_ts": "2020-11-27 14:38:20",
          "sor_tpic_nm": "reg.tm.raw.cust.v1",
          "domn_evt_meta": "",
          "sor_evt_ts_tz_dst_cd": 100,
          "sor_proc_ts_tz_dst_cd": 100
        },
        {
          "bus_prtr_key": "1e78e6ab2bc842c283eb8278fdb90e8137fe13fed3ee588c88005fa6f4e1d486",
          "char_type_key": "28fa08b6d074f1abef54d8137ee775f0c86b5d3246929eb140b56e963c8263c6",
          "char_val": "1229156 BC LTD",
          "act_stus_ind": 1,
          "sor_crlt_id": "08a46b91-40a8-4c2f-90bc-355a5ca00b62",
          "sys_key": "d312198489b4563fef394081a70fab687dfe0ce0a3ba85044675bb3bd2de9a58",
          "rpt_clnt_id": "102250",
          "rpt_sor_proc_ts": "2020-03-13 10:40:51.805246",
          "sor_evt_ts": "2020-03-13 10:40:51.805246",
          "rmv_clnt_id": null,
          "rmv_sor_proc_ts": null,
          "sor_ingt_crt_ts": "2020-03-13 10:40:51.805246",
          "sor_read_ts": "2020-11-27 14:38:20.012000",
          "domn_evt_crt_ts": "2020-11-27 14:38:20",
          "sor_tpic_nm": "reg.tm.raw.cust.v1",
          "domn_evt_meta": "",
          "sor_evt_ts_tz_dst_cd": 100,
          "sor_proc_ts_tz_dst_cd": 100
        }
      ]
    }
  ]
}