{
  "Kafka_Output": [
    {
      "name": "tc_id_80.ihl_dev_rm.reg.tm.prepared.dhPGLogs.v1",
      "data": [
        {
          "DomainEventHeader": {
            "SOR_INGT_CRT_TS": "2020-03-13 10:40:51.805246",
            "SOR_READ_TS": "2020-11-27 14:42:12.002",
            "DE_CRT_TS": "2020-11-27 14:42:12",
            "SOR_TPIC_NM": "reg.tm.raw.cust.v1",
            "DE_META": ""
          },
          "BusinessPartnerAssociated": {
            "Primary_Object_Key": "1e78e6ab2bc842c283eb8278fdb90e8137fe13fed3ee588c88005fa6f4e1d486",
            "Domain_Event_Type_Key": "c7881817d6d6fabbc8c8be4c1a5310d4b02d506473e08a55032dedde16c0b3fa",
            "Association_Key": "Not Applicable",
            "Association_Type_Key": "5a422cd28c9153514886fd9e86b1da66aafada564694848a5cee7482b8edfe87",
            "Business_Partner_Key": "Not Applicable",
            "Business_Partner_Type_Key": "Not Applicable",
            "Associated_Object_Key": "Not Applicable",
            "Associated_Object_Type_Key": "Not Applicable",
            "Domain_Event_Key": "3d1b98ee3d69d4f0960c182591865b04388d99ad1a20fdc50d275bf89bbec737",
            "Correlation_Id": "08a46b91-40a8-4c2f-90bc-355a5ca00b62",
            "Client_Identification": "102250",
            "System_Key": "d312198489b4563fef394081a70fab687dfe0ce0a3ba85044675bb3bd2de9a58",
            "Proc_Ts": "2020-03-13 10:40:51.805246",
            "Proc_Ts_Tz_Dst_Cd": "100",
            "Event_Ts": "2020-03-13 10:40:51.805246",
            "Event_Ts_Tz_Dst_Cd": "100"
          },
          "LogHeader": {
            "ERROR_TO_DE": " ",
            "RAW_KAFKA_QUEUE_NAME": "tc_id_80.ihl_dev_rm.reg.tm.prepared.busPrtrRmv.v1",
            "SPARK_JOB_NAME": "BusinessPartnerRemovedLoad"
          }
        },
        {
          "DomainEventHeader": {
            "SOR_INGT_CRT_TS": "2020-03-13 10:40:51.805246",
            "SOR_READ_TS": "2020-11-27 14:42:12.002",
            "DE_CRT_TS": "2020-11-27 14:42:12",
            "SOR_TPIC_NM": "reg.tm.raw.cust.v1",
            "DE_META": ""
          },
          "BusinessPartnerAssociated": {
            "Primary_Object_Key": "1e78e6ab2bc842c283eb8278fdb90e8137fe13fed3ee588c88005fa6f4e1d486",
            "Domain_Event_Type_Key": "c7881817d6d6fabbc8c8be4c1a5310d4b02d506473e08a55032dedde16c0b3fa",
            "Association_Key": "Not Applicable",
            "Association_Type_Key": "5a422cd28c9153514886fd9e86b1da66aafada564694848a5cee7482b8edfe87",
            "Business_Partner_Key": "Not Applicable",
            "Business_Partner_Type_Key": "Not Applicable",
            "Associated_Object_Key": "Not Applicable",
            "Associated_Object_Type_Key": "Not Applicable",
            "Domain_Event_Key": "3d1b98ee3d69d4f0960c182591865b04388d99ad1a20fdc50d275bf89bbec737",
            "Correlation_Id": "08a46b91-40a8-4c2f-90bc-355a5ca00b62",
            "Client_Identification": "102250",
            "System_Key": "d312198489b4563fef394081a70fab687dfe0ce0a3ba85044675bb3bd2de9a58",
            "Proc_Ts": "2020-03-13 10:40:51.805246",
            "Proc_Ts_Tz_Dst_Cd": "100",
            "Event_Ts": "2020-03-13 10:40:51.805246",
            "Event_Ts_Tz_Dst_Cd": "100"
          },
          "LogHeader": {
            "ERROR_TO_DE": " ",
            "RAW_KAFKA_QUEUE_NAME": "tc_id_80.ihl_dev_rm.reg.tm.prepared.busPrtrRmv.v1",
            "SPARK_JOB_NAME": "BusinessPartnerRemovedLoad"
          }
        }
      ]
    }
  ],
  "PostgreSQL_Output": [
    {
      "name": "dh_bus_prtr_domn_evt",
      "data": [
        {
          "domn_evt_key": "31cf0e0957b4ba449681ef26e6cdbe49f1e0928c14b1452c847ae34eae902746",
          "domn_evt_type_key": "e3b61a2ebf5b23ed3fd8ff58d88a71874f646ec36a6e49d48b10b0c9e3100d05",
          "bus_prtr_key": "1e78e6ab2bc842c283eb8278fdb90e8137fe13fed3ee588c88005fa6f4e1d486",
          "bus_prtr_type_key": "9ee460d6271fa6d30ea34378302dda0b7f8c3e6524d9d00490dcbff4b270ceda",
          "id_type_key": "b0cfb77fe73b85f66b62f98976936f4c91269833b4bd1fb7afb0faf5f7ba950d",
          "id_val": "92124",
          "sor_crlt_id": "08a46b91-40a8-4c2f-90bc-355a5ca00b62",
          "sys_key": "d312198489b4563fef394081a70fab687dfe0ce0a3ba85044675bb3bd2de9a58",
          "clnt_id": "102250",
          "sor_proc_ts": "2020-03-13 10:40:51.805246",
          "sor_evt_ts": "2020-03-13 10:40:51.805246",
          "sor_ingt_crt_ts": "2020-03-13 10:40:51.805246",
          "sor_read_ts": "2020-11-27 14:38:20.012000",
          "domn_evt_crt_ts": "2020-11-27 14:38:21",
          "sor_tpic_nm": "reg.tm.raw.cust.v1",
          "domn_evt_meta": "",
          "sor_evt_ts_tz_dst_cd": 100,
          "sor_proc_ts_tz_dst_cd": 100
        }
      ]
    },
    {
      "name": "dh_bus_prtr",
      "data": [
        {
          "bus_prtr_key": "1e78e6ab2bc842c283eb8278fdb90e8137fe13fed3ee588c88005fa6f4e1d486",
          "bus_prtr_type_key": "9ee460d6271fa6d30ea34378302dda0b7f8c3e6524d9d00490dcbff4b270ceda",
          "act_stus_ind": 1,
          "id_type_key": "b0cfb77fe73b85f66b62f98976936f4c91269833b4bd1fb7afb0faf5f7ba950d",
          "id_val": "92124",
          "sor_crlt_id": "08a46b91-40a8-4c2f-90bc-355a5ca00b62",
          "sys_key": "d312198489b4563fef394081a70fab687dfe0ce0a3ba85044675bb3bd2de9a58",
          "rpt_clnt_id": "102250",
          "rpt_sor_proc_ts": "2020-03-13 10:40:51.805246",
          "sor_evt_ts": "2020-03-13 10:40:51.805246",
          "rmv_clnt_id": null,
          "rmv_sor_proc_ts": null,
          "sor_ingt_crt_ts": "2020-03-13 10:40:51.805246",
          "sor_read_ts": "2020-11-27 14:38:20.012000",
          "domn_evt_crt_ts": "2020-11-27 14:38:21",
          "sor_tpic_nm": "reg.tm.raw.cust.v1",
          "domn_evt_meta": "",
          "sor_evt_ts_tz_dst_cd": 100,
          "sor_proc_ts_tz_dst_cd": 100
        }
      ]
    }
  ]
}