{
  "Kafka_Output": [
    {
      "name": "tc_id_79.ihl_dev_rm.reg.tm.prepared.dhPGLogs.v1",
      "data": [
        {
          "DomainEventHeader": {
            "SOR_INGT_CRT_TS": "2020-03-13 10:40:51.805246",
            "SOR_READ_TS": "2020-11-27 14:38:20.012",
            "DE_CRT_TS": "2020-11-27 14:38:20",
            "SOR_TPIC_NM": "reg.tm.raw.cust.v1",
            "DE_META": ""
          },
          "BusinessPartnerConditionCreated": {
            "Domain_Event_Type_Key": "e3b61a2ebf5b23ed3fd8ff58d88a71874f646ec36a6e49d48b10b0c9e3100d05",
            "Business_Partner_Key": "1e78e6ab2bc842c283eb8278fdb90e8137fe13fed3ee588c88005fa6f4e1d486",
            "ConditionCharacteristics": [
              {
                "Condition_Characteristic_Key": "4b36d224c9af48294a66dae6631054f986527e25f144ca7faa56afa60e6b0079",
                "Characteristic_Type_Key": "b0dbb55054f31f2fe32f4b5d2d283ec890ed91aaa61a8b6413a6b70508c13c95",
                "Characteristic_Value": "A"
              }
            ],
            "Domain_Event_Key": "31cf0e0957b4ba449681ef26e6cdbe49f1e0928c14b1452c847ae34eae902746",
            "Correlation_Id": "08a46b91-40a8-4c2f-90bc-355a5ca00b62",
            "Client_Identification": "102250",
            "System_Key": "d312198489b4563fef394081a70fab687dfe0ce0a3ba85044675bb3bd2de9a58",
            "Proc_Ts": "2020-03-13 10:40:51.805246",
            "Proc_Ts_Tz_Dst_Cd": "100",
            "Event_Ts": "2020-03-13 10:40:51.805246",
            "Event_Ts_Tz_Dst_Cd": "100"
          },
          "LogHeader": {
            "ERROR_TO_DE": "ERROR: duplicate key value violates unique constraint xak1business_partner_condition_domain_event Detail: Key domn_evt_key cond_char_key sor_proc_ts x33316366306530393537623462613434393638316566323665366364626534396631653039323863313462313435326338343761653334656165393032373436 x34623336643232346339616634383239346136366461653636333130353466393836353237653235663134346361376661613536616661363065366230303739 2020 03 13 10:40:51.805246 already exists.",
            "RAW_KAFKA_QUEUE_NAME": "tc_id_79.ihl_dev_rm.reg.tm.prepared.busPrtrCondCrt.v1",
            "SPARK_JOB_NAME": "BusinessPartnerConditionCreatedLoad"
          }
        }
      ]
    }
  ],
  "PostgreSQL_Output": [
    {
      "name": "dh_bus_prtr_cond_domn_evt",
      "data": [
        {
          "domn_evt_key": "31cf0e0957b4ba449681ef26e6cdbe49f1e0928c14b1452c847ae34eae902746",
          "cond_char_key": "4b36d224c9af48294a66dae6631054f986527e25f144ca7faa56afa60e6b0079",
          "domn_evt_type_key": "e3b61a2ebf5b23ed3fd8ff58d88a71874f646ec36a6e49d48b10b0c9e3100d05",
          "bus_prtr_key": "1e78e6ab2bc842c283eb8278fdb90e8137fe13fed3ee588c88005fa6f4e1d486",
          "char_type_key": "b0dbb55054f31f2fe32f4b5d2d283ec890ed91aaa61a8b6413a6b70508c13c95",
          "char_val": "A",
          "sor_crlt_id": "08a46b91-40a8-4c2f-90bc-355a5ca00b62",
          "sys_key": "d312198489b4563fef394081a70fab687dfe0ce0a3ba85044675bb3bd2de9a58",
          "clnt_id": "102250",
          "sor_proc_ts": "2020-03-13 10:40:51.805246",
          "sor_evt_ts": "2020-03-13 10:40:51.805246",
          "sor_ingt_crt_ts": "2020-03-13 10:40:51.805246",
          "sor_read_ts": "2020-11-27 14:38:20.012000",
          "domn_evt_crt_ts": "2020-11-27 14:38:20",
          "sor_tpic_nm": "reg.tm.raw.cust.v1",
          "domn_evt_meta": "",
          "sor_evt_ts_tz_dst_cd": 100,
          "sor_proc_ts_tz_dst_cd": 100
        }
      ]
    },
    {
      "name": "dh_bus_prtr_cond",
      "data": [
        {
          "bus_prtr_key": "1e78e6ab2bc842c283eb8278fdb90e8137fe13fed3ee588c88005fa6f4e1d486",
          "char_type_key": "b0dbb55054f31f2fe32f4b5d2d283ec890ed91aaa61a8b6413a6b70508c13c95",
          "char_val": "A",
          "act_stus_ind": 1,
          "sor_crlt_id": "08a46b91-40a8-4c2f-90bc-355a5ca00b62",
          "sys_key": "d312198489b4563fef394081a70fab687dfe0ce0a3ba85044675bb3bd2de9a58",
          "rpt_clnt_id": "102250",
          "rpt_sor_proc_ts": "2020-03-13 10:40:51.805246",
          "sor_evt_ts": "2020-03-13 10:40:51.805246",
          "rmv_clnt_id": null,
          "rmv_sor_proc_ts": null,
          "sor_ingt_crt_ts": "2020-03-13 10:40:51.805246",
          "sor_read_ts": "2020-11-27 14:38:20.012000",
          "domn_evt_crt_ts": "2020-11-27 14:38:20",
          "sor_tpic_nm": "reg.tm.raw.cust.v1",
          "domn_evt_meta": "",
          "sor_evt_ts_tz_dst_cd": 100,
          "sor_proc_ts_tz_dst_cd": 100
        }
      ]
    }
  ]
}