{
  "Kafka_Output": [
    {
      "name": "tc_id_76.ihl_dev_rm.reg.tm.prepared.dhPGLogs.v1",
      "data": [
        {
          "DomainEventHeader": {
            "SOR_INGT_CRT_TS": "2020-03-13 10:40:51.805246",
            "SOR_READ_TS": "2020-11-27 14:40:12.003",
            "DE_CRT_TS": "2020-11-27 14:40:12",
            "SOR_TPIC_NM": "reg.tm.raw.cust.v1",
            "DE_META": ""
          },
          "BusinessPartnerAssociated": {
            "Primary_Object_Key": "1e78e6ab2bc842c283eb8278fdb90e8137fe13fed3ee588c88005fa6f4e1d486",
            "Domain_Event_Type_Key": "8eb3e769649d98d5e896398ded3b7bdb63bdaf6d53f440f4b9a8da51e8f74f40",
            "Association_Key": "e108ef9855d0529332524768aba1dd64766dd29cd0bb319dbd4aa09258fd4f7d",
            "Association_Type_Key": "5a422cd28c9153514886fd9e86b1da66aafada564694848a5cee7482b8edfe87",
            "Business_Partner_Key": "e02e13f19737b70794ca6baa0153ba51b751170d8db1d448f2a9befc29597e33",
            "Business_Partner_Type_Key": "9ee460d6271fa6d30ea34378302dda0b7f8c3e6524d9d00490dcbff4b270ceda",
            "Associated_Object_Key": "1e78e6ab2bc842c283eb8278fdb90e8137fe13fed3ee588c88005fa6f4e1d486",
            "Associated_Object_Type_Key": "9ee460d6271fa6d30ea34378302dda0b7f8c3e6524d9d00490dcbff4b270ceda",
            "Domain_Event_Key": "521c22b16bed8e66d5db4ede253ad7d0f663be0795ac3d350c1cbddba08ad61f",
            "Correlation_Id": "08a46b91-40a8-4c2f-90bc-355a5ca00b62",
            "Client_Identification": "102250",
            "System_Key": "d312198489b4563fef394081a70fab687dfe0ce0a3ba85044675bb3bd2de9a58",
            "Proc_Ts": "2020-03-13 10:40:51.805246",
            "Proc_Ts_Tz_Dst_Cd": "100",
            "Event_Ts": "2020-03-13 10:40:51.805246",
            "Event_Ts_Tz_Dst_Cd": "100"
          },
          "LogHeader": {
            "ERROR_TO_DE": "ERROR: duplicate key value violates unique constraint xak1business_partner_association_domain_event Detail: Key domn_evt_key sor_proc_ts x35323163323262313662656438653636643564623465646532353361643764306636363362653037393561633364333530633163626464626130386164363166 2020 03 13 10:40:51.805246 already exists.",
            "RAW_KAFKA_QUEUE_NAME": "tc_id_76.ihl_dev_rm.reg.transportation.business-partner-associated.prepared.v1",
            "SPARK_JOB_NAME": "BusinessPartnerAssociatedLoad"
          }
        }
      ]
    }
  ],
  "PostgreSQL_Output": [
    {
      "name": "dh_bus_prtr_asct_domn_evt",
      "data": [
        {
          "domn_evt_key": "521c22b16bed8e66d5db4ede253ad7d0f663be0795ac3d350c1cbddba08ad61f",
          "domn_evt_type_key": "8eb3e769649d98d5e896398ded3b7bdb63bdaf6d53f440f4b9a8da51e8f74f40",
          "bus_prtr_key": "e02e13f19737b70794ca6baa0153ba51b751170d8db1d448f2a9befc29597e33",
          "bus_prtr_type_key": "9ee460d6271fa6d30ea34378302dda0b7f8c3e6524d9d00490dcbff4b270ceda",
          "asct_key": "e108ef9855d0529332524768aba1dd64766dd29cd0bb319dbd4aa09258fd4f7d",
          "asct_type_key": "5a422cd28c9153514886fd9e86b1da66aafada564694848a5cee7482b8edfe87",
          "asct_obj_key": "1e78e6ab2bc842c283eb8278fdb90e8137fe13fed3ee588c88005fa6f4e1d486",
          "asct_obj_type_key": "9ee460d6271fa6d30ea34378302dda0b7f8c3e6524d9d00490dcbff4b270ceda",
          "sor_crlt_id": "08a46b91-40a8-4c2f-90bc-355a5ca00b62",
          "sys_key": "d312198489b4563fef394081a70fab687dfe0ce0a3ba85044675bb3bd2de9a58",
          "clnt_id": "102250",
          "sor_proc_ts": "2020-03-13 10:40:51.805246",
          "sor_evt_ts": "2020-03-13 10:40:51.805246",
          "sor_ingt_crt_ts": "2020-03-13 10:40:51.805246",
          "sor_read_ts": "2020-11-27 14:40:12.003000",
          "domn_evt_crt_ts": "2020-11-27 14:40:12",
          "sor_tpic_nm": "reg.tm.raw.cust.v1",
          "domn_evt_meta": "",
          "sor_evt_ts_tz_dst_cd": 100,
          "sor_proc_ts_tz_dst_cd": 100,
          "prim_obj_key": "1e78e6ab2bc842c283eb8278fdb90e8137fe13fed3ee588c88005fa6f4e1d486"
        }
      ]
    },
    {
      "name": "dh_bus_prtr_asct",
      "data": [
        {
          "asct_key": "e108ef9855d0529332524768aba1dd64766dd29cd0bb319dbd4aa09258fd4f7d",
          "bus_prtr_key": "e02e13f19737b70794ca6baa0153ba51b751170d8db1d448f2a9befc29597e33",
          "asct_obj_key": "1e78e6ab2bc842c283eb8278fdb90e8137fe13fed3ee588c88005fa6f4e1d486",
          "act_stus_ind": 1,
          "asct_type_key": "5a422cd28c9153514886fd9e86b1da66aafada564694848a5cee7482b8edfe87",
          "bus_prtr_type_key": "9ee460d6271fa6d30ea34378302dda0b7f8c3e6524d9d00490dcbff4b270ceda",
          "asct_obj_type_key": "9ee460d6271fa6d30ea34378302dda0b7f8c3e6524d9d00490dcbff4b270ceda",
          "sor_crlt_id": "08a46b91-40a8-4c2f-90bc-355a5ca00b62",
          "sys_key": "d312198489b4563fef394081a70fab687dfe0ce0a3ba85044675bb3bd2de9a58",
          "asct_clnt_id": "102250",
          "asct_sor_proc_ts": "2020-03-13 10:40:51.805246",
          "sor_evt_ts": "2020-03-13 10:40:51.805246",
          "dasc_clnt_id": null,
          "dasc_sor_proc_ts": null,
          "sor_ingt_crt_ts": "2020-03-13 10:40:51.805246",
          "sor_read_ts": "2020-11-27 14:40:12.003000",
          "domn_evt_crt_ts": "2020-11-27 14:40:12",
          "sor_tpic_nm": "reg.tm.raw.cust.v1",
          "domn_evt_meta": "",
          "prim_obj_key": "1e78e6ab2bc842c283eb8278fdb90e8137fe13fed3ee588c88005fa6f4e1d486",
          "sor_evt_ts_tz_dst_cd": 100,
          "sor_proc_ts_tz_dst_cd": 100
        }
      ]
    }
  ]
}