{
  "Kafka_Output": [
    {
      "name": "tc_id_41.ihl_dev_rm.reg.tm.prepared.cnvyAsct.v1",
      "data": [
        {
          "DomainEventHeader": {
            "SOR_INGT_CRT_TS": "2020-07-09 11:01:15.064000",
            "SOR_TPIC_NM": "tc_id_41.ihl_dev_rm.reg.tm.raw.carInvImdl.v1",
            "DE_META": ""
          },
          "ConveyorAssociated": {
            "Primary_Object_Key": "4ba41d5af9894dfcb1b35aaf9edcd158b19f4735f55eecfdca790d4f10f12732",
            "Domain_Event_Type_Key": "c7881817d6d6fabbc8c8be4c1a5310d4b02d506473e08a55032dedde16c0b3fa",
            "Association_Key": "Not Applicable",
            "Association_Type_Key": "0ba452470ff9f23b1d2e999f5afea823e1d7bab4913da2dc17aba3c6e784f011",
            "Conveyor_Key": "Not Applicable",
            "Conveyor_Type_Key": "Not Applicable",
            "Associated_Object_Key": "Not Applicable",
            "Associated_Object_Type_Key": "Not Applicable",
            "Domain_Event_Key": "16226f68f743fc72a7dbe6aee6ae670e2ed83a61277f4192b3dd0111c96cb163",
            "Correlation_Id": "deef225e-0136-4ad2-a721-5fb871f410fe",
            "Client_Identification": "SRS-IM",
            "System_Key": "ea040811b4e08ab97f7af0971223713a9dc11d6b30bcc906cd8ec7c2b0b38817",
            "Proc_Ts": "2020-07-09 11:01:15.064000",
            "Proc_Ts_Tz_Dst_Cd": "100",
            "Event_Ts": "2020-07-09 15:00:08.053756",
            "Event_Ts_Tz_Dst_Cd": "105"
          }
        },
        {
          "DomainEventHeader": {
            "SOR_INGT_CRT_TS": "2020-07-09 11:06:15.040000",
            "SOR_TPIC_NM": "tc_id_41.ihl_dev_rm.reg.tm.raw.carInvImdl.v1",
            "DE_META": ""
          },
          "ConveyorAssociated": {
            "Primary_Object_Key": "eeed182365cbebafcc542f057b12ed1aeaf198bb89a61be1a58859bed71e4657",
            "Domain_Event_Type_Key": "c7881817d6d6fabbc8c8be4c1a5310d4b02d506473e08a55032dedde16c0b3fa",
            "Association_Key": "Not Applicable",
            "Association_Type_Key": "0ba452470ff9f23b1d2e999f5afea823e1d7bab4913da2dc17aba3c6e784f011",
            "Conveyor_Key": "Not Applicable",
            "Conveyor_Type_Key": "Not Applicable",
            "Associated_Object_Key": "Not Applicable",
            "Associated_Object_Type_Key": "Not Applicable",
            "Domain_Event_Key": "de6ae784e0ea78fe930bf6467da6cb2095387555be0ce00535348285461f589b",
            "Correlation_Id": "c48234bc-2adf-4729-8842-64e193e4d070",
            "Client_Identification": "SRS-IM",
            "System_Key": "ea040811b4e08ab97f7af0971223713a9dc11d6b30bcc906cd8ec7c2b0b38817",
            "Proc_Ts": "2020-07-09 11:06:15.040000",
            "Proc_Ts_Tz_Dst_Cd": "100",
            "Event_Ts": "2020-07-09 15:04:07.398597",
            "Event_Ts_Tz_Dst_Cd": "105"
          }
        },
        {
          "DomainEventHeader": {
            "SOR_INGT_CRT_TS": "2020-07-09 11:11:15.158000",
            "SOR_TPIC_NM": "tc_id_41.ihl_dev_rm.reg.tm.raw.carInvImdl.v1",
            "DE_META": ""
          },
          "ConveyorAssociated": {
            "Primary_Object_Key": "22760f2adc57ad4bee7140fb3544cef4f29f9d1efc383080ab6256aaefd6f4da",
            "Domain_Event_Type_Key": "c7881817d6d6fabbc8c8be4c1a5310d4b02d506473e08a55032dedde16c0b3fa",
            "Association_Key": "Not Applicable",
            "Association_Type_Key": "0ba452470ff9f23b1d2e999f5afea823e1d7bab4913da2dc17aba3c6e784f011",
            "Conveyor_Key": "Not Applicable",
            "Conveyor_Type_Key": "Not Applicable",
            "Associated_Object_Key": "Not Applicable",
            "Associated_Object_Type_Key": "Not Applicable",
            "Domain_Event_Key": "9fe2a58d32399993c3b906c247e0386615c6c95eb8ca8630fe3fc34c04c9a26b",
            "Correlation_Id": "89973459-3b25-426d-a212-3547ca18d012",
            "Client_Identification": "SRS-IM",
            "System_Key": "ea040811b4e08ab97f7af0971223713a9dc11d6b30bcc906cd8ec7c2b0b38817",
            "Proc_Ts": "2020-07-09 11:11:15.158000",
            "Proc_Ts_Tz_Dst_Cd": "100",
            "Event_Ts": "2020-07-09 15:07:42.571246",
            "Event_Ts_Tz_Dst_Cd": "105"
          }
        },
        {
          "DomainEventHeader": {
            "SOR_INGT_CRT_TS": "2020-07-09 11:01:15.064000",
            "SOR_TPIC_NM": "tc_id_41.ihl_dev_rm.reg.tm.raw.carInvImdl.v1",
            "DE_META": ""
          },
          "ConveyorAssociated": {
            "Primary_Object_Key": "4ba41d5af9894dfcb1b35aaf9edcd158b19f4735f55eecfdca790d4f10f12732",
            "Domain_Event_Type_Key": "8eb3e769649d98d5e896398ded3b7bdb63bdaf6d53f440f4b9a8da51e8f74f40",
            "Association_Key": "38de7256ae0748cecaaeccf480cba601db311c23881b99093b81a27dd8616639",
            "Association_Type_Key": "0ba452470ff9f23b1d2e999f5afea823e1d7bab4913da2dc17aba3c6e784f011",
            "Conveyor_Key": "4ba41d5af9894dfcb1b35aaf9edcd158b19f4735f55eecfdca790d4f10f12732",
            "Conveyor_Type_Key": "8d8e33739978092cfc719dd0996498c1b1fb334c3b75d98fe6c73e8fb767a91a",
            "Associated_Object_Key": "27d2f746e9207f893b1ceb8d637197ad24a556d8e3e266ded6ecc2b49cc5f3d4",
            "Associated_Object_Type_Key": "394db0bfdc21ee000a3a1d6fa3b05e99a8d76301862a9c9c866c9305136246d9",
            "Domain_Event_Key": "03a59b4af128c168e6d2433813db7aeabd67aa7c507c37017aa4ef3357226c05",
            "Correlation_Id": "deef225e-0136-4ad2-a721-5fb871f410fe",
            "Client_Identification": "SRS-IM",
            "System_Key": "ea040811b4e08ab97f7af0971223713a9dc11d6b30bcc906cd8ec7c2b0b38817",
            "Proc_Ts": "2020-07-09 11:01:15.064000",
            "Proc_Ts_Tz_Dst_Cd": "100",
            "Event_Ts": "2020-07-09 15:00:08.053756",
            "Event_Ts_Tz_Dst_Cd": "105"
          }
        },
        {
          "DomainEventHeader": {
            "SOR_INGT_CRT_TS": "2020-07-09 11:06:15.040000",
            "SOR_TPIC_NM": "tc_id_41.ihl_dev_rm.reg.tm.raw.carInvImdl.v1",
            "DE_META": ""
          },
          "ConveyorAssociated": {
            "Primary_Object_Key": "eeed182365cbebafcc542f057b12ed1aeaf198bb89a61be1a58859bed71e4657",
            "Domain_Event_Type_Key": "8eb3e769649d98d5e896398ded3b7bdb63bdaf6d53f440f4b9a8da51e8f74f40",
            "Association_Key": "c8db6598eab7aeb8ee1ed7171865ad1813d985212a66a339101a12feaffbd056",
            "Association_Type_Key": "0ba452470ff9f23b1d2e999f5afea823e1d7bab4913da2dc17aba3c6e784f011",
            "Conveyor_Key": "eeed182365cbebafcc542f057b12ed1aeaf198bb89a61be1a58859bed71e4657",
            "Conveyor_Type_Key": "8d8e33739978092cfc719dd0996498c1b1fb334c3b75d98fe6c73e8fb767a91a",
            "Associated_Object_Key": "760cc96bb46a1997f5ff96ec23b9f90e1c64db3ef0c02a09ac09358b2a52cdd8",
            "Associated_Object_Type_Key": "394db0bfdc21ee000a3a1d6fa3b05e99a8d76301862a9c9c866c9305136246d9",
            "Domain_Event_Key": "587b0cb6003c274e25b18fd75b1e34996f78dad91d9e59d6a0bb3523b57d57f8",
            "Correlation_Id": "c48234bc-2adf-4729-8842-64e193e4d070",
            "Client_Identification": "SRS-IM",
            "System_Key": "ea040811b4e08ab97f7af0971223713a9dc11d6b30bcc906cd8ec7c2b0b38817",
            "Proc_Ts": "2020-07-09 11:06:15.040000",
            "Proc_Ts_Tz_Dst_Cd": "100",
            "Event_Ts": "2020-07-09 15:04:07.398597",
            "Event_Ts_Tz_Dst_Cd": "105"
          }
        }
      ]
    },
    {
      "name": "tc_id_41.ihl_dev_rm.reg.tm.prepared.cnvyAsctDsc.v1",
      "data": [
        {
          "DomainEventHeader": {
            "SOR_INGT_CRT_TS": "2020-07-09 11:11:15.158000",
            "SOR_TPIC_NM": "tc_id_41.ihl_dev_rm.reg.tm.raw.carInvImdl.v1",
            "DE_META": ""
          },
          "ConveyorAssociationDescribed": {
            "Primary_Object_Key": "22760f2adc57ad4bee7140fb3544cef4f29f9d1efc383080ab6256aaefd6f4da",
            "Domain_Event_Type_Key": "c7881817d6d6fabbc8c8be4c1a5310d4b02d506473e08a55032dedde16c0b3fa",
            "Association_Key": "",
            "AssociationCharacteristics": [
              {}
            ],
            "Domain_Event_Key": "9fe2a58d32399993c3b906c247e0386615c6c95eb8ca8630fe3fc34c04c9a26b",
            "Correlation_Id": "89973459-3b25-426d-a212-3547ca18d012",
            "Client_Identification": "SRS-IM",
            "System_Key": "ea040811b4e08ab97f7af0971223713a9dc11d6b30bcc906cd8ec7c2b0b38817",
            "Proc_Ts": "2020-07-09 11:11:15.158000",
            "Proc_Ts_Tz_Dst_Cd": "100",
            "Event_Ts": "2020-07-09 15:07:42.571246",
            "Event_Ts_Tz_Dst_Cd": "105"
          }
        },
        {
          "DomainEventHeader": {
            "SOR_INGT_CRT_TS": "2020-07-09 11:01:15.064000",
            "SOR_TPIC_NM": "tc_id_41.ihl_dev_rm.reg.tm.raw.carInvImdl.v1",
            "DE_META": ""
          },
          "ConveyorAssociationDescribed": {
            "Primary_Object_Key": "4ba41d5af9894dfcb1b35aaf9edcd158b19f4735f55eecfdca790d4f10f12732",
            "Domain_Event_Type_Key": "c7881817d6d6fabbc8c8be4c1a5310d4b02d506473e08a55032dedde16c0b3fa",
            "Association_Key": "",
            "AssociationCharacteristics": [
              {}
            ],
            "Domain_Event_Key": "16226f68f743fc72a7dbe6aee6ae670e2ed83a61277f4192b3dd0111c96cb163",
            "Correlation_Id": "deef225e-0136-4ad2-a721-5fb871f410fe",
            "Client_Identification": "SRS-IM",
            "System_Key": "ea040811b4e08ab97f7af0971223713a9dc11d6b30bcc906cd8ec7c2b0b38817",
            "Proc_Ts": "2020-07-09 11:01:15.064000",
            "Proc_Ts_Tz_Dst_Cd": "100",
            "Event_Ts": "2020-07-09 15:00:08.053756",
            "Event_Ts_Tz_Dst_Cd": "105"
          }
        },
        {
          "DomainEventHeader": {
            "SOR_INGT_CRT_TS": "2020-07-09 11:06:15.040000",
            "SOR_TPIC_NM": "tc_id_41.ihl_dev_rm.reg.tm.raw.carInvImdl.v1",
            "DE_META": ""
          },
          "ConveyorAssociationDescribed": {
            "Primary_Object_Key": "eeed182365cbebafcc542f057b12ed1aeaf198bb89a61be1a58859bed71e4657",
            "Domain_Event_Type_Key": "c7881817d6d6fabbc8c8be4c1a5310d4b02d506473e08a55032dedde16c0b3fa",
            "Association_Key": "",
            "AssociationCharacteristics": [
              {}
            ],
            "Domain_Event_Key": "de6ae784e0ea78fe930bf6467da6cb2095387555be0ce00535348285461f589b",
            "Correlation_Id": "c48234bc-2adf-4729-8842-64e193e4d070",
            "Client_Identification": "SRS-IM",
            "System_Key": "ea040811b4e08ab97f7af0971223713a9dc11d6b30bcc906cd8ec7c2b0b38817",
            "Proc_Ts": "2020-07-09 11:06:15.040000",
            "Proc_Ts_Tz_Dst_Cd": "100",
            "Event_Ts": "2020-07-09 15:04:07.398597",
            "Event_Ts_Tz_Dst_Cd": "105"
          }
        },
        {
          "DomainEventHeader": {
            "SOR_INGT_CRT_TS": "2020-07-09 11:06:15.040000",
            "SOR_TPIC_NM": "tc_id_41.ihl_dev_rm.reg.tm.raw.carInvImdl.v1",
            "DE_META": ""
          },
          "ConveyorAssociationDescribed": {
            "Primary_Object_Key": "eeed182365cbebafcc542f057b12ed1aeaf198bb89a61be1a58859bed71e4657",
            "Domain_Event_Type_Key": "e3b61a2ebf5b23ed3fd8ff58d88a71874f646ec36a6e49d48b10b0c9e3100d05",
            "Association_Key": "c8db6598eab7aeb8ee1ed7171865ad1813d985212a66a339101a12feaffbd056",
            "AssociationCharacteristics": [],
            "Domain_Event_Key": "9b3607449c56e57e0c0906972d26a166f8ee83e506c9f19b62ab313a21ba6aa0",
            "Correlation_Id": "c48234bc-2adf-4729-8842-64e193e4d070",
            "Client_Identification": "SRS-IM",
            "System_Key": "ea040811b4e08ab97f7af0971223713a9dc11d6b30bcc906cd8ec7c2b0b38817",
            "Proc_Ts": "2020-07-09 11:06:15.040000",
            "Proc_Ts_Tz_Dst_Cd": "100",
            "Event_Ts": "2020-07-09 15:04:07.398597",
            "Event_Ts_Tz_Dst_Cd": "105"
          }
        },
        {
          "DomainEventHeader": {
            "SOR_INGT_CRT_TS": "2020-07-09 11:01:15.064000",
            "SOR_TPIC_NM": "tc_id_41.ihl_dev_rm.reg.tm.raw.carInvImdl.v1",
            "DE_META": ""
          },
          "ConveyorAssociationDescribed": {
            "Primary_Object_Key": "4ba41d5af9894dfcb1b35aaf9edcd158b19f4735f55eecfdca790d4f10f12732",
            "Domain_Event_Type_Key": "e3b61a2ebf5b23ed3fd8ff58d88a71874f646ec36a6e49d48b10b0c9e3100d05",
            "Association_Key": "38de7256ae0748cecaaeccf480cba601db311c23881b99093b81a27dd8616639",
            "AssociationCharacteristics": [
              {
                "Association_Characteristic_Key": "0d5d80c744dfa413cd389cc0c2ced6d6ae31a490c251d0e491d405ba92afe5df",
                "Characteristic_Type_Key": "6ad65cb537b71feb2cbc1fa55afac77c813915f83db51d613bb13a28229c45c1",
                "Characteristic_Value": "3"
              },
              {
                "Association_Characteristic_Key": "1f9a27e057871ae3405a4305d22cd8f5728a1cb9f04a667a2c5616747de2e79b",
                "Characteristic_Type_Key": "4e527174420e519748129626d7fc2712c795c0e397b39dc1406f7f4bf06fa605",
                "Characteristic_Value": "A"
              },
              {
                "Association_Characteristic_Key": "1125129a073d600baf5bab2ecaddbe35b372b536950b32eabfa4577fdf121a19",
                "Characteristic_Type_Key": "1c96d527a1b1c1bf07a1f3287a084bd9a90998df0a724ff38cf57e2e06c8dae2",
                "Characteristic_Value": "2020-07-09 08:00:00"
              },
              {
                "Association_Characteristic_Key": "15570b643e3f3355dc893c8df39c88a85d7c171f99ae657a7bb6bdfe73c9ed24",
                "Characteristic_Type_Key": "a4645cc5543b84edeee03fe69cc8d66aa261e4189fb191ecc2b8dd906f53a766",
                "Characteristic_Value": "-3"
              }
            ],
            "Domain_Event_Key": "118a7ae8509d1c14efd322acd98f96f2ab3816ce63a7ceeb91c582d161a33c08",
            "Correlation_Id": "deef225e-0136-4ad2-a721-5fb871f410fe",
            "Client_Identification": "SRS-IM",
            "System_Key": "ea040811b4e08ab97f7af0971223713a9dc11d6b30bcc906cd8ec7c2b0b38817",
            "Proc_Ts": "2020-07-09 11:01:15.064000",
            "Proc_Ts_Tz_Dst_Cd": "100",
            "Event_Ts": "2020-07-09 15:00:08.053756",
            "Event_Ts_Tz_Dst_Cd": "105"
          }
        }
      ]
    },
    {
      "name": "tc_id_41.ihl_dev_rm.reg.tm.prepared.cnvyDasc.v1",
      "data": []
    },
    {
      "name": "tc_id_41.ihl_dev_rm.reg.tm.prepared.rteErr.v1",
      "data": [
        {
          "IngestionHeader": {
            "ING_CRT_TS": null,
            "PRODUCT_ID": "TA108",
            "UUID": null,
            "FORMAT": "JSON"
          },
          "CarInventoryIntermodal": {
            "EQP_INIT": null,
            "IBMSNAP_OPERATION": "U",
            "EQP_RMP_STAT": "A",
            "CAR_KND_ABBR": "K",
            "WB_ID": "7282-06-10 11:54:15.262020",
            "IBMSNAP_LOGMARKER": null,
            "TRN_SYM": "1203",
            "EQP_SEQ_NUMB": "  1",
            "ATCH_DT": "2020-06-10",
            "WB_VRSN": "2",
            "IBMSNAP_INTENTSEQ": "00d80ce0a9511e147c00000000000001",
            "IBMSNAP_COMMITSEQ": "00d80ce0a9571fa58800000000000001",
            "CYCL_ID": "1080-06-10 11:55:52.462020",
            "TRN_SECT": "2",
            "TIME_ZONE": "0",
            "TRN_TYPE": "Q",
            "CAR_INIT": null,
            "CAR_NUMB": null,
            "EQP_NUMB": null,
            "CAR_WB_VRSN": "1",
            "TRN_DAY": "10",
            "ATCH_TM": "12:58:00",
            "CAR_WB_ID": "7327-06-10 11:59:20.902020"
          },
          "LogHeader": {
            "ERROR_TO_DE": "SOR_INGT_CRT_TS is NULL and Correlation_Id is NULL and CAR_NUMB is NULL and CAR_INIT is NULL and EQP_NUMB is NULL and EQP_INIT is NULL and IBMSNAP_LOGMARKER_formatted is NULL",
            "RAW_KAFKA_QUEUE_NAME": "tc_id_41.ihl_dev_rm.reg.tm.raw.carInvImdl.v1",
            "SPARK_JOB_NAME": "CarInventoryIntermodalDomainFeed"
          }
        }
      ]
    }
  ]
}