{
  "Kafka_Output": [
    {
      "name": "tc_id_6.ihl_dev_rm.reg.tm.prepared.trspEvtRpt.v1",
      "data": [
        {
          "DomainEventHeader": {
            "SOR_INGT_CRT_TS": "2021-01-13 18:41:07.930",
            "SOR_TPIC_NM": "tc_id_6.ihl_dev_rm.reg.tm.raw.srs.carInventory.v2",
            "DE_META": ""
          },
          "TransportationEventReported": {
            "Primary_Object_Key": "ad82133d4c082cfe98e0214aba08453dfc1d11e7bd2150e8c4c3812196af98ec",
            "Domain_Event_Type_Key": "e3b61a2ebf5b23ed3fd8ff58d88a71874f646ec36a6e49d48b10b0c9e3100d05",
            "Transportation_Event_Key": "ad82133d4c082cfe98e0214aba08453dfc1d11e7bd2150e8c4c3812196af98ec",
            "Transportation_Event_Type_Key": "f6b530b0ea00c27747543eb950d814eb0aedce2edfdc5ac49313296fb2238f02",
            "Domain_Event_Key": "30b170c2713d5e4b74efba679300d0229bd882bcb73ded6e0c53478461d6d032",
            "Transportation_Event_Value": "TA",
            "Correlation_Id": "c6fa9578-ce51-405a-a5da-a9b747b4b31e",
            "Client_Identification": "137363",
            "System_Key": "caf48af09f8e479707513247ae96fd6c8f0fd7649b682952115359e1a4ebab2d",
            "Proc_Ts": "2019-06-10 20:25:51.328000",
            "Proc_Ts_Tz_Dst_Cd": "105",
            "Event_Ts": "2021-01-13 18:41:07.930",
            "Event_Ts_Tz_Dst_Cd": "100"
          }
        }
      ]
    },
    {
      "name": "tc_id_6.ihl_dev_rm.reg.tm.prepared.trspEvtDsc.v1",
      "data": [
        {
          "DomainEventHeader": {
            "SOR_INGT_CRT_TS": "2021-01-13 18:41:07.930",
            "SOR_TPIC_NM": "tc_id_6.ihl_dev_rm.reg.tm.raw.srs.carInventory.v2",
            "DE_META": ""
          },
          "TransportationEventDescribed": {
            "Primary_Object_Key": "ad82133d4c082cfe98e0214aba08453dfc1d11e7bd2150e8c4c3812196af98ec",
            "Domain_Event_Type_Key": "e3b61a2ebf5b23ed3fd8ff58d88a71874f646ec36a6e49d48b10b0c9e3100d05",
            "Transportation_Event_Key": "ad82133d4c082cfe98e0214aba08453dfc1d11e7bd2150e8c4c3812196af98ec",
            "TransportationEventCharacteristics": [
              {
                "Transportation_Event_Characteristic_Key": "74b618d391328268abad7fcb83d02268f3ff5e0269a4a817832ace8b8ec800f6",
                "Characteristic_Type_Key": "07814f276206869eb5b8e6777b5f06a1597ee49b2957f04b609d3c99093d11d7",
                "Characteristic_Value": "TA"
              },
              {
                "Transportation_Event_Characteristic_Key": "25d5bb0d3fcc79e6535689d74f872022e0cd425b5a9405f9b33a2c39b3b1a04e",
                "Characteristic_Type_Key": "7e113b2f8c8d110c27b05d43d11d9851eed03e88ab9315907a62def03b7a6af0",
                "Characteristic_Value": "137363"
              },
              {
                "Transportation_Event_Characteristic_Key": "1a3176d9385ced2d637983dc763a5f7a7425e446d42289ba95970286ca950c8e",
                "Characteristic_Type_Key": "ab003fb8d838bb009a23e10b96fdea5b5dbaa691dd6a658146851df3f7801130",
                "Characteristic_Value": "2019-06-10"
              },
              {
                "Transportation_Event_Characteristic_Key": "180d4c98c557ee4d835e4b7dc61fa280f720d72b91a9ea1cb53dbcdba61c0839",
                "Characteristic_Type_Key": "f5b3a3d43967a9d40508621b349f54966f1babc8d8c6233efbcff57e41aed3fe",
                "Characteristic_Value": "16:23:00"
              },
              {
                "Transportation_Event_Characteristic_Key": "c6e9ecd74f8b6f87cc517fe0805e67592c9c565793c6ac6edf03bea851a074e9",
                "Characteristic_Type_Key": "ecc6ce85b7917cc7452377d6aeaf6e83ac971f9dd8cced94a1fbef1b369a20ce",
                "Characteristic_Value": "E"
              }
            ],
            "Domain_Event_Key": "30b170c2713d5e4b74efba679300d0229bd882bcb73ded6e0c53478461d6d032",
            "Correlation_Id": "c6fa9578-ce51-405a-a5da-a9b747b4b31e",
            "Client_Identification": "137363",
            "System_Key": "caf48af09f8e479707513247ae96fd6c8f0fd7649b682952115359e1a4ebab2d",
            "Proc_Ts": "2019-06-10 20:25:51.328000",
            "Proc_Ts_Tz_Dst_Cd": "105",
            "Event_Ts": "2021-01-13 18:41:07.930",
            "Event_Ts_Tz_Dst_Cd": "100"
          }
        },
        {
          "DomainEventHeader": {
            "SOR_INGT_CRT_TS": "2021-01-13 18:41:07.930",
            "SOR_TPIC_NM": "tc_id_6.ihl_dev_rm.reg.tm.raw.srs.carInventory.v2",
            "DE_META": ""
          },
          "TransportationEventDescribed": {
            "Primary_Object_Key": "ad82133d4c082cfe98e0214aba08453dfc1d11e7bd2150e8c4c3812196af98ec",
            "Domain_Event_Type_Key": "c7881817d6d6fabbc8c8be4c1a5310d4b02d506473e08a55032dedde16c0b3fa",
            "Transportation_Event_Key": "",
            "TransportationEventCharacteristics": [
              {}
            ],
            "Domain_Event_Key": "1f3b80843ef44ad77bad5004852c5ebd39639b208d88c8e2645eedcbcab50320",
            "Correlation_Id": "c6fa9578-ce51-405a-a5da-a9b747b4b31e",
            "Client_Identification": "137363",
            "System_Key": "caf48af09f8e479707513247ae96fd6c8f0fd7649b682952115359e1a4ebab2d",
            "Proc_Ts": "2019-06-10 20:25:51.328000",
            "Proc_Ts_Tz_Dst_Cd": "105",
            "Event_Ts": "2021-01-13 18:41:07.930",
            "Event_Ts_Tz_Dst_Cd": "100"
          }
        }
      ]
    },
    {
      "name": "tc_id_6.ihl_dev_rm.reg.tm.prepared.trspEvtAsct.v1",
      "data": [
        {
          "DomainEventHeader": {
            "SOR_INGT_CRT_TS": "2021-01-13 18:41:07.930",
            "SOR_TPIC_NM": "tc_id_6.ihl_dev_rm.reg.tm.raw.srs.carInventory.v2",
            "DE_META": ""
          },
          "TransportationEventAssociated": {
            "Primary_Object_Key": "ad82133d4c082cfe98e0214aba08453dfc1d11e7bd2150e8c4c3812196af98ec",
            "Domain_Event_Type_Key": "8eb3e769649d98d5e896398ded3b7bdb63bdaf6d53f440f4b9a8da51e8f74f40",
            "Association_Key": "857738b59d43681b1188d0a4964f5afed0abaf0e545e7223b4361328cd19f922",
            "Association_Type_Key": "f14875e5d958c5950898070f62877f507b4fd345db9db5a46f0b5506943a62da",
            "Transportation_Event_Key": "ad82133d4c082cfe98e0214aba08453dfc1d11e7bd2150e8c4c3812196af98ec",
            "Transportation_Event_Type_Key": "f6b530b0ea00c27747543eb950d814eb0aedce2edfdc5ac49313296fb2238f02",
            "Associated_Object_Key": "26a8da14b6f2a7d308f58cb3f87aa28d80a1134d4cd8e32aa7c50e9d7fd23e20",
            "Associated_Object_Type_Key": "3243be7c53d81a4ed2e0224d66e8452715f18aaefb95df70de85575b6b070306",
            "Domain_Event_Key": "82bdaef23e6c346d9ae6e9a96079b119cb32e54fd6556b554b68ab7f80ecdcc6",
            "Correlation_Id": "c6fa9578-ce51-405a-a5da-a9b747b4b31e",
            "Client_Identification": "137363",
            "System_Key": "caf48af09f8e479707513247ae96fd6c8f0fd7649b682952115359e1a4ebab2d",
            "Proc_Ts": "2019-06-10 20:25:51.328000",
            "Proc_Ts_Tz_Dst_Cd": "105",
            "Event_Ts": "2021-01-13 18:41:07.930",
            "Event_Ts_Tz_Dst_Cd": "100"
          }
        },
        {
          "DomainEventHeader": {
            "SOR_INGT_CRT_TS": "2021-01-13 18:41:07.930",
            "SOR_TPIC_NM": "tc_id_6.ihl_dev_rm.reg.tm.raw.srs.carInventory.v2",
            "DE_META": ""
          },
          "TransportationEventAssociated": {
            "Primary_Object_Key": "ad82133d4c082cfe98e0214aba08453dfc1d11e7bd2150e8c4c3812196af98ec",
            "Domain_Event_Type_Key": "c7881817d6d6fabbc8c8be4c1a5310d4b02d506473e08a55032dedde16c0b3fa",
            "Association_Key": "Not Applicable",
            "Association_Type_Key": "Not Applicable",
            "Transportation_Event_Key": "Not Applicable",
            "Transportation_Event_Type_Key": "Not Applicable",
            "Associated_Object_Key": "Not Applicable",
            "Associated_Object_Type_Key": "Not Applicable",
            "Domain_Event_Key": "1f3b80843ef44ad77bad5004852c5ebd39639b208d88c8e2645eedcbcab50320",
            "Correlation_Id": "c6fa9578-ce51-405a-a5da-a9b747b4b31e",
            "Client_Identification": "137363",
            "System_Key": "caf48af09f8e479707513247ae96fd6c8f0fd7649b682952115359e1a4ebab2d",
            "Proc_Ts": "2019-06-10 20:25:51.328000",
            "Proc_Ts_Tz_Dst_Cd": "105",
            "Event_Ts": "2021-01-13 18:41:07.930",
            "Event_Ts_Tz_Dst_Cd": "100"
          }
        }
      ]
    },
    {
      "name": "tc_id_6.ihl_dev_rm.reg.tm.prepared.trspEvtAsctDsc.v1",
      "data": [
        {
          "DomainEventHeader": {
            "SOR_INGT_CRT_TS": "2021-01-13 18:41:07.930",
            "SOR_TPIC_NM": "tc_id_6.ihl_dev_rm.reg.tm.raw.srs.carInventory.v2",
            "DE_META": ""
          },
          "TransportationEventAssociationDescribed": {
            "Primary_Object_Key": "ad82133d4c082cfe98e0214aba08453dfc1d11e7bd2150e8c4c3812196af98ec",
            "Domain_Event_Type_Key": "c7881817d6d6fabbc8c8be4c1a5310d4b02d506473e08a55032dedde16c0b3fa",
            "Association_Key": "",
            "AssociationCharacteristics": [
              {}
            ],
            "Domain_Event_Key": "1f3b80843ef44ad77bad5004852c5ebd39639b208d88c8e2645eedcbcab50320",
            "Correlation_Id": "c6fa9578-ce51-405a-a5da-a9b747b4b31e",
            "Client_Identification": "137363",
            "System_Key": "caf48af09f8e479707513247ae96fd6c8f0fd7649b682952115359e1a4ebab2d",
            "Proc_Ts": "2019-06-10 20:25:51.328000",
            "Proc_Ts_Tz_Dst_Cd": "105",
            "Event_Ts": "2021-01-13 18:41:07.930",
            "Event_Ts_Tz_Dst_Cd": "100"
          }
        },
        {
          "DomainEventHeader": {
            "SOR_INGT_CRT_TS": "2021-01-13 18:41:07.930",
            "SOR_TPIC_NM": "tc_id_6.ihl_dev_rm.reg.tm.raw.srs.carInventory.v2",
            "DE_META": ""
          },
          "TransportationEventAssociationDescribed": {
            "Primary_Object_Key": "ad82133d4c082cfe98e0214aba08453dfc1d11e7bd2150e8c4c3812196af98ec",
            "Domain_Event_Type_Key": "e3b61a2ebf5b23ed3fd8ff58d88a71874f646ec36a6e49d48b10b0c9e3100d05",
            "Association_Key": "857738b59d43681b1188d0a4964f5afed0abaf0e545e7223b4361328cd19f922",
            "AssociationCharacteristics": [
              {
                "Association_Characteristic_Key": "50ac1d1ba9c1d5cf8aece8527c86839ce159afb1b7feef08b35c73f0f4ef3d38",
                "Characteristic_Type_Key": "22fba95bb00160a504606f34b153dbd889ed746cc7d7f794472aa48b7bdbb41a",
                "Characteristic_Value": "AE93"
              },
              {
                "Association_Characteristic_Key": "9493ec814141400375443c154c65c788926f43cd61b73b646d858720c18205bc",
                "Characteristic_Type_Key": "a83fa7f14d9937952df568bcfb79fb3516b4f847ecb90799dd431c0c25215af9",
                "Characteristic_Value": "4"
              },
              {
                "Association_Characteristic_Key": "e5536d5c7ccae42c356bc73a8dfadb6f2c4ee0ea04a95eb5961e769bb8daa090",
                "Characteristic_Type_Key": "4d22a567d1055951004f888db2dd262d966078ccadc2b560356bd30effa624df",
                "Characteristic_Value": "  "
              },
              {
                "Association_Characteristic_Key": "651b11fc364cbf1ba9920db6ce3fb73162f53d1a1a0e17e6e8608a3a46c5457b",
                "Characteristic_Type_Key": "2b77baf8b844500829fffd11357d1e243ee020adec77ea2cdc4b2934d8577d2a",
                "Characteristic_Value": "CN"
              },
              {
                "Association_Characteristic_Key": "6a82ac077e55fa7e6bbf177c6aa9435120ac5fda9de7c4b9debdb1ac6c07894f",
                "Characteristic_Type_Key": "e255fdcfce5105e2ad3590a039d2430f3554f404dedf3e1a0302c8e905d2b630",
                "Characteristic_Value": "PTROBINSO"
              },
              {
                "Association_Characteristic_Key": "050964deba42fea8be493a2f35cfdad499edb284a906e98ace9c8ef8a914661d",
                "Characteristic_Type_Key": "231baa7e89810261ce03d9cc7e0555ee9354d3570e4fd255a126c6bbd8f72245",
                "Characteristic_Value": "ON"
              }
            ],
            "Domain_Event_Key": "37d422993673e46efe8858e22443853c893b9c5633ccb73b7feea372b463dbf8",
            "Correlation_Id": "c6fa9578-ce51-405a-a5da-a9b747b4b31e",
            "Client_Identification": "137363",
            "System_Key": "caf48af09f8e479707513247ae96fd6c8f0fd7649b682952115359e1a4ebab2d",
            "Proc_Ts": "2019-06-10 20:25:51.328000",
            "Proc_Ts_Tz_Dst_Cd": "105",
            "Event_Ts": "2021-01-13 18:41:07.930",
            "Event_Ts_Tz_Dst_Cd": "100"
          }
        }
      ]
    },
    {
      "name": "tc_id_6.ihl_dev_rm.reg.tm.prepared.cnvyCondCrt.v1",
      "data": [
        {
          "DomainEventHeader": {
            "SOR_INGT_CRT_TS": "2021-01-13 18:41:07.930",
            "SOR_TPIC_NM": "tc_id_6.ihl_dev_rm.reg.tm.raw.srs.carInventory.v2",
            "DE_META": ""
          },
          "ConveyorConditionCreated": {
            "Domain_Event_Type_Key": "c7881817d6d6fabbc8c8be4c1a5310d4b02d506473e08a55032dedde16c0b3fa",
            "Conveyor_Key": "ad82133d4c082cfe98e0214aba08453dfc1d11e7bd2150e8c4c3812196af98ec",
            "ConditionCharacteristics": [
              {}
            ],
            "Domain_Event_Key": "1f3b80843ef44ad77bad5004852c5ebd39639b208d88c8e2645eedcbcab50320",
            "Correlation_Id": "c6fa9578-ce51-405a-a5da-a9b747b4b31e",
            "Client_Identification": "137363",
            "System_Key": "caf48af09f8e479707513247ae96fd6c8f0fd7649b682952115359e1a4ebab2d",
            "Proc_Ts": "2019-06-10 20:25:51.328000",
            "Proc_Ts_Tz_Dst_Cd": "105",
            "Event_Ts": "2021-01-13 18:41:07.930",
            "Event_Ts_Tz_Dst_Cd": "100"
          }
        },
        {
          "DomainEventHeader": {
            "SOR_INGT_CRT_TS": "2021-01-13 18:41:07.930",
            "SOR_TPIC_NM": "tc_id_6.ihl_dev_rm.reg.tm.raw.srs.carInventory.v2",
            "DE_META": ""
          },
          "ConveyorConditionCreated": {
            "Domain_Event_Type_Key": "e3b61a2ebf5b23ed3fd8ff58d88a71874f646ec36a6e49d48b10b0c9e3100d05",
            "Conveyor_Key": "ad82133d4c082cfe98e0214aba08453dfc1d11e7bd2150e8c4c3812196af98ec",
            "ConditionCharacteristics": [
              {
                "Condition_Characteristic_Key": "f99b0ba626c04399751ecdeb8d62e035ff1321a71caae7e62dad4f56843f2e75",
                "Characteristic_Type_Key": "152b3084acd766f46b6fc8ad813990cfbc37a204f92b02f8f9aa52e34a437799",
                "Characteristic_Value": "Y"
              },
              {
                "Condition_Characteristic_Key": "f4d276f3473fe7e43bbd8499f4c9224dd58e96cac7da6de71d286fd2a872c2ab",
                "Characteristic_Type_Key": "07ed1078042c7692da1672e604d7b8cca3f42fad6fc79385ab9c57c9a23a2ce2",
                "Characteristic_Value": "  "
              },
              {
                "Condition_Characteristic_Key": "e24e67458085bbfbc19a6fe6e7a14f6870075d82925119ef07391512724346c7",
                "Characteristic_Type_Key": "edbd9e07ea67c8a2eee9e91877e0ba86b5dd11b67f56f5b76a31071163760967",
                "Characteristic_Value": "0"
              },
              {
                "Condition_Characteristic_Key": "eed8e29d61a2afb0b1ba7339160488dd2de9fb861f2b183fc92b470803506636",
                "Characteristic_Type_Key": "020f7b3e6f961923516edb7e3ddb60ec5f54d90c5e8ab57783d614a769f509c8",
                "Characteristic_Value": "      "
              },
              {
                "Condition_Characteristic_Key": "24cb1579a605f51381d70e3728b7eeb102ed812138bcc42b5e0a7ba827d86191",
                "Characteristic_Type_Key": "8c2ca9545afbba9e3988166515191dd6e888535cac20d2c1239004e224120261",
                "Characteristic_Value": "    "
              },
              {
                "Condition_Characteristic_Key": "fee2429ecfecc2660bcfeb1b11bffeb2a1685b1c2df7ba2a098517e2187e1b74",
                "Characteristic_Type_Key": "b04eb24fd99786dc3332441f8f3fbc7615dfd949aca0ba31b9b4738a97a2ea55",
                "Characteristic_Value": "  "
              },
              {
                "Condition_Characteristic_Key": "8211411a205670bd3d143e928aa3c54446f97c8920d2a47cfecf15d9de3cb0f4",
                "Characteristic_Type_Key": "09d81708e698012703e3a043c115de58c1aabab8e7fada9e56e2b3cd09848cad",
                "Characteristic_Value": "FRONF"
              },
              {
                "Condition_Characteristic_Key": "d7f5ba99ed764e7b42fe9bf80d248af99763cbb9da8b12df91500af8b4d5bd66",
                "Characteristic_Type_Key": "5a3b4f35c14d9d1422d28ac76b82cd4bcbc29de2c81b86ae37b9203172ac046d",
                "Characteristic_Value": "SARFRT"
              },
              {
                "Condition_Characteristic_Key": "9cedbb895f097c31acdbdfbed91d236ab2d1aa53d7ea65688cb42d0a278a8e5c",
                "Characteristic_Type_Key": "ad99ed354428a7d464288fba86526198137e59146725f6f9de29f63ae6701cee",
                "Characteristic_Value": "TORMACYAR"
              },
              {
                "Condition_Characteristic_Key": "abeed66a177f5c824afe60f5d419cbd5e11eb4f87969f17024ec461c6d4e5547",
                "Characteristic_Type_Key": "7ecef5d58a164d0136727b82aebd9994aef0bd09c51216282977f45a11c02d15",
                "Characteristic_Value": "ON"
              },
              {
                "Condition_Characteristic_Key": "c4e12aa69fec0b71c767a8a15849616f7fccc0eb0ddc289805d22fe9841f2f5d",
                "Characteristic_Type_Key": "84ad8abc91f31f60f154e3ee1f0ce68cb3542af72ae5e5cb26a7a76edf2623a0",
                "Characteristic_Value": "CN"
              },
              {
                "Condition_Characteristic_Key": "3af73ca3cf9e88c631e85c71df18ba0d8321346321d5b1e82f297dde1821ac65",
                "Characteristic_Type_Key": "2214ab61d60ee84af2be68449cfbabaa58f5e4efcbc118e140a2a8bab2f2b503",
                "Characteristic_Value": "GLEYARD  "
              },
              {
                "Condition_Characteristic_Key": "dbde89956cf2f5561e9ba7c29e4b998d308df8364d192720b334870964c1cb87",
                "Characteristic_Type_Key": "1e7201d6ef856b5a6f3777efa3ebc03c5de023a4323eca794f6dcfa7cb737bde",
                "Characteristic_Value": "IL"
              },
              {
                "Condition_Characteristic_Key": "34f0465f384eea73308893b48f228bdf520aafba01b640d627cdc9ca38b3db20",
                "Characteristic_Type_Key": "f15f1ffb59f820084086b98685e86b430ea94a250a5bedbd19799499170b7d58",
                "Characteristic_Value": "CN"
              },
              {
                "Condition_Characteristic_Key": "5b76fa0c8ceb1ae064ff1d350cde0d9e1f51a9005189a41f469e039726c6351f",
                "Characteristic_Type_Key": "f2a44d3c1e8b393dab8f2381b59624c379071b7b4f63fcc2c1310953ff20c266",
                "Characteristic_Value": "BRC "
              },
              {
                "Condition_Characteristic_Key": "67359ac77ecf266931c899013009f14d1ca9b4beb03e540168082eda35356caf",
                "Characteristic_Type_Key": "6c7cdb8403a6371c5f5a81d476c094f6b0907714ff1a8e8bd137f2222732a632",
                "Characteristic_Value": "KEMIRAWATSOL"
              },
              {
                "Condition_Characteristic_Key": "ee4d10af2ddebd06a0882748fe664567242db96859b9bfb2a3d1e7b3f7ec5e91",
                "Characteristic_Type_Key": "3906d5d1ce0de47ce42e8777788ca8ed5634909d874846155c1f89ebf160283b",
                "Characteristic_Value": "      "
              },
              {
                "Condition_Characteristic_Key": "2d5ddf49eee969c84df56b9db4160c7858729103346179c216975e9ce8051916",
                "Characteristic_Type_Key": "b16d7c8b51507af18774b21d94fc12178c5cb342311f203f93aeb087ce5ceddb",
                "Characteristic_Value": "  "
              },
              {
                "Condition_Characteristic_Key": "fe511ecab8940b7213ffacd8a33cf28aa25bf6ba57e1d346ef9d86d64cb70dae",
                "Characteristic_Type_Key": "c587ae5fee322d4c708e2bb9b4121e84c51626785558520f74cca4c87f2fec76",
                "Characteristic_Value": "PTROBINSO"
              },
              {
                "Condition_Characteristic_Key": "190946b28c8be240e94664e3966995cb54a2ad27399df931fd6fb2d0a0e6ad4b",
                "Characteristic_Type_Key": "2a6bcef211c146edbb9ed9c27bf087fec191badcc90c4fbad6008505bdaaceee",
                "Characteristic_Value": "ON"
              },
              {
                "Condition_Characteristic_Key": "4d6fa323b08219ec1c8a54486f3f5b5c415b89e0eaeaafadee9b7e9dd58a1bdb",
                "Characteristic_Type_Key": "ffa6b663d01a87c0b25774ea83e52d98d7570f8ca0735400abe2645d29deb119",
                "Characteristic_Value": "CN"
              },
              {
                "Condition_Characteristic_Key": "9b2173555113d14ecdc52df42ec4ecf9922b39fbc5d48e4b15a62bb007870995",
                "Characteristic_Type_Key": "41e632e1e2d9c26384340a3a399c52feb831346e53fd9f6dd71a587613d1f685",
                "Characteristic_Value": "A4213107"
              },
              {
                "Condition_Characteristic_Key": "47650a31b8e368f496cbf3f6d74d4e85ca7e7dc381be5e53e7c8af7fe3b42ffc",
                "Characteristic_Type_Key": "acc0a95e25fc54b42041cee9e26328447d5083bc2e02a7cd3401a4e53476ee28",
                "Characteristic_Value": "        "
              },
              {
                "Condition_Characteristic_Key": "4f5b5b15f08d864f9860f8a3b239be06e4c29e1bdea307774f3e5f3e835c06e0",
                "Characteristic_Type_Key": "7c3c6c4b7fd9ae10d16b51f7669fe911630245e27f7d2096134d7c517942f284",
                "Characteristic_Value": "  "
              },
              {
                "Condition_Characteristic_Key": "7fe14cf9a04ae9570fc6f5a2e2e7cbec5e097eb33b7cb2a3b57eb8cedc295e8f",
                "Characteristic_Type_Key": "a9b20aef2ce31cca52e4f5a071396ebcc8d70cee95b507fa1ec4b67d77f53ba8",
                "Characteristic_Value": "  "
              },
              {
                "Condition_Characteristic_Key": "970fd0f7094f6c90570250f7ca60cd68399b0a4377312f7c9350915bfd39c2f4",
                "Characteristic_Type_Key": "248d07ab8e85a55df5ec39903a13ea6274cad8be89c8e4b79ed3a6953c8b3eb1",
                "Characteristic_Value": "  "
              }
            ],
            "Domain_Event_Key": "30b170c2713d5e4b74efba679300d0229bd882bcb73ded6e0c53478461d6d032",
            "Correlation_Id": "c6fa9578-ce51-405a-a5da-a9b747b4b31e",
            "Client_Identification": "137363",
            "System_Key": "caf48af09f8e479707513247ae96fd6c8f0fd7649b682952115359e1a4ebab2d",
            "Proc_Ts": "2019-06-10 20:25:51.328000",
            "Proc_Ts_Tz_Dst_Cd": "105",
            "Event_Ts": "2021-01-13 18:41:07.930",
            "Event_Ts_Tz_Dst_Cd": "100"
          }
        }
      ]
    },
    {
      "name": "tc_id_6.ihl_dev_rm.reg.tm.prepared.cnvyDsc.v1",
      "data": [
        {
          "DomainEventHeader": {
            "SOR_INGT_CRT_TS": "2021-01-13 18:41:07.930",
            "SOR_TPIC_NM": "tc_id_6.ihl_dev_rm.reg.tm.raw.srs.carInventory.v2",
            "DE_META": ""
          },
          "ConveyorDescribed": {
            "Domain_Event_Type_Key": "e3b61a2ebf5b23ed3fd8ff58d88a71874f646ec36a6e49d48b10b0c9e3100d05",
            "Conveyor_Key": "ad82133d4c082cfe98e0214aba08453dfc1d11e7bd2150e8c4c3812196af98ec",
            "ConveyorCharacteristics": [
              {
                "Conveyor_Characteristic_Key": "c57f9749e933b312193775ae6cb179c7c8e37f8294cf0c3033f878a1c1942231",
                "Characteristic_Type_Key": "59be9e9993007f599102786df280bcf73fccbdb3a97d3f2b4483934a265d4b8d",
                "Characteristic_Value": "P2010"
              },
              {
                "Conveyor_Characteristic_Key": "c87e20c782593421ae9b617da7ee8c730eebe82009699c93e19afc7aca78ff40",
                "Characteristic_Type_Key": "0a9da19f5974495637e7a7f0d9fb2c90b21d16d9358c360ede00637912d78def",
                "Characteristic_Value": "P"
              }
            ],
            "Domain_Event_Key": "30b170c2713d5e4b74efba679300d0229bd882bcb73ded6e0c53478461d6d032",
            "Correlation_Id": "c6fa9578-ce51-405a-a5da-a9b747b4b31e",
            "Client_Identification": "137363",
            "System_Key": "caf48af09f8e479707513247ae96fd6c8f0fd7649b682952115359e1a4ebab2d",
            "Proc_Ts": "2019-06-10 20:25:51.328000",
            "Proc_Ts_Tz_Dst_Cd": "105",
            "Event_Ts": "2021-01-13 18:41:07.930",
            "Event_Ts_Tz_Dst_Cd": "100"
          }
        }
      ]
    },
    {
      "name": "tc_id_6.ihl_dev_rm.reg.tm.prepared.shipAsct.v1",
      "data": [
        {
          "DomainEventHeader": {
            "SOR_INGT_CRT_TS": "2021-01-13 18:41:07.930",
            "SOR_TPIC_NM": "tc_id_6.ihl_dev_rm.reg.tm.raw.srs.carInventory.v2",
            "DE_META": ""
          },
          "ShipmentAssociated": {
            "Primary_Object_Key": "ad82133d4c082cfe98e0214aba08453dfc1d11e7bd2150e8c4c3812196af98ec",
            "Domain_Event_Type_Key": "c7881817d6d6fabbc8c8be4c1a5310d4b02d506473e08a55032dedde16c0b3fa",
            "Association_Key": "Not Applicable",
            "Association_Type_Key": "Not Applicable",
            "Shipment_Key": "Not Applicable",
            "Shipment_Type_Key": "Not Applicable",
            "Associated_Object_Key": "Not Applicable",
            "Associated_Object_Type_Key": "Not Applicable",
            "Domain_Event_Key": "1f3b80843ef44ad77bad5004852c5ebd39639b208d88c8e2645eedcbcab50320",
            "Correlation_Id": "c6fa9578-ce51-405a-a5da-a9b747b4b31e",
            "Client_Identification": "137363",
            "System_Key": "caf48af09f8e479707513247ae96fd6c8f0fd7649b682952115359e1a4ebab2d",
            "Proc_Ts": "2019-06-10 20:25:51.328000",
            "Proc_Ts_Tz_Dst_Cd": "105",
            "Event_Ts": "2021-01-13 18:41:07.930",
            "Event_Ts_Tz_Dst_Cd": "100"
          }
        },
        {
          "DomainEventHeader": {
            "SOR_INGT_CRT_TS": "2021-01-13 18:41:07.930",
            "SOR_TPIC_NM": "tc_id_6.ihl_dev_rm.reg.tm.raw.srs.carInventory.v2",
            "DE_META": ""
          },
          "ShipmentAssociated": {
            "Primary_Object_Key": "ad82133d4c082cfe98e0214aba08453dfc1d11e7bd2150e8c4c3812196af98ec",
            "Domain_Event_Type_Key": "c7881817d6d6fabbc8c8be4c1a5310d4b02d506473e08a55032dedde16c0b3fa",
            "Association_Key": "Not Applicable",
            "Association_Type_Key": "Not Applicable",
            "Shipment_Key": "Not Applicable",
            "Shipment_Type_Key": "Not Applicable",
            "Associated_Object_Key": "Not Applicable",
            "Associated_Object_Type_Key": "Not Applicable",
            "Domain_Event_Key": "1f3b80843ef44ad77bad5004852c5ebd39639b208d88c8e2645eedcbcab50320",
            "Correlation_Id": "c6fa9578-ce51-405a-a5da-a9b747b4b31e",
            "Client_Identification": "137363",
            "System_Key": "caf48af09f8e479707513247ae96fd6c8f0fd7649b682952115359e1a4ebab2d",
            "Proc_Ts": "2019-06-10 20:25:51.328000",
            "Proc_Ts_Tz_Dst_Cd": "105",
            "Event_Ts": "2021-01-13 18:41:07.930",
            "Event_Ts_Tz_Dst_Cd": "100"
          }
        },
        {
          "DomainEventHeader": {
            "SOR_INGT_CRT_TS": "2021-01-13 18:41:07.930",
            "SOR_TPIC_NM": "tc_id_6.ihl_dev_rm.reg.tm.raw.srs.carInventory.v2",
            "DE_META": ""
          },
          "ShipmentAssociated": {
            "Primary_Object_Key": "ad82133d4c082cfe98e0214aba08453dfc1d11e7bd2150e8c4c3812196af98ec",
            "Domain_Event_Type_Key": "8eb3e769649d98d5e896398ded3b7bdb63bdaf6d53f440f4b9a8da51e8f74f40",
            "Association_Key": "e88dd60997f5ecbfdcac4c142a2e443a050bceeae1b212f0fd770e626c35314e",
            "Association_Type_Key": "3de22246a9c11b9fa0fae553613839d4fa5e077ff8bbbf7ee43eef0725c434c2",
            "Shipment_Key": "3e91442d37771aa94d6e7983c72a5b6c72e6e9ff20f798ce9c58f0c1c0817c58",
            "Shipment_Type_Key": "d7b91437ff74a3bfd70ba3ebe8d16b8b5c2658cb589c7e5fa9d8f67d354e3b80",
            "Associated_Object_Key": "ad82133d4c082cfe98e0214aba08453dfc1d11e7bd2150e8c4c3812196af98ec",
            "Associated_Object_Type_Key": "394db0bfdc21ee000a3a1d6fa3b05e99a8d76301862a9c9c866c9305136246d9",
            "Domain_Event_Key": "4d3d4d955c96d9c0940400192a1a7b14161df4c6c2f4366df809ff6e5ff0885e",
            "Correlation_Id": "c6fa9578-ce51-405a-a5da-a9b747b4b31e",
            "Client_Identification": "137363",
            "System_Key": "caf48af09f8e479707513247ae96fd6c8f0fd7649b682952115359e1a4ebab2d",
            "Proc_Ts": "2019-06-10 20:25:51.328000",
            "Proc_Ts_Tz_Dst_Cd": "105",
            "Event_Ts": "2021-01-13 18:41:07.930",
            "Event_Ts_Tz_Dst_Cd": "100"
          }
        }
      ]
    },
    {
      "name": "tc_id_6.ihl_dev_rm.reg.tm.prepared.shipAsctDsc.v1",
      "data": [
        {
          "DomainEventHeader": {
            "SOR_INGT_CRT_TS": "2021-01-13 18:41:07.930",
            "SOR_TPIC_NM": "tc_id_6.ihl_dev_rm.reg.tm.raw.srs.carInventory.v2",
            "DE_META": ""
          },
          "ShipmentAssociationDescribed": {
            "Primary_Object_Key": "ad82133d4c082cfe98e0214aba08453dfc1d11e7bd2150e8c4c3812196af98ec",
            "Domain_Event_Type_Key": "c7881817d6d6fabbc8c8be4c1a5310d4b02d506473e08a55032dedde16c0b3fa",
            "Association_Key": "",
            "AssociationCharacteristics": [
              {}
            ],
            "Domain_Event_Key": "1f3b80843ef44ad77bad5004852c5ebd39639b208d88c8e2645eedcbcab50320",
            "Correlation_Id": "c6fa9578-ce51-405a-a5da-a9b747b4b31e",
            "Client_Identification": "137363",
            "System_Key": "caf48af09f8e479707513247ae96fd6c8f0fd7649b682952115359e1a4ebab2d",
            "Proc_Ts": "2019-06-10 20:25:51.328000",
            "Proc_Ts_Tz_Dst_Cd": "105",
            "Event_Ts": "2021-01-13 18:41:07.930",
            "Event_Ts_Tz_Dst_Cd": "100"
          }
        },
        {
          "DomainEventHeader": {
            "SOR_INGT_CRT_TS": "2021-01-13 18:41:07.930",
            "SOR_TPIC_NM": "tc_id_6.ihl_dev_rm.reg.tm.raw.srs.carInventory.v2",
            "DE_META": ""
          },
          "ShipmentAssociationDescribed": {
            "Primary_Object_Key": "ad82133d4c082cfe98e0214aba08453dfc1d11e7bd2150e8c4c3812196af98ec",
            "Domain_Event_Type_Key": "c7881817d6d6fabbc8c8be4c1a5310d4b02d506473e08a55032dedde16c0b3fa",
            "Association_Key": "",
            "AssociationCharacteristics": [
              {}
            ],
            "Domain_Event_Key": "1f3b80843ef44ad77bad5004852c5ebd39639b208d88c8e2645eedcbcab50320",
            "Correlation_Id": "c6fa9578-ce51-405a-a5da-a9b747b4b31e",
            "Client_Identification": "137363",
            "System_Key": "caf48af09f8e479707513247ae96fd6c8f0fd7649b682952115359e1a4ebab2d",
            "Proc_Ts": "2019-06-10 20:25:51.328000",
            "Proc_Ts_Tz_Dst_Cd": "105",
            "Event_Ts": "2021-01-13 18:41:07.930",
            "Event_Ts_Tz_Dst_Cd": "100"
          }
        },
        {
          "DomainEventHeader": {
            "SOR_INGT_CRT_TS": "2021-01-13 18:41:07.930",
            "SOR_TPIC_NM": "tc_id_6.ihl_dev_rm.reg.tm.raw.srs.carInventory.v2",
            "DE_META": ""
          },
          "ShipmentAssociationDescribed": {
            "Primary_Object_Key": "ad82133d4c082cfe98e0214aba08453dfc1d11e7bd2150e8c4c3812196af98ec",
            "Domain_Event_Type_Key": "e3b61a2ebf5b23ed3fd8ff58d88a71874f646ec36a6e49d48b10b0c9e3100d05",
            "Association_Key": "e88dd60997f5ecbfdcac4c142a2e443a050bceeae1b212f0fd770e626c35314e",
            "AssociationCharacteristics": [
              {
                "Association_Characteristic_Key": "368740ed8e0bb4bf1472dd75d9e6b90c8cf0758dff0a9dc1ad8c6b9949135091",
                "Characteristic_Type_Key": "09d81708e698012703e3a043c115de58c1aabab8e7fada9e56e2b3cd09848cad",
                "Characteristic_Value": "FRONF"
              },
              {
                "Association_Characteristic_Key": "9f42fba7303c59e70b45b02e0beea9d04f0fe32b729399c0ed96b0c68a9a667e",
                "Characteristic_Type_Key": "5a3b4f35c14d9d1422d28ac76b82cd4bcbc29de2c81b86ae37b9203172ac046d",
                "Characteristic_Value": "SARFRT"
              },
              {
                "Association_Characteristic_Key": "39c2402812304a1594ba80a15715e66617c7516e4aded9e3da169e877ed5141a",
                "Characteristic_Type_Key": "3906d5d1ce0de47ce42e8777788ca8ed5634909d874846155c1f89ebf160283b",
                "Characteristic_Value": "      "
              },
              {
                "Association_Characteristic_Key": "b8b508f40b645046638f475dac28aeb6f7d9c4ff87a9ea41089d9ac54b9b3597",
                "Characteristic_Type_Key": "b16d7c8b51507af18774b21d94fc12178c5cb342311f203f93aeb087ce5ceddb",
                "Characteristic_Value": "  "
              },
              {
                "Association_Characteristic_Key": "d31a72ae59815845d0e76b0a8ee53426aa280af777807e36535f8d7e074b79b2",
                "Characteristic_Type_Key": "b2db3a10ec316a2a2899f6e5b8fbb105fe454414086801f188a80f23623b78d3",
                "Characteristic_Value": " "
              },
              {
                "Association_Characteristic_Key": "4655e136fd3aa19116f123862f82a5b736ffdb63e5e3f961c26ff033cd507585",
                "Characteristic_Type_Key": "e59558cb269271035aa461311058109d5aff5acb8086bd45720288e7dbc6c706",
                "Characteristic_Value": "    "
              },
              {
                "Association_Characteristic_Key": "191def2ff1b5e2b2b01daee834d6634ef464367b62f92f52a39a7af11b3219f8",
                "Characteristic_Type_Key": "eaf4cfbae7d99b59b2f081b21f9abf1881e7db6c6be8a06ce242ee4281fd912c",
                "Characteristic_Value": " "
              },
              {
                "Association_Characteristic_Key": "65a35725828cbfe6388eafbb0a054725e0bc096aa7ad0b06cf6a40af6297e2ed",
                "Characteristic_Type_Key": "c33bb1feb70302db10cb110b035794e4a7f60116abe46e62538db01f6593f722",
                "Characteristic_Value": "  "
              },
              {
                "Association_Characteristic_Key": "dac444249a19e9a04ebf0a425abead37972c4c35144f6b11075b97c5db2f7028",
                "Characteristic_Type_Key": "ad99ed354428a7d464288fba86526198137e59146725f6f9de29f63ae6701cee",
                "Characteristic_Value": "TORMACYAR"
              },
              {
                "Association_Characteristic_Key": "4fdfd811f20f8f2820533faa352677e7f39c27f41dab4c43faa69991108aa215",
                "Characteristic_Type_Key": "7ecef5d58a164d0136727b82aebd9994aef0bd09c51216282977f45a11c02d15",
                "Characteristic_Value": "ON"
              },
              {
                "Association_Characteristic_Key": "b1418618a7957ee9b5822a73bdddcc3cadb0879f2b4eb33788b689c1b3922ef3",
                "Characteristic_Type_Key": "f1eb9dba08ae96b6ea61566fa2c51a0cab7fbed2353c0d7fbbdeec277c1837b5",
                "Characteristic_Value": "GLEYARD"
              },
              {
                "Association_Characteristic_Key": "2d8d7bb0ae617fa6da846163c4d947eaee0e26f5ce69956a3bbfa32685fac65c",
                "Characteristic_Type_Key": "6af80f8f640f8ab80775043ab3e447c47ea2eb69a2b0c4428062d56af00d7f59",
                "Characteristic_Value": "IL"
              },
              {
                "Association_Characteristic_Key": "f46a0fae02d6745406e46dbb6fd5ac8c013a913860966ac074e47ccaa91e0ea6",
                "Characteristic_Type_Key": "ba2f94f536b4a08ca52ea8bbefebc6313c056089a63af08073f29a9998d2b175",
                "Characteristic_Value": "PTROBINSO"
              },
              {
                "Association_Characteristic_Key": "23ec25e6a23ad3c87ca96e076ff43e16d0fbf0de7a83a4c3fdb3bf9a66862127",
                "Characteristic_Type_Key": "8a9903cb9fb062740ea16cab004d1fdf1812aaac52ff80517c6f9da1a98064eb",
                "Characteristic_Value": "ON"
              },
              {
                "Association_Characteristic_Key": "3ed75c72dbc015ac476d65b48f1ffa7f4dac602af9196a476305f33452fe2420",
                "Characteristic_Type_Key": "06336730586527e31d5f9f12871d505364457590976fc83d32651a06869d3aa1",
                "Characteristic_Value": ""
              },
              {
                "Association_Characteristic_Key": "0529842897916ccece30234ecf085ad530cf526595b00e46b7bbfc6eb664f3df",
                "Characteristic_Type_Key": "f2a44d3c1e8b393dab8f2381b59624c379071b7b4f63fcc2c1310953ff20c266",
                "Characteristic_Value": "BRC"
              },
              {
                "Association_Characteristic_Key": "128776ba45c00bffd89b0f2897b282ce3815f4342f10f92e3adb5189edbf5f0c",
                "Characteristic_Type_Key": "6c7cdb8403a6371c5f5a81d476c094f6b0907714ff1a8e8bd137f2222732a632",
                "Characteristic_Value": "KEMIRAWATSOL"
              }
            ],
            "Domain_Event_Key": "9e2679e6c7d537296c3bacd0cf1766af0ff6c292c22d1aeb34581aa187a4611f",
            "Correlation_Id": "c6fa9578-ce51-405a-a5da-a9b747b4b31e",
            "Client_Identification": "137363",
            "System_Key": "caf48af09f8e479707513247ae96fd6c8f0fd7649b682952115359e1a4ebab2d",
            "Proc_Ts": "2019-06-10 20:25:51.328000",
            "Proc_Ts_Tz_Dst_Cd": "105",
            "Event_Ts": "2021-01-13 18:41:07.930",
            "Event_Ts_Tz_Dst_Cd": "100"
          }
        }
      ]
    },
    {
      "name": "tc_id_6.ihl_dev_rm.reg.tm.prepared.shipAsct.v1",
      "data": [
        {
          "DomainEventHeader": {
            "SOR_INGT_CRT_TS": "2021-01-13 18:41:07.930",
            "SOR_TPIC_NM": "tc_id_6.ihl_dev_rm.reg.tm.raw.srs.carInventory.v2",
            "DE_META": ""
          },
          "ShipmentAssociated": {
            "Primary_Object_Key": "ad82133d4c082cfe98e0214aba08453dfc1d11e7bd2150e8c4c3812196af98ec",
            "Domain_Event_Type_Key": "c7881817d6d6fabbc8c8be4c1a5310d4b02d506473e08a55032dedde16c0b3fa",
            "Association_Key": "Not Applicable",
            "Association_Type_Key": "Not Applicable",
            "Shipment_Key": "Not Applicable",
            "Shipment_Type_Key": "Not Applicable",
            "Associated_Object_Key": "Not Applicable",
            "Associated_Object_Type_Key": "Not Applicable",
            "Domain_Event_Key": "1f3b80843ef44ad77bad5004852c5ebd39639b208d88c8e2645eedcbcab50320",
            "Correlation_Id": "c6fa9578-ce51-405a-a5da-a9b747b4b31e",
            "Client_Identification": "137363",
            "System_Key": "caf48af09f8e479707513247ae96fd6c8f0fd7649b682952115359e1a4ebab2d",
            "Proc_Ts": "2019-06-10 20:25:51.328000",
            "Proc_Ts_Tz_Dst_Cd": "105",
            "Event_Ts": "2021-01-13 18:41:07.930",
            "Event_Ts_Tz_Dst_Cd": "100"
          }
        },
        {
          "DomainEventHeader": {
            "SOR_INGT_CRT_TS": "2021-01-13 18:41:07.930",
            "SOR_TPIC_NM": "tc_id_6.ihl_dev_rm.reg.tm.raw.srs.carInventory.v2",
            "DE_META": ""
          },
          "ShipmentAssociated": {
            "Primary_Object_Key": "ad82133d4c082cfe98e0214aba08453dfc1d11e7bd2150e8c4c3812196af98ec",
            "Domain_Event_Type_Key": "c7881817d6d6fabbc8c8be4c1a5310d4b02d506473e08a55032dedde16c0b3fa",
            "Association_Key": "Not Applicable",
            "Association_Type_Key": "Not Applicable",
            "Shipment_Key": "Not Applicable",
            "Shipment_Type_Key": "Not Applicable",
            "Associated_Object_Key": "Not Applicable",
            "Associated_Object_Type_Key": "Not Applicable",
            "Domain_Event_Key": "1f3b80843ef44ad77bad5004852c5ebd39639b208d88c8e2645eedcbcab50320",
            "Correlation_Id": "c6fa9578-ce51-405a-a5da-a9b747b4b31e",
            "Client_Identification": "137363",
            "System_Key": "caf48af09f8e479707513247ae96fd6c8f0fd7649b682952115359e1a4ebab2d",
            "Proc_Ts": "2019-06-10 20:25:51.328000",
            "Proc_Ts_Tz_Dst_Cd": "105",
            "Event_Ts": "2021-01-13 18:41:07.930",
            "Event_Ts_Tz_Dst_Cd": "100"
          }
        },
        {
          "DomainEventHeader": {
            "SOR_INGT_CRT_TS": "2021-01-13 18:41:07.930",
            "SOR_TPIC_NM": "tc_id_6.ihl_dev_rm.reg.tm.raw.srs.carInventory.v2",
            "DE_META": ""
          },
          "ShipmentAssociated": {
            "Primary_Object_Key": "ad82133d4c082cfe98e0214aba08453dfc1d11e7bd2150e8c4c3812196af98ec",
            "Domain_Event_Type_Key": "8eb3e769649d98d5e896398ded3b7bdb63bdaf6d53f440f4b9a8da51e8f74f40",
            "Association_Key": "e88dd60997f5ecbfdcac4c142a2e443a050bceeae1b212f0fd770e626c35314e",
            "Association_Type_Key": "3de22246a9c11b9fa0fae553613839d4fa5e077ff8bbbf7ee43eef0725c434c2",
            "Shipment_Key": "3e91442d37771aa94d6e7983c72a5b6c72e6e9ff20f798ce9c58f0c1c0817c58",
            "Shipment_Type_Key": "d7b91437ff74a3bfd70ba3ebe8d16b8b5c2658cb589c7e5fa9d8f67d354e3b80",
            "Associated_Object_Key": "ad82133d4c082cfe98e0214aba08453dfc1d11e7bd2150e8c4c3812196af98ec",
            "Associated_Object_Type_Key": "394db0bfdc21ee000a3a1d6fa3b05e99a8d76301862a9c9c866c9305136246d9",
            "Domain_Event_Key": "4d3d4d955c96d9c0940400192a1a7b14161df4c6c2f4366df809ff6e5ff0885e",
            "Correlation_Id": "c6fa9578-ce51-405a-a5da-a9b747b4b31e",
            "Client_Identification": "137363",
            "System_Key": "caf48af09f8e479707513247ae96fd6c8f0fd7649b682952115359e1a4ebab2d",
            "Proc_Ts": "2019-06-10 20:25:51.328000",
            "Proc_Ts_Tz_Dst_Cd": "105",
            "Event_Ts": "2021-01-13 18:41:07.930",
            "Event_Ts_Tz_Dst_Cd": "100"
          }
        }
      ]
    },
    {
      "name": "tc_id_6.ihl_dev_rm.reg.tm.prepared.trspEvtRmv.v1",
      "data": [
        {
          "DomainEventHeader": {
            "SOR_INGT_CRT_TS": "2021-01-13 18:41:07.930",
            "SOR_TPIC_NM": "tc_id_6.ihl_dev_rm.reg.tm.raw.srs.carInventory.v2",
            "DE_META": ""
          },
          "TransportationEventRemoved": {
            "Primary_Object_Key": "ad82133d4c082cfe98e0214aba08453dfc1d11e7bd2150e8c4c3812196af98ec",
            "Domain_Event_Type_Key": "a16c5ba057628866b318f709f5496a7b5e7cc21c1c098ca136e257faab49e0d8",
            "Transportation_Event_Key": "ad82133d4c082cfe98e0214aba08453dfc1d11e7bd2150e8c4c3812196af98ec",
            "Transportation_Event_Type_Key": "f6b530b0ea00c27747543eb950d814eb0aedce2edfdc5ac49313296fb2238f02",
            "Transportation_Event_Value": "TA",
            "Domain_Event_Key": "342a056c0014accfff0c97b32da057dc41386d629e2d9299de42c17916e85dc9",
            "Correlation_Id": "c6fa9578-ce51-405a-a5da-a9b747b4b31e",
            "Client_Identification": "137363",
            "System_Key": "caf48af09f8e479707513247ae96fd6c8f0fd7649b682952115359e1a4ebab2d",
            "Proc_Ts": "2019-06-10 20:25:51.328000",
            "Proc_Ts_Tz_Dst_Cd": "105",
            "Event_Ts": "2021-01-13 18:41:07.930",
            "Event_Ts_Tz_Dst_Cd": "100"
          }
        }
      ]
    },
    {
      "name": "tc_id_6.ihl_dev_rm.reg.transportation.car-inventory-deleted.prepared.v1",
      "data": [
        {
          "DomainEventHeader": {
            "SOR_INGT_CRT_TS": "2021-01-13 18:41:07.930",
            "SOR_TPIC_NM": "tc_id_6.ihl_dev_rm.reg.tm.raw.srs.carInventory.v2",
            "DE_META": ""
          },
          "SendDeletionNotificationTrigger": {
            "Conveyor_Key": "ad82133d4c082cfe98e0214aba08453dfc1d11e7bd2150e8c4c3812196af98ec",
            "Conveyor_Type_Key": "394db0bfdc21ee000a3a1d6fa3b05e99a8d76301862a9c9c866c9305136246d9",
            "Identification_Type_Key": "bf50bc66a6c68a3357fcf86ab43a38e7b5e691c9fa1c76f4602365076b9a7442",
            "Identification_Value": "AXLX1160",
            "Correlation_Id": "c6fa9578-ce51-405a-a5da-a9b747b4b31e",
            "Client_Identification": "137363",
            "System_Key": "caf48af09f8e479707513247ae96fd6c8f0fd7649b682952115359e1a4ebab2d",
            "Proc_Ts": "2019-06-10 20:25:51.328000",
            "Proc_Ts_Tz_Dst_Cd": "105",
            "Event_Ts": "2021-01-13 18:41:07.930",
            "Event_Ts_Tz_Dst_Cd": "100"
          }
        }
      ]
    },
    {
      "name": "tc_id_6.ihl_dev_rm.reg.tm.prepared.rteErr.v1",
      "data": [
        {
          "GRN_CD": "       ",
          "OP_CUST_633": "KEMIRAWATSOL",
          "YD_BLK": "SARFRT",
          "PREV_TRK_NUMB": "    ",
          "BO_CD": "  ",
          "ARR_SEQ_NBR": 390,
          "PARK_STN_ST": "  ",
          "CUST_633_SHPR": "AXIALL      ",
          "FLR_COND_CD": " ",
          "ST_INTERST": " ",
          "NET_TONS": "080",
          "OS_LGTH_FT": " 47",
          "CMDTY_DES_ABBR": "CLORIN",
          "DEST_333": "CHICAGO  ",
          "DOOR_SIZE_CD": " ",
          "WB_ERR_CD": " ",
          "CAR_NOTE_FLG": "N",
          "SWTCH_CD": "SB",
          "CAR_LOC_CD": "Y",
          "CAR_ORD_NBR": 0,
          "OP_ST": "IL",
          "CURR_SPOT": "  ",
          "OP_RAJP": "BRC ",
          "IBMSNAP_OPERATION": "U",
          "EVT_CD": "TA",
          "USER_ID": "137363  ",
          "TSO_333": "NIAFALLS ",
          "WB_NUMB": "197780",
          "ASGN_TRN_DAY": "  ",
          "DRF_GEAR_CPLR": 88,
          "TRN_BLK": "FRONF",
          "ASGN_TRN_SECT": " ",
          "OS_LGTH_IN": "06",
          "TSO_ST": "ON",
          "ORIG_ST": "PQ",
          "SFE_POOL_ID": "P2010",
          "CUST_SWTCH_CD": "  ",
          "ASGN_TRN_TYPE": " ",
          "CAR_KIND_AAR": "T944",
          "EVST_CD": "  ",
          "LNG_COND_CD": " ",
          "CAR_KIND": "T4E ",
          "STN_333": "PTROBINSO",
          "SPD_RESTR_CD": "  ",
          "STOP_PROF": " ",
          "SPL_COND_CD5": "SP",
          "CAR_NUMB": "      1160",
          "STN_ST": "ON",
          "SPL_COND_CD4": "JR",
          "TRK_SEQ_NUMB": 4,
          "SPL_COND_CD3": "JC",
          "AUTH_TYPE": " ",
          "SPL_COND_CD2": "A2",
          "SPL_COND_CD1": "PI",
          "OP_CITY_333": "GLEYARD  ",
          "RAJP2": "IHB ",
          "STN_SEQ_NBR": 390,
          "NXT_TRK_NUMB": "AE93",
          "RFO_EQP_NOTE": "                    ",
          "OP_ORIG_ST": "ON",
          "SPL_COND_CD6": "CR",
          "LOAD_EMPTY": "L",
          "SCO_FCO_ID": "      ",
          "NXT_YRD_BLK": "      ",
          "CAR_FLG": " ",
          "EQP_TARE": " 93400",
          "TRK_NUMB": "AE93",
          "LOG_COUNTER": 0,
          "DFO_333": "TORWAYCEN",
          "SYS_BLK": "80000",
          "BO_ETR_HRS": 0,
          "JT_SVC_CD": " ",
          "PER_DIEM_RATE": 0.0,
          "STCC_NUMBER": "4920523",
          "MECH_STAT_CD3": "  ",
          "MECH_STAT_CD2": "  ",
          "WB_AXLE_CNT": " 4",
          "TRN_DAY": "07",
          "IBMSNAP_COMMITSEQ": "\u0000\ufffd\u0017\ufffd\ufffd\ufffd\ufffd\ufffd\"\u0000\u0000\u0000\u0000\u0000\u0000\u0001",
          "MECH_STAT_CD1": "  ",
          "TRCK_CPTY_CD": " ",
          "TRN_SEQ_NUMB": 8,
          "NXT_TRN_BLK": "     ",
          "CARR_ABBR_ON": "CSXT",
          "CLN_CD": " ",
          "TRN_SYM": "4213",
          "OP_ORIG_333": "TORMACYAR",
          "CLRC_CD": "B",
          "ASGN_TRN_SYM": "    ",
          "PPSI_CD": "    ",
          "PGM_NME": "WOCNARRC",
          "WB_ID": "4482-08-18-10.14.59.682017",
          "GST_CD": "T  ",
          "WB_VRSN": 2,
          "GRS_TONS": "127",
          "LOT_NUMB_PREV": "      ",
          "PARK_STN_333": "         ",
          "LVL_SVC_CD": " ",
          "MVMT_REV_CODE": "PP",
          "IBMSNAP_INTENTSEQ": "\u0000\ufffd\u0017\ufffd\ufffd\ufffd\ufffd\ufffdt\u0000\u0000\u0000\u0000\u0000\u0000\u0001",
          "ARR_333": "PTROBINSO",
          "AUTH_NUMB": "       ",
          "DFO_ST": "ON",
          "AAR_POOL_ID": "0000000",
          "TRN_SECT": "1",
          "MPTY_ASGN_CD": "   ",
          "OBND_420_BLK": "            ",
          "KEY_TRN_CD": "P",
          "DEST_ST": "IL",
          "OP_ZTS": "      ",
          "FGN_SYS_CD": "P",
          "TRN_TYPE": "A",
          "CAR_INIT": "AXLX",
          "DSTN_SEQ_NBR": 0,
          "CUST_633_CNSG": "KEMIRAWATSOL",
          "ERT_CD": "6",
          "HITCH_SETUP": "  ",
          "DIR_CD": "E",
          "ORIG_333": "BEAUHARNO",
          "LOT_NUMB": "      ",
          "CBODY_COND_CD": " ",
          "ARR_ST": "ON",
          "CSD_CD": "    ",
          "PROC_DTTM": "2019-06-10 16:25:51.328000",
          "ARR_TM": "16:23:00",
          "ARR_DT": "2019-06-10",
          "EVT_TM": "16:23:00",
          "EVT_DT": "2019-06-10",
          "WB_DT": "2017-08-18",
          "DISP_CHG_DT": "2019-06-10",
          "DISP_CHG_TM": "16:23:00",
          "IBMSNAP_LOGMARKER": "2021-01-08 16:16:24.155000",
          "INGT_CRT_TS": "2021-01-13 18:41:07.930",
          "PRODUCT_ID": "SRS_YIT_DB2_OY.VCAR_INVENTORY_ASNKK",
          "INGT_UUID": null,
          "FORMAT": "TAB",
          "LogHeader": {
            "ERROR_TO_DE": "record.INGT_UUID is NULL",
            "RAW_KAFKA_QUEUE_NAME": "tc_id_6.ihl_dev_rm.reg.tm.raw.srs.carInventory.v2",
            "SPARK_JOB_NAME": "CarInventoryDomainFeed"
          }
        }
      ]
    }
  ]
}