{
  "Kafka_Output": [
    {
      "name": "tc_id_61.ihl_dev_rm.reg.transportation.location-created.prepared.v1",
      "data": [
        {
          "DomainEventHeader": {
            "SOR_INGT_CRT_TS": "2021-02-07 08:00:08.817000",
            "SOR_TPIC_NM": "tc_id_61.ihl_dev_rm.reg.tm.raw.carrFgnStn.v1",
            "DE_META": ""
          },
          "LocationCreated": {
            "Domain_Event_Type_Key": "e3b61a2ebf5b23ed3fd8ff58d88a71874f646ec36a6e49d48b10b0c9e3100d05",
            "Location_Key": "1623bad618295d5a20f2593d01f412a8f0e22257ed2068e183d3e4dd23915074",
            "Location_Type_Key": "3243be7c53d81a4ed2e0224d66e8452715f18aaefb95df70de85575b6b070306",
            "Identification_Type_Key": "1db4fbc26159da59569835df63f77bfa1dc6db646f2a649d119d8bd4ddbf8caa",
            "Identification_Value": "ATSF59780",
            "Domain_Event_Key": "c7c8b56db05bfc0a11cff503e1d144fd31f67d43515acda41703dedb2ca081eb",
            "Correlation_Id": "634d30fd-b47a-4a1a-80e8-2e5a65789d67",
            "Client_Identification": "PRODOPER",
            "System_Key": "5d9ce7f4fe098dab1884bba69c3b808278fb8b421dff7b950899c8ed2a3eceef",
            "Proc_Ts": "2021-02-07 08:00:08.817000",
            "Proc_Ts_Tz_Dst_Cd": "100",
            "Event_Ts": "1998-07-23 15:42:17.000",
            "Event_Ts_Tz_Dst_Cd": "105"
          }
        }
      ]
    },
    {
      "name": "tc_id_61.ihl_dev_rm.reg.transportation.location-described.prepared.v1",
      "data": [
        {
          "DomainEventHeader": {
            "SOR_INGT_CRT_TS": "2021-02-07 08:00:08.817000",
            "SOR_TPIC_NM": "tc_id_61.ihl_dev_rm.reg.tm.raw.carrFgnStn.v1",
            "DE_META": ""
          },
          "LocationDescribed": {
            "Domain_Event_Type_Key": "e3b61a2ebf5b23ed3fd8ff58d88a71874f646ec36a6e49d48b10b0c9e3100d05",
            "Location_Key": "1623bad618295d5a20f2593d01f412a8f0e22257ed2068e183d3e4dd23915074",
            "LocationCharacteristics": [
              {
                "Location_Characteristic_Key": "d4d81f9f72b156f03fa5597c18743d9319c5636749d145f24e993303e216cbcb",
                "Characteristic_Type_Key": "74c9f9b9a92dd37961cb4ed43c425d37f0c757d9f7ce71188a701b194a75d4b1",
                "Characteristic_Value": "ATSF"
              },
              {
                "Location_Characteristic_Key": "7514b62e9ffe91be3126238f01592c94571c5dd14963dcd6135ed160e4fe2ba6",
                "Characteristic_Type_Key": "14a648bd80a45e3b031288c03fd0c6974123e31e5c8eadcf0fa2407844eb71b2",
                "Characteristic_Value": "022"
              },
              {
                "Location_Characteristic_Key": "73ed51b2ed9174d6d8534d270138554c35aa6ed2fcda38bad065c3d10b9ae5a7",
                "Characteristic_Type_Key": "ecef2f2b7ef4c33044d12f3944836d41e636b14ab693c8e20ae93e49f2031fa8",
                "Characteristic_Value": "AURORA"
              },
              {
                "Location_Characteristic_Key": "90f326b1806d58d5429c5921a7f2dae6b3338e5c370baa3facbd84281ada635a",
                "Characteristic_Type_Key": "3c04d59a598d39884140c517cb5e745750a3c073bbacedf41d764d572c3fc172",
                "Characteristic_Value": "AURORA"
              },
              {
                "Location_Characteristic_Key": "6e51398a27d5dd9a73a7d8b1be4c8d02e443c59b7a27e856c0a9eb3b7a445f09",
                "Characteristic_Type_Key": "dcbaa7568f47ca675f8716f409c2425285f3f86ba172cdac1cf736db50070c6d",
                "Characteristic_Value": "KS"
              },
              {
                "Location_Characteristic_Key": "f55c4eba8211c818292f4c275fba3344d782b5c4e39df4c43df66ee611c7fe1c",
                "Characteristic_Type_Key": "af676dd642f4100e97fe372be8ea27bc970e4cd362dd7d8b9e63f4685c813293",
                "Characteristic_Value": "59780"
              },
              {
                "Location_Characteristic_Key": "1ea374ad5ceba22892eebff4716ce7ac9435b07011bb656e27bb7802145df887",
                "Characteristic_Type_Key": "529b9953ac534f1f2f20667537b97e148127d9eab6f356c2be4aed9806a59228",
                "Characteristic_Value": "583657"
              },
              {
                "Location_Characteristic_Key": "e47462820e1cbb9b3ec2e47a6d90d05da459dcbed153667a9fa843818424d918",
                "Characteristic_Type_Key": "5ccdcd2445dc8f706ea1c22f5d6b2b5e8e2a68f8f3148ecb5b40d044d2e99b4b",
                "Characteristic_Value": "000"
              },
              {
                "Location_Characteristic_Key": "3e3f68b68fc8039e1b709e8902fcbff89b0d7de51101c202fde71007a185b38a",
                "Characteristic_Type_Key": "1a829c115139ed87d2f27ce016cd67abead7968e9798ff7bac1b68b184da84ee",
                "Characteristic_Value": ""
              },
              {
                "Location_Characteristic_Key": "a8279dfb9cdd4a01b68dd33f396740130dbf399b238247ad27a332903766d0e1",
                "Characteristic_Type_Key": "876a51be26c339e2b22dec71204435d873def374d01862d10412d54911ad113c",
                "Characteristic_Value": ""
              },
              {
                "Location_Characteristic_Key": "a7dd4993d91f60a94f41756feacabd1c20df70950f4f1727138d70175ff5831f",
                "Characteristic_Type_Key": "63b1339bfe1572688e3e42e39d7e6998fb5429f0257868bdaf79ca8b03129905",
                "Characteristic_Value": "0.000000"
              },
              {
                "Location_Characteristic_Key": "eacc994d3e13e17e893401d847312e850d025da98a2e220099082af987f7fd36",
                "Characteristic_Type_Key": "af6a730d48880a4e1fbd4f0d3b6b48b6568557fbc74bceb543457b106c57daad",
                "Characteristic_Value": "0.000000"
              },
              {
                "Location_Characteristic_Key": "75f4bbaf76dcb41ecbbd49395176d2437eaf7518fa6a3a36de9e48b4c03a3ee7",
                "Characteristic_Type_Key": "b417e0048dc0b9d1d628ef1e0697a69fc1e656bd6a910c4268700bdb67c47b28",
                "Characteristic_Value": "AURORA"
              },
              {
                "Location_Characteristic_Key": "7e5a557fa657f678d912e8111939cba41cd9684459314a2c554a2aeb1c65396a",
                "Characteristic_Type_Key": "44047d1f029f4dadf0e51cddfa9213522deaa00d397c41f5cba5e8c46048f3d4",
                "Characteristic_Value": "CT"
              }
            ],
            "Domain_Event_Key": "c7c8b56db05bfc0a11cff503e1d144fd31f67d43515acda41703dedb2ca081eb",
            "Correlation_Id": "634d30fd-b47a-4a1a-80e8-2e5a65789d67",
            "Client_Identification": "PRODOPER",
            "System_Key": "5d9ce7f4fe098dab1884bba69c3b808278fb8b421dff7b950899c8ed2a3eceef",
            "Proc_Ts": "2021-02-07 08:00:08.817000",
            "Proc_Ts_Tz_Dst_Cd": "100",
            "Event_Ts": "1998-07-23 15:42:17.000",
            "Event_Ts_Tz_Dst_Cd": "105"
          }
        }
      ]
    },
    {
      "name": "tc_id_61.ihl_dev_rm.reg.tm.prepared.locAsct.v1",
      "data": [
        {
          "DomainEventHeader": {
            "SOR_INGT_CRT_TS": "2021-02-07 08:00:08.817000",
            "SOR_TPIC_NM": "tc_id_61.ihl_dev_rm.reg.tm.raw.carrFgnStn.v1",
            "DE_META": ""
          },
          "LocationAssociated": {
            "Primary_Object_Key": "1623bad618295d5a20f2593d01f412a8f0e22257ed2068e183d3e4dd23915074",
            "Domain_Event_Type_Key": "8eb3e769649d98d5e896398ded3b7bdb63bdaf6d53f440f4b9a8da51e8f74f40",
            "Association_Key": "89e77ffb6fa2c4378fc31ffa6ca78e51d0717e4de5742ae3cdeedbb0f6bd9ba3",
            "Association_Type_Key": "826ba51f5be2a0b22c54d45f1914ec6841ece8bbc4a114b967cab30f86aaeaa7",
            "Location_Key": "901bc259a70ca2d78f4dd6fb985b279fd98c7cc8fdba6bfca2de1c0576d75209",
            "Location_Type_Key": "3243be7c53d81a4ed2e0224d66e8452715f18aaefb95df70de85575b6b070306",
            "Associated_Object_Key": "1623bad618295d5a20f2593d01f412a8f0e22257ed2068e183d3e4dd23915074",
            "Associated_Object_Type_Key": "3243be7c53d81a4ed2e0224d66e8452715f18aaefb95df70de85575b6b070306",
            "Domain_Event_Key": "ffdca98ba97341ac108b65984cca8f23d68794eea289d8184b82de9b9ab9bf0a",
            "Correlation_Id": "634d30fd-b47a-4a1a-80e8-2e5a65789d67",
            "Client_Identification": "PRODOPER",
            "System_Key": "5d9ce7f4fe098dab1884bba69c3b808278fb8b421dff7b950899c8ed2a3eceef",
            "Proc_Ts": "2021-02-07 08:00:08.817000",
            "Proc_Ts_Tz_Dst_Cd": "100",
            "Event_Ts": "1998-07-23 15:42:17.000",
            "Event_Ts_Tz_Dst_Cd": "105"
          }
        }
      ]
    },
    {
      "name": "tc_id_61.ihl_dev_rm.reg.transportation.location-removed.prepared.v1",
      "data": []
    },
    {
      "name": "tc_id_61.ihl_dev_rm.reg.tm.prepared.rteErr.v1",
      "data": [
        {
          "IngestionHeader": {
            "ING_CRT_TS": "2021-02-07 08:00:08.817000",
            "PRODUCT_ID": "A189",
            "UUID": "634d30fd-b47a-4a1a-80e8-2e5a65789d67",
            "FORMAT": "JSON"
          },
          "CarrierForeignStation": {
            "ZIP": "67417     ",
            "OPSL_STN_NME": "AURORA                        ",
            "UPD_ID": "PRODOPER",
            "IBMSNAP_OPERATION": "U",
            "OPSL_ID": "01755",
            "STN_NME": "AURORA             ",
            "IBMSNAP_LOGMARKER": "2021-02-07 02:31:47.489366",
            "RLD_STN_NM_ABR": "AUROK",
            "MAX_WGHT": "263000",
            "CRT_TM": "09:38:37",
            "IBMSNAP_INTENTSEQ": "00d93ca547d61df5e200000000000001",
            "JCT_R260": "     ",
            "STN_333": null,
            "UPD_DT": "1998-07-23",
            "EMBRG_FLG": "N",
            "OPSL_ID_SUB": "00",
            "NON_RAIL_FLG": "N",
            "LONG": "0.000000",
            "RAMP_CD": " ",
            "STN_FSAC": "059780",
            "CARR_ABBR": "ATSF",
            "CRT_ID": "        ",
            "SWTCH_LMT_333": "         ",
            "EXP_DT": "1997-07-03",
            "IBMSNAP_COMMITSEQ": "00d93ca547e765670000000000000001",
            "EFF_DT": "1993-03-16",
            "STN_TRAF_TYPE": " ",
            "AAR_STN_333": "AURORA   ",
            "SPLC": "583657",
            "BASIS_ST": "KS",
            "STN_ST": "KS",
            "CRT_DT": "0001-01-01",
            "NON_BILLG_FLG": "N",
            "BASIS_333": "CONCORDIA",
            "SPLC_SFX": "000",
            "SWTCH_LMT_ST": "  ",
            "CARR_NUMB": "022",
            "UPD_TM": "11:42:17",
            "AAR_TIME_ZONE": "CT",
            "LAT": "0.000000"
          },
          "LogHeader": {
            "ERROR_TO_DE": "record.CarrierForeignStation.STN_333 is NULL",
            "RAW_KAFKA_QUEUE_NAME": "tc_id_61.ihl_dev_rm.reg.tm.raw.carrFgnStn.v1",
            "SPARK_JOB_NAME": "CarrierForeignStationDomainFeed"
          }
        },
        {
          "IngestionHeader": {
            "ING_CRT_TS": "2021-02-07 08:00:08.817000",
            "PRODUCT_ID": "A189",
            "UUID": null,
            "FORMAT": "JSON"
          },
          "CarrierForeignStation": {
            "ZIP": "67417     ",
            "OPSL_STN_NME": "AURORA                        ",
            "UPD_ID": "PRODOPER",
            "IBMSNAP_OPERATION": "I",
            "OPSL_ID": "01755",
            "STN_NME": "AURORA             ",
            "IBMSNAP_LOGMARKER": "2021-02-07 02:31:47.489366",
            "RLD_STN_NM_ABR": "AUROK",
            "MAX_WGHT": "263000",
            "CRT_TM": "09:38:37",
            "IBMSNAP_INTENTSEQ": "00d93ca547d61df5e200000000000001",
            "JCT_R260": "     ",
            "STN_333": "AURORA   ",
            "UPD_DT": "1998-07-23",
            "EMBRG_FLG": "N",
            "OPSL_ID_SUB": "00",
            "NON_RAIL_FLG": "N",
            "LONG": "0.000000",
            "RAMP_CD": " ",
            "STN_FSAC": "059780",
            "CARR_ABBR": "ATSF",
            "CRT_ID": "        ",
            "SWTCH_LMT_333": "         ",
            "EXP_DT": "1997-07-03",
            "IBMSNAP_COMMITSEQ": "00d93ca547e765670000000000000001",
            "EFF_DT": "1993-03-16",
            "STN_TRAF_TYPE": " ",
            "AAR_STN_333": "AURORA   ",
            "SPLC": "583657",
            "BASIS_ST": "KS",
            "STN_ST": "KS",
            "CRT_DT": "0001-01-01",
            "NON_BILLG_FLG": "N",
            "BASIS_333": "CONCORDIA",
            "SPLC_SFX": "000",
            "SWTCH_LMT_ST": "  ",
            "CARR_NUMB": "022",
            "UPD_TM": "11:42:17",
            "AAR_TIME_ZONE": "CT",
            "LAT": "0.000000"
          },
          "LogHeader": {
            "ERROR_TO_DE": "record.IngestionHeader.UUID is NULL",
            "RAW_KAFKA_QUEUE_NAME": "tc_id_61.ihl_dev_rm.reg.tm.raw.carrFgnStn.v1",
            "SPARK_JOB_NAME": "CarrierForeignStationDomainFeed"
          }
        }
      ]
    }
  ]
}