{
  "Kafka_Output": [
    {
      "name": "tc_id_70.ihl_dev_rm.reg.tm.prepared.dhPGLogs.v1",
      "data": [
        {
          "DomainEventHeader": {
            "SOR_INGT_CRT_TS": "2020-04-13 10:40:51.805246",
            "SOR_READ_TS": "2020-12-15 15:52:40.005",
            "DE_CRT_TS": "2020-12-15 15:52:40",
            "SOR_TPIC_NM": "reg.transportation.commodity.raw.v1",
            "DE_META": ""
          },
          "CommodityDescribed": {
            "Domain_Event_Type_Key": "e3b61a2ebf5b23ed3fd8ff58d88a71874f646ec36a6e49d48b10b0c9e3100d05",
            "Commodity_Key": "2e4a221bc5ddc3902af78254beafbbe7d88ba7e7c325335f84e631b5cedc8d36",
            "CommodityCharacteristics": [
              {
                "Commodity_Characteristic_Key": "0a95f14ef4444fc8cc5f8633daf7e8ef47f562da88c79ae8a3682806769d1770",
                "Characteristic_Type_Key": "384f5b7339b33adefe3edeee78962574f0d747f5c37222508e5ec2647294022a",
                "Characteristic_Value": "0112916"
              },
              {
                "Commodity_Characteristic_Key": "91e091321804b3864c6bb96271d73dcfa2205f7ec89df17323732bb11666b694",
                "Characteristic_Type_Key": "1361eedf3353ffcb60a1e037cfaa1a16a78e1f87ad4303635cdae8f20645f32e",
                "Characteristic_Value": "COTTON BOLLS2"
              },
              {
                "Commodity_Characteristic_Key": "97d8555397c3bd5d1f9639b97b6b4949fbd3ad37e8c11fe5a724ce7040b3dd43",
                "Characteristic_Type_Key": "ba24910ac0e8ca3c483c08f90d28d666eb3c046b17f5f937563e87c105709c41",
                "Characteristic_Value": "COTTON2"
              }
            ],
            "Domain_Event_Key": "5f2b5d69f3febed8d5c63d151840fdf21f0d2e224503cd4c9dca4b1703d1a2a1",
            "Correlation_Id": "08a46b91-40a8-4c2f-90bc-355a5ca00b63",
            "Client_Identification": "996453",
            "System_Key": "416af674636f93b4303ecc8613ed21fe660b4cf9fcd941462878f2fcd74ce7c8",
            "Proc_Ts": "2020-04-13 10:40:51.805246",
            "Proc_Ts_Tz_Dst_Cd": "100",
            "Event_Ts": "2020-04-13 10:40:51.805246",
            "Event_Ts_Tz_Dst_Cd": "100"
          },
          "LogHeader": {
            "ERROR_TO_DE": "ERROR: duplicate key value violates unique constraint xak1commodity_characteristic_domain_event Detail: Key domn_evt_key cmdy_char_key sor_proc_ts x35663262356436396633666562656438643563363364313531383430666466323166306432653232343530336364346339646361346231373033643161326131 x39316530393133323138303462333836346336626239363237316437336463666132323035663765633839646631373332333733326262313136363662363934 2020 04 13 10:40:51.805246 already exists.",
            "RAW_KAFKA_QUEUE_NAME": "tc_id_70.ihl_dev_rm.reg.transportation.commodity-described.prepared.v1",
            "SPARK_JOB_NAME": "CommodityDescribedLoad"
          }
        },
        {
          "DomainEventHeader": {
            "SOR_INGT_CRT_TS": "2020-04-13 10:40:51.805246",
            "SOR_READ_TS": "2020-12-15 15:52:40.005",
            "DE_CRT_TS": "2020-12-15 15:52:40",
            "SOR_TPIC_NM": "reg.transportation.commodity.raw.v1",
            "DE_META": ""
          },
          "CommodityDescribed": {
            "Domain_Event_Type_Key": "e3b61a2ebf5b23ed3fd8ff58d88a71874f646ec36a6e49d48b10b0c9e3100d05",
            "Commodity_Key": "2e4a221bc5ddc3902af78254beafbbe7d88ba7e7c325335f84e631b5cedc8d36",
            "CommodityCharacteristics": [
              {
                "Commodity_Characteristic_Key": "0a95f14ef4444fc8cc5f8633daf7e8ef47f562da88c79ae8a3682806769d1770",
                "Characteristic_Type_Key": "384f5b7339b33adefe3edeee78962574f0d747f5c37222508e5ec2647294022a",
                "Characteristic_Value": "0112916"
              },
              {
                "Commodity_Characteristic_Key": "91e091321804b3864c6bb96271d73dcfa2205f7ec89df17323732bb11666b694",
                "Characteristic_Type_Key": "1361eedf3353ffcb60a1e037cfaa1a16a78e1f87ad4303635cdae8f20645f32e",
                "Characteristic_Value": "COTTON BOLLS2"
              },
              {
                "Commodity_Characteristic_Key": "97d8555397c3bd5d1f9639b97b6b4949fbd3ad37e8c11fe5a724ce7040b3dd43",
                "Characteristic_Type_Key": "ba24910ac0e8ca3c483c08f90d28d666eb3c046b17f5f937563e87c105709c41",
                "Characteristic_Value": "COTTON2"
              }
            ],
            "Domain_Event_Key": "5f2b5d69f3febed8d5c63d151840fdf21f0d2e224503cd4c9dca4b1703d1a2a1",
            "Correlation_Id": "08a46b91-40a8-4c2f-90bc-355a5ca00b63",
            "Client_Identification": "996453",
            "System_Key": "416af674636f93b4303ecc8613ed21fe660b4cf9fcd941462878f2fcd74ce7c8",
            "Proc_Ts": "2020-04-13 10:40:51.805246",
            "Proc_Ts_Tz_Dst_Cd": "100",
            "Event_Ts": "2020-04-13 10:40:51.805246",
            "Event_Ts_Tz_Dst_Cd": "100"
          },
          "LogHeader": {
            "ERROR_TO_DE": "ERROR: duplicate key value violates unique constraint xak1commodity_characteristic_domain_event Detail: Key domn_evt_key cmdy_char_key sor_proc_ts x35663262356436396633666562656438643563363364313531383430666466323166306432653232343530336364346339646361346231373033643161326131 x39376438353535333937633362643564316639363339623937623662343934396662643361643337653863313166653561373234636537303430623364643433 2020 04 13 10:40:51.805246 already exists.",
            "RAW_KAFKA_QUEUE_NAME": "tc_id_70.ihl_dev_rm.reg.transportation.commodity-described.prepared.v1",
            "SPARK_JOB_NAME": "CommodityDescribedLoad"
          }
        },
        {
          "DomainEventHeader": {
            "SOR_INGT_CRT_TS": "2020-04-13 10:40:51.805246",
            "SOR_READ_TS": "2020-12-15 15:52:40.005",
            "DE_CRT_TS": "2020-12-15 15:52:40",
            "SOR_TPIC_NM": "reg.transportation.commodity.raw.v1",
            "DE_META": ""
          },
          "CommodityDescribed": {
            "Domain_Event_Type_Key": "e3b61a2ebf5b23ed3fd8ff58d88a71874f646ec36a6e49d48b10b0c9e3100d05",
            "Commodity_Key": "2e4a221bc5ddc3902af78254beafbbe7d88ba7e7c325335f84e631b5cedc8d36",
            "CommodityCharacteristics": [
              {
                "Commodity_Characteristic_Key": "0a95f14ef4444fc8cc5f8633daf7e8ef47f562da88c79ae8a3682806769d1770",
                "Characteristic_Type_Key": "384f5b7339b33adefe3edeee78962574f0d747f5c37222508e5ec2647294022a",
                "Characteristic_Value": "0112916"
              },
              {
                "Commodity_Characteristic_Key": "91e091321804b3864c6bb96271d73dcfa2205f7ec89df17323732bb11666b694",
                "Characteristic_Type_Key": "1361eedf3353ffcb60a1e037cfaa1a16a78e1f87ad4303635cdae8f20645f32e",
                "Characteristic_Value": "COTTON BOLLS2"
              },
              {
                "Commodity_Characteristic_Key": "97d8555397c3bd5d1f9639b97b6b4949fbd3ad37e8c11fe5a724ce7040b3dd43",
                "Characteristic_Type_Key": "ba24910ac0e8ca3c483c08f90d28d666eb3c046b17f5f937563e87c105709c41",
                "Characteristic_Value": "COTTON2"
              }
            ],
            "Domain_Event_Key": "5f2b5d69f3febed8d5c63d151840fdf21f0d2e224503cd4c9dca4b1703d1a2a1",
            "Correlation_Id": "08a46b91-40a8-4c2f-90bc-355a5ca00b63",
            "Client_Identification": "996453",
            "System_Key": "416af674636f93b4303ecc8613ed21fe660b4cf9fcd941462878f2fcd74ce7c8",
            "Proc_Ts": "2020-04-13 10:40:51.805246",
            "Proc_Ts_Tz_Dst_Cd": "100",
            "Event_Ts": "2020-04-13 10:40:51.805246",
            "Event_Ts_Tz_Dst_Cd": "100"
          },
          "LogHeader": {
            "ERROR_TO_DE": "ERROR: duplicate key value violates unique constraint xak1commodity_characteristic_domain_event Detail: Key domn_evt_key cmdy_char_key sor_proc_ts x35663262356436396633666562656438643563363364313531383430666466323166306432653232343530336364346339646361346231373033643161326131 x30613935663134656634343434666338636335663836333364616637653865663437663536326461383863373961653861333638323830363736396431373730 2020 04 13 10:40:51.805246 already exists.",
            "RAW_KAFKA_QUEUE_NAME": "tc_id_70.ihl_dev_rm.reg.transportation.commodity-described.prepared.v1",
            "SPARK_JOB_NAME": "CommodityDescribedLoad"
          }
        }
      ]
    }
  ],
  "PostgreSQL_Output": [
    {
      "name": "dh_cmdy_char_domn_evt",
      "data": [
        {
          "domn_evt_key": "5f2b5d69f3febed8d5c63d151840fdf21f0d2e224503cd4c9dca4b1703d1a2a1",
          "cmdy_char_key": "0a95f14ef4444fc8cc5f8633daf7e8ef47f562da88c79ae8a3682806769d1770",
          "domn_evt_type_key": "e3b61a2ebf5b23ed3fd8ff58d88a71874f646ec36a6e49d48b10b0c9e3100d05",
          "cmdy_key": "2e4a221bc5ddc3902af78254beafbbe7d88ba7e7c325335f84e631b5cedc8d36",
          "char_type_key": "384f5b7339b33adefe3edeee78962574f0d747f5c37222508e5ec2647294022a",
          "char_val": "0112916",
          "sor_crlt_id": "08a46b91-40a8-4c2f-90bc-355a5ca00b63",
          "sys_key": "416af674636f93b4303ecc8613ed21fe660b4cf9fcd941462878f2fcd74ce7c8",
          "clnt_id": "996453",
          "sor_proc_ts": "2020-04-13 10:40:51.805246",
          "sor_evt_ts": "2020-04-13 10:40:51.805246",
          "sor_ingt_crt_ts": "2020-04-13 10:40:51.805246",
          "sor_read_ts": "2020-12-15 15:52:40.005000",
          "domn_evt_crt_ts": "2020-12-15 15:52:40",
          "sor_tpic_nm": "reg.transportation.commodity.raw.v1",
          "domn_evt_meta": "",
          "sor_evt_ts_tz_dst_cd": 100,
          "sor_proc_ts_tz_dst_cd": 100
        },
        {
          "domn_evt_key": "5f2b5d69f3febed8d5c63d151840fdf21f0d2e224503cd4c9dca4b1703d1a2a1",
          "cmdy_char_key": "91e091321804b3864c6bb96271d73dcfa2205f7ec89df17323732bb11666b694",
          "domn_evt_type_key": "e3b61a2ebf5b23ed3fd8ff58d88a71874f646ec36a6e49d48b10b0c9e3100d05",
          "cmdy_key": "2e4a221bc5ddc3902af78254beafbbe7d88ba7e7c325335f84e631b5cedc8d36",
          "char_type_key": "1361eedf3353ffcb60a1e037cfaa1a16a78e1f87ad4303635cdae8f20645f32e",
          "char_val": "COTTON BOLLS2",
          "sor_crlt_id": "08a46b91-40a8-4c2f-90bc-355a5ca00b63",
          "sys_key": "416af674636f93b4303ecc8613ed21fe660b4cf9fcd941462878f2fcd74ce7c8",
          "clnt_id": "996453",
          "sor_proc_ts": "2020-04-13 10:40:51.805246",
          "sor_evt_ts": "2020-04-13 10:40:51.805246",
          "sor_ingt_crt_ts": "2020-04-13 10:40:51.805246",
          "sor_read_ts": "2020-12-15 15:52:40.005000",
          "domn_evt_crt_ts": "2020-12-15 15:52:40",
          "sor_tpic_nm": "reg.transportation.commodity.raw.v1",
          "domn_evt_meta": "",
          "sor_evt_ts_tz_dst_cd": 100,
          "sor_proc_ts_tz_dst_cd": 100
        },
        {
          "domn_evt_key": "5f2b5d69f3febed8d5c63d151840fdf21f0d2e224503cd4c9dca4b1703d1a2a1",
          "cmdy_char_key": "97d8555397c3bd5d1f9639b97b6b4949fbd3ad37e8c11fe5a724ce7040b3dd43",
          "domn_evt_type_key": "e3b61a2ebf5b23ed3fd8ff58d88a71874f646ec36a6e49d48b10b0c9e3100d05",
          "cmdy_key": "2e4a221bc5ddc3902af78254beafbbe7d88ba7e7c325335f84e631b5cedc8d36",
          "char_type_key": "ba24910ac0e8ca3c483c08f90d28d666eb3c046b17f5f937563e87c105709c41",
          "char_val": "COTTON2",
          "sor_crlt_id": "08a46b91-40a8-4c2f-90bc-355a5ca00b63",
          "sys_key": "416af674636f93b4303ecc8613ed21fe660b4cf9fcd941462878f2fcd74ce7c8",
          "clnt_id": "996453",
          "sor_proc_ts": "2020-04-13 10:40:51.805246",
          "sor_evt_ts": "2020-04-13 10:40:51.805246",
          "sor_ingt_crt_ts": "2020-04-13 10:40:51.805246",
          "sor_read_ts": "2020-12-15 15:52:40.005000",
          "domn_evt_crt_ts": "2020-12-15 15:52:40",
          "sor_tpic_nm": "reg.transportation.commodity.raw.v1",
          "domn_evt_meta": "",
          "sor_evt_ts_tz_dst_cd": 100,
          "sor_proc_ts_tz_dst_cd": 100
        }
      ]
    },
    {
      "name": "dh_cmdy_char",
      "data": [
        {
          "cmdy_key": "2e4a221bc5ddc3902af78254beafbbe7d88ba7e7c325335f84e631b5cedc8d36",
          "char_type_key": "384f5b7339b33adefe3edeee78962574f0d747f5c37222508e5ec2647294022a",
          "char_val": "0112916",
          "act_stus_ind": 1,
          "sor_crlt_id": "08a46b91-40a8-4c2f-90bc-355a5ca00b63",
          "sys_key": "416af674636f93b4303ecc8613ed21fe660b4cf9fcd941462878f2fcd74ce7c8",
          "rpt_clnt_id": "996453",
          "rpt_sor_proc_ts": "2020-04-13 10:40:51.805246",
          "sor_evt_ts": "2020-04-13 10:40:51.805246",
          "rmv_clnt_id": null,
          "rmv_sor_proc_ts": null,
          "sor_ingt_crt_ts": "2020-04-13 10:40:51.805246",
          "sor_read_ts": "2020-12-15 15:52:40.005000",
          "domn_evt_crt_ts": "2020-12-15 15:52:40",
          "sor_tpic_nm": "reg.transportation.commodity.raw.v1",
          "domn_evt_meta": "",
          "sor_evt_ts_tz_dst_cd": 100,
          "sor_proc_ts_tz_dst_cd": 100
        },
        {
          "cmdy_key": "2e4a221bc5ddc3902af78254beafbbe7d88ba7e7c325335f84e631b5cedc8d36",
          "char_type_key": "1361eedf3353ffcb60a1e037cfaa1a16a78e1f87ad4303635cdae8f20645f32e",
          "char_val": "COTTON BOLLS2",
          "act_stus_ind": 1,
          "sor_crlt_id": "08a46b91-40a8-4c2f-90bc-355a5ca00b63",
          "sys_key": "416af674636f93b4303ecc8613ed21fe660b4cf9fcd941462878f2fcd74ce7c8",
          "rpt_clnt_id": "996453",
          "rpt_sor_proc_ts": "2020-04-13 10:40:51.805246",
          "sor_evt_ts": "2020-04-13 10:40:51.805246",
          "rmv_clnt_id": null,
          "rmv_sor_proc_ts": null,
          "sor_ingt_crt_ts": "2020-04-13 10:40:51.805246",
          "sor_read_ts": "2020-12-15 15:52:40.005000",
          "domn_evt_crt_ts": "2020-12-15 15:52:40",
          "sor_tpic_nm": "reg.transportation.commodity.raw.v1",
          "domn_evt_meta": "",
          "sor_evt_ts_tz_dst_cd": 100,
          "sor_proc_ts_tz_dst_cd": 100
        },
        {
          "cmdy_key": "2e4a221bc5ddc3902af78254beafbbe7d88ba7e7c325335f84e631b5cedc8d36",
          "char_type_key": "ba24910ac0e8ca3c483c08f90d28d666eb3c046b17f5f937563e87c105709c41",
          "char_val": "COTTON2",
          "act_stus_ind": 1,
          "sor_crlt_id": "08a46b91-40a8-4c2f-90bc-355a5ca00b63",
          "sys_key": "416af674636f93b4303ecc8613ed21fe660b4cf9fcd941462878f2fcd74ce7c8",
          "rpt_clnt_id": "996453",
          "rpt_sor_proc_ts": "2020-04-13 10:40:51.805246",
          "sor_evt_ts": "2020-04-13 10:40:51.805246",
          "rmv_clnt_id": null,
          "rmv_sor_proc_ts": null,
          "sor_ingt_crt_ts": "2020-04-13 10:40:51.805246",
          "sor_read_ts": "2020-12-15 15:52:40.005000",
          "domn_evt_crt_ts": "2020-12-15 15:52:40",
          "sor_tpic_nm": "reg.transportation.commodity.raw.v1",
          "domn_evt_meta": "",
          "sor_evt_ts_tz_dst_cd": 100,
          "sor_proc_ts_tz_dst_cd": 100
        }
      ]
    }
  ]
}