{
  "Kafka_Output": [
    {
      "name": "tc_id_71.ihl_dev_rm.reg.tm.prepared.dhPGLogs.v1",
      "data": [
        {
          "DomainEventHeader": {
            "SOR_INGT_CRT_TS": "2020-03-13 10:40:51.805246",
            "SOR_READ_TS": "2020-12-15 15:50:16.004",
            "DE_CRT_TS": "2020-12-15 15:50:16",
            "SOR_TPIC_NM": "reg.transportation.commodity.raw.v1",
            "DE_META": ""
          },
          "CommodityCreated": {
            "Domain_Event_Type_Key": "e3b61a2ebf5b23ed3fd8ff58d88a71874f646ec36a6e49d48b10b0c9e3100d05",
            "Commodity_Key": "2e2798b866dfc04ec2eb21760244e113a196161d2ac124aac381f32c00b182e4",
            "Commodity_Type_Key": "2d2d158bc5ea7a5aa55cf077e0bf903efca3dbd9f4356a5d899f1aed20b9e2d0",
            "Identification_Type_Key": "1f9aeef1a4455af29d8ca3378f316ec59ec3441a9c9a37ca8f3e9ca76e196d15",
            "Identification_Value": "0112915",
            "Domain_Event_Key": "319b4b80f5c4721625764733b457ddfd2f299e1c801d6cb2e0839ff5907b941a",
            "Correlation_Id": "08a46b91-40a8-4c2f-90bc-355a5ca00b62",
            "Client_Identification": "996452",
            "System_Key": "416af674636f93b4303ecc8613ed21fe660b4cf9fcd941462878f2fcd74ce7c8",
            "Proc_Ts": "2020-03-13 10:40:51.805246",
            "Proc_Ts_Tz_Dst_Cd": "100",
            "Event_Ts": "2020-03-13 10:40:51.805246",
            "Event_Ts_Tz_Dst_Cd": "100"
          },
          "LogHeader": {
            "ERROR_TO_DE": "ERROR: duplicate key value violates unique constraint xak1commodity_domain_event Detail: Key domn_evt_key sor_proc_ts x33313962346238306635633437323136323537363437333362343537646466643266323939653163383031643663623265303833396666353930376239343161 2020 03 13 10:40:51.805246 already exists.",
            "RAW_KAFKA_QUEUE_NAME": "tc_id_71.ihl_dev_rm.reg.transportation.commodity-created.prepared.v1",
            "SPARK_JOB_NAME": "CommodityCreateLoad"
          }
        }
      ]
    }
  ],
  "PostgreSQL_Output": [
    {
      "name": "dh_cmdy_cond_domn_evt",
      "data": [
        {
          "domn_evt_key": "3362bda86643de70612f8a6be9200bad265f330f56ad1417de1420946c021624",
          "cond_char_key": "1a46ccf7b339af3c37f9b4c38aa4ee1c7d0e150516452a6a127edece5da19b12",
          "domn_evt_type_key": "e3b61a2ebf5b23ed3fd8ff58d88a71874f646ec36a6e49d48b10b0c9e3100d05",
          "cmdy_key": "3a96e2fc8f30df421beb54d54a7f7ee18b1b2c5d52202b0681366d51bbee8e52",
          "char_type_key": "507c151192205a8a1f991beda19bcbdbc613f5f81652bac1536f8a39d275791d",
          "char_val": "20201001",
          "sor_crlt_id": "08a46b91-40a8-4c2f-90bc-355a5ca00b83",
          "sys_key": "416af674636f93b4303ecc8613ed21fe660b4cf9fcd941462878f2fcd74ce7c8",
          "clnt_id": "Commodity Industry Reference File (IRF)",
          "sor_proc_ts": "2020-10-13 10:40:51.805246",
          "sor_evt_ts": "2020-10-13 10:40:51.805246",
          "sor_ingt_crt_ts": "2020-10-13 10:40:51.805246",
          "sor_read_ts": "2020-12-15 15:46:56.007000",
          "domn_evt_crt_ts": "2020-12-15 15:46:56",
          "sor_tpic_nm": "reg.transportation.commodity.raw.v1",
          "domn_evt_meta": "",
          "sor_evt_ts_tz_dst_cd": 100,
          "sor_proc_ts_tz_dst_cd": 100
        },
        {
          "domn_evt_key": "3362bda86643de70612f8a6be9200bad265f330f56ad1417de1420946c021624",
          "cond_char_key": "0ae45ba43ce64f1a18f2ef0559f3da9a5b9c2466bc12a5c4139ef16284211b42",
          "domn_evt_type_key": "e3b61a2ebf5b23ed3fd8ff58d88a71874f646ec36a6e49d48b10b0c9e3100d05",
          "cmdy_key": "3a96e2fc8f30df421beb54d54a7f7ee18b1b2c5d52202b0681366d51bbee8e52",
          "char_type_key": "a81a7bb99afc4e23aef8fb2c7192c65ad501d5c7bf5b99bc3bffe46bcbfe5b96",
          "char_val": "99991230",
          "sor_crlt_id": "08a46b91-40a8-4c2f-90bc-355a5ca00b83",
          "sys_key": "416af674636f93b4303ecc8613ed21fe660b4cf9fcd941462878f2fcd74ce7c8",
          "clnt_id": "Commodity Industry Reference File (IRF)",
          "sor_proc_ts": "2020-10-13 10:40:51.805246",
          "sor_evt_ts": "2020-10-13 10:40:51.805246",
          "sor_ingt_crt_ts": "2020-10-13 10:40:51.805246",
          "sor_read_ts": "2020-12-15 15:46:56.007000",
          "domn_evt_crt_ts": "2020-12-15 15:46:56",
          "sor_tpic_nm": "reg.transportation.commodity.raw.v1",
          "domn_evt_meta": "",
          "sor_evt_ts_tz_dst_cd": 100,
          "sor_proc_ts_tz_dst_cd": 100
        }
      ]
    },
    {
      "name": "dh_cmdy_cond",
      "data": [
        {
          "cmdy_key": "3a96e2fc8f30df421beb54d54a7f7ee18b1b2c5d52202b0681366d51bbee8e52",
          "char_type_key": "507c151192205a8a1f991beda19bcbdbc613f5f81652bac1536f8a39d275791d",
          "char_val": "20201001",
          "act_stus_ind": 1,
          "sor_crlt_id": "08a46b91-40a8-4c2f-90bc-355a5ca00b83",
          "sys_key": "416af674636f93b4303ecc8613ed21fe660b4cf9fcd941462878f2fcd74ce7c8",
          "rpt_clnt_id": "Commodity Industry Reference File (IRF)",
          "rpt_sor_proc_ts": "2020-10-13 10:40:51.805246",
          "sor_evt_ts": "2020-10-13 10:40:51.805246",
          "rmv_clnt_id": null,
          "rmv_sor_proc_ts": null,
          "sor_ingt_crt_ts": "2020-10-13 10:40:51.805246",
          "sor_read_ts": "2020-12-15 15:46:56.007000",
          "domn_evt_crt_ts": "2020-12-15 15:46:56",
          "sor_tpic_nm": "reg.transportation.commodity.raw.v1",
          "domn_evt_meta": "",
          "sor_evt_ts_tz_dst_cd": 100,
          "sor_proc_ts_tz_dst_cd": 100
        },
        {
          "cmdy_key": "3a96e2fc8f30df421beb54d54a7f7ee18b1b2c5d52202b0681366d51bbee8e52",
          "char_type_key": "a81a7bb99afc4e23aef8fb2c7192c65ad501d5c7bf5b99bc3bffe46bcbfe5b96",
          "char_val": "99991230",
          "act_stus_ind": 1,
          "sor_crlt_id": "08a46b91-40a8-4c2f-90bc-355a5ca00b83",
          "sys_key": "416af674636f93b4303ecc8613ed21fe660b4cf9fcd941462878f2fcd74ce7c8",
          "rpt_clnt_id": "Commodity Industry Reference File (IRF)",
          "rpt_sor_proc_ts": "2020-10-13 10:40:51.805246",
          "sor_evt_ts": "2020-10-13 10:40:51.805246",
          "rmv_clnt_id": null,
          "rmv_sor_proc_ts": null,
          "sor_ingt_crt_ts": "2020-10-13 10:40:51.805246",
          "sor_read_ts": "2020-12-15 15:46:56.007000",
          "domn_evt_crt_ts": "2020-12-15 15:46:56",
          "sor_tpic_nm": "reg.transportation.commodity.raw.v1",
          "domn_evt_meta": "",
          "sor_evt_ts_tz_dst_cd": 100,
          "sor_proc_ts_tz_dst_cd": 100
        }
      ]
    }
  ]
}