{
  "Kafka_Output": [
    {
      "name": "tc_id_68.ihl_dev_rm.reg.transportation.commodity-removed.prepared.v1",
      "data": [
        {
          "DomainEventHeader": {
            "SOR_INGT_CRT_TS": "2021-02-19T18:00:13.070Z",
            "SOR_TPIC_NM": "tc_id_68.ihl_dev_rm.reg.transportation.commodity.raw.v1",
            "DE_META": ""
          },
          "CommodityRemoved": {
            "Domain_Event_Type_Key": "a16c5ba057628866b318f709f5496a7b5e7cc21c1c098ca136e257faab49e0d8",
            "Commodity_Key": "962adbe3123df6cd259d34901f0036f8c96bdc3f8cee83ab0f8b9a50bc51db79",
            "Commodity_Type_Key": "2d2d158bc5ea7a5aa55cf077e0bf903efca3dbd9f4356a5d899f1aed20b9e2d0",
            "Identification_Type_Key": "1f9aeef1a4455af29d8ca3378f316ec59ec3441a9c9a37ca8f3e9ca76e196d15",
            "Identification_Value": "9009099",
            "Domain_Event_Key": "da9d00efa8c77638db95953b73ca92873225ea58193e7b0870b7de72c9fee8c1",
            "Correlation_Id": "2963e91c-65ac-444a-ae9e-cf5a04f04f21",
            "Client_Identification": "TRACS",
            "System_Key": "416af674636f93b4303ecc8613ed21fe660b4cf9fcd941462878f2fcd74ce7c8",
            "Proc_Ts": "2021-02-19T18:00:13.070Z",
            "Proc_Ts_Tz_Dst_Cd": "100",
            "Event_Ts": "2021-02-19T18:00:13.070Z",
            "Event_Ts_Tz_Dst_Cd": "100"
          }
        }
      ]
    },
    {
      "name": "tc_id_68.ihl_dev_rm.reg.transportation.commodity-created.prepared.v1",
      "data": [
        {
          "DomainEventHeader": {
            "SOR_INGT_CRT_TS": "2021-02-19T18:00:13.070Z",
            "SOR_TPIC_NM": "tc_id_68.ihl_dev_rm.reg.transportation.commodity.raw.v1",
            "DE_META": ""
          },
          "CommodityCreated": {
            "Domain_Event_Type_Key": "e3b61a2ebf5b23ed3fd8ff58d88a71874f646ec36a6e49d48b10b0c9e3100d05",
            "Commodity_Key": "73959a9570efcce6a677196f6142569cd1dfe03ef651fccc3d513c871807591e",
            "Commodity_Type_Key": "2d2d158bc5ea7a5aa55cf077e0bf903efca3dbd9f4356a5d899f1aed20b9e2d0",
            "Identification_Type_Key": "1f9aeef1a4455af29d8ca3378f316ec59ec3441a9c9a37ca8f3e9ca76e196d15",
            "Identification_Value": "9009095",
            "Domain_Event_Key": "954ac3d2a15a9b9564996c95c6e17c886a303755c2b74e4a853ea0f42e3b5c85",
            "Correlation_Id": "6dbf779b-d183-4c91-9c00-eaed9f335c95",
            "Client_Identification": "Commodity Industry Reference File (IRF)",
            "System_Key": "416af674636f93b4303ecc8613ed21fe660b4cf9fcd941462878f2fcd74ce7c8",
            "Proc_Ts": "2021-02-19T18:00:13.070Z",
            "Proc_Ts_Tz_Dst_Cd": "100",
            "Event_Ts": "2021-02-19T18:00:13.070Z",
            "Event_Ts_Tz_Dst_Cd": "100"
          }
        },
        {
          "DomainEventHeader": {
            "SOR_INGT_CRT_TS": "2021-02-19T18:00:13.070Z",
            "SOR_TPIC_NM": "tc_id_68.ihl_dev_rm.reg.transportation.commodity.raw.v1",
            "DE_META": ""
          },
          "CommodityCreated": {
            "Domain_Event_Type_Key": "e3b61a2ebf5b23ed3fd8ff58d88a71874f646ec36a6e49d48b10b0c9e3100d05",
            "Commodity_Key": "bca98c1c90ae95fb6db15b78661bfa2cd669f456fd35cc665e2ffc427a04391c",
            "Commodity_Type_Key": "2d2d158bc5ea7a5aa55cf077e0bf903efca3dbd9f4356a5d899f1aed20b9e2d0",
            "Identification_Type_Key": "1f9aeef1a4455af29d8ca3378f316ec59ec3441a9c9a37ca8f3e9ca76e196d15",
            "Identification_Value": "9009094",
            "Domain_Event_Key": "150dfbe6ebfb2edd3e6485ead8fec33329b83ba8cca17e64403beecda9f0c523",
            "Correlation_Id": "29c43444-40f6-4d63-b3a6-49ca2c283258",
            "Client_Identification": "TRACS",
            "System_Key": "416af674636f93b4303ecc8613ed21fe660b4cf9fcd941462878f2fcd74ce7c8",
            "Proc_Ts": "2021-02-19T18:00:13.070Z",
            "Proc_Ts_Tz_Dst_Cd": "100",
            "Event_Ts": "2021-02-19T18:00:13.070Z",
            "Event_Ts_Tz_Dst_Cd": "100"
          }
        }
      ]
    },
    {
      "name": "tc_id_68.ihl_dev_rm.reg.transportation.commodity-described.prepared.v1",
      "data": [
        {
          "DomainEventHeader": {
            "SOR_INGT_CRT_TS": "2021-02-19T18:00:13.070Z",
            "SOR_TPIC_NM": "tc_id_68.ihl_dev_rm.reg.transportation.commodity.raw.v1",
            "DE_META": ""
          },
          "CommodityDescribed": {
            "Domain_Event_Type_Key": "c7881817d6d6fabbc8c8be4c1a5310d4b02d506473e08a55032dedde16c0b3fa",
            "Commodity_Key": "962adbe3123df6cd259d34901f0036f8c96bdc3f8cee83ab0f8b9a50bc51db79",
            "CommodityCharacteristics": [
              {}
            ],
            "Domain_Event_Key": "4c050c74af5955ba88c47f8ce18fb4af9aa5c472ff8e3383478a2ac079def2d8",
            "Correlation_Id": "2963e91c-65ac-444a-ae9e-cf5a04f04f21",
            "Client_Identification": "TRACS",
            "System_Key": "416af674636f93b4303ecc8613ed21fe660b4cf9fcd941462878f2fcd74ce7c8",
            "Proc_Ts": "2021-02-19T18:00:13.070Z",
            "Proc_Ts_Tz_Dst_Cd": "100",
            "Event_Ts": "2021-02-19T18:00:13.070Z",
            "Event_Ts_Tz_Dst_Cd": "100"
          }
        },
        {
          "DomainEventHeader": {
            "SOR_INGT_CRT_TS": "2021-02-19T18:00:13.070Z",
            "SOR_TPIC_NM": "tc_id_68.ihl_dev_rm.reg.transportation.commodity.raw.v1",
            "DE_META": ""
          },
          "CommodityDescribed": {
            "Domain_Event_Type_Key": "e3b61a2ebf5b23ed3fd8ff58d88a71874f646ec36a6e49d48b10b0c9e3100d05",
            "Commodity_Key": "73959a9570efcce6a677196f6142569cd1dfe03ef651fccc3d513c871807591e",
            "CommodityCharacteristics": [
              {
                "Commodity_Characteristic_Key": "8c96b71d99924eb5a9903222f75de76ed21f4b1dec21c1b54f6d529841fa1af6",
                "Characteristic_Type_Key": "384f5b7339b33adefe3edeee78962574f0d747f5c37222508e5ec2647294022a",
                "Characteristic_Value": "9009095"
              },
              {
                "Commodity_Characteristic_Key": "1f34e92e976f1aaf4d592012f93603746ee786184497b534633e3b0323570a63",
                "Characteristic_Type_Key": "1361eedf3353ffcb60a1e037cfaa1a16a78e1f87ad4303635cdae8f20645f32e",
                "Characteristic_Value": "PILE DRIVER"
              },
              {
                "Commodity_Characteristic_Key": "a044468f07e75fb46ebdb9fd548fae6bde0cf0b2c69a8e03e0cc5424ff36c84a",
                "Characteristic_Type_Key": "ba24910ac0e8ca3c483c08f90d28d666eb3c046b17f5f937563e87c105709c41",
                "Characteristic_Value": "PILE D"
              },
              {
                "Commodity_Characteristic_Key": "ca78e8d793325a5e0ab7cb7bd2c03681c12738421cd5b1b745e0c458fb929c55",
                "Characteristic_Type_Key": "2c39a060dfae6fd5b3c26bf80d3d177eaf45f8c1eddb6b8ecbf5d1ad472c452f",
                "Characteristic_Value": "PILE DRIVER"
              },
              {
                "Commodity_Characteristic_Key": "0f8284b55b879ced31e720722d8c3b00dbf9baff3cc4101af2c02d85437857e7",
                "Characteristic_Type_Key": "5f762fee0b5f90ae05522e11a0d45f44a75e70c764d8b937f0a1f8cb9f3ffeae",
                "Characteristic_Value": ""
              }
            ],
            "Domain_Event_Key": "954ac3d2a15a9b9564996c95c6e17c886a303755c2b74e4a853ea0f42e3b5c85",
            "Correlation_Id": "6dbf779b-d183-4c91-9c00-eaed9f335c95",
            "Client_Identification": "Commodity Industry Reference File (IRF)",
            "System_Key": "416af674636f93b4303ecc8613ed21fe660b4cf9fcd941462878f2fcd74ce7c8",
            "Proc_Ts": "2021-02-19T18:00:13.070Z",
            "Proc_Ts_Tz_Dst_Cd": "100",
            "Event_Ts": "2021-02-19T18:00:13.070Z",
            "Event_Ts_Tz_Dst_Cd": "100"
          }
        },
        {
          "DomainEventHeader": {
            "SOR_INGT_CRT_TS": "2021-02-19T18:00:13.070Z",
            "SOR_TPIC_NM": "tc_id_68.ihl_dev_rm.reg.transportation.commodity.raw.v1",
            "DE_META": ""
          },
          "CommodityDescribed": {
            "Domain_Event_Type_Key": "e3b61a2ebf5b23ed3fd8ff58d88a71874f646ec36a6e49d48b10b0c9e3100d05",
            "Commodity_Key": "bca98c1c90ae95fb6db15b78661bfa2cd669f456fd35cc665e2ffc427a04391c",
            "CommodityCharacteristics": [
              {
                "Commodity_Characteristic_Key": "ba85ba8fa721a393deb596ec747829bbaef78150cb7a9194db87644611cb10e8",
                "Characteristic_Type_Key": "384f5b7339b33adefe3edeee78962574f0d747f5c37222508e5ec2647294022a",
                "Characteristic_Value": "9009094"
              },
              {
                "Commodity_Characteristic_Key": "d162fdf5cbf325785381a710551d96a067238d1db6a20b1cf9959570e32fca38",
                "Characteristic_Type_Key": "1361eedf3353ffcb60a1e037cfaa1a16a78e1f87ad4303635cdae8f20645f32e",
                "Characteristic_Value": "FLANGER"
              },
              {
                "Commodity_Characteristic_Key": "5a9f3c51ec6b538491497df3f81ad4137e90dffe92b4ff42a1e34a595c9eea06",
                "Characteristic_Type_Key": "ba24910ac0e8ca3c483c08f90d28d666eb3c046b17f5f937563e87c105709c41",
                "Characteristic_Value": "FLANGE"
              },
              {
                "Commodity_Characteristic_Key": "b28c564ddeb8ff11dfe3e1a1ae261ee142ac7c507b47056b51eedcc2d426e059",
                "Characteristic_Type_Key": "2c39a060dfae6fd5b3c26bf80d3d177eaf45f8c1eddb6b8ecbf5d1ad472c452f",
                "Characteristic_Value": "FLANGER"
              },
              {
                "Commodity_Characteristic_Key": "f96c251c5b490edc24a0669b2f6a6bc3fbf72f1e92a69701b632993179f8a956",
                "Characteristic_Type_Key": "5f762fee0b5f90ae05522e11a0d45f44a75e70c764d8b937f0a1f8cb9f3ffeae",
                "Characteristic_Value": ""
              }
            ],
            "Domain_Event_Key": "150dfbe6ebfb2edd3e6485ead8fec33329b83ba8cca17e64403beecda9f0c523",
            "Correlation_Id": "29c43444-40f6-4d63-b3a6-49ca2c283258",
            "Client_Identification": "TRACS",
            "System_Key": "416af674636f93b4303ecc8613ed21fe660b4cf9fcd941462878f2fcd74ce7c8",
            "Proc_Ts": "2021-02-19T18:00:13.070Z",
            "Proc_Ts_Tz_Dst_Cd": "100",
            "Event_Ts": "2021-02-19T18:00:13.070Z",
            "Event_Ts_Tz_Dst_Cd": "100"
          }
        }
      ]
    },
    {
      "name": "tc_id_68.ihl_dev_rm.reg.transportation.commodity-condition-created.prepared.v1",
      "data": [
        {
          "DomainEventHeader": {
            "SOR_INGT_CRT_TS": "2021-02-19T18:00:13.070Z",
            "SOR_TPIC_NM": "tc_id_68.ihl_dev_rm.reg.transportation.commodity.raw.v1",
            "DE_META": ""
          },
          "CommodityConditionCreated": {
            "Domain_Event_Type_Key": "e3b61a2ebf5b23ed3fd8ff58d88a71874f646ec36a6e49d48b10b0c9e3100d05",
            "Commodity_Key": "bca98c1c90ae95fb6db15b78661bfa2cd669f456fd35cc665e2ffc427a04391c",
            "ConditionCharacteristics": [
              {
                "Condition_Characteristic_Key": "a2c134df9741bdd204f4e62c71b1e8a321bec7182029061c1083302335e43d47",
                "Characteristic_Type_Key": "507c151192205a8a1f991beda19bcbdbc613f5f81652bac1536f8a39d275791d",
                "Characteristic_Value": "19940107"
              },
              {
                "Condition_Characteristic_Key": "27e8c00e785dda90d9e85eef5f8a932cd7f538aeec7321bbcb6892b0c235b8a5",
                "Characteristic_Type_Key": "a81a7bb99afc4e23aef8fb2c7192c65ad501d5c7bf5b99bc3bffe46bcbfe5b96",
                "Characteristic_Value": "20991231"
              }
            ],
            "Domain_Event_Key": "150dfbe6ebfb2edd3e6485ead8fec33329b83ba8cca17e64403beecda9f0c523",
            "Correlation_Id": "29c43444-40f6-4d63-b3a6-49ca2c283258",
            "Client_Identification": "TRACS",
            "System_Key": "416af674636f93b4303ecc8613ed21fe660b4cf9fcd941462878f2fcd74ce7c8",
            "Proc_Ts": "2021-02-19T18:00:13.070Z",
            "Proc_Ts_Tz_Dst_Cd": "100",
            "Event_Ts": "2021-02-19T18:00:13.070Z",
            "Event_Ts_Tz_Dst_Cd": "100"
          }
        },
        {
          "DomainEventHeader": {
            "SOR_INGT_CRT_TS": "2021-02-19T18:00:13.070Z",
            "SOR_TPIC_NM": "tc_id_68.ihl_dev_rm.reg.transportation.commodity.raw.v1",
            "DE_META": ""
          },
          "CommodityConditionCreated": {
            "Domain_Event_Type_Key": "c7881817d6d6fabbc8c8be4c1a5310d4b02d506473e08a55032dedde16c0b3fa",
            "Commodity_Key": "962adbe3123df6cd259d34901f0036f8c96bdc3f8cee83ab0f8b9a50bc51db79",
            "ConditionCharacteristics": [
              {}
            ],
            "Domain_Event_Key": "4c050c74af5955ba88c47f8ce18fb4af9aa5c472ff8e3383478a2ac079def2d8",
            "Correlation_Id": "2963e91c-65ac-444a-ae9e-cf5a04f04f21",
            "Client_Identification": "TRACS",
            "System_Key": "416af674636f93b4303ecc8613ed21fe660b4cf9fcd941462878f2fcd74ce7c8",
            "Proc_Ts": "2021-02-19T18:00:13.070Z",
            "Proc_Ts_Tz_Dst_Cd": "100",
            "Event_Ts": "2021-02-19T18:00:13.070Z",
            "Event_Ts_Tz_Dst_Cd": "100"
          }
        },
        {
          "DomainEventHeader": {
            "SOR_INGT_CRT_TS": "2021-02-19T18:00:13.070Z",
            "SOR_TPIC_NM": "tc_id_68.ihl_dev_rm.reg.transportation.commodity.raw.v1",
            "DE_META": ""
          },
          "CommodityConditionCreated": {
            "Domain_Event_Type_Key": "e3b61a2ebf5b23ed3fd8ff58d88a71874f646ec36a6e49d48b10b0c9e3100d05",
            "Commodity_Key": "73959a9570efcce6a677196f6142569cd1dfe03ef651fccc3d513c871807591e",
            "ConditionCharacteristics": [
              {
                "Condition_Characteristic_Key": "6cd2c9adab74161d815ba6b48014155eee657cb34fc65cbd10766a51a1900185",
                "Characteristic_Type_Key": "507c151192205a8a1f991beda19bcbdbc613f5f81652bac1536f8a39d275791d",
                "Characteristic_Value": "19940107"
              },
              {
                "Condition_Characteristic_Key": "5eed2910226062a11a2eb9ae7006dce62bf5d140e21681fec0bb3e92b2404a3a",
                "Characteristic_Type_Key": "a81a7bb99afc4e23aef8fb2c7192c65ad501d5c7bf5b99bc3bffe46bcbfe5b96",
                "Characteristic_Value": "20991231"
              }
            ],
            "Domain_Event_Key": "954ac3d2a15a9b9564996c95c6e17c886a303755c2b74e4a853ea0f42e3b5c85",
            "Correlation_Id": "6dbf779b-d183-4c91-9c00-eaed9f335c95",
            "Client_Identification": "Commodity Industry Reference File (IRF)",
            "System_Key": "416af674636f93b4303ecc8613ed21fe660b4cf9fcd941462878f2fcd74ce7c8",
            "Proc_Ts": "2021-02-19T18:00:13.070Z",
            "Proc_Ts_Tz_Dst_Cd": "100",
            "Event_Ts": "2021-02-19T18:00:13.070Z",
            "Event_Ts_Tz_Dst_Cd": "100"
          }
        }
      ]
    },
    {
      "name": "tc_id_68.ihl_dev_rm.reg.tm.prepared.rteErr.v1",
      "data": [
        {
          "IngestionHeader": {
            "ING_CRT_TS": null,
            "PRODUCT_ID": "A503",
            "UUID": null,
            "FORMAT": "JSON"
          },
          "Commodity": {
            "UPD_ID": "TRACS   ",
            "IBMSNAP_OPERATION": "U",
            "SPL_ACCT_CD": " ",
            "IBMSNAP_LOGMARKER": "2021-02-19 12:55:32.552296",
            "CMDTY_DES_ABBR": "SNOW P",
            "CRT_TM": "00:00:00",
            "IBMSNAP_INTENTSEQ": "00d94c4714bfdabd8e00000000000001",
            "CMDTY_MICRO_ID": "SPLOW ",
            "BUS_UNIT_CD": "25",
            "VAN_LVL_SVC_CD": " ",
            "CMDTY_HI_TON": "   ",
            "DOT_CMDTY_ID": "      ",
            "HARMONIZED_CD": "            ",
            "UPD_DT": "2006-10-20",
            "MIN_2410_NUMB": "315",
            "ACTG_CMDTY_DES": "SNOW PLOW",
            "CS54_GRP_NUMB": "  ",
            "ACCTG_MAJ_SUBG": "   ",
            "CMDTY_15_DESC": "SNOW PLOW      ",
            "MAJ_2410_NUMB": "40",
            "HAZ_DECL_FLG": " ",
            "CRT_ID": "        ",
            "LADG_CD": "C",
            "EXP_DT": "20991231",
            "IBMSNAP_COMMITSEQ": "00d94c4714c1a68ba000000000000001",
            "EFF_DT": "19940107",
            "FRTR_CMDTY_LVL": "1      ",
            "GST_GRP_NUMB": "  ",
            "STCC_NUMBER": null,
            "CRT_DT": "0001-01-01",
            "PROD_CLS_SER": "9009093",
            "ACCTG_MAJ_GRP": "  ",
            "CMDTY_LO_TON": "  ",
            "UPD_TM": "18:02:27",
            "WGHT_TOL_FTR": " "
          },
          "LogHeader": {
            "ERROR_TO_DE": "SOR_INGT_CRT_TS is NULL and Correlation_Id is NULL and STCC_NUMBER is NULL",
            "RAW_KAFKA_QUEUE_NAME": "tc_id_68.ihl_dev_rm.reg.transportation.commodity.raw.v1",
            "SPARK_JOB_NAME": "CommodityDomainFeed"
          }
        }
      ]
    }
  ]
}