{
  "Kafka_Output": [
    {
      "name": "tc_id_69.ihl_dev_rm.reg.tm.prepared.dhPGLogs.v1",
      "data": [
        {
          "DomainEventHeader": {
            "SOR_INGT_CRT_TS": "2020-10-13 10:40:51.805246",
            "SOR_READ_TS": "2020-12-15 15:46:56.007",
            "DE_CRT_TS": "2020-12-15 15:46:56",
            "SOR_TPIC_NM": "reg.transportation.commodity.raw.v1",
            "DE_META": ""
          },
          "CommodityConditionCreated": {
            "Domain_Event_Type_Key": "e3b61a2ebf5b23ed3fd8ff58d88a71874f646ec36a6e49d48b10b0c9e3100d05",
            "Commodity_Key": "3a96e2fc8f30df421beb54d54a7f7ee18b1b2c5d52202b0681366d51bbee8e52",
            "ConditionCharacteristics": [
              {
                "Condition_Characteristic_Key": "1a46ccf7b339af3c37f9b4c38aa4ee1c7d0e150516452a6a127edece5da19b12",
                "Characteristic_Type_Key": "507c151192205a8a1f991beda19bcbdbc613f5f81652bac1536f8a39d275791d",
                "Characteristic_Value": "20201001"
              },
              {
                "Condition_Characteristic_Key": "0ae45ba43ce64f1a18f2ef0559f3da9a5b9c2466bc12a5c4139ef16284211b42",
                "Characteristic_Type_Key": "a81a7bb99afc4e23aef8fb2c7192c65ad501d5c7bf5b99bc3bffe46bcbfe5b96",
                "Characteristic_Value": "99991230"
              }
            ],
            "Domain_Event_Key": "3362bda86643de70612f8a6be9200bad265f330f56ad1417de1420946c021624",
            "Correlation_Id": "08a46b91-40a8-4c2f-90bc-355a5ca00b83",
            "Client_Identification": "Commodity Industry Reference File (IRF)",
            "System_Key": "416af674636f93b4303ecc8613ed21fe660b4cf9fcd941462878f2fcd74ce7c8",
            "Proc_Ts": "2020-10-13 10:40:51.805246",
            "Proc_Ts_Tz_Dst_Cd": "100",
            "Event_Ts": "2020-10-13 10:40:51.805246",
            "Event_Ts_Tz_Dst_Cd": "100"
          },
          "LogHeader": {
            "ERROR_TO_DE": "ERROR: duplicate key value violates unique constraint xak1commodity_condition_domain_event Detail: Key domn_evt_key cond_char_key sor_proc_ts x33333632626461383636343364653730363132663861366265393230306261643236356633333066353661643134313764653134323039343663303231363234 x30616534356261343363653634663161313866326566303535396633646139613562396332343636626331326135633431333965663136323834323131623432 2020 10 13 10:40:51.805246 already exists.",
            "RAW_KAFKA_QUEUE_NAME": "tc_id_69.ihl_dev_rm.reg.transportation.commodity-condition-created.prepared.v1",
            "SPARK_JOB_NAME": "CommodityConditionCreatedLoad"
          }
        },
        {
          "DomainEventHeader": {
            "SOR_INGT_CRT_TS": "2020-10-13 10:40:51.805246",
            "SOR_READ_TS": "2020-12-15 15:46:56.007",
            "DE_CRT_TS": "2020-12-15 15:46:56",
            "SOR_TPIC_NM": "reg.transportation.commodity.raw.v1",
            "DE_META": ""
          },
          "CommodityConditionCreated": {
            "Domain_Event_Type_Key": "e3b61a2ebf5b23ed3fd8ff58d88a71874f646ec36a6e49d48b10b0c9e3100d05",
            "Commodity_Key": "3a96e2fc8f30df421beb54d54a7f7ee18b1b2c5d52202b0681366d51bbee8e52",
            "ConditionCharacteristics": [
              {
                "Condition_Characteristic_Key": "1a46ccf7b339af3c37f9b4c38aa4ee1c7d0e150516452a6a127edece5da19b12",
                "Characteristic_Type_Key": "507c151192205a8a1f991beda19bcbdbc613f5f81652bac1536f8a39d275791d",
                "Characteristic_Value": "20201001"
              },
              {
                "Condition_Characteristic_Key": "0ae45ba43ce64f1a18f2ef0559f3da9a5b9c2466bc12a5c4139ef16284211b42",
                "Characteristic_Type_Key": "a81a7bb99afc4e23aef8fb2c7192c65ad501d5c7bf5b99bc3bffe46bcbfe5b96",
                "Characteristic_Value": "99991230"
              }
            ],
            "Domain_Event_Key": "3362bda86643de70612f8a6be9200bad265f330f56ad1417de1420946c021624",
            "Correlation_Id": "08a46b91-40a8-4c2f-90bc-355a5ca00b83",
            "Client_Identification": "Commodity Industry Reference File (IRF)",
            "System_Key": "416af674636f93b4303ecc8613ed21fe660b4cf9fcd941462878f2fcd74ce7c8",
            "Proc_Ts": "2020-10-13 10:40:51.805246",
            "Proc_Ts_Tz_Dst_Cd": "100",
            "Event_Ts": "2020-10-13 10:40:51.805246",
            "Event_Ts_Tz_Dst_Cd": "100"
          },
          "LogHeader": {
            "ERROR_TO_DE": "ERROR: duplicate key value violates unique constraint xak1commodity_condition_domain_event Detail: Key domn_evt_key cond_char_key sor_proc_ts x33333632626461383636343364653730363132663861366265393230306261643236356633333066353661643134313764653134323039343663303231363234 x31613436636366376233333961663363333766396234633338616134656531633764306531353035313634353261366131323765646563653564613139623132 2020 10 13 10:40:51.805246 already exists.",
            "RAW_KAFKA_QUEUE_NAME": "tc_id_69.ihl_dev_rm.reg.transportation.commodity-condition-created.prepared.v1",
            "SPARK_JOB_NAME": "CommodityConditionCreatedLoad"
          }
        }
      ]
    }
  ],
  "PostgreSQL_Output": [
    {
      "name": "dh_cmdy_domn_evt",
      "data": [
        {
          "domn_evt_key": "319b4b80f5c4721625764733b457ddfd2f299e1c801d6cb2e0839ff5907b941a",
          "domn_evt_type_key": "e3b61a2ebf5b23ed3fd8ff58d88a71874f646ec36a6e49d48b10b0c9e3100d05",
          "cmdy_key": "2e2798b866dfc04ec2eb21760244e113a196161d2ac124aac381f32c00b182e4",
          "cmdy_type_key": "2d2d158bc5ea7a5aa55cf077e0bf903efca3dbd9f4356a5d899f1aed20b9e2d0",
          "id_type_key": "1f9aeef1a4455af29d8ca3378f316ec59ec3441a9c9a37ca8f3e9ca76e196d15",
          "id_val": "0112915",
          "sor_crlt_id": "08a46b91-40a8-4c2f-90bc-355a5ca00b62",
          "sys_key": "416af674636f93b4303ecc8613ed21fe660b4cf9fcd941462878f2fcd74ce7c8",
          "clnt_id": "996452",
          "sor_proc_ts": "2020-03-13 10:40:51.805246",
          "sor_evt_ts": "2020-03-13 10:40:51.805246",
          "sor_ingt_crt_ts": "2020-03-13 10:40:51.805246",
          "sor_read_ts": "2020-12-15 15:50:16.004000",
          "domn_evt_crt_ts": "2020-12-15 15:50:16",
          "sor_tpic_nm": "reg.transportation.commodity.raw.v1",
          "domn_evt_meta": "",
          "sor_evt_ts_tz_dst_cd": 100,
          "sor_proc_ts_tz_dst_cd": 100
        }
      ]
    },
    {
      "name": "dh_cmdy",
      "data": [
        {
          "cmdy_key": "2e2798b866dfc04ec2eb21760244e113a196161d2ac124aac381f32c00b182e4",
          "cmdy_type_key": "2d2d158bc5ea7a5aa55cf077e0bf903efca3dbd9f4356a5d899f1aed20b9e2d0",
          "act_stus_ind": 1,
          "id_type_key": "1f9aeef1a4455af29d8ca3378f316ec59ec3441a9c9a37ca8f3e9ca76e196d15",
          "id_val": "0112915",
          "sor_crlt_id": "08a46b91-40a8-4c2f-90bc-355a5ca00b62",
          "sys_key": "416af674636f93b4303ecc8613ed21fe660b4cf9fcd941462878f2fcd74ce7c8",
          "rpt_clnt_id": "996452",
          "rpt_sor_proc_ts": "2020-03-13 10:40:51.805246",
          "sor_evt_ts": "2020-03-13 10:40:51.805246",
          "rmv_clnt_id": null,
          "rmv_sor_proc_ts": null,
          "sor_ingt_crt_ts": "2020-03-13 10:40:51.805246",
          "sor_read_ts": "2020-12-15 15:50:16.004000",
          "domn_evt_crt_ts": "2020-12-15 15:50:16",
          "sor_tpic_nm": "reg.transportation.commodity.raw.v1",
          "domn_evt_meta": "",
          "sor_evt_ts_tz_dst_cd": 100,
          "sor_proc_ts_tz_dst_cd": 100
        }
      ]
    }
  ]
}