{
  "Kafka_Output": [
    {
      "name": "tc_id_14.ihl_dev_rm.reg.tm.prepared.dhPGLogs.v1",
      "data": [
        {
          "DomainEventHeader": {
            "SOR_INGT_CRT_TS": "2020-05-05 13:35:00.197000",
            "SOR_READ_TS": "2020-05-14 19:56:05.827",
            "DE_CRT_TS": "2020-05-14 19:56:10",
            "SOR_TPIC_NM": "reg.tm.raw.srs.IndsInsn.v1",
            "DE_META": ""
          },
          "ConveyorDisassociated": {
            "Primary_Object_Key": "43e02a4a6633033e3c00bd75804cc33d9f2d3a596252657630f26aac4c7b926b",
            "Domain_Event_Type_Key": "650765897.reg.36563e2e4ffa97ea69a5b9fd2f2a80b36f429264e6db469c2da8c539f2c",
            "Association_Key": "8c6426f5b002f5d357187b73d3cdbf3d6914de953d3dd60159114e890329ec1c",
            "Association_Type_Key": "8c0358f49994d9758d327daac28ae25ee98dbfdc5b72c9c8a9a8551fbab2cc64",
            "Conveyor_Key": "282c49f16ed3c9e174c25931df71fc274a22a4b02dfeec5bd96325a57b7387c7",
            "Conveyor_Type_Key": "394db0bfdc21ee000a3a1d6fa3b05e99a8d76301862a9c9c866c9305136246d9",
            "Associated_Object_Key": "a4126bff246e8cfa512dc0da56f4e1efb413e2c31ea270bfd3c96477c295cc67",
            "Associated_Object_Type_Key": "893dc0d5c11315c9d7e6fcd0fef1fa90c1652c52ff3013338d363196f5ec5d91",
            "Domain_Event_Key": "2f8ed5bfd11ca229148439839e1366c9ed71836e81caf7fa49bae726542aad7b",
            "Correlation_Id": "a7d1cefd-dbbf-46ed-ae7c-2d58fd487d5f",
            "System_Key": "caf48af09f8e479707513247ae96fd6c8f0fd7649b682952115359e1a4ebab2d",
            "Client_Identification": "SRS-YIT",
            "Proc_Ts": "2020-02-09 15:04:58.680926",
            "Proc_Ts_Tz_Dst_Cd": "100",
            "Event_Ts": "2020-02-09 15:04:58.680926",
            "Event_Ts_Tz_Dst_Cd": "100"
          },
          "LogHeader": {
            "ERROR_TO_DE": "ERROR: duplicate key value violates unique constraint xak1conveyor_association_domain_event Detail: Key domn_evt_key sor_proc_ts x32663865643562666431316361323239313438343339383339653133363663396564373138333665383163616637666134396261653732363534326161643762 2020 02 09 15:04:58.680926 already exists.",
            "RAW_KAFKA_QUEUE_NAME": "tc_id_14.ihl_dev_rm.reg.tm.prepared.cnvyDasc.v1",
            "SPARK_JOB_NAME": "ConveyorDisassociatedLoad"
          }
        }
      ]
    }
  ],
  "PostgreSQL_Output": [
    {
      "name": "dh_cnvy_asct_domn_evt",
      "data": [
        {
          "domn_evt_key": "2f8ed5bfd11ca229148439839e1366c9ed71836e81caf7fa49bae726542aad7b",
          "domn_evt_type_key": "650765897.reg.36563e2e4ffa97ea69a5b9fd2f2a80b36f429264e6db469c2da8c539f2c",
          "cnvy_key": "282c49f16ed3c9e174c25931df71fc274a22a4b02dfeec5bd96325a57b7387c7",
          "cnvy_type_key": "394db0bfdc21ee000a3a1d6fa3b05e99a8d76301862a9c9c866c9305136246d9",
          "asct_key": "8c6426f5b002f5d357187b73d3cdbf3d6914de953d3dd60159114e890329ec1c",
          "asct_type_key": "8c0358f49994d9758d327daac28ae25ee98dbfdc5b72c9c8a9a8551fbab2cc64",
          "asct_obj_key": "a4126bff246e8cfa512dc0da56f4e1efb413e2c31ea270bfd3c96477c295cc67",
          "asct_obj_type_key": "893dc0d5c11315c9d7e6fcd0fef1fa90c1652c52ff3013338d363196f5ec5d91",
          "sor_crlt_id": "a7d1cefd-dbbf-46ed-ae7c-2d58fd487d5f",
          "sys_key": "caf48af09f8e479707513247ae96fd6c8f0fd7649b682952115359e1a4ebab2d",
          "clnt_id": "SRS-YIT",
          "sor_proc_ts": "2020-02-09 15:04:58.680926",
          "sor_evt_ts": "2020-02-09 15:04:58.680926",
          "sor_ingt_crt_ts": "2020-05-05 13:35:00.197000",
          "sor_read_ts": "2020-05-14 19:56:05.827000",
          "domn_evt_crt_ts": "2020-05-14 19:56:10",
          "sor_tpic_nm": "reg.tm.raw.srs.IndsInsn.v1",
          "domn_evt_meta": "",
          "sor_evt_ts_tz_dst_cd": 100,
          "sor_proc_ts_tz_dst_cd": 100,
          "prim_obj_key": "43e02a4a6633033e3c00bd75804cc33d9f2d3a596252657630f26aac4c7b926b"
        }
      ]
    },
    {
      "name": "dh_cnvy_asct",
      "data": [
        {
          "asct_key": "8c6426f5b002f5d357187b73d3cdbf3d6914de953d3dd60159114e890329ec1c",
          "cnvy_key": "282c49f16ed3c9e174c25931df71fc274a22a4b02dfeec5bd96325a57b7387c7",
          "asct_obj_key": "a4126bff246e8cfa512dc0da56f4e1efb413e2c31ea270bfd3c96477c295cc67",
          "asct_type_key": "8c0358f49994d9758d327daac28ae25ee98dbfdc5b72c9c8a9a8551fbab2cc64",
          "cnvy_type_key": "394db0bfdc21ee000a3a1d6fa3b05e99a8d76301862a9c9c866c9305136246d9",
          "asct_obj_type_key": "893dc0d5c11315c9d7e6fcd0fef1fa90c1652c52ff3013338d363196f5ec5d91",
          "act_stus_ind": 0,
          "sor_crlt_id": "a7d1cefd-dbbf-46ed-ae7c-2d58fd487d5f",
          "sys_key": "caf48af09f8e479707513247ae96fd6c8f0fd7649b682952115359e1a4ebab2d",
          "asct_clnt_id": null,
          "asct_sor_proc_ts": null,
          "sor_evt_ts": "2020-02-09 15:04:58.680926",
          "dasc_clnt_id": "SRS-YIT",
          "dasc_sor_proc_ts": "2020-02-09 15:04:58.680926",
          "sor_ingt_crt_ts": "2020-05-05 13:35:00.197000",
          "sor_read_ts": "2020-05-14 19:56:05.827000",
          "domn_evt_crt_ts": "2020-05-14 19:56:10",
          "sor_tpic_nm": "reg.tm.raw.srs.IndsInsn.v1",
          "domn_evt_meta": "",
          "prim_obj_key": "43e02a4a6633033e3c00bd75804cc33d9f2d3a596252657630f26aac4c7b926b",
          "sor_evt_ts_tz_dst_cd": 100,
          "sor_proc_ts_tz_dst_cd": 100
        }
      ]
    }
  ]
}