{
  "Kafka_Output": [
    {
      "name": "tc_id_13.ihl_dev_rm.reg.tm.prepared.dhPGLogs.v1",
      "data": [
        {
          "DomainEventHeader": {
            "SOR_INGT_CRT_TS": "2020-05-09T05:50:31.178-04:00",
            "SOR_READ_TS": "2020-05-12 21:29:18.642",
            "DE_CRT_TS": "2020-05-12 21:29:39",
            "SOR_TPIC_NM": "reg.tm.raw.srs.trnScheduleActive.v2",
            "DE_META": ""
          },
          "ConveyorDescribed": {
            "Domain_Event_Type_Key": "e3b61a2ebf5b23ed3fd8ff58d88a71874f646ec36a6e49d48b10b0c9e3100d05",
            "Conveyor_Key": "a4df1e2b204bec406c4a10d20e698c84642ab8c0350f211516c647b50b392ce8",
            "ConveyorCharacteristics": [
              {
                "Conveyor_Characteristic_Key": "8887cf66e53b384d332f4415fc218060991f228bf476f44ebde0860612f0f0f9",
                "Characteristic_Type_Key": "2de848fbf4f4a1b422a4ac69aca68604254d48919aa8015e71079ec8f69382fb",
                "Characteristic_Value": "YLC63620200519"
              }
            ],
            "Domain_Event_Key": "42ceecd275fa08f0586d8a83caa478443501d7ebac8f8cf7ce38de0bfe5eba2f",
            "Correlation_Id": "8530c2e891da11ea9dd50a0d13360000",
            "Client_Identification": "112 1'3 1A",
            "System_Key": "caf48af09f8e479707513247ae96fd6c8f0fd7649b682952115359e1a4ebab2d",
            "Proc_Ts": "2020-02-09 15:04:58.680926",
            "Proc_Ts_Tz_Dst_Cd": "100",
            "Event_Ts": "2020-02-09 15:04:58.680926",
            "Event_Ts_Tz_Dst_Cd": "100"
          },
          "LogHeader": {
            "ERROR_TO_DE": "ERROR: duplicate key value violates unique constraint xak1conveyor_characteristic_domain_event Detail: Key domn_evt_key cnvy_char_key sor_proc_ts x34326365656364323735666130386630353836643861383363616134373834343335303164376562616338663863663763653338646530626665356562613266 x38383837636636366535336233383464333332663434313566633231383036303939316632323862663437366634346562646530383630363132663066306639 2020 02 09 15:04:58.680926 already exists.",
            "RAW_KAFKA_QUEUE_NAME": "tc_id_13.ihl_dev_rm.reg.tm.prepared.cnvyDsc.v1",
            "SPARK_JOB_NAME": "ConveyorDescribedLoad"
          }
        }
      ]
    }
  ],
  "PostgreSQL_Output": [
    {
      "name": "dh_cnvy_char_domn_evt",
      "data": [
        {
          "domn_evt_key": "42ceecd275fa08f0586d8a83caa478443501d7ebac8f8cf7ce38de0bfe5eba2f",
          "cnvy_char_key": "8887cf66e53b384d332f4415fc218060991f228bf476f44ebde0860612f0f0f9",
          "domn_evt_type_key": "e3b61a2ebf5b23ed3fd8ff58d88a71874f646ec36a6e49d48b10b0c9e3100d05",
          "cnvy_key": "a4df1e2b204bec406c4a10d20e698c84642ab8c0350f211516c647b50b392ce8",
          "char_type_key": "2de848fbf4f4a1b422a4ac69aca68604254d48919aa8015e71079ec8f69382fb",
          "char_val": "YLC63620200519",
          "sor_crlt_id": "8530c2e891da11ea9dd50a0d13360000",
          "sys_key": "caf48af09f8e479707513247ae96fd6c8f0fd7649b682952115359e1a4ebab2d",
          "clnt_id": "112 1'3 1A",
          "sor_proc_ts": "2020-02-09 15:04:58.680926",
          "sor_evt_ts": "2020-02-09 15:04:58.680926",
          "sor_ingt_crt_ts": "2020-05-09 09:50:31.178000",
          "sor_read_ts": "2020-05-12 21:29:18.642000",
          "domn_evt_crt_ts": "2020-05-12 21:29:39",
          "sor_tpic_nm": "reg.tm.raw.srs.trnScheduleActive.v2",
          "domn_evt_meta": "",
          "sor_evt_ts_tz_dst_cd": 100,
          "sor_proc_ts_tz_dst_cd": 100
        }
      ]
    },
    {
      "name": "dh_cnvy_char",
      "data": [
        {
          "cnvy_key": "a4df1e2b204bec406c4a10d20e698c84642ab8c0350f211516c647b50b392ce8",
          "char_type_key": "2de848fbf4f4a1b422a4ac69aca68604254d48919aa8015e71079ec8f69382fb",
          "char_val": "YLC63620200519",
          "act_stus_ind": 1,
          "sor_crlt_id": "8530c2e891da11ea9dd50a0d13360000",
          "sys_key": "caf48af09f8e479707513247ae96fd6c8f0fd7649b682952115359e1a4ebab2d",
          "rpt_clnt_id": "112 1'3 1A",
          "rpt_sor_proc_ts": "2020-02-09 15:04:58.680926",
          "sor_evt_ts": "2020-02-09 15:04:58.680926",
          "rmv_clnt_id": null,
          "rmv_sor_proc_ts": null,
          "sor_ingt_crt_ts": "2020-05-09 09:50:31.178000",
          "sor_read_ts": "2020-05-12 21:29:18.642000",
          "domn_evt_crt_ts": "2020-05-12 21:29:39",
          "sor_tpic_nm": "reg.tm.raw.srs.trnScheduleActive.v2",
          "domn_evt_meta": "",
          "sor_evt_ts_tz_dst_cd": 100,
          "sor_proc_ts_tz_dst_cd": 100
        }
      ]
    }
  ]
}