{
  "Kafka_Output": [
    {
      "name": "tc_id_15.ihl_dev_rm.reg.tm.prepared.dhPGLogs.v1",
      "data": [
        {
          "DomainEventHeader": {
            "SOR_INGT_CRT_TS": "2020-04-30T02:31:03.803-04:00",
            "SOR_READ_TS": "2020-05-14 17:57:21.663",
            "DE_CRT_TS": "2020-05-14 17:57:27",
            "SOR_TPIC_NM": "reg.tm.raw.srs.trnScheduleActive.v2",
            "DE_META": ""
          },
          "ConveyorRemoved": {
            "Domain_Event_Type_Key": "a16c5ba057628866b318f709f5496a7b5e7cc21c1c098ca136e257faab49e0d8",
            "Conveyor_Type_Key": "c023d1e31b043d79fc8fd5c7f1c3080812fc64f40cf15e7f2fdbf9a27ea15698",
            "Conveyor_Key": "9335c905b65f2e0f9fb76fc56388ac9d6fae477587b4319fe130fe1cd53beb67",
            "Domain_Event_Key": "360b78352b8b3dd14a75c502aefecfc531c84684ecd001e05c020e619d682f66",
            "Identification_Type_Key": "cb19a6fe409c6c40735a50acbd5be6ca73c574c7efc910923ec2cdf09bd27e8e",
            "Identification_Value": "A4682120200418",
            "Correlation_Id": "2a5c755e8aac11eaa8c90a0d13360000",
            "Client_Identification": "SRS-YIT",
            "System_Key": "caf48af09f8e479707513247ae96fd6c8f0fd7649b682952115359e1a4ebab2d",
            "Proc_Ts": "2020-02-09 15:04:58.680926",
            "Proc_Ts_Tz_Dst_Cd": "100",
            "Event_Ts": "2020-02-09 15:04:58.680926",
            "Event_Ts_Tz_Dst_Cd": "100"
          },
          "LogHeader": {
            "ERROR_TO_DE": "ERROR: duplicate key value violates unique constraint xak1conveyor_domain_event Detail: Key domn_evt_key sor_proc_ts x33363062373833353262386233646431346137356335303261656665636663353331633834363834656364303031653035633032306536313964363832663636 2020 02 09 15:04:58.680926 already exists.",
            "RAW_KAFKA_QUEUE_NAME": "tc_id_15.ihl_dev_rm.reg.tm.prepared.cnvyRmv.v1",
            "SPARK_JOB_NAME": "ConveyorRemovedLoad"
          }
        }
      ]
    }
  ],
  "PostgreSQL_Output": [
    {
      "name": "dh_cnvy_domn_evt",
      "data": [
        {
          "domn_evt_key": "360b78352b8b3dd14a75c502aefecfc531c84684ecd001e05c020e619d682f66",
          "domn_evt_type_key": "a16c5ba057628866b318f709f5496a7b5e7cc21c1c098ca136e257faab49e0d8",
          "cnvy_key": "9335c905b65f2e0f9fb76fc56388ac9d6fae477587b4319fe130fe1cd53beb67",
          "cnvy_type_key": "c023d1e31b043d79fc8fd5c7f1c3080812fc64f40cf15e7f2fdbf9a27ea15698",
          "id_type_key": "cb19a6fe409c6c40735a50acbd5be6ca73c574c7efc910923ec2cdf09bd27e8e",
          "id_val": "A4682120200418",
          "sor_crlt_id": "2a5c755e8aac11eaa8c90a0d13360000",
          "sys_key": "caf48af09f8e479707513247ae96fd6c8f0fd7649b682952115359e1a4ebab2d",
          "clnt_id": "SRS-YIT",
          "sor_proc_ts": "2020-02-09 15:04:58.680926",
          "sor_evt_ts": "2020-02-09 15:04:58.680926",
          "sor_ingt_crt_ts": "2020-04-30 06:31:03.803000",
          "sor_read_ts": "2020-05-14 17:57:21.663000",
          "domn_evt_crt_ts": "2020-05-14 17:57:27",
          "sor_tpic_nm": "reg.tm.raw.srs.trnScheduleActive.v2",
          "domn_evt_meta": "",
          "sor_evt_ts_tz_dst_cd": 100,
          "sor_proc_ts_tz_dst_cd": 100
        }
      ]
    },
    {
      "name": "dh_cnvy",
      "data": [
        {
          "cnvy_key": "9335c905b65f2e0f9fb76fc56388ac9d6fae477587b4319fe130fe1cd53beb67",
          "cnvy_type_key": "c023d1e31b043d79fc8fd5c7f1c3080812fc64f40cf15e7f2fdbf9a27ea15698",
          "act_stus_ind": 0,
          "id_type_key": "cb19a6fe409c6c40735a50acbd5be6ca73c574c7efc910923ec2cdf09bd27e8e",
          "id_val": "A4682120200418",
          "sor_crlt_id": "2a5c755e8aac11eaa8c90a0d13360000",
          "sys_key": "caf48af09f8e479707513247ae96fd6c8f0fd7649b682952115359e1a4ebab2d",
          "rpt_clnt_id": null,
          "rpt_sor_proc_ts": null,
          "sor_evt_ts": "2020-02-09 15:04:58.680926",
          "rmv_clnt_id": "SRS-YIT",
          "rmv_sor_proc_ts": "2020-02-09 15:04:58.680926",
          "sor_ingt_crt_ts": "2020-04-30 06:31:03.803000",
          "sor_read_ts": "2020-05-14 17:57:21.663000",
          "domn_evt_crt_ts": "2020-05-14 17:57:27",
          "sor_tpic_nm": "reg.tm.raw.srs.trnScheduleActive.v2",
          "domn_evt_meta": "",
          "sor_evt_ts_tz_dst_cd": 100,
          "sor_proc_ts_tz_dst_cd": 100
        }
      ]
    }
  ]
}