{
  "Kafka_Output": [
    {
      "name": "tc_id_4.ihl_dev_rm.reg.tm.prepared.dhPGLogs.v1",
      "data": [
        {
          "DomainEventHeader": {
            "SOR_INGT_CRT_TS": "2020-05-09T05:50:18.680-04:00",
            "SOR_READ_TS": "2020-05-12 21:29:18.642",
            "DE_CRT_TS": "2020-05-12 21:29:32",
            "SOR_TPIC_NM": "reg.tm.raw.srs.trnScheduleActive.v2",
            "DE_META": ""
          },
          "ConveyorCreated": {
            "Domain_Event_Type_Key": "e3b61a2ebf5b23ed3fd8ff58d88a71874f646ec36a6e49d48b10b0c9e3100d05",
            "Conveyor_Key": "97345681f92d3a2ecfce8b66f471ea1b4e6b1b00d382963ba7eb612bdf7e7aca",
            "Conveyor_Type_Key": "c023d1e31b043d79fc8fd5c7f1c3080812fc64f40cf15e7f2fdbf9a27ea15698",
            "Identification_Type_Key": "cb19a6fe409c6c40735a50acbd5be6ca73c574c7efc910923ec2cdf09bd27e8e",
            "Identification_Value": "YAG60220200519",
            "Domain_Event_Key": "ba6f5cd630455b49b867a866b61914c7e8faaee8bd1d13e6c27d51f65c937501",
            "Correlation_Id": "7dbea61091da11ea9dd50a0d13360000",
            "Client_Identification": "112 1'3 1A",
            "System_Key": "caf48af09f8e479707513247ae96fd6c8f0fd7649b682952115359e1a4ebab2d",
            "Proc_Ts": "2020-02-09 15:04:58.680926",
            "Proc_Ts_Tz_Dst_Cd": "100",
            "Event_Ts": "2020-02-09 15:04:58.680926",
            "Event_Ts_Tz_Dst_Cd": "100"
          },
          "LogHeader": {
            "ERROR_TO_DE": "ERROR: duplicate key value violates unique constraint xak1conveyor_domain_event Detail: Key domn_evt_key sor_proc_ts x62613666356364363330343535623439623836376138363662363139313463376538666161656538626431643133653663323764353166363563393337353031 2020 02 09 15:04:58.680926 already exists.",
            "RAW_KAFKA_QUEUE_NAME": "tc_id_4.ihl_dev_rm.reg.tm.prepared.cnvyCrt.v1",
            "SPARK_JOB_NAME": "ConveyorCreateLoad"
          }
        }
      ]
    }
  ],
  "PostgreSQL_Output": [
    {
      "name": "dh_cnvy_domn_evt",
      "data": [
        {
          "domn_evt_key": "ba6f5cd630455b49b867a866b61914c7e8faaee8bd1d13e6c27d51f65c937501",
          "domn_evt_type_key": "e3b61a2ebf5b23ed3fd8ff58d88a71874f646ec36a6e49d48b10b0c9e3100d05",
          "cnvy_key": "97345681f92d3a2ecfce8b66f471ea1b4e6b1b00d382963ba7eb612bdf7e7aca",
          "cnvy_type_key": "c023d1e31b043d79fc8fd5c7f1c3080812fc64f40cf15e7f2fdbf9a27ea15698",
          "id_type_key": "cb19a6fe409c6c40735a50acbd5be6ca73c574c7efc910923ec2cdf09bd27e8e",
          "id_val": "YAG60220200519",
          "sor_crlt_id": "7dbea61091da11ea9dd50a0d13360000",
          "sys_key": "caf48af09f8e479707513247ae96fd6c8f0fd7649b682952115359e1a4ebab2d",
          "clnt_id": "112 1'3 1A",
          "sor_proc_ts": "2020-02-09 15:04:58.680926",
          "sor_evt_ts": "2020-02-09 15:04:58.680926",
          "sor_ingt_crt_ts": "2020-05-09 09:50:18.680000",
          "sor_read_ts": "2020-05-12 21:29:18.642000",
          "domn_evt_crt_ts": "2020-05-12 21:29:32",
          "sor_tpic_nm": "reg.tm.raw.srs.trnScheduleActive.v2",
          "domn_evt_meta": "",
          "sor_evt_ts_tz_dst_cd": 100,
          "sor_proc_ts_tz_dst_cd": 100
        }
      ]
    },
    {
      "name": "dh_cnvy",
      "data": [
        {
          "cnvy_key": "97345681f92d3a2ecfce8b66f471ea1b4e6b1b00d382963ba7eb612bdf7e7aca",
          "cnvy_type_key": "c023d1e31b043d79fc8fd5c7f1c3080812fc64f40cf15e7f2fdbf9a27ea15698",
          "act_stus_ind": 1,
          "id_type_key": "cb19a6fe409c6c40735a50acbd5be6ca73c574c7efc910923ec2cdf09bd27e8e",
          "id_val": "YAG60220200519",
          "sor_crlt_id": "7dbea61091da11ea9dd50a0d13360000",
          "sys_key": "caf48af09f8e479707513247ae96fd6c8f0fd7649b682952115359e1a4ebab2d",
          "rpt_clnt_id": "112 1'3 1A",
          "rpt_sor_proc_ts": "2020-02-09 15:04:58.680926",
          "sor_evt_ts": "2020-02-09 15:04:58.680926",
          "rmv_clnt_id": null,
          "rmv_sor_proc_ts": null,
          "sor_ingt_crt_ts": "2020-05-09 09:50:18.680000",
          "sor_read_ts": "2020-05-12 21:29:18.642000",
          "domn_evt_crt_ts": "2020-05-12 21:29:32",
          "sor_tpic_nm": "reg.tm.raw.srs.trnScheduleActive.v2",
          "domn_evt_meta": "",
          "sor_evt_ts_tz_dst_cd": 100,
          "sor_proc_ts_tz_dst_cd": 100
        }
      ]
    }
  ]
}