{
  "Kafka_Output": [
    {
      "name": "tc_id_7.ihl_dev_rm.reg.tm.prepared.dhPGLogs.v1",
      "data": [
        {
          "DomainEventHeader": {
            "SOR_INGT_CRT_TS": "2020-05-08T02:36:51.652-04:00",
            "SOR_READ_TS": "2020-05-12 21:29:18.686",
            "DE_CRT_TS": "2020-05-12 21:29:47",
            "SOR_TPIC_NM": "reg.tm.raw.srs.trnScheduleActive.v2",
            "DE_META": ""
          },
          "ConveyorAssociated": {
            "Primary_Object_Key": "43e02a4a6633033e3c00bd75804cc33d9f2d3a596252657630f26aac4c7b926b",
            "Domain_Event_Type_Key": "8eb3e769649d98d5e896398ded3b7bdb63bdaf6d53f440f4b9a8da51e8f74f40",
            "Association_Key": "a18c0c400ea5c4e7be2a32e51f0e26857bd248548aa2522ac48ba7133ae542c7",
            "Association_Type_Key": "2f622aab0a0f2a08fd6cb40c3bfa69dde5df09839314279a42931010c75fc02b",
            "Conveyor_Key": "bb710e348458bf68b85fd423637945015fd763b72770e08ea6daf11336248d4e",
            "Conveyor_Type_Key": "c023d1e31b043d79fc8fd5c7f1c3080812fc64f40cf15e7f2fdbf9a27ea15698",
            "Associated_Object_Key": "bb710e348458bf68b85fd423637945015fd763b72770e08ea6daf11336248d4e",
            "Associated_Object_Type_Key": "b6b8a958245d0b4e4df6f399bdc2917e48cfce12061a47639aac681966fb8916",
            "Domain_Event_Key": "fc1aaa7cf914f4750dd89b647d1abc0c64cfcd2d7f888197ad66fc41cd23da68",
            "Correlation_Id": "4d0010c090f611ea9dd50a0d13360000",
            "Client_Identification": "112 1'3 1A",
            "System_Key": "caf48af09f8e479707513247ae96fd6c8f0fd7649b682952115359e1a4ebab2d",
            "Proc_Ts": "2020-02-09 15:04:58.680926",
            "Proc_Ts_Tz_Dst_Cd": "100",
            "Event_Ts": "2020-02-09 15:04:58.680926",
            "Event_Ts_Tz_Dst_Cd": "100"
          },
          "LogHeader": {
            "ERROR_TO_DE": "ERROR: duplicate key value violates unique constraint xak1conveyor_association_domain_event Detail: Key domn_evt_key sor_proc_ts x66633161616137636639313466343735306464383962363437643161626330633634636663643264376638383831393761643636666334316364323364613638 2020 02 09 15:04:58.680926 already exists.",
            "RAW_KAFKA_QUEUE_NAME": "tc_id_7.ihl_dev_rm.reg.tm.prepared.cnvyAsct.v1",
            "SPARK_JOB_NAME": "ConveyorAssociatedLoad"
          }
        }
      ]
    }
  ],
  "PostgreSQL_Output": [
    {
      "name": "dh_cnvy_asct_domn_evt",
      "data": [
        {
          "domn_evt_key": "fc1aaa7cf914f4750dd89b647d1abc0c64cfcd2d7f888197ad66fc41cd23da68",
          "domn_evt_type_key": "8eb3e769649d98d5e896398ded3b7bdb63bdaf6d53f440f4b9a8da51e8f74f40",
          "cnvy_key": "bb710e348458bf68b85fd423637945015fd763b72770e08ea6daf11336248d4e",
          "cnvy_type_key": "c023d1e31b043d79fc8fd5c7f1c3080812fc64f40cf15e7f2fdbf9a27ea15698",
          "asct_key": "a18c0c400ea5c4e7be2a32e51f0e26857bd248548aa2522ac48ba7133ae542c7",
          "asct_type_key": "2f622aab0a0f2a08fd6cb40c3bfa69dde5df09839314279a42931010c75fc02b",
          "asct_obj_key": "bb710e348458bf68b85fd423637945015fd763b72770e08ea6daf11336248d4e",
          "asct_obj_type_key": "b6b8a958245d0b4e4df6f399bdc2917e48cfce12061a47639aac681966fb8916",
          "sor_crlt_id": "4d0010c090f611ea9dd50a0d13360000",
          "sys_key": "caf48af09f8e479707513247ae96fd6c8f0fd7649b682952115359e1a4ebab2d",
          "clnt_id": "112 1'3 1A",
          "sor_proc_ts": "2020-02-09 15:04:58.680926",
          "sor_evt_ts": "2020-02-09 15:04:58.680926",
          "sor_ingt_crt_ts": "2020-05-08 06:36:51.652000",
          "sor_read_ts": "2020-05-12 21:29:18.686000",
          "domn_evt_crt_ts": "2020-05-12 21:29:47",
          "sor_tpic_nm": "reg.tm.raw.srs.trnScheduleActive.v2",
          "domn_evt_meta": "",
          "sor_evt_ts_tz_dst_cd": 100,
          "sor_proc_ts_tz_dst_cd": 100,
          "prim_obj_key": "43e02a4a6633033e3c00bd75804cc33d9f2d3a596252657630f26aac4c7b926b"
        }
      ]
    },
    {
      "name": "dh_cnvy_asct",
      "data": [
        {
          "asct_key": "a18c0c400ea5c4e7be2a32e51f0e26857bd248548aa2522ac48ba7133ae542c7",
          "cnvy_key": "bb710e348458bf68b85fd423637945015fd763b72770e08ea6daf11336248d4e",
          "asct_obj_key": "bb710e348458bf68b85fd423637945015fd763b72770e08ea6daf11336248d4e",
          "asct_type_key": "2f622aab0a0f2a08fd6cb40c3bfa69dde5df09839314279a42931010c75fc02b",
          "cnvy_type_key": "c023d1e31b043d79fc8fd5c7f1c3080812fc64f40cf15e7f2fdbf9a27ea15698",
          "asct_obj_type_key": "b6b8a958245d0b4e4df6f399bdc2917e48cfce12061a47639aac681966fb8916",
          "act_stus_ind": 1,
          "sor_crlt_id": "4d0010c090f611ea9dd50a0d13360000",
          "sys_key": "caf48af09f8e479707513247ae96fd6c8f0fd7649b682952115359e1a4ebab2d",
          "asct_clnt_id": "112 1'3 1A",
          "asct_sor_proc_ts": "2020-02-09 15:04:58.680926",
          "sor_evt_ts": "2020-02-09 15:04:58.680926",
          "dasc_clnt_id": null,
          "dasc_sor_proc_ts": null,
          "sor_ingt_crt_ts": "2020-05-08 06:36:51.652000",
          "sor_read_ts": "2020-05-12 21:29:18.686000",
          "domn_evt_crt_ts": "2020-05-12 21:29:47",
          "sor_tpic_nm": "reg.tm.raw.srs.trnScheduleActive.v2",
          "domn_evt_meta": "",
          "prim_obj_key": "43e02a4a6633033e3c00bd75804cc33d9f2d3a596252657630f26aac4c7b926b",
          "sor_evt_ts_tz_dst_cd": 100,
          "sor_proc_ts_tz_dst_cd": 100
        }
      ]
    }
  ]
}