{
  "Kafka_Output": [
    {
      "name": "tc_id_12.ihl_dev_rm.reg.tm.prepared.dhPGLogs.v1",
      "data": [
        {
          "DomainEventHeader": {
            "SOR_INGT_CRT_TS": "2020-04-30 19:48:18.711",
            "SOR_READ_TS": "2020-05-15 18:30:37.403",
            "DE_CRT_TS": "2020-05-15 18:30:58",
            "SOR_TPIC_NM": "reg.tm.raw.srs.carInventory.v1",
            "DE_META": ""
          },
          "ConveyorConditionCreated": {
            "Domain_Event_Type_Key": "e3b61a2ebf5b23ed3fd8ff58d88a71874f646ec36a6e49d48b10b0c9e3100d05",
            "Conveyor_Key": "0b4adc68f08d935761c8b85bf0ab360c3019cf5f88cfe9ff27a32a29b3580bb2",
            "ConditionCharacteristics": [
              {
                "Condition_Characteristic_Key": "d595177850c82134743e7e6dc52bfcfa51a1ad3b582a4848b0f7be528fe43cfe",
                "Characteristic_Type_Key": "152b3084acd766f46b6fc8ad813990cfbc37a204f92b02f8f9aa52e34a437799",
                "Characteristic_Value": "Y"
              },
              {
                "Condition_Characteristic_Key": "7046498ac448dcbf5b26c2da8245c570002f8db04619e1caa9c6ac537877e7e1",
                "Characteristic_Type_Key": "07ed1078042c7692da1672e604d7b8cca3f42fad6fc79385ab9c57c9a23a2ce2",
                "Characteristic_Value": "  "
              },
              {
                "Condition_Characteristic_Key": "f51d8c3fdbe134e5e8b7a6f54435f8c3a78c228e6a54ef8df6cba38f40a0ddc4",
                "Characteristic_Type_Key": "665ce7a009722311c22f1e1011f1fc80fdc720870d1b70499485d5d9a766a538",
                "Characteristic_Value": "      "
              }
            ],
            "Domain_Event_Key": "546eb5fa7363b101b6a0dfec4343e7958dc59deca6264f48d4e0344c2bfdb08d",
            "Correlation_Id": "b697b084-f702-4c3e-a1df-047646326fa0",
            "Client_Identification": "121058C",
            "System_Key": "caf48af09f8e479707513247ae96fd6c8f0fd7649b682952115359e1a4ebab2d",
            "Proc_Ts": "2020-02-09 15:04:58.680926",
            "Proc_Ts_Tz_Dst_Cd": "100",
            "Event_Ts": "2020-02-09 15:04:58.680926",
            "Event_Ts_Tz_Dst_Cd": "100"
          },
          "LogHeader": {
            "ERROR_TO_DE": "ERROR: duplicate key value violates unique constraint xak1conveyor_condition_domain_event Detail: Key domn_evt_key cond_char_key sor_proc_ts x35343665623566613733363362313031623661306466656334333433653739353864633539646563613632363466343864346530333434633262666462303864 x66353164386333666462653133346535653862376136663534343335663863336137386332323865366135346566386466366362613338663430613064646334 2020 02 09 15:04:58.680926 already exists.",
            "RAW_KAFKA_QUEUE_NAME": "tc_id_12.ihl_dev_rm.reg.tm.prepared.cnvyCondCrt.v1",
            "SPARK_JOB_NAME": "ConveyorConditionCreatedLoad"
          }
        },
        {
          "DomainEventHeader": {
            "SOR_INGT_CRT_TS": "2020-04-30 19:48:18.711",
            "SOR_READ_TS": "2020-05-15 18:30:37.403",
            "DE_CRT_TS": "2020-05-15 18:30:58",
            "SOR_TPIC_NM": "reg.tm.raw.srs.carInventory.v1",
            "DE_META": ""
          },
          "ConveyorConditionCreated": {
            "Domain_Event_Type_Key": "e3b61a2ebf5b23ed3fd8ff58d88a71874f646ec36a6e49d48b10b0c9e3100d05",
            "Conveyor_Key": "0b4adc68f08d935761c8b85bf0ab360c3019cf5f88cfe9ff27a32a29b3580bb2",
            "ConditionCharacteristics": [
              {
                "Condition_Characteristic_Key": "d595177850c82134743e7e6dc52bfcfa51a1ad3b582a4848b0f7be528fe43cfe",
                "Characteristic_Type_Key": "152b3084acd766f46b6fc8ad813990cfbc37a204f92b02f8f9aa52e34a437799",
                "Characteristic_Value": "Y"
              },
              {
                "Condition_Characteristic_Key": "7046498ac448dcbf5b26c2da8245c570002f8db04619e1caa9c6ac537877e7e1",
                "Characteristic_Type_Key": "07ed1078042c7692da1672e604d7b8cca3f42fad6fc79385ab9c57c9a23a2ce2",
                "Characteristic_Value": "  "
              },
              {
                "Condition_Characteristic_Key": "f51d8c3fdbe134e5e8b7a6f54435f8c3a78c228e6a54ef8df6cba38f40a0ddc4",
                "Characteristic_Type_Key": "665ce7a009722311c22f1e1011f1fc80fdc720870d1b70499485d5d9a766a538",
                "Characteristic_Value": "      "
              }
            ],
            "Domain_Event_Key": "546eb5fa7363b101b6a0dfec4343e7958dc59deca6264f48d4e0344c2bfdb08d",
            "Correlation_Id": "b697b084-f702-4c3e-a1df-047646326fa0",
            "Client_Identification": "121058C",
            "System_Key": "caf48af09f8e479707513247ae96fd6c8f0fd7649b682952115359e1a4ebab2d",
            "Proc_Ts": "2020-02-09 15:04:58.680926",
            "Proc_Ts_Tz_Dst_Cd": "100",
            "Event_Ts": "2020-02-09 15:04:58.680926",
            "Event_Ts_Tz_Dst_Cd": "100"
          },
          "LogHeader": {
            "ERROR_TO_DE": "ERROR: duplicate key value violates unique constraint xak1conveyor_condition_domain_event Detail: Key domn_evt_key cond_char_key sor_proc_ts x35343665623566613733363362313031623661306466656334333433653739353864633539646563613632363466343864346530333434633262666462303864 x64353935313737383530633832313334373433653765366463353262666366613531613161643362353832613438343862306637626535323866653433636665 2020 02 09 15:04:58.680926 already exists.",
            "RAW_KAFKA_QUEUE_NAME": "tc_id_12.ihl_dev_rm.reg.tm.prepared.cnvyCondCrt.v1",
            "SPARK_JOB_NAME": "ConveyorConditionCreatedLoad"
          }
        },
        {
          "DomainEventHeader": {
            "SOR_INGT_CRT_TS": "2020-04-30 19:48:18.711",
            "SOR_READ_TS": "2020-05-15 18:30:37.403",
            "DE_CRT_TS": "2020-05-15 18:30:58",
            "SOR_TPIC_NM": "reg.tm.raw.srs.carInventory.v1",
            "DE_META": ""
          },
          "ConveyorConditionCreated": {
            "Domain_Event_Type_Key": "e3b61a2ebf5b23ed3fd8ff58d88a71874f646ec36a6e49d48b10b0c9e3100d05",
            "Conveyor_Key": "0b4adc68f08d935761c8b85bf0ab360c3019cf5f88cfe9ff27a32a29b3580bb2",
            "ConditionCharacteristics": [
              {
                "Condition_Characteristic_Key": "d595177850c82134743e7e6dc52bfcfa51a1ad3b582a4848b0f7be528fe43cfe",
                "Characteristic_Type_Key": "152b3084acd766f46b6fc8ad813990cfbc37a204f92b02f8f9aa52e34a437799",
                "Characteristic_Value": "Y"
              },
              {
                "Condition_Characteristic_Key": "7046498ac448dcbf5b26c2da8245c570002f8db04619e1caa9c6ac537877e7e1",
                "Characteristic_Type_Key": "07ed1078042c7692da1672e604d7b8cca3f42fad6fc79385ab9c57c9a23a2ce2",
                "Characteristic_Value": "  "
              },
              {
                "Condition_Characteristic_Key": "f51d8c3fdbe134e5e8b7a6f54435f8c3a78c228e6a54ef8df6cba38f40a0ddc4",
                "Characteristic_Type_Key": "665ce7a009722311c22f1e1011f1fc80fdc720870d1b70499485d5d9a766a538",
                "Characteristic_Value": "      "
              }
            ],
            "Domain_Event_Key": "546eb5fa7363b101b6a0dfec4343e7958dc59deca6264f48d4e0344c2bfdb08d",
            "Correlation_Id": "b697b084-f702-4c3e-a1df-047646326fa0",
            "Client_Identification": "121058C",
            "System_Key": "caf48af09f8e479707513247ae96fd6c8f0fd7649b682952115359e1a4ebab2d",
            "Proc_Ts": "2020-02-09 15:04:58.680926",
            "Proc_Ts_Tz_Dst_Cd": "100",
            "Event_Ts": "2020-02-09 15:04:58.680926",
            "Event_Ts_Tz_Dst_Cd": "100"
          },
          "LogHeader": {
            "ERROR_TO_DE": "ERROR: duplicate key value violates unique constraint xak1conveyor_condition_domain_event Detail: Key domn_evt_key cond_char_key sor_proc_ts x35343665623566613733363362313031623661306466656334333433653739353864633539646563613632363466343864346530333434633262666462303864 x37303436343938616334343864636266356232366332646138323435633537303030326638646230343631396531636161396336616335333738373765376531 2020 02 09 15:04:58.680926 already exists.",
            "RAW_KAFKA_QUEUE_NAME": "tc_id_12.ihl_dev_rm.reg.tm.prepared.cnvyCondCrt.v1",
            "SPARK_JOB_NAME": "ConveyorConditionCreatedLoad"
          }
        }
      ]
    }
  ],
  "PostgreSQL_Output": [
    {
      "name": "dh_cnvy_cond_domn_evt",
      "data": [
        {
          "domn_evt_key": "546eb5fa7363b101b6a0dfec4343e7958dc59deca6264f48d4e0344c2bfdb08d",
          "cond_char_key": "d595177850c82134743e7e6dc52bfcfa51a1ad3b582a4848b0f7be528fe43cfe",
          "domn_evt_type_key": "e3b61a2ebf5b23ed3fd8ff58d88a71874f646ec36a6e49d48b10b0c9e3100d05",
          "cnvy_key": "0b4adc68f08d935761c8b85bf0ab360c3019cf5f88cfe9ff27a32a29b3580bb2",
          "char_type_key": "152b3084acd766f46b6fc8ad813990cfbc37a204f92b02f8f9aa52e34a437799",
          "char_val": "Y",
          "sor_crlt_id": "b697b084-f702-4c3e-a1df-047646326fa0",
          "sys_key": "caf48af09f8e479707513247ae96fd6c8f0fd7649b682952115359e1a4ebab2d",
          "clnt_id": "121058C",
          "sor_proc_ts": "2020-02-09 15:04:58.680926",
          "sor_evt_ts": "2020-02-09 15:04:58.680926",
          "sor_ingt_crt_ts": "2020-04-30 19:48:18.711000",
          "sor_read_ts": "2020-05-15 18:30:37.403000",
          "domn_evt_crt_ts": "2020-05-15 18:30:58",
          "sor_tpic_nm": "reg.tm.raw.srs.carInventory.v1",
          "domn_evt_meta": "",
          "sor_evt_ts_tz_dst_cd": 100,
          "sor_proc_ts_tz_dst_cd": 100
        },
        {
          "domn_evt_key": "546eb5fa7363b101b6a0dfec4343e7958dc59deca6264f48d4e0344c2bfdb08d",
          "cond_char_key": "7046498ac448dcbf5b26c2da8245c570002f8db04619e1caa9c6ac537877e7e1",
          "domn_evt_type_key": "e3b61a2ebf5b23ed3fd8ff58d88a71874f646ec36a6e49d48b10b0c9e3100d05",
          "cnvy_key": "0b4adc68f08d935761c8b85bf0ab360c3019cf5f88cfe9ff27a32a29b3580bb2",
          "char_type_key": "07ed1078042c7692da1672e604d7b8cca3f42fad6fc79385ab9c57c9a23a2ce2",
          "char_val": "  ",
          "sor_crlt_id": "b697b084-f702-4c3e-a1df-047646326fa0",
          "sys_key": "caf48af09f8e479707513247ae96fd6c8f0fd7649b682952115359e1a4ebab2d",
          "clnt_id": "121058C",
          "sor_proc_ts": "2020-02-09 15:04:58.680926",
          "sor_evt_ts": "2020-02-09 15:04:58.680926",
          "sor_ingt_crt_ts": "2020-04-30 19:48:18.711000",
          "sor_read_ts": "2020-05-15 18:30:37.403000",
          "domn_evt_crt_ts": "2020-05-15 18:30:58",
          "sor_tpic_nm": "reg.tm.raw.srs.carInventory.v1",
          "domn_evt_meta": "",
          "sor_evt_ts_tz_dst_cd": 100,
          "sor_proc_ts_tz_dst_cd": 100
        },
        {
          "domn_evt_key": "546eb5fa7363b101b6a0dfec4343e7958dc59deca6264f48d4e0344c2bfdb08d",
          "cond_char_key": "f51d8c3fdbe134e5e8b7a6f54435f8c3a78c228e6a54ef8df6cba38f40a0ddc4",
          "domn_evt_type_key": "e3b61a2ebf5b23ed3fd8ff58d88a71874f646ec36a6e49d48b10b0c9e3100d05",
          "cnvy_key": "0b4adc68f08d935761c8b85bf0ab360c3019cf5f88cfe9ff27a32a29b3580bb2",
          "char_type_key": "665ce7a009722311c22f1e1011f1fc80fdc720870d1b70499485d5d9a766a538",
          "char_val": "      ",
          "sor_crlt_id": "b697b084-f702-4c3e-a1df-047646326fa0",
          "sys_key": "caf48af09f8e479707513247ae96fd6c8f0fd7649b682952115359e1a4ebab2d",
          "clnt_id": "121058C",
          "sor_proc_ts": "2020-02-09 15:04:58.680926",
          "sor_evt_ts": "2020-02-09 15:04:58.680926",
          "sor_ingt_crt_ts": "2020-04-30 19:48:18.711000",
          "sor_read_ts": "2020-05-15 18:30:37.403000",
          "domn_evt_crt_ts": "2020-05-15 18:30:58",
          "sor_tpic_nm": "reg.tm.raw.srs.carInventory.v1",
          "domn_evt_meta": "",
          "sor_evt_ts_tz_dst_cd": 100,
          "sor_proc_ts_tz_dst_cd": 100
        }
      ]
    },
    {
      "name": "dh_cnvy_cond",
      "data": [
        {
          "cnvy_key": "0b4adc68f08d935761c8b85bf0ab360c3019cf5f88cfe9ff27a32a29b3580bb2",
          "char_type_key": "152b3084acd766f46b6fc8ad813990cfbc37a204f92b02f8f9aa52e34a437799",
          "char_val": "Y",
          "act_stus_ind": 1,
          "sor_crlt_id": "b697b084-f702-4c3e-a1df-047646326fa0",
          "sys_key": "caf48af09f8e479707513247ae96fd6c8f0fd7649b682952115359e1a4ebab2d",
          "rpt_clnt_id": "121058C",
          "rpt_sor_proc_ts": "2020-02-09 15:04:58.680926",
          "sor_evt_ts": "2020-02-09 15:04:58.680926",
          "rmv_clnt_id": null,
          "rmv_sor_proc_ts": null,
          "sor_ingt_crt_ts": "2020-04-30 19:48:18.711000",
          "sor_read_ts": "2020-05-15 18:30:37.403000",
          "domn_evt_crt_ts": "2020-05-15 18:30:58",
          "sor_tpic_nm": "reg.tm.raw.srs.carInventory.v1",
          "domn_evt_meta": "",
          "sor_evt_ts_tz_dst_cd": 100,
          "sor_proc_ts_tz_dst_cd": 100
        },
        {
          "cnvy_key": "0b4adc68f08d935761c8b85bf0ab360c3019cf5f88cfe9ff27a32a29b3580bb2",
          "char_type_key": "07ed1078042c7692da1672e604d7b8cca3f42fad6fc79385ab9c57c9a23a2ce2",
          "char_val": "  ",
          "act_stus_ind": 1,
          "sor_crlt_id": "b697b084-f702-4c3e-a1df-047646326fa0",
          "sys_key": "caf48af09f8e479707513247ae96fd6c8f0fd7649b682952115359e1a4ebab2d",
          "rpt_clnt_id": "121058C",
          "rpt_sor_proc_ts": "2020-02-09 15:04:58.680926",
          "sor_evt_ts": "2020-02-09 15:04:58.680926",
          "rmv_clnt_id": null,
          "rmv_sor_proc_ts": null,
          "sor_ingt_crt_ts": "2020-04-30 19:48:18.711000",
          "sor_read_ts": "2020-05-15 18:30:37.403000",
          "domn_evt_crt_ts": "2020-05-15 18:30:58",
          "sor_tpic_nm": "reg.tm.raw.srs.carInventory.v1",
          "domn_evt_meta": "",
          "sor_evt_ts_tz_dst_cd": 100,
          "sor_proc_ts_tz_dst_cd": 100
        },
        {
          "cnvy_key": "0b4adc68f08d935761c8b85bf0ab360c3019cf5f88cfe9ff27a32a29b3580bb2",
          "char_type_key": "665ce7a009722311c22f1e1011f1fc80fdc720870d1b70499485d5d9a766a538",
          "char_val": "      ",
          "act_stus_ind": 1,
          "sor_crlt_id": "b697b084-f702-4c3e-a1df-047646326fa0",
          "sys_key": "caf48af09f8e479707513247ae96fd6c8f0fd7649b682952115359e1a4ebab2d",
          "rpt_clnt_id": "121058C",
          "rpt_sor_proc_ts": "2020-02-09 15:04:58.680926",
          "sor_evt_ts": "2020-02-09 15:04:58.680926",
          "rmv_clnt_id": null,
          "rmv_sor_proc_ts": null,
          "sor_ingt_crt_ts": "2020-04-30 19:48:18.711000",
          "sor_read_ts": "2020-05-15 18:30:37.403000",
          "domn_evt_crt_ts": "2020-05-15 18:30:58",
          "sor_tpic_nm": "reg.tm.raw.srs.carInventory.v1",
          "domn_evt_meta": "",
          "sor_evt_ts_tz_dst_cd": 100,
          "sor_proc_ts_tz_dst_cd": 100
        }
      ]
    }
  ]
}