{
  "Kafka_Output": [
    {
      "name": "tc_id_66.ihl_dev_rm.reg.tm.prepared.cnvyCondCrt.v1",
      "data": [
        {
          "DomainEventHeader": {
            "SOR_INGT_CRT_TS": "2020-03-16 20:07:56:",
            "SOR_TPIC_NM": "tc_id_66.ihl_dev_rm.reg.tm.raw.currInvEvt.v1",
            "DE_META": ""
          },
          "ConveyorConditionCreated": {
            "Domain_Event_Type_Key": "e3b61a2ebf5b23ed3fd8ff58d88a71874f646ec36a6e49d48b10b0c9e3100d05",
            "Conveyor_Key": "aa2a0ae7339ef7912ee417fe7c271d5a14e7b5060adafa32265ec49e19740004",
            "ConditionCharacteristics": [
              {
                "Condition_Characteristic_Key": "92fc369476f6c451464803d3cf39725e4326b5090495b932c0d6b482db006524",
                "Characteristic_Type_Key": "2dfaeb0d28668051be65166a0d2a0986af23a66869d3e9b6d72bcfd7eb884483",
                "Characteristic_Value": ""
              },
              {
                "Condition_Characteristic_Key": "3977b9a84506d55c5d94b082e130e1fbb52c6d19aeb948f14ca433e8fa1b93a9",
                "Characteristic_Type_Key": "13f404546ef1ac6f802010761f600f9adcc77213d4a048a183ed55a67b517b7a",
                "Characteristic_Value": ""
              },
              {
                "Condition_Characteristic_Key": "969e7ed2d228489e77a24e91d7e0776aebda0031c33a4c48d5ec4923d59f9157",
                "Characteristic_Type_Key": "ece8e3d528e185ae7641abc6335c8985bc51afa552818a7d148155e41d96dec8",
                "Characteristic_Value": ""
              },
              {
                "Condition_Characteristic_Key": "4e3ec8c100f3d6ebecb9b67314f1ba2398748fd5e3eebceb68bee8262670758b",
                "Characteristic_Type_Key": "b5361c4b84b87da9de1476b6759e7d19b2b0bb6fb0f0d6048908614bbb261283",
                "Characteristic_Value": ""
              },
              {
                "Condition_Characteristic_Key": "a2eafb2d60b13afc12580b20fb4b2dd4ad497c8a35c94d6ca142e031996ebdde",
                "Characteristic_Type_Key": "4ea81b8a03299ac5c6a2fd8a6821868bff1bf08eea4e810ba8373f574d33119f",
                "Characteristic_Value": "T"
              },
              {
                "Condition_Characteristic_Key": "107ef948f082fac67f79365c73e7beef03f62b1dc5db28965a65cc79bfeb614b",
                "Characteristic_Type_Key": "7c3c6c4b7fd9ae10d16b51f7669fe911630245e27f7d2096134d7c517942f284",
                "Characteristic_Value": ""
              },
              {
                "Condition_Characteristic_Key": "759c988535e3f6a27137e854067308ce156a2fd9b67b8ec1b667d2e166418c12",
                "Characteristic_Type_Key": "a9b20aef2ce31cca52e4f5a071396ebcc8d70cee95b507fa1ec4b67d77f53ba8",
                "Characteristic_Value": ""
              },
              {
                "Condition_Characteristic_Key": "fff9a86d8db420915dd10e8aa58dc5bee69e0b2b699b345bb9db7d08627477cf",
                "Characteristic_Type_Key": "248d07ab8e85a55df5ec39903a13ea6274cad8be89c8e4b79ed3a6953c8b3eb1",
                "Characteristic_Value": ""
              },
              {
                "Condition_Characteristic_Key": "94ae60609e391d6c796c052d1dcec6970696680dd9d608d1bfa8c07cd251349c",
                "Characteristic_Type_Key": "8a2aac040823dc9e04e47859df804625a20af2e20177077cef746afd81373f80",
                "Characteristic_Value": "N"
              },
              {
                "Condition_Characteristic_Key": "30d811e55434cd77049a8a0fa49739610c834ad74d0b7acfdfd690a3ab781bba",
                "Characteristic_Type_Key": "7416478f850e558dc789b3cc70c5a9b80251323ecbd07bbc19d593f39b5bf3e3",
                "Characteristic_Value": ""
              },
              {
                "Condition_Characteristic_Key": "ce9c40b76fd64721e8d99db32d9f0e548084239c5f14c702d241f42b8df11144",
                "Characteristic_Type_Key": "7469244df887671c426cdca1b954fccaba8c035819c0251a25fea6e4ac82d59f",
                "Characteristic_Value": ""
              },
              {
                "Condition_Characteristic_Key": "337537dd437aa8eafa4da2682694568c0399326d812377a5b08d77bdd9bae58c",
                "Characteristic_Type_Key": "5a3b4f35c14d9d1422d28ac76b82cd4bcbc29de2c81b86ae37b9203172ac046d",
                "Characteristic_Value": "PRRINT"
              },
              {
                "Condition_Characteristic_Key": "1aab6e9e8abdab4c807af6aba244caeaa4937529aaeed8d0cfe2e225dd7f6e49",
                "Characteristic_Type_Key": "2214ab61d60ee84af2be68449cfbabaa58f5e4efcbc118e140a2a8bab2f2b503",
                "Characteristic_Value": "PRIRUPTER"
              },
              {
                "Condition_Characteristic_Key": "0b243a091c7d3bdef2ea1481296da127f19c6127681c2c6ff4462a9cb6cbfcf6",
                "Characteristic_Type_Key": "372abbe79f7f7fc86ec42b84af9a7ad10d28d1813b5ae87a00a5ab163243dc7c",
                "Characteristic_Value": "BC"
              },
              {
                "Condition_Characteristic_Key": "db0cc54ea4be26a56a6bfaa8aff3aec16d2c0486c652d21c0aaf134b5a13e84a",
                "Characteristic_Type_Key": "f2a44d3c1e8b393dab8f2381b59624c379071b7b4f63fcc2c1310953ff20c266",
                "Characteristic_Value": ""
              },
              {
                "Condition_Characteristic_Key": "71e5f41639b2692df2f6a148792665b3c71cba10e5823b43877b825278ff317e",
                "Characteristic_Type_Key": "06336730586527e31d5f9f12871d505364457590976fc83d32651a06869d3aa1",
                "Characteristic_Value": "Q1957102"
              },
              {
                "Condition_Characteristic_Key": "effd16ff5f1cb8137f54354188b2c6f736b76fe02f1d547ed8362a76e4a676e0",
                "Characteristic_Type_Key": "3bee39f5eb148ccd776f8fd6c8be9bd932bbc8c74f556212935cf4be765e0f0c",
                "Characteristic_Value": ""
              },
              {
                "Condition_Characteristic_Key": "023a926547638a7f47f697ab60fcc22637bf7e3f27337e91d7c1439ba4472bac",
                "Characteristic_Type_Key": "9eb03ed3383487758d4e540ae5cfea5edfaf83b1bb1a7ea717d4312cc92082ab",
                "Characteristic_Value": ""
              },
              {
                "Condition_Characteristic_Key": "22389c85613dc0bba01b3ae5361c3d10a723021ec4865fe662beac6f0a592511",
                "Characteristic_Type_Key": "2721330f6225c359e530c1c332da0e34900c9afff8354e0d22b8e264672caee9",
                "Characteristic_Value": ""
              },
              {
                "Condition_Characteristic_Key": "2d8187055b254162a8f4840c6832479c5280cb9dd50989bbfe1c2511fd65d124",
                "Characteristic_Type_Key": "182451c8276741dbde5f134623e946880bf1de912be2e0360e00580763769433",
                "Characteristic_Value": ""
              },
              {
                "Condition_Characteristic_Key": "9b98384fe5f7e01d0c7536f5b5e5b243928e0ad922f886ab8d14499a996ddfef",
                "Characteristic_Type_Key": "abd2b88bad43197bc61e99fdb72275fe0d0177e817dd46c899539ea832125e62",
                "Characteristic_Value": ""
              },
              {
                "Condition_Characteristic_Key": "d58ead15152d00f4212897c3865c60efcbb5b849a565bf3bcf5ee8c877d14435",
                "Characteristic_Type_Key": "cc4c37919716aee0b1985bb479b013c6da9b96e6bdbe8d4b2095a887cdde4401",
                "Characteristic_Value": ""
              }
            ],
            "Domain_Event_Key": "82f6af267c8f0f1bee0833f922358ab17dd55eb496a0d74fca6a212818bfec47",
            "Correlation_Id": "123e4567-e89b-12d3-a456-556642440000",
            "Client_Identification": "SRS-IM",
            "System_Key": "ea040811b4e08ab97f7af0971223713a9dc11d6b30bcc906cd8ec7c2b0b38817",
            "Proc_Ts": "2020-03-16 20:07:56:",
            "Proc_Ts_Tz_Dst_Cd": "100",
            "Event_Ts": "2020-03-16 20:07:56:",
            "Event_Ts_Tz_Dst_Cd": "100"
          }
        },
        {
          "DomainEventHeader": {
            "SOR_INGT_CRT_TS": "2020-03-16 20:07:56:",
            "SOR_TPIC_NM": "tc_id_66.ihl_dev_rm.reg.tm.raw.currInvEvt.v1",
            "DE_META": ""
          },
          "ConveyorConditionCreated": {
            "Domain_Event_Type_Key": "e3b61a2ebf5b23ed3fd8ff58d88a71874f646ec36a6e49d48b10b0c9e3100d05",
            "Conveyor_Key": "aa2a0ae7339ef7912ee417fe7c271d5a14e7b5060adafa32265ec49e19740004",
            "ConditionCharacteristics": [
              {
                "Condition_Characteristic_Key": "92fc369476f6c451464803d3cf39725e4326b5090495b932c0d6b482db006524",
                "Characteristic_Type_Key": "2dfaeb0d28668051be65166a0d2a0986af23a66869d3e9b6d72bcfd7eb884483",
                "Characteristic_Value": ""
              },
              {
                "Condition_Characteristic_Key": "3977b9a84506d55c5d94b082e130e1fbb52c6d19aeb948f14ca433e8fa1b93a9",
                "Characteristic_Type_Key": "13f404546ef1ac6f802010761f600f9adcc77213d4a048a183ed55a67b517b7a",
                "Characteristic_Value": ""
              },
              {
                "Condition_Characteristic_Key": "969e7ed2d228489e77a24e91d7e0776aebda0031c33a4c48d5ec4923d59f9157",
                "Characteristic_Type_Key": "ece8e3d528e185ae7641abc6335c8985bc51afa552818a7d148155e41d96dec8",
                "Characteristic_Value": ""
              },
              {
                "Condition_Characteristic_Key": "4e3ec8c100f3d6ebecb9b67314f1ba2398748fd5e3eebceb68bee8262670758b",
                "Characteristic_Type_Key": "b5361c4b84b87da9de1476b6759e7d19b2b0bb6fb0f0d6048908614bbb261283",
                "Characteristic_Value": ""
              },
              {
                "Condition_Characteristic_Key": "a2eafb2d60b13afc12580b20fb4b2dd4ad497c8a35c94d6ca142e031996ebdde",
                "Characteristic_Type_Key": "4ea81b8a03299ac5c6a2fd8a6821868bff1bf08eea4e810ba8373f574d33119f",
                "Characteristic_Value": "T"
              },
              {
                "Condition_Characteristic_Key": "107ef948f082fac67f79365c73e7beef03f62b1dc5db28965a65cc79bfeb614b",
                "Characteristic_Type_Key": "7c3c6c4b7fd9ae10d16b51f7669fe911630245e27f7d2096134d7c517942f284",
                "Characteristic_Value": ""
              },
              {
                "Condition_Characteristic_Key": "759c988535e3f6a27137e854067308ce156a2fd9b67b8ec1b667d2e166418c12",
                "Characteristic_Type_Key": "a9b20aef2ce31cca52e4f5a071396ebcc8d70cee95b507fa1ec4b67d77f53ba8",
                "Characteristic_Value": ""
              },
              {
                "Condition_Characteristic_Key": "fff9a86d8db420915dd10e8aa58dc5bee69e0b2b699b345bb9db7d08627477cf",
                "Characteristic_Type_Key": "248d07ab8e85a55df5ec39903a13ea6274cad8be89c8e4b79ed3a6953c8b3eb1",
                "Characteristic_Value": ""
              },
              {
                "Condition_Characteristic_Key": "94ae60609e391d6c796c052d1dcec6970696680dd9d608d1bfa8c07cd251349c",
                "Characteristic_Type_Key": "8a2aac040823dc9e04e47859df804625a20af2e20177077cef746afd81373f80",
                "Characteristic_Value": "N"
              },
              {
                "Condition_Characteristic_Key": "30d811e55434cd77049a8a0fa49739610c834ad74d0b7acfdfd690a3ab781bba",
                "Characteristic_Type_Key": "7416478f850e558dc789b3cc70c5a9b80251323ecbd07bbc19d593f39b5bf3e3",
                "Characteristic_Value": ""
              },
              {
                "Condition_Characteristic_Key": "ce9c40b76fd64721e8d99db32d9f0e548084239c5f14c702d241f42b8df11144",
                "Characteristic_Type_Key": "7469244df887671c426cdca1b954fccaba8c035819c0251a25fea6e4ac82d59f",
                "Characteristic_Value": ""
              },
              {
                "Condition_Characteristic_Key": "337537dd437aa8eafa4da2682694568c0399326d812377a5b08d77bdd9bae58c",
                "Characteristic_Type_Key": "5a3b4f35c14d9d1422d28ac76b82cd4bcbc29de2c81b86ae37b9203172ac046d",
                "Characteristic_Value": "PRRINT"
              },
              {
                "Condition_Characteristic_Key": "1aab6e9e8abdab4c807af6aba244caeaa4937529aaeed8d0cfe2e225dd7f6e49",
                "Characteristic_Type_Key": "2214ab61d60ee84af2be68449cfbabaa58f5e4efcbc118e140a2a8bab2f2b503",
                "Characteristic_Value": "PRIRUPTER"
              },
              {
                "Condition_Characteristic_Key": "0b243a091c7d3bdef2ea1481296da127f19c6127681c2c6ff4462a9cb6cbfcf6",
                "Characteristic_Type_Key": "372abbe79f7f7fc86ec42b84af9a7ad10d28d1813b5ae87a00a5ab163243dc7c",
                "Characteristic_Value": "BC"
              },
              {
                "Condition_Characteristic_Key": "db0cc54ea4be26a56a6bfaa8aff3aec16d2c0486c652d21c0aaf134b5a13e84a",
                "Characteristic_Type_Key": "f2a44d3c1e8b393dab8f2381b59624c379071b7b4f63fcc2c1310953ff20c266",
                "Characteristic_Value": ""
              },
              {
                "Condition_Characteristic_Key": "71e5f41639b2692df2f6a148792665b3c71cba10e5823b43877b825278ff317e",
                "Characteristic_Type_Key": "06336730586527e31d5f9f12871d505364457590976fc83d32651a06869d3aa1",
                "Characteristic_Value": "Q1957102"
              },
              {
                "Condition_Characteristic_Key": "effd16ff5f1cb8137f54354188b2c6f736b76fe02f1d547ed8362a76e4a676e0",
                "Characteristic_Type_Key": "3bee39f5eb148ccd776f8fd6c8be9bd932bbc8c74f556212935cf4be765e0f0c",
                "Characteristic_Value": ""
              },
              {
                "Condition_Characteristic_Key": "023a926547638a7f47f697ab60fcc22637bf7e3f27337e91d7c1439ba4472bac",
                "Characteristic_Type_Key": "9eb03ed3383487758d4e540ae5cfea5edfaf83b1bb1a7ea717d4312cc92082ab",
                "Characteristic_Value": ""
              },
              {
                "Condition_Characteristic_Key": "22389c85613dc0bba01b3ae5361c3d10a723021ec4865fe662beac6f0a592511",
                "Characteristic_Type_Key": "2721330f6225c359e530c1c332da0e34900c9afff8354e0d22b8e264672caee9",
                "Characteristic_Value": ""
              },
              {
                "Condition_Characteristic_Key": "2d8187055b254162a8f4840c6832479c5280cb9dd50989bbfe1c2511fd65d124",
                "Characteristic_Type_Key": "182451c8276741dbde5f134623e946880bf1de912be2e0360e00580763769433",
                "Characteristic_Value": ""
              },
              {
                "Condition_Characteristic_Key": "9b98384fe5f7e01d0c7536f5b5e5b243928e0ad922f886ab8d14499a996ddfef",
                "Characteristic_Type_Key": "abd2b88bad43197bc61e99fdb72275fe0d0177e817dd46c899539ea832125e62",
                "Characteristic_Value": ""
              },
              {
                "Condition_Characteristic_Key": "d58ead15152d00f4212897c3865c60efcbb5b849a565bf3bcf5ee8c877d14435",
                "Characteristic_Type_Key": "cc4c37919716aee0b1985bb479b013c6da9b96e6bdbe8d4b2095a887cdde4401",
                "Characteristic_Value": ""
              }
            ],
            "Domain_Event_Key": "82f6af267c8f0f1bee0833f922358ab17dd55eb496a0d74fca6a212818bfec47",
            "Correlation_Id": "123e4567-e89b-12d3-a456-556642440000",
            "Client_Identification": "SRS-IM",
            "System_Key": "ea040811b4e08ab97f7af0971223713a9dc11d6b30bcc906cd8ec7c2b0b38817",
            "Proc_Ts": "2020-03-16 20:07:56:",
            "Proc_Ts_Tz_Dst_Cd": "100",
            "Event_Ts": "2020-03-16 20:07:56:",
            "Event_Ts_Tz_Dst_Cd": "100"
          }
        }
      ]
    },
    {
      "name": "tc_id_66.ihl_dev_rm.reg.tm.prepared.shipAsct.v1",
      "data": [
        {
          "DomainEventHeader": {
            "SOR_INGT_CRT_TS": "2020-03-16 20:07:56:",
            "SOR_TPIC_NM": "tc_id_66.ihl_dev_rm.reg.tm.raw.currInvEvt.v1",
            "DE_META": ""
          },
          "ShipmentAssociated": {
            "Primary_Object_Key": "aa2a0ae7339ef7912ee417fe7c271d5a14e7b5060adafa32265ec49e19740004",
            "Domain_Event_Type_Key": "c7881817d6d6fabbc8c8be4c1a5310d4b02d506473e08a55032dedde16c0b3fa",
            "Association_Key": "Not Applicable",
            "Association_Type_Key": "Not Applicable",
            "Shipment_Key": "Not Applicable",
            "Shipment_Type_Key": "Not Applicable",
            "Associated_Object_Key": "Not Applicable",
            "Associated_Object_Type_Key": "Not Applicable",
            "Domain_Event_Key": "acba4204e27ee9bfeb25bf90c75ce04ffb71c77bdff23022d1eb58ec207cdeaf",
            "Correlation_Id": "123e4567-e89b-12d3-a456-556642440000",
            "Client_Identification": "SRS-IM",
            "System_Key": "ea040811b4e08ab97f7af0971223713a9dc11d6b30bcc906cd8ec7c2b0b38817",
            "Proc_Ts": "2020-03-16 20:07:56:",
            "Proc_Ts_Tz_Dst_Cd": "100",
            "Event_Ts": "2020-03-16 20:07:56:",
            "Event_Ts_Tz_Dst_Cd": "100"
          }
        },
        {
          "DomainEventHeader": {
            "SOR_INGT_CRT_TS": "2020-03-16 20:07:56:",
            "SOR_TPIC_NM": "tc_id_66.ihl_dev_rm.reg.tm.raw.currInvEvt.v1",
            "DE_META": ""
          },
          "ShipmentAssociated": {
            "Primary_Object_Key": "aa2a0ae7339ef7912ee417fe7c271d5a14e7b5060adafa32265ec49e19740004",
            "Domain_Event_Type_Key": "8eb3e769649d98d5e896398ded3b7bdb63bdaf6d53f440f4b9a8da51e8f74f40",
            "Association_Key": "9e27c6c9a63671670f01048ecc8b72765889128013069c46555d71ca7209254b",
            "Association_Type_Key": "3de22246a9c11b9fa0fae553613839d4fa5e077ff8bbbf7ee43eef0725c434c2",
            "Shipment_Key": "f7c7f5fcbde170238d44e08a1e19dd4225dfd2e70b846e54edba402b8b4657bb",
            "Shipment_Type_Key": "d7b91437ff74a3bfd70ba3ebe8d16b8b5c2658cb589c7e5fa9d8f67d354e3b80",
            "Associated_Object_Key": "aa2a0ae7339ef7912ee417fe7c271d5a14e7b5060adafa32265ec49e19740004",
            "Associated_Object_Type_Key": "e91b3bb060fea6f9d741db9db19e3328be5f64f34429ff2e66aa176cdcf24133",
            "Domain_Event_Key": "d50eacf06077325ef018181bd575f4a4abdeed0fae93a166a16112a30c37462b",
            "Correlation_Id": "123e4567-e89b-12d3-a456-556642440000",
            "Client_Identification": "SRS-IM",
            "System_Key": "ea040811b4e08ab97f7af0971223713a9dc11d6b30bcc906cd8ec7c2b0b38817",
            "Proc_Ts": "2020-03-16 20:07:56:",
            "Proc_Ts_Tz_Dst_Cd": "100",
            "Event_Ts": "2020-03-16 20:07:56:",
            "Event_Ts_Tz_Dst_Cd": "100"
          }
        },
        {
          "DomainEventHeader": {
            "SOR_INGT_CRT_TS": "2020-03-16 20:07:56:",
            "SOR_TPIC_NM": "tc_id_66.ihl_dev_rm.reg.tm.raw.currInvEvt.v1",
            "DE_META": ""
          },
          "ShipmentAssociated": {
            "Primary_Object_Key": "aa2a0ae7339ef7912ee417fe7c271d5a14e7b5060adafa32265ec49e19740004",
            "Domain_Event_Type_Key": "c7881817d6d6fabbc8c8be4c1a5310d4b02d506473e08a55032dedde16c0b3fa",
            "Association_Key": "Not Applicable",
            "Association_Type_Key": "Not Applicable",
            "Shipment_Key": "Not Applicable",
            "Shipment_Type_Key": "Not Applicable",
            "Associated_Object_Key": "Not Applicable",
            "Associated_Object_Type_Key": "Not Applicable",
            "Domain_Event_Key": "acba4204e27ee9bfeb25bf90c75ce04ffb71c77bdff23022d1eb58ec207cdeaf",
            "Correlation_Id": "123e4567-e89b-12d3-a456-556642440000",
            "Client_Identification": "SRS-IM",
            "System_Key": "ea040811b4e08ab97f7af0971223713a9dc11d6b30bcc906cd8ec7c2b0b38817",
            "Proc_Ts": "2020-03-16 20:07:56:",
            "Proc_Ts_Tz_Dst_Cd": "100",
            "Event_Ts": "2020-03-16 20:07:56:",
            "Event_Ts_Tz_Dst_Cd": "100"
          }
        },
        {
          "DomainEventHeader": {
            "SOR_INGT_CRT_TS": "2020-03-16 20:07:56:",
            "SOR_TPIC_NM": "tc_id_66.ihl_dev_rm.reg.tm.raw.currInvEvt.v1",
            "DE_META": ""
          },
          "ShipmentAssociated": {
            "Primary_Object_Key": "aa2a0ae7339ef7912ee417fe7c271d5a14e7b5060adafa32265ec49e19740004",
            "Domain_Event_Type_Key": "c7881817d6d6fabbc8c8be4c1a5310d4b02d506473e08a55032dedde16c0b3fa",
            "Association_Key": "Not Applicable",
            "Association_Type_Key": "Not Applicable",
            "Shipment_Key": "Not Applicable",
            "Shipment_Type_Key": "Not Applicable",
            "Associated_Object_Key": "Not Applicable",
            "Associated_Object_Type_Key": "Not Applicable",
            "Domain_Event_Key": "acba4204e27ee9bfeb25bf90c75ce04ffb71c77bdff23022d1eb58ec207cdeaf",
            "Correlation_Id": "123e4567-e89b-12d3-a456-556642440000",
            "Client_Identification": "SRS-IM",
            "System_Key": "ea040811b4e08ab97f7af0971223713a9dc11d6b30bcc906cd8ec7c2b0b38817",
            "Proc_Ts": "2020-03-16 20:07:56:",
            "Proc_Ts_Tz_Dst_Cd": "100",
            "Event_Ts": "2020-03-16 20:07:56:",
            "Event_Ts_Tz_Dst_Cd": "100"
          }
        },
        {
          "DomainEventHeader": {
            "SOR_INGT_CRT_TS": "2020-03-16 20:07:56:",
            "SOR_TPIC_NM": "tc_id_66.ihl_dev_rm.reg.tm.raw.currInvEvt.v1",
            "DE_META": ""
          },
          "ShipmentAssociated": {
            "Primary_Object_Key": "aa2a0ae7339ef7912ee417fe7c271d5a14e7b5060adafa32265ec49e19740004",
            "Domain_Event_Type_Key": "8eb3e769649d98d5e896398ded3b7bdb63bdaf6d53f440f4b9a8da51e8f74f40",
            "Association_Key": "9e27c6c9a63671670f01048ecc8b72765889128013069c46555d71ca7209254b",
            "Association_Type_Key": "3de22246a9c11b9fa0fae553613839d4fa5e077ff8bbbf7ee43eef0725c434c2",
            "Shipment_Key": "f7c7f5fcbde170238d44e08a1e19dd4225dfd2e70b846e54edba402b8b4657bb",
            "Shipment_Type_Key": "d7b91437ff74a3bfd70ba3ebe8d16b8b5c2658cb589c7e5fa9d8f67d354e3b80",
            "Associated_Object_Key": "aa2a0ae7339ef7912ee417fe7c271d5a14e7b5060adafa32265ec49e19740004",
            "Associated_Object_Type_Key": "e91b3bb060fea6f9d741db9db19e3328be5f64f34429ff2e66aa176cdcf24133",
            "Domain_Event_Key": "d50eacf06077325ef018181bd575f4a4abdeed0fae93a166a16112a30c37462b",
            "Correlation_Id": "123e4567-e89b-12d3-a456-556642440000",
            "Client_Identification": "SRS-IM",
            "System_Key": "ea040811b4e08ab97f7af0971223713a9dc11d6b30bcc906cd8ec7c2b0b38817",
            "Proc_Ts": "2020-03-16 20:07:56:",
            "Proc_Ts_Tz_Dst_Cd": "100",
            "Event_Ts": "2020-03-16 20:07:56:",
            "Event_Ts_Tz_Dst_Cd": "100"
          }
        }
      ]
    },
    {
      "name": "tc_id_66.ihl_dev_rm.reg.tm.prepared.shipAsctDsc.v1",
      "data": [
        {
          "DomainEventHeader": {
            "SOR_INGT_CRT_TS": "2020-03-16 20:07:56:",
            "SOR_TPIC_NM": "tc_id_66.ihl_dev_rm.reg.tm.raw.currInvEvt.v1",
            "DE_META": ""
          },
          "ShipmentAssociationDescribed": {
            "Primary_Object_Key": "aa2a0ae7339ef7912ee417fe7c271d5a14e7b5060adafa32265ec49e19740004",
            "Domain_Event_Type_Key": "c7881817d6d6fabbc8c8be4c1a5310d4b02d506473e08a55032dedde16c0b3fa",
            "Association_Key": "",
            "AssociationCharacteristics": [
              {}
            ],
            "Domain_Event_Key": "acba4204e27ee9bfeb25bf90c75ce04ffb71c77bdff23022d1eb58ec207cdeaf",
            "Correlation_Id": "123e4567-e89b-12d3-a456-556642440000",
            "Client_Identification": "SRS-IM",
            "System_Key": "ea040811b4e08ab97f7af0971223713a9dc11d6b30bcc906cd8ec7c2b0b38817",
            "Proc_Ts": "2020-03-16 20:07:56:",
            "Proc_Ts_Tz_Dst_Cd": "100",
            "Event_Ts": "2020-03-16 20:07:56:",
            "Event_Ts_Tz_Dst_Cd": "100"
          }
        },
        {
          "DomainEventHeader": {
            "SOR_INGT_CRT_TS": "2020-03-16 20:07:56:",
            "SOR_TPIC_NM": "tc_id_66.ihl_dev_rm.reg.tm.raw.currInvEvt.v1",
            "DE_META": ""
          },
          "ShipmentAssociationDescribed": {
            "Primary_Object_Key": "aa2a0ae7339ef7912ee417fe7c271d5a14e7b5060adafa32265ec49e19740004",
            "Domain_Event_Type_Key": "e3b61a2ebf5b23ed3fd8ff58d88a71874f646ec36a6e49d48b10b0c9e3100d05",
            "Association_Key": "9e27c6c9a63671670f01048ecc8b72765889128013069c46555d71ca7209254b",
            "AssociationCharacteristics": [
              {
                "Association_Characteristic_Key": "99f0f13adf42665bad3b36a54e519fed5865c7691d7a6364af2212825cd7c4d9",
                "Characteristic_Type_Key": "8a2aac040823dc9e04e47859df804625a20af2e20177077cef746afd81373f80",
                "Characteristic_Value": "N"
              },
              {
                "Association_Characteristic_Key": "512441ea21e56d8af2b28f5ab2957c490a16b676aa281d79b0d96fe12dfb44ac",
                "Characteristic_Type_Key": "d9d99aec0ae95b5ffc046ffa2f1812bc215f3915ee2ca8f2b326c59c6b81e057",
                "Characteristic_Value": "0"
              },
              {
                "Association_Characteristic_Key": "336ad8e588d76c51cadfe350aea3652e1202bbef461c29c3028a12aa2ee8f6da",
                "Characteristic_Type_Key": "7416478f850e558dc789b3cc70c5a9b80251323ecbd07bbc19d593f39b5bf3e3",
                "Characteristic_Value": ""
              },
              {
                "Association_Characteristic_Key": "26ce1fdefae5201de9ed0e1f7464439654a01f4b79207774e1bc4a163917ba72",
                "Characteristic_Type_Key": "7469244df887671c426cdca1b954fccaba8c035819c0251a25fea6e4ac82d59f",
                "Characteristic_Value": ""
              },
              {
                "Association_Characteristic_Key": "76215a45d07b81535b06acbae1d0429136928a07776d0a16320c67ac7500ae5f",
                "Characteristic_Type_Key": "5a3b4f35c14d9d1422d28ac76b82cd4bcbc29de2c81b86ae37b9203172ac046d",
                "Characteristic_Value": "PRRINT"
              },
              {
                "Association_Characteristic_Key": "f53effd7fa48e673bcf89794937efae1de1edd26c9a166a24b99e4b09706a68f",
                "Characteristic_Type_Key": "2214ab61d60ee84af2be68449cfbabaa58f5e4efcbc118e140a2a8bab2f2b503",
                "Characteristic_Value": "PRIRUPTER"
              },
              {
                "Association_Characteristic_Key": "36c8359d4563165f7094206b123a0876fac97efd7c06ceefd6f51ef3af9db721",
                "Characteristic_Type_Key": "372abbe79f7f7fc86ec42b84af9a7ad10d28d1813b5ae87a00a5ab163243dc7c",
                "Characteristic_Value": "BC"
              },
              {
                "Association_Characteristic_Key": "f286f957ba4411e3c9c7e896f31371fda1d079f356749f4755016d031a6e7dbf",
                "Characteristic_Type_Key": "f2a44d3c1e8b393dab8f2381b59624c379071b7b4f63fcc2c1310953ff20c266",
                "Characteristic_Value": ""
              },
              {
                "Association_Characteristic_Key": "56522d9421937e4d9905dbbe7058e0469a71c7df893e5c12d1388356c7e79896",
                "Characteristic_Type_Key": "06336730586527e31d5f9f12871d505364457590976fc83d32651a06869d3aa1",
                "Characteristic_Value": "Q1957102"
              }
            ],
            "Domain_Event_Key": "5ef5df1ce4ae8360d913608d9176fb92a3ea27601f1d04743badf0c8f789fee8",
            "Correlation_Id": "123e4567-e89b-12d3-a456-556642440000",
            "Client_Identification": "SRS-IM",
            "System_Key": "ea040811b4e08ab97f7af0971223713a9dc11d6b30bcc906cd8ec7c2b0b38817",
            "Proc_Ts": "2020-03-16 20:07:56:",
            "Proc_Ts_Tz_Dst_Cd": "100",
            "Event_Ts": "2020-03-16 20:07:56:",
            "Event_Ts_Tz_Dst_Cd": "100"
          }
        },
        {
          "DomainEventHeader": {
            "SOR_INGT_CRT_TS": "2020-03-16 20:07:56:",
            "SOR_TPIC_NM": "tc_id_66.ihl_dev_rm.reg.tm.raw.currInvEvt.v1",
            "DE_META": ""
          },
          "ShipmentAssociationDescribed": {
            "Primary_Object_Key": "aa2a0ae7339ef7912ee417fe7c271d5a14e7b5060adafa32265ec49e19740004",
            "Domain_Event_Type_Key": "c7881817d6d6fabbc8c8be4c1a5310d4b02d506473e08a55032dedde16c0b3fa",
            "Association_Key": "",
            "AssociationCharacteristics": [
              {}
            ],
            "Domain_Event_Key": "acba4204e27ee9bfeb25bf90c75ce04ffb71c77bdff23022d1eb58ec207cdeaf",
            "Correlation_Id": "123e4567-e89b-12d3-a456-556642440000",
            "Client_Identification": "SRS-IM",
            "System_Key": "ea040811b4e08ab97f7af0971223713a9dc11d6b30bcc906cd8ec7c2b0b38817",
            "Proc_Ts": "2020-03-16 20:07:56:",
            "Proc_Ts_Tz_Dst_Cd": "100",
            "Event_Ts": "2020-03-16 20:07:56:",
            "Event_Ts_Tz_Dst_Cd": "100"
          }
        },
        {
          "DomainEventHeader": {
            "SOR_INGT_CRT_TS": "2020-03-16 20:07:56:",
            "SOR_TPIC_NM": "tc_id_66.ihl_dev_rm.reg.tm.raw.currInvEvt.v1",
            "DE_META": ""
          },
          "ShipmentAssociationDescribed": {
            "Primary_Object_Key": "aa2a0ae7339ef7912ee417fe7c271d5a14e7b5060adafa32265ec49e19740004",
            "Domain_Event_Type_Key": "e3b61a2ebf5b23ed3fd8ff58d88a71874f646ec36a6e49d48b10b0c9e3100d05",
            "Association_Key": "9e27c6c9a63671670f01048ecc8b72765889128013069c46555d71ca7209254b",
            "AssociationCharacteristics": [
              {
                "Association_Characteristic_Key": "99f0f13adf42665bad3b36a54e519fed5865c7691d7a6364af2212825cd7c4d9",
                "Characteristic_Type_Key": "8a2aac040823dc9e04e47859df804625a20af2e20177077cef746afd81373f80",
                "Characteristic_Value": "N"
              },
              {
                "Association_Characteristic_Key": "512441ea21e56d8af2b28f5ab2957c490a16b676aa281d79b0d96fe12dfb44ac",
                "Characteristic_Type_Key": "d9d99aec0ae95b5ffc046ffa2f1812bc215f3915ee2ca8f2b326c59c6b81e057",
                "Characteristic_Value": "0"
              },
              {
                "Association_Characteristic_Key": "336ad8e588d76c51cadfe350aea3652e1202bbef461c29c3028a12aa2ee8f6da",
                "Characteristic_Type_Key": "7416478f850e558dc789b3cc70c5a9b80251323ecbd07bbc19d593f39b5bf3e3",
                "Characteristic_Value": ""
              },
              {
                "Association_Characteristic_Key": "26ce1fdefae5201de9ed0e1f7464439654a01f4b79207774e1bc4a163917ba72",
                "Characteristic_Type_Key": "7469244df887671c426cdca1b954fccaba8c035819c0251a25fea6e4ac82d59f",
                "Characteristic_Value": ""
              },
              {
                "Association_Characteristic_Key": "76215a45d07b81535b06acbae1d0429136928a07776d0a16320c67ac7500ae5f",
                "Characteristic_Type_Key": "5a3b4f35c14d9d1422d28ac76b82cd4bcbc29de2c81b86ae37b9203172ac046d",
                "Characteristic_Value": "PRRINT"
              },
              {
                "Association_Characteristic_Key": "f53effd7fa48e673bcf89794937efae1de1edd26c9a166a24b99e4b09706a68f",
                "Characteristic_Type_Key": "2214ab61d60ee84af2be68449cfbabaa58f5e4efcbc118e140a2a8bab2f2b503",
                "Characteristic_Value": "PRIRUPTER"
              },
              {
                "Association_Characteristic_Key": "36c8359d4563165f7094206b123a0876fac97efd7c06ceefd6f51ef3af9db721",
                "Characteristic_Type_Key": "372abbe79f7f7fc86ec42b84af9a7ad10d28d1813b5ae87a00a5ab163243dc7c",
                "Characteristic_Value": "BC"
              },
              {
                "Association_Characteristic_Key": "f286f957ba4411e3c9c7e896f31371fda1d079f356749f4755016d031a6e7dbf",
                "Characteristic_Type_Key": "f2a44d3c1e8b393dab8f2381b59624c379071b7b4f63fcc2c1310953ff20c266",
                "Characteristic_Value": ""
              },
              {
                "Association_Characteristic_Key": "56522d9421937e4d9905dbbe7058e0469a71c7df893e5c12d1388356c7e79896",
                "Characteristic_Type_Key": "06336730586527e31d5f9f12871d505364457590976fc83d32651a06869d3aa1",
                "Characteristic_Value": "Q1957102"
              }
            ],
            "Domain_Event_Key": "5ef5df1ce4ae8360d913608d9176fb92a3ea27601f1d04743badf0c8f789fee8",
            "Correlation_Id": "123e4567-e89b-12d3-a456-556642440000",
            "Client_Identification": "SRS-IM",
            "System_Key": "ea040811b4e08ab97f7af0971223713a9dc11d6b30bcc906cd8ec7c2b0b38817",
            "Proc_Ts": "2020-03-16 20:07:56:",
            "Proc_Ts_Tz_Dst_Cd": "100",
            "Event_Ts": "2020-03-16 20:07:56:",
            "Event_Ts_Tz_Dst_Cd": "100"
          }
        },
        {
          "DomainEventHeader": {
            "SOR_INGT_CRT_TS": "2020-03-16 20:07:56:",
            "SOR_TPIC_NM": "tc_id_66.ihl_dev_rm.reg.tm.raw.currInvEvt.v1",
            "DE_META": ""
          },
          "ShipmentAssociationDescribed": {
            "Primary_Object_Key": "aa2a0ae7339ef7912ee417fe7c271d5a14e7b5060adafa32265ec49e19740004",
            "Domain_Event_Type_Key": "c7881817d6d6fabbc8c8be4c1a5310d4b02d506473e08a55032dedde16c0b3fa",
            "Association_Key": "",
            "AssociationCharacteristics": [
              {}
            ],
            "Domain_Event_Key": "acba4204e27ee9bfeb25bf90c75ce04ffb71c77bdff23022d1eb58ec207cdeaf",
            "Correlation_Id": "123e4567-e89b-12d3-a456-556642440000",
            "Client_Identification": "SRS-IM",
            "System_Key": "ea040811b4e08ab97f7af0971223713a9dc11d6b30bcc906cd8ec7c2b0b38817",
            "Proc_Ts": "2020-03-16 20:07:56:",
            "Proc_Ts_Tz_Dst_Cd": "100",
            "Event_Ts": "2020-03-16 20:07:56:",
            "Event_Ts_Tz_Dst_Cd": "100"
          }
        }
      ]
    },
    {
      "name": "tc_id_66.ihl_dev_rm.reg.tm.prepared.trspEvtRpt.v1",
      "data": [
        {
          "DomainEventHeader": {
            "SOR_INGT_CRT_TS": "2020-03-16 20:07:56:",
            "SOR_TPIC_NM": "tc_id_66.ihl_dev_rm.reg.tm.raw.currInvEvt.v1",
            "DE_META": ""
          },
          "TransportationEventReported": {
            "Primary_Object_Key": "aa2a0ae7339ef7912ee417fe7c271d5a14e7b5060adafa32265ec49e19740004",
            "Domain_Event_Type_Key": "e3b61a2ebf5b23ed3fd8ff58d88a71874f646ec36a6e49d48b10b0c9e3100d05",
            "Transportation_Event_Key": "aa2a0ae7339ef7912ee417fe7c271d5a14e7b5060adafa32265ec49e19740004",
            "Transportation_Event_Type_Key": "c71838319649ddc43efc10e30541ca4bb8170a7e9903a3d9dc0b306bca3c2c76",
            "Domain_Event_Key": "82f6af267c8f0f1bee0833f922358ab17dd55eb496a0d74fca6a212818bfec47",
            "Transportation_Event_Value": "TAOR",
            "Correlation_Id": "123e4567-e89b-12d3-a456-556642440000",
            "Client_Identification": "SRS-IM",
            "System_Key": "ea040811b4e08ab97f7af0971223713a9dc11d6b30bcc906cd8ec7c2b0b38817",
            "Proc_Ts": "2020-03-16 20:07:56:",
            "Proc_Ts_Tz_Dst_Cd": "100",
            "Event_Ts": "2020-03-16 20:07:56:",
            "Event_Ts_Tz_Dst_Cd": "100"
          }
        },
        {
          "DomainEventHeader": {
            "SOR_INGT_CRT_TS": "2020-03-16 20:07:56:",
            "SOR_TPIC_NM": "tc_id_66.ihl_dev_rm.reg.tm.raw.currInvEvt.v1",
            "DE_META": ""
          },
          "TransportationEventReported": {
            "Primary_Object_Key": "aa2a0ae7339ef7912ee417fe7c271d5a14e7b5060adafa32265ec49e19740004",
            "Domain_Event_Type_Key": "e3b61a2ebf5b23ed3fd8ff58d88a71874f646ec36a6e49d48b10b0c9e3100d05",
            "Transportation_Event_Key": "aa2a0ae7339ef7912ee417fe7c271d5a14e7b5060adafa32265ec49e19740004",
            "Transportation_Event_Type_Key": "c71838319649ddc43efc10e30541ca4bb8170a7e9903a3d9dc0b306bca3c2c76",
            "Domain_Event_Key": "82f6af267c8f0f1bee0833f922358ab17dd55eb496a0d74fca6a212818bfec47",
            "Transportation_Event_Value": "TAOR",
            "Correlation_Id": "123e4567-e89b-12d3-a456-556642440000",
            "Client_Identification": "SRS-IM",
            "System_Key": "ea040811b4e08ab97f7af0971223713a9dc11d6b30bcc906cd8ec7c2b0b38817",
            "Proc_Ts": "2020-03-16 20:07:56:",
            "Proc_Ts_Tz_Dst_Cd": "100",
            "Event_Ts": "2020-03-16 20:07:56:",
            "Event_Ts_Tz_Dst_Cd": "100"
          }
        }
      ]
    },
    {
      "name": "tc_id_66.ihl_dev_rm.reg.tm.prepared.trspEvtDsc.v1",
      "data": [
        {
          "DomainEventHeader": {
            "SOR_INGT_CRT_TS": "2020-03-16 20:07:56:",
            "SOR_TPIC_NM": "tc_id_66.ihl_dev_rm.reg.tm.raw.currInvEvt.v1",
            "DE_META": ""
          },
          "TransportationEventDescribed": {
            "Primary_Object_Key": "aa2a0ae7339ef7912ee417fe7c271d5a14e7b5060adafa32265ec49e19740004",
            "Domain_Event_Type_Key": "c7881817d6d6fabbc8c8be4c1a5310d4b02d506473e08a55032dedde16c0b3fa",
            "Transportation_Event_Key": "",
            "TransportationEventCharacteristics": [
              {}
            ],
            "Domain_Event_Key": "acba4204e27ee9bfeb25bf90c75ce04ffb71c77bdff23022d1eb58ec207cdeaf",
            "Correlation_Id": "123e4567-e89b-12d3-a456-556642440000",
            "Client_Identification": "SRS-IM",
            "System_Key": "ea040811b4e08ab97f7af0971223713a9dc11d6b30bcc906cd8ec7c2b0b38817",
            "Proc_Ts": "2020-03-16 20:07:56:",
            "Proc_Ts_Tz_Dst_Cd": "100",
            "Event_Ts": "2020-03-16 20:07:56:",
            "Event_Ts_Tz_Dst_Cd": "100"
          }
        },
        {
          "DomainEventHeader": {
            "SOR_INGT_CRT_TS": "2020-03-16 20:07:56:",
            "SOR_TPIC_NM": "tc_id_66.ihl_dev_rm.reg.tm.raw.currInvEvt.v1",
            "DE_META": ""
          },
          "TransportationEventDescribed": {
            "Primary_Object_Key": "aa2a0ae7339ef7912ee417fe7c271d5a14e7b5060adafa32265ec49e19740004",
            "Domain_Event_Type_Key": "e3b61a2ebf5b23ed3fd8ff58d88a71874f646ec36a6e49d48b10b0c9e3100d05",
            "Transportation_Event_Key": "aa2a0ae7339ef7912ee417fe7c271d5a14e7b5060adafa32265ec49e19740004",
            "TransportationEventCharacteristics": [
              {
                "Transportation_Event_Characteristic_Key": "a0a581213d58e5d58508dee753b15256a9518028f88f89ee1775c984af3f47e6",
                "Characteristic_Type_Key": "4ad95d606bc09078d5afe687ceeed40922882091d5217ca5ad6db6830ab0ffd5",
                "Characteristic_Value": "TA"
              },
              {
                "Transportation_Event_Characteristic_Key": "8d2f420074e16fc9cfe9d196150466197c111fe4dbe96b36bc9756a2bd939d20",
                "Characteristic_Type_Key": "9300bb6a2a6914224df96a63e320eb0677015232d1ad0262494e91672bf220dc",
                "Characteristic_Value": "OR"
              },
              {
                "Transportation_Event_Characteristic_Key": "186b6d23c4f5ae41a409e4be9d82e30b1d55159c72317a8323ae4607c51edf77",
                "Characteristic_Type_Key": "ab003fb8d838bb009a23e10b96fdea5b5dbaa691dd6a658146851df3f7801130",
                "Characteristic_Value": "2020/03/03"
              },
              {
                "Transportation_Event_Characteristic_Key": "da243d079d2fe7977b9466ebe4ff87fed6c71b66910889dd119fd3d517379ae8",
                "Characteristic_Type_Key": "f5b3a3d43967a9d40508621b349f54966f1babc8d8c6233efbcff57e41aed3fe",
                "Characteristic_Value": "07:59:00"
              }
            ],
            "Domain_Event_Key": "82f6af267c8f0f1bee0833f922358ab17dd55eb496a0d74fca6a212818bfec47",
            "Correlation_Id": "123e4567-e89b-12d3-a456-556642440000",
            "Client_Identification": "SRS-IM",
            "System_Key": "ea040811b4e08ab97f7af0971223713a9dc11d6b30bcc906cd8ec7c2b0b38817",
            "Proc_Ts": "2020-03-16 20:07:56:",
            "Proc_Ts_Tz_Dst_Cd": "100",
            "Event_Ts": "2020-03-16 20:07:56:",
            "Event_Ts_Tz_Dst_Cd": "100"
          }
        },
        {
          "DomainEventHeader": {
            "SOR_INGT_CRT_TS": "2020-03-16 20:07:56:",
            "SOR_TPIC_NM": "tc_id_66.ihl_dev_rm.reg.tm.raw.currInvEvt.v1",
            "DE_META": ""
          },
          "TransportationEventDescribed": {
            "Primary_Object_Key": "aa2a0ae7339ef7912ee417fe7c271d5a14e7b5060adafa32265ec49e19740004",
            "Domain_Event_Type_Key": "e3b61a2ebf5b23ed3fd8ff58d88a71874f646ec36a6e49d48b10b0c9e3100d05",
            "Transportation_Event_Key": "aa2a0ae7339ef7912ee417fe7c271d5a14e7b5060adafa32265ec49e19740004",
            "TransportationEventCharacteristics": [
              {
                "Transportation_Event_Characteristic_Key": "a0a581213d58e5d58508dee753b15256a9518028f88f89ee1775c984af3f47e6",
                "Characteristic_Type_Key": "4ad95d606bc09078d5afe687ceeed40922882091d5217ca5ad6db6830ab0ffd5",
                "Characteristic_Value": "TA"
              },
              {
                "Transportation_Event_Characteristic_Key": "8d2f420074e16fc9cfe9d196150466197c111fe4dbe96b36bc9756a2bd939d20",
                "Characteristic_Type_Key": "9300bb6a2a6914224df96a63e320eb0677015232d1ad0262494e91672bf220dc",
                "Characteristic_Value": "OR"
              },
              {
                "Transportation_Event_Characteristic_Key": "186b6d23c4f5ae41a409e4be9d82e30b1d55159c72317a8323ae4607c51edf77",
                "Characteristic_Type_Key": "ab003fb8d838bb009a23e10b96fdea5b5dbaa691dd6a658146851df3f7801130",
                "Characteristic_Value": "2020/03/03"
              },
              {
                "Transportation_Event_Characteristic_Key": "da243d079d2fe7977b9466ebe4ff87fed6c71b66910889dd119fd3d517379ae8",
                "Characteristic_Type_Key": "f5b3a3d43967a9d40508621b349f54966f1babc8d8c6233efbcff57e41aed3fe",
                "Characteristic_Value": "07:59:00"
              }
            ],
            "Domain_Event_Key": "82f6af267c8f0f1bee0833f922358ab17dd55eb496a0d74fca6a212818bfec47",
            "Correlation_Id": "123e4567-e89b-12d3-a456-556642440000",
            "Client_Identification": "SRS-IM",
            "System_Key": "ea040811b4e08ab97f7af0971223713a9dc11d6b30bcc906cd8ec7c2b0b38817",
            "Proc_Ts": "2020-03-16 20:07:56:",
            "Proc_Ts_Tz_Dst_Cd": "100",
            "Event_Ts": "2020-03-16 20:07:56:",
            "Event_Ts_Tz_Dst_Cd": "100"
          }
        }
      ]
    },
    {
      "name": "tc_id_66.ihl_dev_rm.reg.tm.prepared.trspEvtAsct.v1",
      "data": [
        {
          "DomainEventHeader": {
            "SOR_INGT_CRT_TS": "2020-03-16 20:07:56:",
            "SOR_TPIC_NM": "tc_id_66.ihl_dev_rm.reg.tm.raw.currInvEvt.v1",
            "DE_META": ""
          },
          "TransportationEventAssociated": {
            "Primary_Object_Key": "aa2a0ae7339ef7912ee417fe7c271d5a14e7b5060adafa32265ec49e19740004",
            "Domain_Event_Type_Key": "8eb3e769649d98d5e896398ded3b7bdb63bdaf6d53f440f4b9a8da51e8f74f40",
            "Association_Key": "ac1b7cb1cc8ffcadf939b25ff0661bf2ffcb123eedecfdf81ee6df28da167ab1",
            "Association_Type_Key": "f14875e5d958c5950898070f62877f507b4fd345db9db5a46f0b5506943a62da",
            "Transportation_Event_Key": "aa2a0ae7339ef7912ee417fe7c271d5a14e7b5060adafa32265ec49e19740004",
            "Transportation_Event_Type_Key": "c71838319649ddc43efc10e30541ca4bb8170a7e9903a3d9dc0b306bca3c2c76",
            "Associated_Object_Key": "69df99feacd8dcae75d33de9786a3e96765e1d06bc6a48c3e93a1d0a0dfa687b",
            "Associated_Object_Type_Key": "3243be7c53d81a4ed2e0224d66e8452715f18aaefb95df70de85575b6b070306",
            "Domain_Event_Key": "0c5b8f2f40c863614a9148f8f06d7aefc2c9ceb7f52be39543654f1012d34601",
            "Correlation_Id": "123e4567-e89b-12d3-a456-556642440000",
            "Client_Identification": "SRS-IM",
            "System_Key": "ea040811b4e08ab97f7af0971223713a9dc11d6b30bcc906cd8ec7c2b0b38817",
            "Proc_Ts": "2020-03-16 20:07:56:",
            "Proc_Ts_Tz_Dst_Cd": "100",
            "Event_Ts": "2020-03-16 20:07:56:",
            "Event_Ts_Tz_Dst_Cd": "100"
          }
        },
        {
          "DomainEventHeader": {
            "SOR_INGT_CRT_TS": "2020-03-16 20:07:56:",
            "SOR_TPIC_NM": "tc_id_66.ihl_dev_rm.reg.tm.raw.currInvEvt.v1",
            "DE_META": ""
          },
          "TransportationEventAssociated": {
            "Primary_Object_Key": "aa2a0ae7339ef7912ee417fe7c271d5a14e7b5060adafa32265ec49e19740004",
            "Domain_Event_Type_Key": "8eb3e769649d98d5e896398ded3b7bdb63bdaf6d53f440f4b9a8da51e8f74f40",
            "Association_Key": "ac1b7cb1cc8ffcadf939b25ff0661bf2ffcb123eedecfdf81ee6df28da167ab1",
            "Association_Type_Key": "f14875e5d958c5950898070f62877f507b4fd345db9db5a46f0b5506943a62da",
            "Transportation_Event_Key": "aa2a0ae7339ef7912ee417fe7c271d5a14e7b5060adafa32265ec49e19740004",
            "Transportation_Event_Type_Key": "c71838319649ddc43efc10e30541ca4bb8170a7e9903a3d9dc0b306bca3c2c76",
            "Associated_Object_Key": "69df99feacd8dcae75d33de9786a3e96765e1d06bc6a48c3e93a1d0a0dfa687b",
            "Associated_Object_Type_Key": "3243be7c53d81a4ed2e0224d66e8452715f18aaefb95df70de85575b6b070306",
            "Domain_Event_Key": "0c5b8f2f40c863614a9148f8f06d7aefc2c9ceb7f52be39543654f1012d34601",
            "Correlation_Id": "123e4567-e89b-12d3-a456-556642440000",
            "Client_Identification": "SRS-IM",
            "System_Key": "ea040811b4e08ab97f7af0971223713a9dc11d6b30bcc906cd8ec7c2b0b38817",
            "Proc_Ts": "2020-03-16 20:07:56:",
            "Proc_Ts_Tz_Dst_Cd": "100",
            "Event_Ts": "2020-03-16 20:07:56:",
            "Event_Ts_Tz_Dst_Cd": "100"
          }
        }
      ]
    },
    {
      "name": "tc_id_66.ihl_dev_rm.reg.tm.prepared.trspEvtRmv.v1",
      "data": [
        {
          "DomainEventHeader": {
            "SOR_INGT_CRT_TS": "2020-03-16 20:07:56:",
            "SOR_TPIC_NM": "tc_id_66.ihl_dev_rm.reg.tm.raw.currInvEvt.v1",
            "DE_META": ""
          },
          "TransportationEventRemoved": {
            "Primary_Object_Key": "aa2a0ae7339ef7912ee417fe7c271d5a14e7b5060adafa32265ec49e19740004",
            "Domain_Event_Type_Key": "a16c5ba057628866b318f709f5496a7b5e7cc21c1c098ca136e257faab49e0d8",
            "Transportation_Event_Key": "aa2a0ae7339ef7912ee417fe7c271d5a14e7b5060adafa32265ec49e19740004",
            "Transportation_Event_Type_Key": "c71838319649ddc43efc10e30541ca4bb8170a7e9903a3d9dc0b306bca3c2c76",
            "Transportation_Event_Value": "TAOR",
            "Domain_Event_Key": "f119f6748e2179be91e86c62bff0bd9b41e1f9017410165751523008f9cb6af8",
            "Correlation_Id": "123e4567-e89b-12d3-a456-556642440000",
            "Client_Identification": "SRS-IM",
            "System_Key": "ea040811b4e08ab97f7af0971223713a9dc11d6b30bcc906cd8ec7c2b0b38817",
            "Proc_Ts": "2020-03-16 20:07:56:",
            "Proc_Ts_Tz_Dst_Cd": "100",
            "Event_Ts": "2020-03-16 20:07:56:",
            "Event_Ts_Tz_Dst_Cd": "100"
          }
        }
      ]
    },
    {
      "name": "tc_id_66.ihl_dev_rm.reg.tm.prepared.rteErr.v1",
      "data": [
        {
          "IngestionHeader": {
            "ING_CRT_TS": "2020-03-16 20:07:56:",
            "PRODUCT_ID": "TA108",
            "UUID": null,
            "FORMAT": "JSON"
          },
          "CurrentInventory": {
            "EQP_INIT": "CBHU",
            "EQP_NUMB": "899956",
            "CAR_KND_ABBR": "K",
            "WB_ID": "0032/02/27 08:22:20",
            "CAR_KIND": "KC4",
            "LOAD_EMPTY": "E",
            "RAIL_CNTL_CD": "N",
            "EVT_CD": "TA",
            "STN_333": "CHIINTTER",
            "STN_ST": "IL",
            "EVT_DT": "2020/03/03",
            "EVT_TM": "07:59:00",
            "EQP_LOC_CD": "T",
            "STAT_IND": "C",
            "LS_HOLD_CD": " ",
            "EVST_CD": "OR",
            "INV_STAT_CD": "  ",
            "RESP_ROAD_ABBR": "COSC",
            "EVT_ACCT_CD": " ",
            "CYCL_ID": "8057/02/27 12:10:24",
            "WB_VRSN": "2",
            "CARR_ABBR": "    ",
            "TRKR_FF": "            ",
            "TRN_TYPE": "Q",
            "TRN_SECT": "1",
            "TRN_SYM": "1957",
            "TRN_DAY": "02",
            "WB_ERR_CD": " ",
            "WB_EVT_DT": "",
            "WB_EVT_TIME": "",
            "WB_REC_TYPE": "W",
            "CUST_633_SHPR": "COSCOSHILINN",
            "ORIG_333": "INDINTTER",
            "ORIG_ST": "IN",
            "CUST_633_CNSG": "COSCOSHILINN",
            "DEST_333": "PRIRUPTER",
            "DEST_ST": "BC",
            "WB_DT": "2020/02/27",
            "WB_NUMB": "173366",
            "OP_CITY_333": "PRIRUPTER",
            "OP_ST": "BC",
            "OP_RAJP": "    ",
            "SPL_COND_CD1": "H1",
            "SPL_COND_CD2": "  ",
            "SPL_COND_CD3": "  ",
            "SPL_COND_CD4": "  ",
            "SPL_COND_CD5": "  ",
            "SPL_COND_CD6": "  ",
            "MECH_STAT_CD1": "  ",
            "MECH_STAT_CD2": "  ",
            "MECH_STAT_CD3": "  ",
            "PPSI_CD": "    ",
            "HAZ_MATL_PROF": " ",
            "BLADG_ID": "N0152223         ",
            "CONTR_ID": "660882      ",
            "CONTR_QUOTE": "           ",
            "TOFC_COFC_CD": "C",
            "MVMT_REV_CODE": "EP",
            "PLAN_NUMB": "85",
            "WB_SPL_INSTR1": "                                  ",
            "WB_SPL_INSTR2": "                                  ",
            "SCO_FCO_ID": "868338",
            "IMDL_HDLG_CD1": " ",
            "IMDL_HDLG_CD2": " ",
            "IMDL_HDLG_CD3": " ",
            "LVL_SVC_CD": " ",
            "OS_HGHT_FT": "9",
            "OS_HGTH_IN": "6",
            "OS_WDTH_FT": "0",
            "OS_WDTH_IN": "0",
            "CALC_LGTH_FT": "40",
            "AXLE_LGTH_IN": "   ",
            "RFGR_POS": " ",
            "TRUE_KINGPIN": "  ",
            "PLTFM_CD": "B",
            "PLTFM_POS_CD": "1",
            "POOL_MRKT_CD": " ",
            "DRAY_SVC_CD": " ",
            "IG_HAZ_DECL": "N",
            "IG_PLAC_CD": "  ",
            "IG_SEAL": "           ",
            "LS_BLOCK": "?????",
            "LS_HT_CD": "A",
            "LS_WGHT_COFC": "    8446",
            "LS_WGHT_TOFC": "   15946",
            "LS_DEST_333": "PRIRUPTER",
            "LS_DEST_ST": "BC",
            "ORIG_RAMP_333": "INDINTTER",
            "ORIG_RAMP_ST": "IN",
            "RAMP_CD_DEST": "W",
            "DEST_RAMP_333": "PRIRUPTER",
            "DEST_RAMP_ST": "BC",
            "RAJP": "    ",
            "WB_EDI_CD": "TBL",
            "CONTR_ERR_CD": " ",
            "CUST_633_RESP": "COSCOSHILINN",
            "DEST_RLSE_CUST": "COSCOSHILINN",
            "DEST_RLSE_TEL": "6046898366          ",
            "RFGR_SET": "    ",
            "RFGR_RUN": "    ",
            "RFGR_FUEL": "      ",
            "LS_333": "INDINTTER",
            "LS_ST": "IN",
            "EQUIP_REQ_CD": " ",
            "YD_BLK": "PRRINT",
            "APPL_GRD_CD": " ",
            "APPL_GRD_EXT": "          ",
            "IMDL_PLAN_CD": "85",
            "UNLD_SOFF_TOT": "0",
            "EQP_NBR_CHK_DG": "  ",
            "TRKR_633_AUTH": "           ",
            "APPT_DT": "",
            "APPT_TM": "",
            "IMDL_TRML_CD": "  ",
            "IMDL_ORD_NBR": "0",
            "VOY_BKG_NBR": "                           ",
            "BKG_CAR_KIND": "    ",
            "VAN_ORD_TYPE": " ",
            "CVO_HOLD_CD": "  ",
            "SHTL_EQP_IND": "N",
            "CUST_BOOK_ID": "",
            "SHTL_LOCK": "N",
            "SERV_LOC_FSAC": "      ",
            "SERV_LOC_SCAC": "    ",
            "SHTL_TRST_TM": "0",
            "SERV_LOC_333": "        ",
            "SERV_LOC_ST": "  ",
            "EQP_TARE": "8444",
            "TARE_TYPE_CD": "M",
            "COG_STCC_NUMBER": "       ",
            "IBMSNAP_COMMITSEQ": {
              "bytes": "\u0000\u0000\u0000\u0000\u0000\u0000\u0000\u0001"
            },
            "IBMSNAP_INTENTSEQ": {
              "bytes": "\u0000\u0000\u0000\u0000\u0000\u0000\u0000\u0001"
            },
            "IBMSNAP_OPERATION": "U",
            "IBMSNAP_LOGMARKER": "2020-03-10 14:30:23.887528"
          },
          "LogHeader": {
            "ERROR_TO_DE": "Correlation_Id is NULL",
            "RAW_KAFKA_QUEUE_NAME": "tc_id_66.ihl_dev_rm.reg.tm.raw.currInvEvt.v1",
            "SPARK_JOB_NAME": "CurrentInventoryDomainFeed"
          }
        }
      ]
    }
  ]
}