{
  "Kafka_Output": [
    {
      "name": "tc_id_57.ihl_dev_rm.reg.tm.prepared.busPrtrRmv.v1",
      "data": [
        {
          "DomainEventHeader": {
            "SOR_INGT_CRT_TS": "2021-02-19T13:00:04.566Z",
            "SOR_TPIC_NM": "tc_id_57.ihl_dev_rm.reg.tm.raw.cust.v1",
            "DE_META": ""
          },
          "BusinessPartnerRemoved": {
            "Domain_Event_Type_Key": "a16c5ba057628866b318f709f5496a7b5e7cc21c1c098ca136e257faab49e0d8",
            "Business_Partner_Key": "ce3b7c1811d010df47d4b4956a126bb1684d6e5765761a5fe37d17230e156660",
            "Business_Partner_Type_Key": "9ee460d6271fa6d30ea34378302dda0b7f8c3e6524d9d00490dcbff4b270ceda",
            "Identification_Type_Key": "b0cfb77fe73b85f66b62f98976936f4c91269833b4bd1fb7afb0faf5f7ba950d",
            "Identification_Value": "093338",
            "Domain_Event_Key": "14b23582a1fae064009b47b98342cd321b802cd0b92d605fa508364922c4a774",
            "Correlation_Id": "7b560ae8-2585-4c93-b05c-fdefc2d8385a",
            "Client_Identification": "102250",
            "System_Key": "d312198489b4563fef394081a70fab687dfe0ce0a3ba85044675bb3bd2de9a58",
            "Proc_Ts": "2021-02-19T13:00:04.566Z",
            "Proc_Ts_Tz_Dst_Cd": "100",
            "Event_Ts": "2021-02-19T13:00:04.566Z",
            "Event_Ts_Tz_Dst_Cd": "100"
          }
        }
      ]
    },
    {
      "name": "tc_id_57.ihl_dev_rm.reg.tm.prepared.busPrtrCrt.v1",
      "data": [
        {
          "DomainEventHeader": {
            "SOR_INGT_CRT_TS": "2021-02-17T22:30:01.575Z",
            "SOR_TPIC_NM": "tc_id_57.ihl_dev_rm.reg.tm.raw.cust.v1",
            "DE_META": ""
          },
          "BusinessPartnerCreated": {
            "Domain_Event_Type_Key": "e3b61a2ebf5b23ed3fd8ff58d88a71874f646ec36a6e49d48b10b0c9e3100d05",
            "Business_Partner_Key": "208d5154d5ff20e4856ddd46bf612c86513c4e86ab4e3d868b0fac28ab36d466",
            "Business_Partner_Type_Key": "9ee460d6271fa6d30ea34378302dda0b7f8c3e6524d9d00490dcbff4b270ceda",
            "Identification_Type_Key": "b0cfb77fe73b85f66b62f98976936f4c91269833b4bd1fb7afb0faf5f7ba950d",
            "Identification_Value": "092779",
            "Domain_Event_Key": "06fdf054b13ffdb2ab95bc20b7a704e0465a9407b3571db8532a67047a296ae7",
            "Correlation_Id": "62571b2d-6b11-407b-b1d1-362394c54ac4",
            "Client_Identification": "Corporate Customer Data",
            "System_Key": "d312198489b4563fef394081a70fab687dfe0ce0a3ba85044675bb3bd2de9a58",
            "Proc_Ts": "2021-02-17T22:30:01.575Z",
            "Proc_Ts_Tz_Dst_Cd": "100",
            "Event_Ts": "2021-02-17T22:30:01.575Z",
            "Event_Ts_Tz_Dst_Cd": "100"
          }
        },
        {
          "DomainEventHeader": {
            "SOR_INGT_CRT_TS": "2021-02-17T21:30:01.959Z",
            "SOR_TPIC_NM": "tc_id_57.ihl_dev_rm.reg.tm.raw.cust.v1",
            "DE_META": ""
          },
          "BusinessPartnerCreated": {
            "Domain_Event_Type_Key": "e3b61a2ebf5b23ed3fd8ff58d88a71874f646ec36a6e49d48b10b0c9e3100d05",
            "Business_Partner_Key": "f455fddd34cdbb5f1970a112e0ee38f665e7fc82de58086cdddec48c953b6b35",
            "Business_Partner_Type_Key": "9ee460d6271fa6d30ea34378302dda0b7f8c3e6524d9d00490dcbff4b270ceda",
            "Identification_Type_Key": "b0cfb77fe73b85f66b62f98976936f4c91269833b4bd1fb7afb0faf5f7ba950d",
            "Identification_Value": "092778",
            "Domain_Event_Key": "93bec1d6b35fffccd92645ebf917dbfd8b705f7aafac349a42e4b8fdb0fb2340",
            "Correlation_Id": "670ed230-21ec-444e-95cc-70e034a4bb15",
            "Client_Identification": "XT21392",
            "System_Key": "d312198489b4563fef394081a70fab687dfe0ce0a3ba85044675bb3bd2de9a58",
            "Proc_Ts": "2021-02-17T21:30:01.959Z",
            "Proc_Ts_Tz_Dst_Cd": "100",
            "Event_Ts": "2021-02-17T21:30:01.959Z",
            "Event_Ts_Tz_Dst_Cd": "100"
          }
        }
      ]
    },
    {
      "name": "tc_id_57.ihl_dev_rm.reg.tm.prepared.busPrtrCondCrt.v1",
      "data": [
        {
          "DomainEventHeader": {
            "SOR_INGT_CRT_TS": "2021-02-17T22:30:01.575Z",
            "SOR_TPIC_NM": "tc_id_57.ihl_dev_rm.reg.tm.raw.cust.v1",
            "DE_META": ""
          },
          "BusinessPartnerConditionCreated": {
            "Domain_Event_Type_Key": "e3b61a2ebf5b23ed3fd8ff58d88a71874f646ec36a6e49d48b10b0c9e3100d05",
            "Business_Partner_Key": "208d5154d5ff20e4856ddd46bf612c86513c4e86ab4e3d868b0fac28ab36d466",
            "ConditionCharacteristics": [
              {
                "Condition_Characteristic_Key": "9d76ad39cba230a28cc7e16dd7da1aabe26c6983fd8e96560a3d8e69c2d5a93f",
                "Characteristic_Type_Key": "b0dbb55054f31f2fe32f4b5d2d283ec890ed91aaa61a8b6413a6b70508c13c95",
                "Characteristic_Value": "A"
              }
            ],
            "Domain_Event_Key": "06fdf054b13ffdb2ab95bc20b7a704e0465a9407b3571db8532a67047a296ae7",
            "Correlation_Id": "62571b2d-6b11-407b-b1d1-362394c54ac4",
            "Client_Identification": "Corporate Customer Data",
            "System_Key": "d312198489b4563fef394081a70fab687dfe0ce0a3ba85044675bb3bd2de9a58",
            "Proc_Ts": "2021-02-17T22:30:01.575Z",
            "Proc_Ts_Tz_Dst_Cd": "100",
            "Event_Ts": "2021-02-17T22:30:01.575Z",
            "Event_Ts_Tz_Dst_Cd": "100"
          }
        },
        {
          "DomainEventHeader": {
            "SOR_INGT_CRT_TS": "2021-02-19T13:00:04.566Z",
            "SOR_TPIC_NM": "tc_id_57.ihl_dev_rm.reg.tm.raw.cust.v1",
            "DE_META": ""
          },
          "BusinessPartnerConditionCreated": {
            "Domain_Event_Type_Key": "c7881817d6d6fabbc8c8be4c1a5310d4b02d506473e08a55032dedde16c0b3fa",
            "Business_Partner_Key": "ce3b7c1811d010df47d4b4956a126bb1684d6e5765761a5fe37d17230e156660",
            "ConditionCharacteristics": [
              {}
            ],
            "Domain_Event_Key": "8fd86235cce8b7d7c58109fdc7de874450ecfa9056ff8a115e9dcc5eac15a93a",
            "Correlation_Id": "7b560ae8-2585-4c93-b05c-fdefc2d8385a",
            "Client_Identification": "102250",
            "System_Key": "d312198489b4563fef394081a70fab687dfe0ce0a3ba85044675bb3bd2de9a58",
            "Proc_Ts": "2021-02-19T13:00:04.566Z",
            "Proc_Ts_Tz_Dst_Cd": "100",
            "Event_Ts": "2021-02-19T13:00:04.566Z",
            "Event_Ts_Tz_Dst_Cd": "100"
          }
        },
        {
          "DomainEventHeader": {
            "SOR_INGT_CRT_TS": "2021-02-17T21:30:01.959Z",
            "SOR_TPIC_NM": "tc_id_57.ihl_dev_rm.reg.tm.raw.cust.v1",
            "DE_META": ""
          },
          "BusinessPartnerConditionCreated": {
            "Domain_Event_Type_Key": "e3b61a2ebf5b23ed3fd8ff58d88a71874f646ec36a6e49d48b10b0c9e3100d05",
            "Business_Partner_Key": "f455fddd34cdbb5f1970a112e0ee38f665e7fc82de58086cdddec48c953b6b35",
            "ConditionCharacteristics": [
              {
                "Condition_Characteristic_Key": "266c0256164de1bdf453c8be698eac68c5e34870ad0052437989dcba8c221fb4",
                "Characteristic_Type_Key": "b0dbb55054f31f2fe32f4b5d2d283ec890ed91aaa61a8b6413a6b70508c13c95",
                "Characteristic_Value": "A"
              }
            ],
            "Domain_Event_Key": "93bec1d6b35fffccd92645ebf917dbfd8b705f7aafac349a42e4b8fdb0fb2340",
            "Correlation_Id": "670ed230-21ec-444e-95cc-70e034a4bb15",
            "Client_Identification": "XT21392",
            "System_Key": "d312198489b4563fef394081a70fab687dfe0ce0a3ba85044675bb3bd2de9a58",
            "Proc_Ts": "2021-02-17T21:30:01.959Z",
            "Proc_Ts_Tz_Dst_Cd": "100",
            "Event_Ts": "2021-02-17T21:30:01.959Z",
            "Event_Ts_Tz_Dst_Cd": "100"
          }
        }
      ]
    },
    {
      "name": "tc_id_57.ihl_dev_rm.reg.tm.prepared.busPrtrDsc.v1",
      "data": [
        {
          "DomainEventHeader": {
            "SOR_INGT_CRT_TS": "2021-02-19T13:00:04.566Z",
            "SOR_TPIC_NM": "tc_id_57.ihl_dev_rm.reg.tm.raw.cust.v1",
            "DE_META": ""
          },
          "BusinessPartnerDescribed": {
            "Domain_Event_Type_Key": "c7881817d6d6fabbc8c8be4c1a5310d4b02d506473e08a55032dedde16c0b3fa",
            "Business_Partner_Key": "ce3b7c1811d010df47d4b4956a126bb1684d6e5765761a5fe37d17230e156660",
            "BusinessPartnerCharacteristics": [
              {}
            ],
            "Domain_Event_Key": "8fd86235cce8b7d7c58109fdc7de874450ecfa9056ff8a115e9dcc5eac15a93a",
            "Correlation_Id": "7b560ae8-2585-4c93-b05c-fdefc2d8385a",
            "Client_Identification": "102250",
            "System_Key": "d312198489b4563fef394081a70fab687dfe0ce0a3ba85044675bb3bd2de9a58",
            "Proc_Ts": "2021-02-19T13:00:04.566Z",
            "Proc_Ts_Tz_Dst_Cd": "100",
            "Event_Ts": "2021-02-19T13:00:04.566Z",
            "Event_Ts_Tz_Dst_Cd": "100"
          }
        },
        {
          "DomainEventHeader": {
            "SOR_INGT_CRT_TS": "2021-02-17T22:30:01.575Z",
            "SOR_TPIC_NM": "tc_id_57.ihl_dev_rm.reg.tm.raw.cust.v1",
            "DE_META": ""
          },
          "BusinessPartnerDescribed": {
            "Domain_Event_Type_Key": "e3b61a2ebf5b23ed3fd8ff58d88a71874f646ec36a6e49d48b10b0c9e3100d05",
            "Business_Partner_Key": "208d5154d5ff20e4856ddd46bf612c86513c4e86ab4e3d868b0fac28ab36d466",
            "BusinessPartnerCharacteristics": [
              {
                "Business_Partner_Characteristic_Key": "c585015314a2f54d56636cce6f52fbb647476104cface0a572c0dc24261abbeb",
                "Characteristic_Type_Key": "0b1821f40450113c8ce372b1cc14a2865520c66493a36d225a353a1f6bbbeb94",
                "Characteristic_Value": "092779"
              },
              {
                "Business_Partner_Characteristic_Key": "92f2e07d048066fd005ff290f1ddd0d7b39676ac4086a13e87034607b4b9be7d",
                "Characteristic_Type_Key": "bd9dae217a0a467e1d4ab7e34974038e2001b9361a106a8a088debd5c5430e14",
                "Characteristic_Value": "null"
              },
              {
                "Business_Partner_Characteristic_Key": "9990293ab3820c46ae44aa6d024a386cbf94a7617353ac468e1681d676a2f8dd",
                "Characteristic_Type_Key": "28fa08b6d074f1abef54d8137ee775f0c86b5d3246929eb140b56e963c8263c6",
                "Characteristic_Value": "45375368 TEST COMPANY-AUTO 2021217"
              }
            ],
            "Domain_Event_Key": "06fdf054b13ffdb2ab95bc20b7a704e0465a9407b3571db8532a67047a296ae7",
            "Correlation_Id": "62571b2d-6b11-407b-b1d1-362394c54ac4",
            "Client_Identification": "Corporate Customer Data",
            "System_Key": "d312198489b4563fef394081a70fab687dfe0ce0a3ba85044675bb3bd2de9a58",
            "Proc_Ts": "2021-02-17T22:30:01.575Z",
            "Proc_Ts_Tz_Dst_Cd": "100",
            "Event_Ts": "2021-02-17T22:30:01.575Z",
            "Event_Ts_Tz_Dst_Cd": "100"
          }
        },
        {
          "DomainEventHeader": {
            "SOR_INGT_CRT_TS": "2021-02-17T21:30:01.959Z",
            "SOR_TPIC_NM": "tc_id_57.ihl_dev_rm.reg.tm.raw.cust.v1",
            "DE_META": ""
          },
          "BusinessPartnerDescribed": {
            "Domain_Event_Type_Key": "e3b61a2ebf5b23ed3fd8ff58d88a71874f646ec36a6e49d48b10b0c9e3100d05",
            "Business_Partner_Key": "f455fddd34cdbb5f1970a112e0ee38f665e7fc82de58086cdddec48c953b6b35",
            "BusinessPartnerCharacteristics": [
              {
                "Business_Partner_Characteristic_Key": "423adb28e5f85c48e4cfe3624bcf6c167f27a05aca728b85a4b91a37ae131105",
                "Characteristic_Type_Key": "0b1821f40450113c8ce372b1cc14a2865520c66493a36d225a353a1f6bbbeb94",
                "Characteristic_Value": "092778"
              },
              {
                "Business_Partner_Characteristic_Key": "339af307da8b54e72289005791c7083b43bd4e6154faab6818ddee97755860e5",
                "Characteristic_Type_Key": "bd9dae217a0a467e1d4ab7e34974038e2001b9361a106a8a088debd5c5430e14",
                "Characteristic_Value": "119219T00C40"
              },
              {
                "Business_Partner_Characteristic_Key": "998f6e049cb2dceee0ed78d5ccf59fcbaf29dd144ddbbe357871377df91c2d8f",
                "Characteristic_Type_Key": "28fa08b6d074f1abef54d8137ee775f0c86b5d3246929eb140b56e963c8263c6",
                "Characteristic_Value": "11921913 T006 C404PANY-AUTO 2021217"
              }
            ],
            "Domain_Event_Key": "93bec1d6b35fffccd92645ebf917dbfd8b705f7aafac349a42e4b8fdb0fb2340",
            "Correlation_Id": "670ed230-21ec-444e-95cc-70e034a4bb15",
            "Client_Identification": "XT21392",
            "System_Key": "d312198489b4563fef394081a70fab687dfe0ce0a3ba85044675bb3bd2de9a58",
            "Proc_Ts": "2021-02-17T21:30:01.959Z",
            "Proc_Ts_Tz_Dst_Cd": "100",
            "Event_Ts": "2021-02-17T21:30:01.959Z",
            "Event_Ts_Tz_Dst_Cd": "100"
          }
        }
      ]
    },
    {
      "name": "tc_id_57.ihl_dev_rm.reg.transportation.business-partner-associated.prepared.v1",
      "data": [
        {
          "DomainEventHeader": {
            "SOR_INGT_CRT_TS": "2021-02-19T13:00:04.566Z",
            "SOR_TPIC_NM": "tc_id_57.ihl_dev_rm.reg.tm.raw.cust.v1",
            "DE_META": ""
          },
          "BusinessPartnerAssociated": {
            "Primary_Object_Key": "ce3b7c1811d010df47d4b4956a126bb1684d6e5765761a5fe37d17230e156660",
            "Domain_Event_Type_Key": "c7881817d6d6fabbc8c8be4c1a5310d4b02d506473e08a55032dedde16c0b3fa",
            "Association_Key": "Not Applicable",
            "Association_Type_Key": "5a422cd28c9153514886fd9e86b1da66aafada564694848a5cee7482b8edfe87",
            "Business_Partner_Key": "Not Applicable",
            "Business_Partner_Type_Key": "Not Applicable",
            "Associated_Object_Key": "Not Applicable",
            "Associated_Object_Type_Key": "Not Applicable",
            "Domain_Event_Key": "bc18acfa0ff3e9cc0e6be2f54d4f702e198e4971ccb4d086d3d70a71ac952aef",
            "Correlation_Id": "7b560ae8-2585-4c93-b05c-fdefc2d8385a",
            "Client_Identification": "102250",
            "System_Key": "d312198489b4563fef394081a70fab687dfe0ce0a3ba85044675bb3bd2de9a58",
            "Proc_Ts": "2021-02-19T13:00:04.566Z",
            "Proc_Ts_Tz_Dst_Cd": "100",
            "Event_Ts": "2021-02-19T13:00:04.566Z",
            "Event_Ts_Tz_Dst_Cd": "100"
          }
        },
        {
          "DomainEventHeader": {
            "SOR_INGT_CRT_TS": "2021-02-17T21:30:01.959Z",
            "SOR_TPIC_NM": "tc_id_57.ihl_dev_rm.reg.tm.raw.cust.v1",
            "DE_META": ""
          },
          "BusinessPartnerAssociated": {
            "Primary_Object_Key": "f455fddd34cdbb5f1970a112e0ee38f665e7fc82de58086cdddec48c953b6b35",
            "Domain_Event_Type_Key": "8eb3e769649d98d5e896398ded3b7bdb63bdaf6d53f440f4b9a8da51e8f74f40",
            "Association_Key": "8b7704dd58e664cc081ddca7478d49f34afd7bc2dced7e26002243db5b2b8ac8",
            "Association_Type_Key": "5a422cd28c9153514886fd9e86b1da66aafada564694848a5cee7482b8edfe87",
            "Business_Partner_Key": "4a5abed609e9cc1f77385e39edb27710cd898d28d9d2c061aefee2be2e25fec4",
            "Business_Partner_Type_Key": "9ee460d6271fa6d30ea34378302dda0b7f8c3e6524d9d00490dcbff4b270ceda",
            "Associated_Object_Key": "f455fddd34cdbb5f1970a112e0ee38f665e7fc82de58086cdddec48c953b6b35",
            "Associated_Object_Type_Key": "9ee460d6271fa6d30ea34378302dda0b7f8c3e6524d9d00490dcbff4b270ceda",
            "Domain_Event_Key": "f889a044ccbb1925e8196ad4a6e3675fc36ad1995aad98e4b28d074f6ad69fcb",
            "Correlation_Id": "670ed230-21ec-444e-95cc-70e034a4bb15",
            "Client_Identification": "XT21392",
            "System_Key": "d312198489b4563fef394081a70fab687dfe0ce0a3ba85044675bb3bd2de9a58",
            "Proc_Ts": "2021-02-17T21:30:01.959Z",
            "Proc_Ts_Tz_Dst_Cd": "100",
            "Event_Ts": "2021-02-17T21:30:01.959Z",
            "Event_Ts_Tz_Dst_Cd": "100"
          }
        }
      ]
    },
    {
      "name": "tc_id_57.ihl_dev_rm.reg.tm.prepared.rteErr.v1",
      "data": [
        {
          "IngestionHeader": {
            "ING_CRT_TS": null,
            "PRODUCT_ID": "A063",
            "UUID": null,
            "FORMAT": "JSON"
          },
          "Customer": {
            "TRSP_SYS_STUS_CD": "A",
            "IBMSNAP_OPERATION": "I",
            "DFLT_QUOT_REF_NO": null,
            "IBMSNAP_LOGMARKER": "2021-02-16 21:49:13.707709",
            "CUST_GST_CDE": " ",
            "AUDIT_UPDATE_ID": "XT21392 ",
            "ACCT_SYS_STUS_CD": "A",
            "IBMSNAP_INTENTSEQ": "00d948f8c5b6be791000000000000001",
            "OPER_CR_IND": "N",
            "CUSTOMER_STATUS": "A",
            "CUST_CMNT_TXT": "                                                  ",
            "REQ_QUOT_IND": "N",
            "ACCT_MGR_ID": "01",
            "AUDIT_UPDATE_TME": "21:49:12",
            "CUST_DSBL_DT": null,
            "CUST_633_ID": null,
            "CGC_CUST_ID": null,
            "AUDIT_UPDATE_PGM": "CCINCUSM",
            "CUST_NO": null,
            "CUST_ACT_DT": "2021-02-16",
            "AUDIT_CREATION_ID": "XT21392 ",
            "CUST_NM": "67597680 T797 C593PANY-AUTO 2021216",
            "CIF_REQ_IND": "N",
            "IBMSNAP_COMMITSEQ": "00d948f8c6208bd41c00000000000001",
            "AUDIT_UPDATE_DTE": "2021-02-16",
            "BUSINESS_UNIT_ID": "61",
            "CUST_VRFN_SRC_CDE": "FA",
            "AUDIT_CREATION_TME": "21:49:12",
            "CUST_OWN_SCAC": "CN  ",
            "GRN_CUST_LCNS_IND": null,
            "AUDIT_CREATION_PGM": "CCINCUSM",
            "AUDIT_CREATION_DTE": "2021-02-16",
            "ACCT_OFF_NBR": "10",
            "REV_CR_IND": "N",
            "LOG_COUNTER": "1"
          },
          "LogHeader": {
            "ERROR_TO_DE": "CUST_NO is NULL and SOR_INGT_CRT_TS is NULL and Correlation_Id is NULL",
            "RAW_KAFKA_QUEUE_NAME": "tc_id_57.ihl_dev_rm.reg.tm.raw.cust.v1",
            "SPARK_JOB_NAME": "CustomerDomainFeed"
          }
        }
      ]
    }
  ]
}