{
  "Kafka_Output": [
    {
      "name": "tc_id_16.ihl_dev_rm.reg.tm.prepared.planEvtDscChg.v1",
      "data": [
        {
          "DomainEventHeader": {
            "SOR_INGT_CRT_TS": "2020-04-28T18:18:29.068-04:00",
            "SOR_TPIC_NM": "tc_id_16.ihl_dev_rm.reg.tm.raw.srs.trnETAETD.v2",
            "DE_META": ""
          },
          "PlannedEventDescriptionChanged": {
            "Primary_Object_Key": "b9fa8af937076ea897a3eeb8bd8fc79f04fcdf0ee9a157b2e7f18224f8331a41",
            "Domain_Event_Type_Key": "6350342ae1db6d6f3a55106d92cabe759e09ad83d44381541c8c009afb832365",
            "Planned_Event_Key": "d6680e247e2a8abb18378917b77cbe01be5e0d12b1299e027b04284cdf51a771",
            "PlannedEventCharacteristics": [
              {
                "Planned_Event_Characteristic_Key": "486b447d555f4f0e4895f8d84bf90b00996b9a5e2f512e4f70ee927514d55cbd",
                "Characteristic_Type_Key": "9d38805911f5acaf6152531d2c4832943a05b35bb4713eb3e420ea45cfda3b6b",
                "Characteristic_Value": "2020-05-14 14:05:00.000"
              },
              {
                "Planned_Event_Characteristic_Key": "c34cdf7398a536f882c34127e49806c32255fa001d925454c17ab08019328e8c",
                "Characteristic_Type_Key": "49e1165fbb2f84d59df521725c0cedc5b10d516ca073ffcf358166ccd25d2614",
                "Characteristic_Value": "105"
              },
              {
                "Planned_Event_Characteristic_Key": "f698fbc57ab25e56373c7a49591fe9865fdc10ce62cff3b21c3ccc80b503f290",
                "Characteristic_Type_Key": "c5296d7b397742246d14cd2a65a3860b69cd5d3d1b46f2567cbe25e7f8496c80",
                "Characteristic_Value": "2"
              },
              {
                "Planned_Event_Characteristic_Key": "b4023b5180a89fd0ea7a2324e526edf6fa028d753cf41a090edfb6c54c0b60dc",
                "Characteristic_Type_Key": "6b49967aa090c188689aed6fac54216d8608fdaac480e5eea85023c91740cfff",
                "Characteristic_Value": "10.05.00"
              }
            ],
            "Domain_Event_Key": "bc78b3a9f8d38e8a49cfaf60105421f465d9c88855a8734e8002a5025f8c1657",
            "Correlation_Id": "2fd0ac80899e11ea9ce80a0d13360000",
            "Client_Identification": "SRS-YIT",
            "System_Key": "caf48af09f8e479707513247ae96fd6c8f0fd7649b682952115359e1a4ebab2d",
            "Proc_Ts": "2020-04-28 22:18:28.564029",
            "Proc_Ts_Tz_Dst_Cd": "100",
            "Event_Ts": "2020-04-28 22:18:28.564029",
            "Event_Ts_Tz_Dst_Cd": "100"
          }
        },
        {
          "DomainEventHeader": {
            "SOR_INGT_CRT_TS": "2020-04-28T18:18:29.068-04:00",
            "SOR_TPIC_NM": "tc_id_16.ihl_dev_rm.reg.tm.raw.srs.trnETAETD.v2",
            "DE_META": ""
          },
          "PlannedEventDescriptionChanged": {
            "Primary_Object_Key": "b9fa8af937076ea897a3eeb8bd8fc79f04fcdf0ee9a157b2e7f18224f8331a41",
            "Domain_Event_Type_Key": "6350342ae1db6d6f3a55106d92cabe759e09ad83d44381541c8c009afb832365",
            "Planned_Event_Key": "5ff206212c6a26291cdc2a185f32b059b82f1d07188fc86c1b76857d9956fa62",
            "PlannedEventCharacteristics": [
              {
                "Planned_Event_Characteristic_Key": "c35257a14a47db189b7d4ba3dc43ee386957ab97d2acb3b1978ad65ce4639f5f",
                "Characteristic_Type_Key": "0dcad3d39c2aaee059932060e8bdabd760c18ff02ad1be8b62204da8d0f07488",
                "Characteristic_Value": "2020-05-12 23:35:00.000"
              },
              {
                "Planned_Event_Characteristic_Key": "3f6dbc9fa9a3ede0fec3f1cffc44a46b3166a8ef3da79f61a9c559424353f396",
                "Characteristic_Type_Key": "74f6ed5e227a4a003d0f0343ec185b967a60e241355729b286ad2b0cf19f5e58",
                "Characteristic_Value": "102"
              },
              {
                "Planned_Event_Characteristic_Key": "36d608978f49a5e11a272c4b62d191ebd9221ef88977ac4a4d4f32cb86718ed4",
                "Characteristic_Type_Key": "2f42748681eb4467b0780b82c793840cc4e29c19a886e3cecc1c5683bb02157a",
                "Characteristic_Value": "0"
              },
              {
                "Planned_Event_Characteristic_Key": "6f06d3f0380ba65f78a4418633dd66132b56283017aa67718c3fa76a21783ce2",
                "Characteristic_Type_Key": "60accb3814a3e8da66ff342bdf3ff363440abdf1af3d47f52eba561303d223d3",
                "Characteristic_Value": "20.35.00"
              }
            ],
            "Domain_Event_Key": "af6c77830d31dbba90a6f2fb2d8919c99769e30afabd97ba15e1aa8051c1a484",
            "Correlation_Id": "2fd0ac80899e11ea9ce80a0d13360000",
            "Client_Identification": "SRS-YIT",
            "System_Key": "caf48af09f8e479707513247ae96fd6c8f0fd7649b682952115359e1a4ebab2d",
            "Proc_Ts": "2020-04-28 22:18:28.564029",
            "Proc_Ts_Tz_Dst_Cd": "100",
            "Event_Ts": "2020-04-28 22:18:28.564029",
            "Event_Ts_Tz_Dst_Cd": "100"
          }
        }
      ]
    },
    {
      "name": "tc_id_16.ihl_dev_rm.reg.tm.prepared.rteErr.v1",
      "data": [
        {
          "IngestionHeader": {
            "ING_CRT_TS": "2020-05-14T15:42:10.684-04:00",
            "PRODUCT_ID": "A107 SRS-YIT",
            "UUID": null,
            "FORMAT": "JSON"
          },
          "ETAETD": {
            "HEADER": {
              "TMS_HDR_MESS_ID": "ETAETD",
              "TMS_HDR_TRN": {
                "TMS_HDR_TRN_TYPE": "L",
                "TMS_HDR_TRN_SYM": "5746",
                "TMS_HDR_TRN_SECT": "1",
                "TMS_HDR_TRN_DAY": "21"
              },
              "TMS_HDR_TMS": null,
              "TMS_HDR_SEQ_NUMB": "0011860513",
              "TMS_ACTION_CODE": "T"
            },
            "TRN_ID": {
              "TRN_TYPE": null,
              "TRN_SECT": null,
              "TRN_SYM": null,
              "TRN_DAY": "21",
              "TRN_SCH_DPT_DT": null,
              "BASE_IND": "A",
              "ALPHA_TRN": "",
              "ALPHA_TRN_ID": ""
            },
            "STN_SEC": [
              {
                "STN_SEQ_NBR": "00010",
                "STN_STN_CARR_ABRV": "CN",
                "STN_STN_FSAC": "55017",
                "STN_333": "FLAROCK",
                "STN_ST": "MI",
                "STN_NME": "FLAT ROCK",
                "STN_ABBR": "FLAROC",
                "STN_SPLC": "318384",
                "STN_TYPE_CD": "O",
                "ARR_DY": "",
                "ARR_TM": "00.00.00",
                "DPT_DY": "0",
                "DPT_TM": "21.00.00",
                "EST_ARR_DT": null,
                "EST_ARR_TM": null,
                "EST_ARR_DST_FLAG": null,
                "EST_DPT_DT": null,
                "EST_DPT_TM": null,
                "EST_DPT_DST_FLAG": null,
                "TOPC_EST_ARR_DT": null,
                "TOPC_EST_ARR_TM": null,
                "TOPC_EST_ARR_DST_FLAG": null,
                "TOPC_EST_DEP_DT": null,
                "TOPC_EST_DEP_TM": null,
                "TOPC_EST_DEP_DST_FLAG": null,
                "STN_SEQ_TS": null,
                "STN_TIME_ZONE": null
              }
            ]
          },
          "LogHeader": {
            "ERROR_TO_DE": "EST_ARR_DT is NULL and EST_ARR_TM is NULL and STN_TIME_ZONE is NULL and TOPC_EST_ARR_TM is NULL and TMS_HDR_TMS is NULL and Correlation_Id is NULL and EST_DPT_DT is NULL and EST_DPT_TM is NULL and TOPC_EST_DEP_TM is NULL and TRN_TYPE is NULL and TRN_SYM is NULL and TRN_SECT is NULL and TRN_SCH_DPT_DT is NULL and STN_SEQ_TS is NULL",
            "RAW_KAFKA_QUEUE_NAME": "tc_id_16.ihl_dev_rm.reg.tm.raw.srs.trnETAETD.v2",
            "SPARK_JOB_NAME": "ETAETDDomainFeed"
          }
        }
      ]
    }
  ]
}