{
  "Kafka_Output": [
    {
      "name": "tc_id_82.ihl_dev_rm.reg.tm.prepared.trspEvtDsc.v1",
      "data": [
        {
          "DomainEventHeader": {
            "SOR_INGT_CRT_TS": "2021-01-29T13:26:53.015-05:00",
            "SOR_TPIC_NM": "tc_id_82.ihl_dev_rm.reg.tm.raw.srs.gateEvts.v2",
            "DE_META": ""
          },
          "TransportationEventDescribed": {
            "Primary_Object_Key": "ca0b533f7963530f3109d4e4a4fb93fde23d6489cbe71aa4640bb03faa339714",
            "Domain_Event_Type_Key": "c7881817d6d6fabbc8c8be4c1a5310d4b02d506473e08a55032dedde16c0b3fa",
            "Transportation_Event_Key": "",
            "TransportationEventCharacteristics": [
              {}
            ],
            "Domain_Event_Key": "0dc94d36aaa3839b71672efae1054b2d76b84c0582ff5364bd8988eff02e194c",
            "Correlation_Id": "8f46833e625f11eb9b950a0d13360000",
            "Client_Identification": "216126",
            "System_Key": "ea040811b4e08ab97f7af0971223713a9dc11d6b30bcc906cd8ec7c2b0b38817",
            "Proc_Ts": "2021-01-29 18:26:52.952279",
            "Proc_Ts_Tz_Dst_Cd": "100",
            "Event_Ts": "2021-01-29 18:26:01.000",
            "Event_Ts_Tz_Dst_Cd": "110"
          }
        },
        {
          "DomainEventHeader": {
            "SOR_INGT_CRT_TS": "2021-01-29T13:26:53.015-05:00",
            "SOR_TPIC_NM": "tc_id_82.ihl_dev_rm.reg.tm.raw.srs.gateEvts.v2",
            "DE_META": ""
          },
          "TransportationEventDescribed": {
            "Primary_Object_Key": "b1a14c1974071edacd69f3602b9786996fb789394b408a3dfa46e294b7358a3b",
            "Domain_Event_Type_Key": "c7881817d6d6fabbc8c8be4c1a5310d4b02d506473e08a55032dedde16c0b3fa",
            "Transportation_Event_Key": "",
            "TransportationEventCharacteristics": [
              {}
            ],
            "Domain_Event_Key": "6b715d9eaa7faa98429baa5ceef3602f8b53f23a0fa299c9c566b665e3f14566",
            "Correlation_Id": "8f46833e625f11eb9b950a0d13360000",
            "Client_Identification": "216126",
            "System_Key": "ea040811b4e08ab97f7af0971223713a9dc11d6b30bcc906cd8ec7c2b0b38817",
            "Proc_Ts": "2021-01-29 18:26:52.952279",
            "Proc_Ts_Tz_Dst_Cd": "100",
            "Event_Ts": "2021-01-29 18:26:01.000",
            "Event_Ts_Tz_Dst_Cd": "110"
          }
        }
      ]
    },
    {
      "name": "tc_id_82.ihl_dev_rm.reg.tm.prepared.trspEvtAsct.v1",
      "data": [
        {
          "DomainEventHeader": {
            "SOR_INGT_CRT_TS": "2021-01-29T13:26:53.015-05:00",
            "SOR_TPIC_NM": "tc_id_82.ihl_dev_rm.reg.tm.raw.srs.gateEvts.v2",
            "DE_META": ""
          },
          "TransportationEventAssociated": {
            "Primary_Object_Key": "ca0b533f7963530f3109d4e4a4fb93fde23d6489cbe71aa4640bb03faa339714",
            "Domain_Event_Type_Key": "c7881817d6d6fabbc8c8be4c1a5310d4b02d506473e08a55032dedde16c0b3fa",
            "Transportation_Event_Key": "Not Applicable",
            "Transportation_Event_Type_Key": "Not Applicable",
            "Associated_Object_Key": "Not Applicable",
            "Associated_Object_Type_Key": "Not Applicable",
            "Association_Key": "Not Applicable",
            "Association_Type_Key": "Not Applicable",
            "Domain_Event_Key": "0dc94d36aaa3839b71672efae1054b2d76b84c0582ff5364bd8988eff02e194c",
            "Correlation_Id": "8f46833e625f11eb9b950a0d13360000",
            "Client_Identification": "216126",
            "System_Key": "ea040811b4e08ab97f7af0971223713a9dc11d6b30bcc906cd8ec7c2b0b38817",
            "Proc_Ts": "2021-01-29 18:26:52.952279",
            "Proc_Ts_Tz_Dst_Cd": "100",
            "Event_Ts": "2021-01-29 18:26:01.000",
            "Event_Ts_Tz_Dst_Cd": "110"
          }
        },
        {
          "DomainEventHeader": {
            "SOR_INGT_CRT_TS": "2021-01-29T13:26:53.015-05:00",
            "SOR_TPIC_NM": "tc_id_82.ihl_dev_rm.reg.tm.raw.srs.gateEvts.v2",
            "DE_META": ""
          },
          "TransportationEventAssociated": {
            "Primary_Object_Key": "b1a14c1974071edacd69f3602b9786996fb789394b408a3dfa46e294b7358a3b",
            "Domain_Event_Type_Key": "c7881817d6d6fabbc8c8be4c1a5310d4b02d506473e08a55032dedde16c0b3fa",
            "Transportation_Event_Key": "Not Applicable",
            "Transportation_Event_Type_Key": "Not Applicable",
            "Associated_Object_Key": "Not Applicable",
            "Associated_Object_Type_Key": "Not Applicable",
            "Association_Key": "Not Applicable",
            "Association_Type_Key": "Not Applicable",
            "Domain_Event_Key": "6b715d9eaa7faa98429baa5ceef3602f8b53f23a0fa299c9c566b665e3f14566",
            "Correlation_Id": "8f46833e625f11eb9b950a0d13360000",
            "Client_Identification": "216126",
            "System_Key": "ea040811b4e08ab97f7af0971223713a9dc11d6b30bcc906cd8ec7c2b0b38817",
            "Proc_Ts": "2021-01-29 18:26:52.952279",
            "Proc_Ts_Tz_Dst_Cd": "100",
            "Event_Ts": "2021-01-29 18:26:01.000",
            "Event_Ts_Tz_Dst_Cd": "110"
          }
        }
      ]
    },
    {
      "name": "tc_id_82.ihl_dev_rm.reg.tm.prepared.trspEvtRmv.v1",
      "data": [
        {
          "DomainEventHeader": {
            "SOR_INGT_CRT_TS": "2021-01-29T13:26:53.015-05:00",
            "SOR_TPIC_NM": "tc_id_82.ihl_dev_rm.reg.tm.raw.srs.gateEvts.v2",
            "DE_META": ""
          },
          "TransportationEventRemoved": {
            "Primary_Object_Key": "ca0b533f7963530f3109d4e4a4fb93fde23d6489cbe71aa4640bb03faa339714",
            "Domain_Event_Type_Key": "a16c5ba057628866b318f709f5496a7b5e7cc21c1c098ca136e257faab49e0d8",
            "Transportation_Event_Key": "ca0b533f7963530f3109d4e4a4fb93fde23d6489cbe71aa4640bb03faa339714",
            "Transportation_Event_Type_Key": "39400f13998b7afa63866d1ec56a6aa9bb812868420a44ad78f046a4a52797fc",
            "Transportation_Event_Value": "Ingate",
            "Domain_Event_Key": "ac29017db3f44dddbac33988b5e5d0dbe97058aacc1abc29d7aa5a9df8c0a94b",
            "Correlation_Id": "8f46833e625f11eb9b950a0d13360000",
            "Client_Identification": "216126",
            "System_Key": "ea040811b4e08ab97f7af0971223713a9dc11d6b30bcc906cd8ec7c2b0b38817",
            "Proc_Ts": "2021-01-29 18:26:52.952279",
            "Proc_Ts_Tz_Dst_Cd": "100",
            "Event_Ts": "2021-01-29 18:26:01.000",
            "Event_Ts_Tz_Dst_Cd": "110"
          }
        },
        {
          "DomainEventHeader": {
            "SOR_INGT_CRT_TS": "2021-01-29T13:26:53.015-05:00",
            "SOR_TPIC_NM": "tc_id_82.ihl_dev_rm.reg.tm.raw.srs.gateEvts.v2",
            "DE_META": ""
          },
          "TransportationEventRemoved": {
            "Primary_Object_Key": "b1a14c1974071edacd69f3602b9786996fb789394b408a3dfa46e294b7358a3b",
            "Domain_Event_Type_Key": "a16c5ba057628866b318f709f5496a7b5e7cc21c1c098ca136e257faab49e0d8",
            "Transportation_Event_Key": "b1a14c1974071edacd69f3602b9786996fb789394b408a3dfa46e294b7358a3b",
            "Transportation_Event_Type_Key": "39400f13998b7afa63866d1ec56a6aa9bb812868420a44ad78f046a4a52797fc",
            "Transportation_Event_Value": "Ingate",
            "Domain_Event_Key": "3eaff56cd40809277eec5e256bc299572e471e775de0da692c46cecf3619bec8",
            "Correlation_Id": "8f46833e625f11eb9b950a0d13360000",
            "Client_Identification": "216126",
            "System_Key": "ea040811b4e08ab97f7af0971223713a9dc11d6b30bcc906cd8ec7c2b0b38817",
            "Proc_Ts": "2021-01-29 18:26:52.952279",
            "Proc_Ts_Tz_Dst_Cd": "100",
            "Event_Ts": "2021-01-29 18:26:01.000",
            "Event_Ts_Tz_Dst_Cd": "110"
          }
        }
      ]
    }
  ]
}