{
  "Kafka_Output": [
    {
      "name": "tc_id_17.ihl_dev_rm.reg.tm.prepared.trspEvtRpt.v1",
      "data": [
        {
          "DomainEventHeader": {
            "SOR_INGT_CRT_TS": "2021-01-29T13:26:53.015-05:00",
            "SOR_TPIC_NM": "tc_id_17.ihl_dev_rm.reg.tm.raw.srs.gateEvts.v2",
            "DE_META": ""
          },
          "TransportationEventReported": {
            "Primary_Object_Key": "ca0b533f7963530f3109d4e4a4fb93fde23d6489cbe71aa4640bb03faa339714",
            "Domain_Event_Type_Key": "e3b61a2ebf5b23ed3fd8ff58d88a71874f646ec36a6e49d48b10b0c9e3100d05",
            "Transportation_Event_Key": "ca0b533f7963530f3109d4e4a4fb93fde23d6489cbe71aa4640bb03faa339714",
            "Transportation_Event_Type_Key": "39400f13998b7afa63866d1ec56a6aa9bb812868420a44ad78f046a4a52797fc",
            "Transportation_Event_Value": "Ingate",
            "Domain_Event_Key": "512163dfea88deb7eba950d4c0fbe1ae3253946ba51fbec8a2755e9d8fbf92b2",
            "Correlation_Id": "8f46833e625f11eb9b950a0d13360000",
            "Client_Identification": "216126",
            "System_Key": "ea040811b4e08ab97f7af0971223713a9dc11d6b30bcc906cd8ec7c2b0b38817",
            "Proc_Ts": "2021-01-29 18:26:52.952279",
            "Proc_Ts_Tz_Dst_Cd": "100",
            "Event_Ts": "2021-01-29 18:26:01.000",
            "Event_Ts_Tz_Dst_Cd": "110"
          }
        },
        {
          "DomainEventHeader": {
            "SOR_INGT_CRT_TS": "2021-01-29T13:26:53.015-05:00",
            "SOR_TPIC_NM": "tc_id_17.ihl_dev_rm.reg.tm.raw.srs.gateEvts.v2",
            "DE_META": ""
          },
          "TransportationEventReported": {
            "Primary_Object_Key": "b1a14c1974071edacd69f3602b9786996fb789394b408a3dfa46e294b7358a3b",
            "Domain_Event_Type_Key": "e3b61a2ebf5b23ed3fd8ff58d88a71874f646ec36a6e49d48b10b0c9e3100d05",
            "Transportation_Event_Key": "b1a14c1974071edacd69f3602b9786996fb789394b408a3dfa46e294b7358a3b",
            "Transportation_Event_Type_Key": "34bd4d29aed55b4527d08b0e4b1249a8812a8678ec9c254e35724fe68594c18d",
            "Transportation_Event_Value": "Ingate",
            "Domain_Event_Key": "594ee46c739e25f8138c0e4fc1b88a8676a9930e7001ce51b1d3aac8a90e103f",
            "Correlation_Id": "8f46833e625f11eb9b950a0d13360000",
            "Client_Identification": "216126",
            "System_Key": "ea040811b4e08ab97f7af0971223713a9dc11d6b30bcc906cd8ec7c2b0b38817",
            "Proc_Ts": "2021-01-29 18:26:52.952279",
            "Proc_Ts_Tz_Dst_Cd": "100",
            "Event_Ts": "2021-01-29 18:26:01.000",
            "Event_Ts_Tz_Dst_Cd": "110"
          }
        }
      ]
    },
    {
      "name": "tc_id_17.ihl_dev_rm.reg.tm.prepared.trspEvtDsc.v1",
      "data": [
        {
          "DomainEventHeader": {
            "SOR_INGT_CRT_TS": "2021-01-29T13:26:53.015-05:00",
            "SOR_TPIC_NM": "tc_id_17.ihl_dev_rm.reg.tm.raw.srs.gateEvts.v2",
            "DE_META": ""
          },
          "TransportationEventDescribed": {
            "Primary_Object_Key": "b1a14c1974071edacd69f3602b9786996fb789394b408a3dfa46e294b7358a3b",
            "Domain_Event_Type_Key": "e3b61a2ebf5b23ed3fd8ff58d88a71874f646ec36a6e49d48b10b0c9e3100d05",
            "Transportation_Event_Key": "b1a14c1974071edacd69f3602b9786996fb789394b408a3dfa46e294b7358a3b",
            "TransportationEventCharacteristics": [
              {
                "Transportation_Event_Characteristic_Key": "76ede9f7557e825313997bd0759da1a300c5afce72620960aac638c586f23c3e",
                "Characteristic_Type_Key": "4ad95d606bc09078d5afe687ceeed40922882091d5217ca5ad6db6830ab0ffd5",
                "Characteristic_Value": "IG"
              },
              {
                "Transportation_Event_Characteristic_Key": "e4a29c2f016301531b9fdfb10329e2b9f2da15a9c9afa997960fe4232c6576ea",
                "Characteristic_Type_Key": "be13cce607c7f6625ee06a56c916957daa6823c9ca1481d7ddd36d224929c84b",
                "Characteristic_Value": "OW"
              },
              {
                "Transportation_Event_Characteristic_Key": "e84a50bf7910ec27459d4e9dd0158e23c08de6c6ca40d5482d40a3e4f1a53fab",
                "Characteristic_Type_Key": "1ae8fb5cbd28e5f623cd12570bd61b83423714560a3e96340ad4eb2b3ee34f5a",
                "Characteristic_Value": "BOGZ1"
              }
            ],
            "Domain_Event_Key": "594ee46c739e25f8138c0e4fc1b88a8676a9930e7001ce51b1d3aac8a90e103f",
            "Correlation_Id": "8f46833e625f11eb9b950a0d13360000",
            "Client_Identification": "216126",
            "System_Key": "ea040811b4e08ab97f7af0971223713a9dc11d6b30bcc906cd8ec7c2b0b38817",
            "Proc_Ts": "2021-01-29 18:26:52.952279",
            "Proc_Ts_Tz_Dst_Cd": "100",
            "Event_Ts": "2021-01-29 18:26:01.000",
            "Event_Ts_Tz_Dst_Cd": "110"
          }
        },
        {
          "DomainEventHeader": {
            "SOR_INGT_CRT_TS": "2021-01-29T13:26:53.015-05:00",
            "SOR_TPIC_NM": "tc_id_17.ihl_dev_rm.reg.tm.raw.srs.gateEvts.v2",
            "DE_META": ""
          },
          "TransportationEventDescribed": {
            "Primary_Object_Key": "ca0b533f7963530f3109d4e4a4fb93fde23d6489cbe71aa4640bb03faa339714",
            "Domain_Event_Type_Key": "e3b61a2ebf5b23ed3fd8ff58d88a71874f646ec36a6e49d48b10b0c9e3100d05",
            "Transportation_Event_Key": "ca0b533f7963530f3109d4e4a4fb93fde23d6489cbe71aa4640bb03faa339714",
            "TransportationEventCharacteristics": [
              {
                "Transportation_Event_Characteristic_Key": "1c6390e75d0f9d994245a44badb5220dfd4a1fa50e9d5b4ec090add8cb881ac7",
                "Characteristic_Type_Key": "4ad95d606bc09078d5afe687ceeed40922882091d5217ca5ad6db6830ab0ffd5",
                "Characteristic_Value": "IG"
              },
              {
                "Transportation_Event_Characteristic_Key": "30dcb6ab0f8133936e5de6e9f8090a3a7db971e98f4319203f99ae10a35596fe",
                "Characteristic_Type_Key": "be13cce607c7f6625ee06a56c916957daa6823c9ca1481d7ddd36d224929c84b",
                "Characteristic_Value": "OW"
              },
              {
                "Transportation_Event_Characteristic_Key": "eff39dfd3aeccd7c0139135e1e1f086c390843b2f0eed9a4b398577dce30948e",
                "Characteristic_Type_Key": "4505fc6a790815abebdd9f1dde52249744102df52c6b95c9d319d6ed52310ec9",
                "Characteristic_Value": "0000627870"
              },
              {
                "Transportation_Event_Characteristic_Key": "66be63e56d666c1b32754b357904525c5b2dc1bfcfecfdffe4e532f533736610",
                "Characteristic_Type_Key": "60ddfa81716be5e99f7b4d6d363d1d22a27c20fce102a0771dbfaa230fd3270a",
                "Characteristic_Value": "306264"
              },
              {
                "Transportation_Event_Characteristic_Key": "2a607d6339a861b8b7ee7b44865939bb2d92e08c62c93eb9f0af6d4b2ad5dc09",
                "Characteristic_Type_Key": "70fbcb21ab4331aea4015b6062e8df8949bc53b8d316e547fede0b14ebe234bd",
                "Characteristic_Value": "OCTS"
              },
              {
                "Transportation_Event_Characteristic_Key": "05bec8afdce1a9bd5c0c16b7e1b65212fe2df16e731fd68e6116feb3e17d209f",
                "Characteristic_Type_Key": "dcf801f03b34101136e93acf66e5f78a98a8f917d9a4f67d6202cb9ff0508a08",
                "Characteristic_Value": "OVERLAND CONT TRANSP SVCS 2013 CORP"
              },
              {
                "Transportation_Event_Characteristic_Key": "e85ca3773e40c760c5d2ca23632fbd6ba8f33c8c87ae612f715d55068327f520",
                "Characteristic_Type_Key": "40ebadb69e06eb82097afee488032035bdf3b2e0456d965b76921af4020430c3",
                "Characteristic_Value": "OVERLACONTRA"
              },
              {
                "Transportation_Event_Characteristic_Key": "2833839644ca7593abcfc04d9463c6e0dda0def4a617a7d7d5f7797321e1734b",
                "Characteristic_Type_Key": "54b49aeb804d8b0e22fedb4ae90ce9983ee0837ed23f3811f8e70ac0e03e774e",
                "Characteristic_Value": "N"
              },
              {
                "Transportation_Event_Characteristic_Key": "3d4920b1a66509d28b6a791e22d055912ae6784b22e8323291b8a15c0fbec873",
                "Characteristic_Type_Key": "ac7cc3ea07675834c8d471551d4c223d82ae45aa656e671b364dfc56dfe903e3",
                "Characteristic_Value": "N"
              }
            ],
            "Domain_Event_Key": "512163dfea88deb7eba950d4c0fbe1ae3253946ba51fbec8a2755e9d8fbf92b2",
            "Correlation_Id": "8f46833e625f11eb9b950a0d13360000",
            "Client_Identification": "216126",
            "System_Key": "ea040811b4e08ab97f7af0971223713a9dc11d6b30bcc906cd8ec7c2b0b38817",
            "Proc_Ts": "2021-01-29 18:26:52.952279",
            "Proc_Ts_Tz_Dst_Cd": "100",
            "Event_Ts": "2021-01-29 18:26:01.000",
            "Event_Ts_Tz_Dst_Cd": "110"
          }
        }
      ]
    },
    {
      "name": "tc_id_17.ihl_dev_rm.reg.tm.prepared.trspEvtAsct.v1",
      "data": [
        {
          "DomainEventHeader": {
            "SOR_INGT_CRT_TS": "2021-01-29T13:26:53.015-05:00",
            "SOR_TPIC_NM": "tc_id_17.ihl_dev_rm.reg.tm.raw.srs.gateEvts.v2",
            "DE_META": ""
          },
          "TransportationEventAssociated": {
            "Primary_Object_Key": "b1a14c1974071edacd69f3602b9786996fb789394b408a3dfa46e294b7358a3b",
            "Domain_Event_Type_Key": "8eb3e769649d98d5e896398ded3b7bdb63bdaf6d53f440f4b9a8da51e8f74f40",
            "Transportation_Event_Key": "b1a14c1974071edacd69f3602b9786996fb789394b408a3dfa46e294b7358a3b",
            "Transportation_Event_Type_Key": "39400f13998b7afa63866d1ec56a6aa9bb812868420a44ad78f046a4a52797fc",
            "Associated_Object_Key": "c0f615eb53e7f5307ab5b62b22cb38500fbff10cd2909c7d814824b84c3f7fd9",
            "Associated_Object_Type_Key": "e358ab494eaca0075756bf892ddf66e2fb1c0f978be925fbf7dba419580dd547",
            "Association_Key": "f723d8764e8103595b36246d5f28ada16233287899caf64f32bbce5d73a1b768",
            "Association_Type_Key": "f14875e5d958c5950898070f62877f507b4fd345db9db5a46f0b5506943a62da",
            "Domain_Event_Key": "70485d709869651e7d130472688830cd0ff391c869d7fe2ae27733d7a597dc13",
            "Correlation_Id": "8f46833e625f11eb9b950a0d13360000",
            "Client_Identification": "216126",
            "System_Key": "ea040811b4e08ab97f7af0971223713a9dc11d6b30bcc906cd8ec7c2b0b38817",
            "Proc_Ts": "2021-01-29 18:26:52.952279",
            "Proc_Ts_Tz_Dst_Cd": "100",
            "Event_Ts": "2021-01-29 18:26:01.000",
            "Event_Ts_Tz_Dst_Cd": "110"
          }
        },
        {
          "DomainEventHeader": {
            "SOR_INGT_CRT_TS": "2021-01-29T13:26:53.015-05:00",
            "SOR_TPIC_NM": "tc_id_17.ihl_dev_rm.reg.tm.raw.srs.gateEvts.v2",
            "DE_META": ""
          },
          "TransportationEventAssociated": {
            "Primary_Object_Key": "ca0b533f7963530f3109d4e4a4fb93fde23d6489cbe71aa4640bb03faa339714",
            "Domain_Event_Type_Key": "8eb3e769649d98d5e896398ded3b7bdb63bdaf6d53f440f4b9a8da51e8f74f40",
            "Transportation_Event_Key": "ca0b533f7963530f3109d4e4a4fb93fde23d6489cbe71aa4640bb03faa339714",
            "Transportation_Event_Type_Key": "39400f13998b7afa63866d1ec56a6aa9bb812868420a44ad78f046a4a52797fc",
            "Associated_Object_Key": "c0f615eb53e7f5307ab5b62b22cb38500fbff10cd2909c7d814824b84c3f7fd9",
            "Associated_Object_Type_Key": "e358ab494eaca0075756bf892ddf66e2fb1c0f978be925fbf7dba419580dd547",
            "Association_Key": "437a684468329e7acf67c965e2c941b102d39f2570521b97d22c21b4a55c6c6d",
            "Association_Type_Key": "f14875e5d958c5950898070f62877f507b4fd345db9db5a46f0b5506943a62da",
            "Domain_Event_Key": "479b768a89ac0ee39a204ee4eec7cb080406f8997201706cb7eaf9824e8d6fc3",
            "Correlation_Id": "8f46833e625f11eb9b950a0d13360000",
            "Client_Identification": "216126",
            "System_Key": "ea040811b4e08ab97f7af0971223713a9dc11d6b30bcc906cd8ec7c2b0b38817",
            "Proc_Ts": "2021-01-29 18:26:52.952279",
            "Proc_Ts_Tz_Dst_Cd": "100",
            "Event_Ts": "2021-01-29 18:26:01.000",
            "Event_Ts_Tz_Dst_Cd": "110"
          }
        }
      ]
    },
    {
      "name": "tc_id_17.ihl_dev_rm.reg.tm.prepared.trspEvtAsctDsc.v1",
      "data": [
        {
          "DomainEventHeader": {
            "SOR_INGT_CRT_TS": "2021-01-29T13:26:53.015-05:00",
            "SOR_TPIC_NM": "tc_id_17.ihl_dev_rm.reg.tm.raw.srs.gateEvts.v2",
            "DE_META": ""
          },
          "TransportationEventAssociationDescribed": {
            "Primary_Object_Key": "ca0b533f7963530f3109d4e4a4fb93fde23d6489cbe71aa4640bb03faa339714",
            "Domain_Event_Type_Key": "e3b61a2ebf5b23ed3fd8ff58d88a71874f646ec36a6e49d48b10b0c9e3100d05",
            "Association_Key": "437a684468329e7acf67c965e2c941b102d39f2570521b97d22c21b4a55c6c6d",
            "AssociationCharacteristics": [
              {
                "Association_Characteristic_Key": "b16abfd992275ce61b534e5afdd9323330c0d7711407bc3e678a756e83a455e6",
                "Characteristic_Type_Key": "2a80e672a7d428f7da3aef3c44938a1315b06ff268aa28121995dc44b0c1c76f",
                "Characteristic_Value": "CN"
              },
              {
                "Association_Characteristic_Key": "38cc3f40626aaa6af191f1ffb884745d1bf808d7d8d19c01e6ff4bcb93421e99",
                "Characteristic_Type_Key": "e255fdcfce5105e2ad3590a039d2430f3554f404dedf3e1a0302c8e905d2b630",
                "Characteristic_Value": "EDMINTTER"
              },
              {
                "Association_Characteristic_Key": "d384e6f6a622bcc3294a832c6ba138abe7f737a76bdf36019a16174a6a56d7a0",
                "Characteristic_Type_Key": "89dabaddbf4426d5cba15ab91cbdd10b2e3e2b64966d8abacc2da17f7ea93b34",
                "Characteristic_Value": "AB"
              }
            ],
            "Domain_Event_Key": "cc2c816a7b85f9c8056435852963b657165e6e219d7f53ff25b53f85b3c11b7c",
            "Correlation_Id": "8f46833e625f11eb9b950a0d13360000",
            "Client_Identification": "216126",
            "System_Key": "ea040811b4e08ab97f7af0971223713a9dc11d6b30bcc906cd8ec7c2b0b38817",
            "Proc_Ts": "2021-01-29 18:26:52.952279",
            "Proc_Ts_Tz_Dst_Cd": "100",
            "Event_Ts": "2021-01-29 18:26:01.000",
            "Event_Ts_Tz_Dst_Cd": "110"
          }
        },
        {
          "DomainEventHeader": {
            "SOR_INGT_CRT_TS": "2021-01-29T13:26:53.015-05:00",
            "SOR_TPIC_NM": "tc_id_17.ihl_dev_rm.reg.tm.raw.srs.gateEvts.v2",
            "DE_META": ""
          },
          "TransportationEventAssociationDescribed": {
            "Primary_Object_Key": "b1a14c1974071edacd69f3602b9786996fb789394b408a3dfa46e294b7358a3b",
            "Domain_Event_Type_Key": "e3b61a2ebf5b23ed3fd8ff58d88a71874f646ec36a6e49d48b10b0c9e3100d05",
            "Association_Key": "f723d8764e8103595b36246d5f28ada16233287899caf64f32bbce5d73a1b768",
            "AssociationCharacteristics": [
              {
                "Association_Characteristic_Key": "d1bf6177319349721845a8aabac419ca4969c3892b0eee85168575eab5d5025c",
                "Characteristic_Type_Key": "2a80e672a7d428f7da3aef3c44938a1315b06ff268aa28121995dc44b0c1c76f",
                "Characteristic_Value": "CN"
              },
              {
                "Association_Characteristic_Key": "01a3dcf7a37c7157717819f706df094e977c5e9a4ae433c00fd879eb294645a5",
                "Characteristic_Type_Key": "e255fdcfce5105e2ad3590a039d2430f3554f404dedf3e1a0302c8e905d2b630",
                "Characteristic_Value": "EDMINTTER"
              },
              {
                "Association_Characteristic_Key": "2dabf4ed710c89edc6466b5519c43d2460d81331403079e7e08f3596d11ae3ef",
                "Characteristic_Type_Key": "89dabaddbf4426d5cba15ab91cbdd10b2e3e2b64966d8abacc2da17f7ea93b34",
                "Characteristic_Value": "AB"
              }
            ],
            "Domain_Event_Key": "d83e665b3fe7485ca4b4a809d9079394785505927aae7a0210e98f42d2bc45e6",
            "Correlation_Id": "8f46833e625f11eb9b950a0d13360000",
            "Client_Identification": "216126",
            "System_Key": "ea040811b4e08ab97f7af0971223713a9dc11d6b30bcc906cd8ec7c2b0b38817",
            "Proc_Ts": "2021-01-29 18:26:52.952279",
            "Proc_Ts_Tz_Dst_Cd": "100",
            "Event_Ts": "2021-01-29 18:26:01.000",
            "Event_Ts_Tz_Dst_Cd": "110"
          }
        }
      ]
    },
    {
      "name": "tc_id_17.ihl_dev_rm.reg.tm.prepared.cnvyCrt.v1",
      "data": [
        {
          "DomainEventHeader": {
            "SOR_INGT_CRT_TS": "2021-01-29T13:26:53.015-05:00",
            "SOR_TPIC_NM": "tc_id_17.ihl_dev_rm.reg.tm.raw.srs.gateEvts.v2",
            "DE_META": ""
          },
          "ConveyorCreated": {
            "Domain_Event_Type_Key": "e3b61a2ebf5b23ed3fd8ff58d88a71874f646ec36a6e49d48b10b0c9e3100d05",
            "Conveyor_Key": "56f739fbf873ba671ee9ecff479eb951da2d84eed4ccee551f9ca8ecc269fd48",
            "Conveyor_Type_Key": "20ba3d6edbfbaab0653bd3314bf4ec3a1f6049daa8ab757fd2c8621944a3f4cf",
            "Identification_Type_Key": "0cc2d4e596cdf0454cccc014734c1f1303aa533b176e4fbbebd3d985887c7746",
            "Identification_Value": "BOGZ1",
            "Domain_Event_Key": "7de684191559029305fb9910e1c9e84696878a3b82b9b1566c80acf99fa6ff58",
            "Correlation_Id": "8f46833e625f11eb9b950a0d13360000",
            "Client_Identification": "216126",
            "System_Key": "ea040811b4e08ab97f7af0971223713a9dc11d6b30bcc906cd8ec7c2b0b38817",
            "Proc_Ts": "2021-01-29 18:26:52.952279",
            "Proc_Ts_Tz_Dst_Cd": "100",
            "Event_Ts": "2021-01-29 18:26:01.000",
            "Event_Ts_Tz_Dst_Cd": "110"
          }
        },
        {
          "DomainEventHeader": {
            "SOR_INGT_CRT_TS": "2021-01-29T13:26:53.015-05:00",
            "SOR_TPIC_NM": "tc_id_17.ihl_dev_rm.reg.tm.raw.srs.gateEvts.v2",
            "DE_META": ""
          },
          "ConveyorCreated": {
            "Domain_Event_Type_Key": "e3b61a2ebf5b23ed3fd8ff58d88a71874f646ec36a6e49d48b10b0c9e3100d05",
            "Conveyor_Key": "ca0b533f7963530f3109d4e4a4fb93fde23d6489cbe71aa4640bb03faa339714",
            "Conveyor_Type_Key": "d6663f4bdac4e24ddee5b7e3f8ebafbc903c50890d331ece54b7225f9b9a1a79",
            "Identification_Type_Key": "46bdf3ecbc67291c5e4737a3e47979d16c58a3de8a67502e98787779dbef882b",
            "Identification_Value": "306264",
            "Domain_Event_Key": "512163dfea88deb7eba950d4c0fbe1ae3253946ba51fbec8a2755e9d8fbf92b2",
            "Correlation_Id": "8f46833e625f11eb9b950a0d13360000",
            "Client_Identification": "216126",
            "System_Key": "ea040811b4e08ab97f7af0971223713a9dc11d6b30bcc906cd8ec7c2b0b38817",
            "Proc_Ts": "2021-01-29 18:26:52.952279",
            "Proc_Ts_Tz_Dst_Cd": "100",
            "Event_Ts": "2021-01-29 18:26:01.000",
            "Event_Ts_Tz_Dst_Cd": "110"
          }
        },
        {
          "DomainEventHeader": {
            "SOR_INGT_CRT_TS": "2021-01-29T13:26:53.015-05:00",
            "SOR_TPIC_NM": "tc_id_17.ihl_dev_rm.reg.tm.raw.srs.gateEvts.v2",
            "DE_META": ""
          },
          "ConveyorCreated": {
            "Domain_Event_Type_Key": "e3b61a2ebf5b23ed3fd8ff58d88a71874f646ec36a6e49d48b10b0c9e3100d05",
            "Conveyor_Key": "d611bfe131b5d558fc50e9a59a3cffa8ddf67701ea3af08678f5715ded6a8c0f",
            "Conveyor_Type_Key": "8d8e33739978092cfc719dd0996498c1b1fb334c3b75d98fe6c73e8fb767a91a",
            "Identification_Type_Key": "2e5c7e3983e0aafe4b34886c0b4ef76700e32643db6152865fa2507e8475ecfb",
            "Identification_Value": "BMOU306264",
            "Domain_Event_Key": "1cfb3208ae1248afabaece6126ebeedfc6357ccbe5a6c77b9f67336630ee9e47",
            "Correlation_Id": "8f46833e625f11eb9b950a0d13360000",
            "Client_Identification": "216126",
            "System_Key": "ea040811b4e08ab97f7af0971223713a9dc11d6b30bcc906cd8ec7c2b0b38817",
            "Proc_Ts": "2021-01-29 18:26:52.952279",
            "Proc_Ts_Tz_Dst_Cd": "100",
            "Event_Ts": "2021-01-29 18:26:01.000",
            "Event_Ts_Tz_Dst_Cd": "110"
          }
        }
      ]
    },
    {
      "name": "tc_id_17.ihl_dev_rm.reg.tm.prepared.cnvyDsc.v1",
      "data": [
        {
          "DomainEventHeader": {
            "SOR_INGT_CRT_TS": "2021-01-29T13:26:53.015-05:00",
            "SOR_TPIC_NM": "tc_id_17.ihl_dev_rm.reg.tm.raw.srs.gateEvts.v2",
            "DE_META": ""
          },
          "ConveyorDescribed": {
            "Domain_Event_Type_Key": "e3b61a2ebf5b23ed3fd8ff58d88a71874f646ec36a6e49d48b10b0c9e3100d05",
            "Conveyor_Key": "d611bfe131b5d558fc50e9a59a3cffa8ddf67701ea3af08678f5715ded6a8c0f",
            "ConveyorCharacteristics": [
              {
                "Conveyor_Characteristic_Key": "7cefb8d78172c532367212ab289af7e142e2c7ca8abe2b12cc2e0eecffb42da2",
                "Characteristic_Type_Key": "223ef438ed2fc0f96ac98b04cf85175502707e90ec1c87b643471983519b95e8",
                "Characteristic_Value": "BMOU306264"
              },
              {
                "Conveyor_Characteristic_Key": "e9cc792da7f037ddfd2eb8f0b77ef15f3a07538c68707751026e1cbe59d69cce",
                "Characteristic_Type_Key": "d878d5fd0d09bf69a1809f0d3dc148d78e3565660d33770ce7ba04c7bfde0938",
                "Characteristic_Value": "BMOU"
              },
              {
                "Conveyor_Characteristic_Key": "2d452436ef91ad7a9ed80db123398bc11f8d0eac509cf8786fed5f589246f2c3",
                "Characteristic_Type_Key": "863b5cd8179cfd5b3590ffad9c482cf53e79935d1a8ed30f5a73e2719613b520",
                "Characteristic_Value": "306264"
              }
            ],
            "Domain_Event_Key": "1cfb3208ae1248afabaece6126ebeedfc6357ccbe5a6c77b9f67336630ee9e47",
            "Correlation_Id": "8f46833e625f11eb9b950a0d13360000",
            "Client_Identification": "216126",
            "System_Key": "ea040811b4e08ab97f7af0971223713a9dc11d6b30bcc906cd8ec7c2b0b38817",
            "Proc_Ts": "2021-01-29 18:26:52.952279",
            "Proc_Ts_Tz_Dst_Cd": "100",
            "Event_Ts": "2021-01-29 18:26:01.000",
            "Event_Ts_Tz_Dst_Cd": "110"
          }
        },
        {
          "DomainEventHeader": {
            "SOR_INGT_CRT_TS": "2021-01-29T13:26:53.015-05:00",
            "SOR_TPIC_NM": "tc_id_17.ihl_dev_rm.reg.tm.raw.srs.gateEvts.v2",
            "DE_META": ""
          },
          "ConveyorDescribed": {
            "Domain_Event_Type_Key": "e3b61a2ebf5b23ed3fd8ff58d88a71874f646ec36a6e49d48b10b0c9e3100d05",
            "Conveyor_Key": "ca0b533f7963530f3109d4e4a4fb93fde23d6489cbe71aa4640bb03faa339714",
            "ConveyorCharacteristics": [
              {
                "Conveyor_Characteristic_Key": "66be63e56d666c1b32754b357904525c5b2dc1bfcfecfdffe4e532f533736610",
                "Characteristic_Type_Key": "60ddfa81716be5e99f7b4d6d363d1d22a27c20fce102a0771dbfaa230fd3270a",
                "Characteristic_Value": "306264"
              }
            ],
            "Domain_Event_Key": "512163dfea88deb7eba950d4c0fbe1ae3253946ba51fbec8a2755e9d8fbf92b2",
            "Correlation_Id": "8f46833e625f11eb9b950a0d13360000",
            "Client_Identification": "216126",
            "System_Key": "ea040811b4e08ab97f7af0971223713a9dc11d6b30bcc906cd8ec7c2b0b38817",
            "Proc_Ts": "2021-01-29 18:26:52.952279",
            "Proc_Ts_Tz_Dst_Cd": "100",
            "Event_Ts": "2021-01-29 18:26:01.000",
            "Event_Ts_Tz_Dst_Cd": "110"
          }
        },
        {
          "DomainEventHeader": {
            "SOR_INGT_CRT_TS": "2021-01-29T13:26:53.015-05:00",
            "SOR_TPIC_NM": "tc_id_17.ihl_dev_rm.reg.tm.raw.srs.gateEvts.v2",
            "DE_META": ""
          },
          "ConveyorDescribed": {
            "Domain_Event_Type_Key": "e3b61a2ebf5b23ed3fd8ff58d88a71874f646ec36a6e49d48b10b0c9e3100d05",
            "Conveyor_Key": "56f739fbf873ba671ee9ecff479eb951da2d84eed4ccee551f9ca8ecc269fd48",
            "ConveyorCharacteristics": [
              {
                "Conveyor_Characteristic_Key": "a4aa5d76dbcb5f5199a4c5315f545930808aacfac1be704d48edc8221b78bbf8",
                "Characteristic_Type_Key": "d3327f85dbb066f2d08a79ecdb76bad1fe93638b25c036313dc16137e174cfaf",
                "Characteristic_Value": "BOGZ1"
              },
              {
                "Conveyor_Characteristic_Key": "2dd29aa12bcd0b7b355d5ab19a86051f1d21149244f16827c19704eb70f18739",
                "Characteristic_Type_Key": "8f35d2683255a33a2cce4e00402379bf1d802e7f32b75c4094f936adc28fa5c6",
                "Characteristic_Value": "BOGZ"
              },
              {
                "Conveyor_Characteristic_Key": "e82b8986b41b678dc23f331a9f13b3ea0acb1e64e113ffe0f1c0fb5f89e895a5",
                "Characteristic_Type_Key": "91715e8f8b4ef1dbcb598132968fd5038314440b34e506a5ba4d91abf33020ca",
                "Characteristic_Value": "1"
              },
              {
                "Conveyor_Characteristic_Key": "bdb3656467dc1959278f579b0a5c94285b310934c18d48da0b6d75e0b52e64ef",
                "Characteristic_Type_Key": "578ad7da49cf9313153646ff71780b42be203b799d17a2f07a1bcc9c6df43b88",
                "Characteristic_Value": "U"
              }
            ],
            "Domain_Event_Key": "7de684191559029305fb9910e1c9e84696878a3b82b9b1566c80acf99fa6ff58",
            "Correlation_Id": "8f46833e625f11eb9b950a0d13360000",
            "Client_Identification": "216126",
            "System_Key": "ea040811b4e08ab97f7af0971223713a9dc11d6b30bcc906cd8ec7c2b0b38817",
            "Proc_Ts": "2021-01-29 18:26:52.952279",
            "Proc_Ts_Tz_Dst_Cd": "100",
            "Event_Ts": "2021-01-29 18:26:01.000",
            "Event_Ts_Tz_Dst_Cd": "110"
          }
        }
      ]
    },
    {
      "name": "tc_id_17.ihl_dev_rm.reg.tm.prepared.cnvyAsct.v1",
      "data": [
        {
          "DomainEventHeader": {
            "SOR_INGT_CRT_TS": "2021-01-29T13:26:53.015-05:00",
            "SOR_TPIC_NM": "tc_id_17.ihl_dev_rm.reg.tm.raw.srs.gateEvts.v2",
            "DE_META": ""
          },
          "ConveyorAssociated": {
            "Primary_Object_Key": "b1a14c1974071edacd69f3602b9786996fb789394b408a3dfa46e294b7358a3b",
            "Domain_Event_Type_Key": "8eb3e769649d98d5e896398ded3b7bdb63bdaf6d53f440f4b9a8da51e8f74f40",
            "Association_Key": "0455c1ba54f13ba95ac60bc6e200fc28efbdc04c71043029b6b1a51aff11e5c9",
            "Association_Type_Key": "7aa9ffe162c44c9b7ff9e7997ed4fbd19a28099461affe038b50a46ff0609f10",
            "Conveyor_Key": "ca0b533f7963530f3109d4e4a4fb93fde23d6489cbe71aa4640bb03faa339714",
            "Conveyor_Type_Key": "d6663f4bdac4e24ddee5b7e3f8ebafbc903c50890d331ece54b7225f9b9a1a79",
            "Associated_Object_Key": "b1a14c1974071edacd69f3602b9786996fb789394b408a3dfa46e294b7358a3b",
            "Associated_Object_Type_Key": "34bd4d29aed55b4527d08b0e4b1249a8812a8678ec9c254e35724fe68594c18d",
            "Domain_Event_Key": "15786bb1c719d5217ddc4fba1596f8304e15cefdad5666c6205d056c1c423557",
            "Correlation_Id": "8f46833e625f11eb9b950a0d13360000",
            "Client_Identification": "216126",
            "System_Key": "ea040811b4e08ab97f7af0971223713a9dc11d6b30bcc906cd8ec7c2b0b38817",
            "Proc_Ts": "2021-01-29 18:26:52.952279",
            "Proc_Ts_Tz_Dst_Cd": "100",
            "Event_Ts": "2021-01-29 18:26:01.000",
            "Event_Ts_Tz_Dst_Cd": "110"
          }
        },
        {
          "DomainEventHeader": {
            "SOR_INGT_CRT_TS": "2021-01-29T13:26:53.015-05:00",
            "SOR_TPIC_NM": "tc_id_17.ihl_dev_rm.reg.tm.raw.srs.gateEvts.v2",
            "DE_META": ""
          },
          "ConveyorAssociated": {
            "Primary_Object_Key": "ca0b533f7963530f3109d4e4a4fb93fde23d6489cbe71aa4640bb03faa339714",
            "Domain_Event_Type_Key": "8eb3e769649d98d5e896398ded3b7bdb63bdaf6d53f440f4b9a8da51e8f74f40",
            "Association_Key": "9152833dd71e1bfd1dc250d5b84b27bc1928375d3f8be8c1a82c196eae6e30c4",
            "Association_Type_Key": "7aa9ffe162c44c9b7ff9e7997ed4fbd19a28099461affe038b50a46ff0609f10",
            "Conveyor_Key": "56f739fbf873ba671ee9ecff479eb951da2d84eed4ccee551f9ca8ecc269fd48",
            "Conveyor_Type_Key": "20ba3d6edbfbaab0653bd3314bf4ec3a1f6049daa8ab757fd2c8621944a3f4cf",
            "Associated_Object_Key": "ca0b533f7963530f3109d4e4a4fb93fde23d6489cbe71aa4640bb03faa339714",
            "Associated_Object_Type_Key": "39400f13998b7afa63866d1ec56a6aa9bb812868420a44ad78f046a4a52797fc",
            "Domain_Event_Key": "8328fc515fa715a38e3cdbb45b3801a34d9dc837b1b0c1f49529a122990434b8",
            "Correlation_Id": "8f46833e625f11eb9b950a0d13360000",
            "Client_Identification": "216126",
            "System_Key": "ea040811b4e08ab97f7af0971223713a9dc11d6b30bcc906cd8ec7c2b0b38817",
            "Proc_Ts": "2021-01-29 18:26:52.952279",
            "Proc_Ts_Tz_Dst_Cd": "100",
            "Event_Ts": "2021-01-29 18:26:01.000",
            "Event_Ts_Tz_Dst_Cd": "110"
          }
        },
        {
          "DomainEventHeader": {
            "SOR_INGT_CRT_TS": "2021-01-29T13:26:53.015-05:00",
            "SOR_TPIC_NM": "tc_id_17.ihl_dev_rm.reg.tm.raw.srs.gateEvts.v2",
            "DE_META": ""
          },
          "ConveyorAssociated": {
            "Primary_Object_Key": "ca0b533f7963530f3109d4e4a4fb93fde23d6489cbe71aa4640bb03faa339714",
            "Domain_Event_Type_Key": "8eb3e769649d98d5e896398ded3b7bdb63bdaf6d53f440f4b9a8da51e8f74f40",
            "Association_Key": "47f7f0c7773a06082ae7b4d9d6f6eeb228ceeeab977bf6578a1f8987dc365a95",
            "Association_Type_Key": "7aa9ffe162c44c9b7ff9e7997ed4fbd19a28099461affe038b50a46ff0609f10",
            "Conveyor_Key": "d611bfe131b5d558fc50e9a59a3cffa8ddf67701ea3af08678f5715ded6a8c0f",
            "Conveyor_Type_Key": "8d8e33739978092cfc719dd0996498c1b1fb334c3b75d98fe6c73e8fb767a91a",
            "Associated_Object_Key": "ca0b533f7963530f3109d4e4a4fb93fde23d6489cbe71aa4640bb03faa339714",
            "Associated_Object_Type_Key": "39400f13998b7afa63866d1ec56a6aa9bb812868420a44ad78f046a4a52797fc",
            "Domain_Event_Key": "dc0beae57169eeb7ea170cc76642d19faccf0ca7bd4552bee235ff4417a1d26a",
            "Correlation_Id": "8f46833e625f11eb9b950a0d13360000",
            "Client_Identification": "216126",
            "System_Key": "ea040811b4e08ab97f7af0971223713a9dc11d6b30bcc906cd8ec7c2b0b38817",
            "Proc_Ts": "2021-01-29 18:26:52.952279",
            "Proc_Ts_Tz_Dst_Cd": "100",
            "Event_Ts": "2021-01-29 18:26:01.000",
            "Event_Ts_Tz_Dst_Cd": "110"
          }
        },
        {
          "DomainEventHeader": {
            "SOR_INGT_CRT_TS": "2021-01-29T13:26:53.015-05:00",
            "SOR_TPIC_NM": "tc_id_17.ihl_dev_rm.reg.tm.raw.srs.gateEvts.v2",
            "DE_META": ""
          },
          "ConveyorAssociated": {
            "Primary_Object_Key": "b1a14c1974071edacd69f3602b9786996fb789394b408a3dfa46e294b7358a3b",
            "Domain_Event_Type_Key": "8eb3e769649d98d5e896398ded3b7bdb63bdaf6d53f440f4b9a8da51e8f74f40",
            "Association_Key": "c7e2baac77cf080b0b26285cc03134f13e82ef2a871e6d783989f0284d366677",
            "Association_Type_Key": "7aa9ffe162c44c9b7ff9e7997ed4fbd19a28099461affe038b50a46ff0609f10",
            "Conveyor_Key": "56f739fbf873ba671ee9ecff479eb951da2d84eed4ccee551f9ca8ecc269fd48",
            "Conveyor_Type_Key": "20ba3d6edbfbaab0653bd3314bf4ec3a1f6049daa8ab757fd2c8621944a3f4cf",
            "Associated_Object_Key": "b1a14c1974071edacd69f3602b9786996fb789394b408a3dfa46e294b7358a3b",
            "Associated_Object_Type_Key": "34bd4d29aed55b4527d08b0e4b1249a8812a8678ec9c254e35724fe68594c18d",
            "Domain_Event_Key": "826338c41b0191bf5e3947339efba9db392c7cc978f56349c3906a91770badfd",
            "Correlation_Id": "8f46833e625f11eb9b950a0d13360000",
            "Client_Identification": "216126",
            "System_Key": "ea040811b4e08ab97f7af0971223713a9dc11d6b30bcc906cd8ec7c2b0b38817",
            "Proc_Ts": "2021-01-29 18:26:52.952279",
            "Proc_Ts_Tz_Dst_Cd": "100",
            "Event_Ts": "2021-01-29 18:26:01.000",
            "Event_Ts_Tz_Dst_Cd": "110"
          }
        },
        {
          "DomainEventHeader": {
            "SOR_INGT_CRT_TS": "2021-01-29T13:26:53.015-05:00",
            "SOR_TPIC_NM": "tc_id_17.ihl_dev_rm.reg.tm.raw.srs.gateEvts.v2",
            "DE_META": ""
          },
          "ConveyorAssociated": {
            "Primary_Object_Key": "b1a14c1974071edacd69f3602b9786996fb789394b408a3dfa46e294b7358a3b",
            "Domain_Event_Type_Key": "8eb3e769649d98d5e896398ded3b7bdb63bdaf6d53f440f4b9a8da51e8f74f40",
            "Association_Key": "2273eb717c7aaf6401ce4398abfd6c9a57d4da0ec18476d4c927a4c01c58f613",
            "Association_Type_Key": "7aa9ffe162c44c9b7ff9e7997ed4fbd19a28099461affe038b50a46ff0609f10",
            "Conveyor_Key": "d611bfe131b5d558fc50e9a59a3cffa8ddf67701ea3af08678f5715ded6a8c0f",
            "Conveyor_Type_Key": "8d8e33739978092cfc719dd0996498c1b1fb334c3b75d98fe6c73e8fb767a91a",
            "Associated_Object_Key": "b1a14c1974071edacd69f3602b9786996fb789394b408a3dfa46e294b7358a3b",
            "Associated_Object_Type_Key": "34bd4d29aed55b4527d08b0e4b1249a8812a8678ec9c254e35724fe68594c18d",
            "Domain_Event_Key": "b7d0d7093a7a214f69f591dc08133d99ecf11d5aa52e4b824171d86ca9cba1ba",
            "Correlation_Id": "8f46833e625f11eb9b950a0d13360000",
            "Client_Identification": "216126",
            "System_Key": "ea040811b4e08ab97f7af0971223713a9dc11d6b30bcc906cd8ec7c2b0b38817",
            "Proc_Ts": "2021-01-29 18:26:52.952279",
            "Proc_Ts_Tz_Dst_Cd": "100",
            "Event_Ts": "2021-01-29 18:26:01.000",
            "Event_Ts_Tz_Dst_Cd": "110"
          }
        }
      ]
    },
    {
      "name": "tc_id_17.ihl_dev_rm.reg.tm.prepared.cnvyAsctDsc.v1",
      "data": [
        {
          "DomainEventHeader": {
            "SOR_INGT_CRT_TS": "2021-01-29T13:26:53.015-05:00",
            "SOR_TPIC_NM": "tc_id_17.ihl_dev_rm.reg.tm.raw.srs.gateEvts.v2",
            "DE_META": ""
          },
          "ConveyorAssociationDescribed": {
            "Primary_Object_Key": "b1a14c1974071edacd69f3602b9786996fb789394b408a3dfa46e294b7358a3b",
            "Domain_Event_Type_Key": "e3b61a2ebf5b23ed3fd8ff58d88a71874f646ec36a6e49d48b10b0c9e3100d05",
            "Association_Key": "0455c1ba54f13ba95ac60bc6e200fc28efbdc04c71043029b6b1a51aff11e5c9",
            "AssociationCharacteristics": [
              {
                "Association_Characteristic_Key": "e11db5c4391b35b32f06c4a96b81cb7632c57dd1e2e8c148e5045be2ea8f9ae0",
                "Characteristic_Type_Key": "4505fc6a790815abebdd9f1dde52249744102df52c6b95c9d319d6ed52310ec9",
                "Characteristic_Value": "0000627870"
              },
              {
                "Association_Characteristic_Key": "ffb167761a072868f5230329ef82039b1b72cc51db1b45ccd92b25654230a061",
                "Characteristic_Type_Key": "70fbcb21ab4331aea4015b6062e8df8949bc53b8d316e547fede0b14ebe234bd",
                "Characteristic_Value": "OCTS"
              },
              {
                "Association_Characteristic_Key": "67e3b7bbec4bbec4eb4704f45fb811c055d0750af737bb4435ca8d8338734fd1",
                "Characteristic_Type_Key": "dcf801f03b34101136e93acf66e5f78a98a8f917d9a4f67d6202cb9ff0508a08",
                "Characteristic_Value": "OVERLAND CONT TRANSP SVCS 2013 CORP"
              },
              {
                "Association_Characteristic_Key": "9b584595c5079a8a12965fadb1459f26aadbe340034fa7e9578b96f8339bd8af",
                "Characteristic_Type_Key": "40ebadb69e06eb82097afee488032035bdf3b2e0456d965b76921af4020430c3",
                "Characteristic_Value": "OVERLACONTRA"
              },
              {
                "Association_Characteristic_Key": "a3a770e78545ff5ac33cf744fdb9cfeb197787797d7558e55266440f091c73af",
                "Characteristic_Type_Key": "54b49aeb804d8b0e22fedb4ae90ce9983ee0837ed23f3811f8e70ac0e03e774e",
                "Characteristic_Value": "N"
              },
              {
                "Association_Characteristic_Key": "13c22e3a5b75c427857ebd79c2b2f1ab717ccd458542c69968f10d697f285246",
                "Characteristic_Type_Key": "ac7cc3ea07675834c8d471551d4c223d82ae45aa656e671b364dfc56dfe903e3",
                "Characteristic_Value": "N"
              },
              {
                "Association_Characteristic_Key": "514495572a0469f1079b5fa98c31ae57ef55214ce474eb83c28259f94efb0f7d",
                "Characteristic_Type_Key": "60ddfa81716be5e99f7b4d6d363d1d22a27c20fce102a0771dbfaa230fd3270a",
                "Characteristic_Value": "306264"
              }
            ],
            "Domain_Event_Key": "623dfb30f4ae50564470958a45ca284a9b6f938acc7fadd8150f70480913764a",
            "Correlation_Id": "8f46833e625f11eb9b950a0d13360000",
            "Client_Identification": "216126",
            "System_Key": "ea040811b4e08ab97f7af0971223713a9dc11d6b30bcc906cd8ec7c2b0b38817",
            "Proc_Ts": "2021-01-29 18:26:52.952279",
            "Proc_Ts_Tz_Dst_Cd": "100",
            "Event_Ts": "2021-01-29 18:26:01.000",
            "Event_Ts_Tz_Dst_Cd": "110"
          }
        }
      ]
    },
    {
      "name": "tc_id_17.ihl_dev_rm.reg.tm.prepared.trspEvtRmv.v1",
      "data": []
    },
    {
      "name": "tc_id_17.ihl_dev_rm.reg.tm.prepared.rteErr.v1",
      "data": [
        {
          "IngestionHeader": {
            "ING_CRT_TS": "2021-01-29T13:26:53.015-05:00",
            "PRODUCT_ID": "A195 SRS-IM",
            "UUID": null,
            "FORMAT": "JSON"
          },
          "WMBGATEV20": {
            "MSG_HEADER": {
              "HDR_MSG_TYPE": "SB-GateEvent",
              "HDR_MSG_SUBTYPE": "Ingate",
              "HDR_ACTION_CD": "A",
              "HDR_SRCE_APPL": "SRS-IM",
              "HDR_ORIG_APPL": "SRS-IM",
              "HDR_TRGT_APPL": "",
              "HDR_MSG_VRSN": "2.0",
              "HDR_MSG_TS": "2021-01-29-18.26.52.952279"
            },
            "CARTER_SECTION": {
              "CRTR_CODE": "OCTS",
              "CRTR_CUSTOMER": {
                "CRTR_CUST_NBR": "0000627870",
                "CRTR_CUST_633": "OVERLACONTRA",
                "CRTR_CUST_NAME": "OVERLAND CONT TRANSP SVCS 2013 CORP"
              },
              "CRTR_TS": "2021-01-29-13.26.52.733424",
              "TRCTR_LIC": "306264",
              "CN_TRACTOR_IND": "N",
              "GATE_TYPE": "I",
              "GATE_EVT_CD": "IG",
              "GATE_EVT_STUS": "OW",
              "BOBTAIL_IND": "N",
              "CURRENT_TERMINAL": {
                "LOCN_SCAC": "CN",
                "LOCN_FSAC": "87951",
                "LOCN_333": "EDMINTTER",
                "LOCN_PRST": "AB",
                "LOCN_TIME_ZN": "MT"
              },
              "RPTG_DATE": "2021-01-29",
              "RPTG_TIME": "11.26.01",
              "RPTG_TIME_ZN": "MT",
              "RPTG_DST_FLAG": "N",
              "CRTR_EXEMPT_CD": "",
              "CRTR_EXEMPT_RSN": "",
              "CANCEL_RSN": "",
              "REPORTING_SECTION_CNT": 1,
              "PLANNED_PICKUP_SECTION_CNT": 0
            },
            "REPORTING_SECTION": {
              "UNIT_EQUIPMENT": {
                "EQP_INIT": "BMOU",
                "EQP_NUMB": "    306264",
                "EQP_CAR_KIND": "KC2",
                "EQP_OWNER_CD": "Z",
                "EQP_OWNER_TYPE": "I",
                "EQP_CN_EQP_IND": "N"
              },
              "PLAN_CD": "85",
              "LOAD_MTY_CD": "L",
              "CHASSIS_EQUIPMENT": {
                "CHAS_INIT": "BOGZ",
                "CHAS_NUMB": "         1",
                "CHAS_CAR_KIND": "",
                "CHAS_CN_EQP_IND": "N"
              },
              "EQP_WAYBILL": {
                "WB_ID": "1139-01-29-13.26.52.432021",
                "WB_VRSN": "001"
              },
              "EQP_CYCL_ID": "5785-01-29-13.26.52.682021",
              "RSRV_ID": "3622-01-29-12.59.19.222021",
              "RSRV_NBR": "RV60141234",
              "BOOK_ID": 827930,
              "BOOK_NBR": "BINHZIM1",
              "IC_CARR": "",
              "GATE_CUSTOMER": {
                "GATE_CUST_NBR": "0000921151",
                "GATE_CUST_633": "ZIMINTSHICAN"
              },
              "DESTINATION_RW": {
                "DEST_SCAC": "CN",
                "DEST_FSAC": "93137",
                "DEST_333": "ROBBANK",
                "DEST_PRST": "BC",
                "DEST_TZ": "PT"
              },
              "HAZ_IND": "N",
              "WEIGHT_INFO": {
                "WEIGHT": " 40000",
                "WEIGHT_UNIT": "L"
              },
              "SEAL_NBR": "12333",
              "EMPTY_ORDER_TRML": "",
              "EMPTY_ORDER_NBR": 0,
              "ORDER_CONF_NBR": "",
              "CNT_OBJ_ID": ""
            },
            "MSG_FOOTER": {
              "FTR_AUDT_TYPE_CD": "Update",
              "FTR_AUDT_USER_ID": "216126",
              "FTR_AUDT_APPL_ID": "SRS-IM",
              "FTR_AUDT_PGM_ID": "IGAPC101",
              "FTR_AUDT_TS": "2021-01-29-18.26.52.952279"
            }
          },
          "LogHeader": {
            "ERROR_TO_DE": "Correlation_Id is NULL",
            "RAW_KAFKA_QUEUE_NAME": "tc_id_17.ihl_dev_rm.reg.tm.raw.srs.gateEvts.v2",
            "SPARK_JOB_NAME": "GateEventDomainFeed"
          }
        }
      ]
    }
  ]
}