{
  "Kafka_Output": [
    {
      "name": "tc_id_81.ihl_dev_rm.reg.tm.prepared.cnvyAsct.v1",
      "data": [
        {
          "DomainEventHeader": {
            "SOR_INGT_CRT_TS": "2021-01-29T13:26:53.015-05:00",
            "SOR_TPIC_NM": "tc_id_81.ihl_dev_rm.reg.tm.raw.srs.gateEvts.v2",
            "DE_META": ""
          },
          "ConveyorAssociated": {
            "Primary_Object_Key": "ca0b533f7963530f3109d4e4a4fb93fde23d6489cbe71aa4640bb03faa339714",
            "Domain_Event_Type_Key": "c7881817d6d6fabbc8c8be4c1a5310d4b02d506473e08a55032dedde16c0b3fa",
            "Association_Key": "Not Applicable",
            "Association_Type_Key": "7aa9ffe162c44c9b7ff9e7997ed4fbd19a28099461affe038b50a46ff0609f10",
            "Conveyor_Key": "Not Applicable",
            "Conveyor_Type_Key": "Not Applicable",
            "Associated_Object_Key": "Not Applicable",
            "Associated_Object_Type_Key": "Not Applicable",
            "Domain_Event_Key": "0dc94d36aaa3839b71672efae1054b2d76b84c0582ff5364bd8988eff02e194c",
            "Correlation_Id": "8f46833e625f11eb9b950a0d13360000",
            "Client_Identification": "216126",
            "System_Key": "ea040811b4e08ab97f7af0971223713a9dc11d6b30bcc906cd8ec7c2b0b38817",
            "Proc_Ts": "2021-01-29 18:26:52.952279",
            "Proc_Ts_Tz_Dst_Cd": "100",
            "Event_Ts": "2021-01-29 18:26:01.000",
            "Event_Ts_Tz_Dst_Cd": "110"
          }
        },
        {
          "DomainEventHeader": {
            "SOR_INGT_CRT_TS": "2021-01-29T13:26:53.015-05:00",
            "SOR_TPIC_NM": "tc_id_81.ihl_dev_rm.reg.tm.raw.srs.gateEvts.v2",
            "DE_META": ""
          },
          "ConveyorAssociated": {
            "Primary_Object_Key": "b1a14c1974071edacd69f3602b9786996fb789394b408a3dfa46e294b7358a3b",
            "Domain_Event_Type_Key": "c7881817d6d6fabbc8c8be4c1a5310d4b02d506473e08a55032dedde16c0b3fa",
            "Association_Key": "Not Applicable",
            "Association_Type_Key": "Not Applicable",
            "Conveyor_Key": "Not Applicable",
            "Conveyor_Type_Key": "Not Applicable",
            "Associated_Object_Key": "Not Applicable",
            "Associated_Object_Type_Key": "Not Applicable",
            "Domain_Event_Key": "6b715d9eaa7faa98429baa5ceef3602f8b53f23a0fa299c9c566b665e3f14566",
            "Correlation_Id": "8f46833e625f11eb9b950a0d13360000",
            "Client_Identification": "216126",
            "System_Key": "ea040811b4e08ab97f7af0971223713a9dc11d6b30bcc906cd8ec7c2b0b38817",
            "Proc_Ts": "2021-01-29 18:26:52.952279",
            "Proc_Ts_Tz_Dst_Cd": "100",
            "Event_Ts": "2021-01-29 18:26:01.000",
            "Event_Ts_Tz_Dst_Cd": "110"
          }
        },
        {
          "DomainEventHeader": {
            "SOR_INGT_CRT_TS": "2021-01-29T13:26:53.015-05:00",
            "SOR_TPIC_NM": "tc_id_81.ihl_dev_rm.reg.tm.raw.srs.gateEvts.v2",
            "DE_META": ""
          },
          "ConveyorAssociated": {
            "Primary_Object_Key": "56f739fbf873ba671ee9ecff479eb951da2d84eed4ccee551f9ca8ecc269fd48",
            "Domain_Event_Type_Key": "c7881817d6d6fabbc8c8be4c1a5310d4b02d506473e08a55032dedde16c0b3fa",
            "Association_Key": "Not Applicable",
            "Association_Type_Key": "7aa9ffe162c44c9b7ff9e7997ed4fbd19a28099461affe038b50a46ff0609f10",
            "Conveyor_Key": "Not Applicable",
            "Conveyor_Type_Key": "Not Applicable",
            "Associated_Object_Key": "Not Applicable",
            "Associated_Object_Type_Key": "Not Applicable",
            "Domain_Event_Key": "b424440fb726fcf8c4b75bfd4a09c8faff1664c71915dd81ea914be92553060c",
            "Correlation_Id": "8f46833e625f11eb9b950a0d13360000",
            "Client_Identification": "216126",
            "System_Key": "ea040811b4e08ab97f7af0971223713a9dc11d6b30bcc906cd8ec7c2b0b38817",
            "Proc_Ts": "2021-01-29 18:26:52.952279",
            "Proc_Ts_Tz_Dst_Cd": "100",
            "Event_Ts": "2021-01-29 18:26:01.000",
            "Event_Ts_Tz_Dst_Cd": "110"
          }
        },
        {
          "DomainEventHeader": {
            "SOR_INGT_CRT_TS": "2021-01-29T13:26:53.015-05:00",
            "SOR_TPIC_NM": "tc_id_81.ihl_dev_rm.reg.tm.raw.srs.gateEvts.v2",
            "DE_META": ""
          },
          "ConveyorAssociated": {
            "Primary_Object_Key": "b1a14c1974071edacd69f3602b9786996fb789394b408a3dfa46e294b7358a3b",
            "Domain_Event_Type_Key": "c7881817d6d6fabbc8c8be4c1a5310d4b02d506473e08a55032dedde16c0b3fa",
            "Association_Key": "Not Applicable",
            "Association_Type_Key": "Not Applicable",
            "Conveyor_Key": "Not Applicable",
            "Conveyor_Type_Key": "Not Applicable",
            "Associated_Object_Key": "Not Applicable",
            "Associated_Object_Type_Key": "Not Applicable",
            "Domain_Event_Key": "6b715d9eaa7faa98429baa5ceef3602f8b53f23a0fa299c9c566b665e3f14566",
            "Correlation_Id": "8f46833e625f11eb9b950a0d13360000",
            "Client_Identification": "216126",
            "System_Key": "ea040811b4e08ab97f7af0971223713a9dc11d6b30bcc906cd8ec7c2b0b38817",
            "Proc_Ts": "2021-01-29 18:26:52.952279",
            "Proc_Ts_Tz_Dst_Cd": "100",
            "Event_Ts": "2021-01-29 18:26:01.000",
            "Event_Ts_Tz_Dst_Cd": "110"
          }
        },
        {
          "DomainEventHeader": {
            "SOR_INGT_CRT_TS": "2021-01-29T13:26:53.015-05:00",
            "SOR_TPIC_NM": "tc_id_81.ihl_dev_rm.reg.tm.raw.srs.gateEvts.v2",
            "DE_META": ""
          },
          "ConveyorAssociated": {
            "Primary_Object_Key": "d611bfe131b5d558fc50e9a59a3cffa8ddf67701ea3af08678f5715ded6a8c0f",
            "Domain_Event_Type_Key": "c7881817d6d6fabbc8c8be4c1a5310d4b02d506473e08a55032dedde16c0b3fa",
            "Association_Key": "Not Applicable",
            "Association_Type_Key": "7aa9ffe162c44c9b7ff9e7997ed4fbd19a28099461affe038b50a46ff0609f10",
            "Conveyor_Key": "Not Applicable",
            "Conveyor_Type_Key": "Not Applicable",
            "Associated_Object_Key": "Not Applicable",
            "Associated_Object_Type_Key": "Not Applicable",
            "Domain_Event_Key": "8c39d11dfd97d135196545d5f258afe2923bf176ada8624f7b7a7795b27c5396",
            "Correlation_Id": "8f46833e625f11eb9b950a0d13360000",
            "Client_Identification": "216126",
            "System_Key": "ea040811b4e08ab97f7af0971223713a9dc11d6b30bcc906cd8ec7c2b0b38817",
            "Proc_Ts": "2021-01-29 18:26:52.952279",
            "Proc_Ts_Tz_Dst_Cd": "100",
            "Event_Ts": "2021-01-29 18:26:01.000",
            "Event_Ts_Tz_Dst_Cd": "110"
          }
        },
        {
          "DomainEventHeader": {
            "SOR_INGT_CRT_TS": "2021-01-29T13:26:53.015-05:00",
            "SOR_TPIC_NM": "tc_id_81.ihl_dev_rm.reg.tm.raw.srs.gateEvts.v2",
            "DE_META": ""
          },
          "ConveyorAssociated": {
            "Primary_Object_Key": "ca0b533f7963530f3109d4e4a4fb93fde23d6489cbe71aa4640bb03faa339714",
            "Domain_Event_Type_Key": "c7881817d6d6fabbc8c8be4c1a5310d4b02d506473e08a55032dedde16c0b3fa",
            "Association_Key": "Not Applicable",
            "Association_Type_Key": "7aa9ffe162c44c9b7ff9e7997ed4fbd19a28099461affe038b50a46ff0609f10",
            "Conveyor_Key": "Not Applicable",
            "Conveyor_Type_Key": "Not Applicable",
            "Associated_Object_Key": "Not Applicable",
            "Associated_Object_Type_Key": "Not Applicable",
            "Domain_Event_Key": "0dc94d36aaa3839b71672efae1054b2d76b84c0582ff5364bd8988eff02e194c",
            "Correlation_Id": "8f46833e625f11eb9b950a0d13360000",
            "Client_Identification": "216126",
            "System_Key": "ea040811b4e08ab97f7af0971223713a9dc11d6b30bcc906cd8ec7c2b0b38817",
            "Proc_Ts": "2021-01-29 18:26:52.952279",
            "Proc_Ts_Tz_Dst_Cd": "100",
            "Event_Ts": "2021-01-29 18:26:01.000",
            "Event_Ts_Tz_Dst_Cd": "110"
          }
        },
        {
          "DomainEventHeader": {
            "SOR_INGT_CRT_TS": "2021-01-29T13:26:53.015-05:00",
            "SOR_TPIC_NM": "tc_id_81.ihl_dev_rm.reg.tm.raw.srs.gateEvts.v2",
            "DE_META": ""
          },
          "ConveyorAssociated": {
            "Primary_Object_Key": "d611bfe131b5d558fc50e9a59a3cffa8ddf67701ea3af08678f5715ded6a8c0f",
            "Domain_Event_Type_Key": "c7881817d6d6fabbc8c8be4c1a5310d4b02d506473e08a55032dedde16c0b3fa",
            "Association_Key": "Not Applicable",
            "Association_Type_Key": "7aa9ffe162c44c9b7ff9e7997ed4fbd19a28099461affe038b50a46ff0609f10",
            "Conveyor_Key": "Not Applicable",
            "Conveyor_Type_Key": "Not Applicable",
            "Associated_Object_Key": "Not Applicable",
            "Associated_Object_Type_Key": "Not Applicable",
            "Domain_Event_Key": "8c39d11dfd97d135196545d5f258afe2923bf176ada8624f7b7a7795b27c5396",
            "Correlation_Id": "8f46833e625f11eb9b950a0d13360000",
            "Client_Identification": "216126",
            "System_Key": "ea040811b4e08ab97f7af0971223713a9dc11d6b30bcc906cd8ec7c2b0b38817",
            "Proc_Ts": "2021-01-29 18:26:52.952279",
            "Proc_Ts_Tz_Dst_Cd": "100",
            "Event_Ts": "2021-01-29 18:26:01.000",
            "Event_Ts_Tz_Dst_Cd": "110"
          }
        },
        {
          "DomainEventHeader": {
            "SOR_INGT_CRT_TS": "2021-01-29T13:26:53.015-05:00",
            "SOR_TPIC_NM": "tc_id_81.ihl_dev_rm.reg.tm.raw.srs.gateEvts.v2",
            "DE_META": ""
          },
          "ConveyorAssociated": {
            "Primary_Object_Key": "56f739fbf873ba671ee9ecff479eb951da2d84eed4ccee551f9ca8ecc269fd48",
            "Domain_Event_Type_Key": "c7881817d6d6fabbc8c8be4c1a5310d4b02d506473e08a55032dedde16c0b3fa",
            "Association_Key": "Not Applicable",
            "Association_Type_Key": "7aa9ffe162c44c9b7ff9e7997ed4fbd19a28099461affe038b50a46ff0609f10",
            "Conveyor_Key": "Not Applicable",
            "Conveyor_Type_Key": "Not Applicable",
            "Associated_Object_Key": "Not Applicable",
            "Associated_Object_Type_Key": "Not Applicable",
            "Domain_Event_Key": "b424440fb726fcf8c4b75bfd4a09c8faff1664c71915dd81ea914be92553060c",
            "Correlation_Id": "8f46833e625f11eb9b950a0d13360000",
            "Client_Identification": "216126",
            "System_Key": "ea040811b4e08ab97f7af0971223713a9dc11d6b30bcc906cd8ec7c2b0b38817",
            "Proc_Ts": "2021-01-29 18:26:52.952279",
            "Proc_Ts_Tz_Dst_Cd": "100",
            "Event_Ts": "2021-01-29 18:26:01.000",
            "Event_Ts_Tz_Dst_Cd": "110"
          }
        }
      ]
    },
    {
      "name": "tc_id_81.ihl_dev_rm.reg.tm.prepared.cnvyAsctDsc.v1",
      "data": [
        {
          "DomainEventHeader": {
            "SOR_INGT_CRT_TS": "2021-01-29T13:26:53.015-05:00",
            "SOR_TPIC_NM": "tc_id_81.ihl_dev_rm.reg.tm.raw.srs.gateEvts.v2",
            "DE_META": ""
          },
          "ConveyorAssociationDescribed": {
            "Primary_Object_Key": "b1a14c1974071edacd69f3602b9786996fb789394b408a3dfa46e294b7358a3b",
            "Domain_Event_Type_Key": "c7881817d6d6fabbc8c8be4c1a5310d4b02d506473e08a55032dedde16c0b3fa",
            "Association_Key": "",
            "AssociationCharacteristics": [
              {}
            ],
            "Domain_Event_Key": "30c02105e48086b9106bfb3e8a288d343eba1c615c5f64f63fea10f066a1f02d",
            "Correlation_Id": "8f46833e625f11eb9b950a0d13360000",
            "Client_Identification": "216126",
            "System_Key": "ea040811b4e08ab97f7af0971223713a9dc11d6b30bcc906cd8ec7c2b0b38817",
            "Proc_Ts": "2021-01-29 18:26:52.952279",
            "Proc_Ts_Tz_Dst_Cd": "100",
            "Event_Ts": "2021-01-29 18:26:01.000",
            "Event_Ts_Tz_Dst_Cd": "110"
          }
        },
        {
          "DomainEventHeader": {
            "SOR_INGT_CRT_TS": "2021-01-29T13:26:53.015-05:00",
            "SOR_TPIC_NM": "tc_id_81.ihl_dev_rm.reg.tm.raw.srs.gateEvts.v2",
            "DE_META": ""
          },
          "ConveyorAssociationDescribed": {
            "Primary_Object_Key": "b1a14c1974071edacd69f3602b9786996fb789394b408a3dfa46e294b7358a3b",
            "Domain_Event_Type_Key": "c7881817d6d6fabbc8c8be4c1a5310d4b02d506473e08a55032dedde16c0b3fa",
            "Association_Key": "",
            "AssociationCharacteristics": [
              {}
            ],
            "Domain_Event_Key": "30c02105e48086b9106bfb3e8a288d343eba1c615c5f64f63fea10f066a1f02d",
            "Correlation_Id": "8f46833e625f11eb9b950a0d13360000",
            "Client_Identification": "216126",
            "System_Key": "ea040811b4e08ab97f7af0971223713a9dc11d6b30bcc906cd8ec7c2b0b38817",
            "Proc_Ts": "2021-01-29 18:26:52.952279",
            "Proc_Ts_Tz_Dst_Cd": "100",
            "Event_Ts": "2021-01-29 18:26:01.000",
            "Event_Ts_Tz_Dst_Cd": "110"
          }
        }
      ]
    },
    {
      "name": "tc_id_81.ihl_dev_rm.reg.tm.prepared.rteErr.v1",
      "data": [
        {
          "IngestionHeader": {
            "ING_CRT_TS": "2021-01-29T13:26:53.015-05:00",
            "PRODUCT_ID": "A195 SRS-IM",
            "UUID": null,
            "FORMAT": "JSON"
          },
          "WMBGATEV20": {
            "MSG_HEADER": {
              "HDR_MSG_TYPE": "SB-GateEvent",
              "HDR_MSG_SUBTYPE": "Ingate",
              "HDR_ACTION_CD": "A",
              "HDR_SRCE_APPL": "SRS-IM",
              "HDR_ORIG_APPL": "SRS-IM",
              "HDR_TRGT_APPL": "",
              "HDR_MSG_VRSN": "2.0",
              "HDR_MSG_TS": "2021-01-29-18.26.52.952279"
            },
            "CARTER_SECTION": {
              "CRTR_CODE": "OCTS",
              "CRTR_CUSTOMER": {
                "CRTR_CUST_NBR": "0000627870",
                "CRTR_CUST_633": "OVERLACONTRA",
                "CRTR_CUST_NAME": "OVERLAND CONT TRANSP SVCS 2013 CORP"
              },
              "CRTR_TS": "2021-01-29-13.26.52.733424",
              "TRCTR_LIC": "306264",
              "CN_TRACTOR_IND": "N",
              "GATE_TYPE": "I",
              "GATE_EVT_CD": "IG",
              "GATE_EVT_STUS": "OW",
              "BOBTAIL_IND": "N",
              "CURRENT_TERMINAL": {
                "LOCN_SCAC": "CN",
                "LOCN_FSAC": "87951",
                "LOCN_333": "EDMINTTER",
                "LOCN_PRST": "AB",
                "LOCN_TIME_ZN": "MT"
              },
              "RPTG_DATE": "2021-01-29",
              "RPTG_TIME": "11.26.01",
              "RPTG_TIME_ZN": "MT",
              "RPTG_DST_FLAG": "N",
              "CRTR_EXEMPT_CD": "",
              "CRTR_EXEMPT_RSN": "",
              "CANCEL_RSN": "",
              "REPORTING_SECTION_CNT": 1,
              "PLANNED_PICKUP_SECTION_CNT": 0
            },
            "REPORTING_SECTION": {
              "UNIT_EQUIPMENT": {
                "EQP_INIT": "BMOU",
                "EQP_NUMB": "    306264",
                "EQP_CAR_KIND": "KC2",
                "EQP_OWNER_CD": "Z",
                "EQP_OWNER_TYPE": "I",
                "EQP_CN_EQP_IND": "N"
              },
              "PLAN_CD": "85",
              "LOAD_MTY_CD": "L",
              "CHASSIS_EQUIPMENT": {
                "CHAS_INIT": "BOGZ",
                "CHAS_NUMB": "         1",
                "CHAS_CAR_KIND": "",
                "CHAS_CN_EQP_IND": "N"
              },
              "EQP_WAYBILL": {
                "WB_ID": "1139-01-29-13.26.52.432021",
                "WB_VRSN": "001"
              },
              "EQP_CYCL_ID": "5785-01-29-13.26.52.682021",
              "RSRV_ID": "3622-01-29-12.59.19.222021",
              "RSRV_NBR": "RV60141234",
              "BOOK_ID": 827930,
              "BOOK_NBR": "BINHZIM1",
              "IC_CARR": "",
              "GATE_CUSTOMER": {
                "GATE_CUST_NBR": "0000921151",
                "GATE_CUST_633": "ZIMINTSHICAN"
              },
              "DESTINATION_RW": {
                "DEST_SCAC": "CN",
                "DEST_FSAC": "93137",
                "DEST_333": "ROBBANK",
                "DEST_PRST": "BC",
                "DEST_TZ": "PT"
              },
              "HAZ_IND": "N",
              "WEIGHT_INFO": {
                "WEIGHT": " 40000",
                "WEIGHT_UNIT": "L"
              },
              "SEAL_NBR": "12333",
              "EMPTY_ORDER_TRML": "",
              "EMPTY_ORDER_NBR": 0,
              "ORDER_CONF_NBR": "",
              "CNT_OBJ_ID": ""
            },
            "MSG_FOOTER": {
              "FTR_AUDT_TYPE_CD": "Update",
              "FTR_AUDT_USER_ID": "216126",
              "FTR_AUDT_APPL_ID": "SRS-IM",
              "FTR_AUDT_PGM_ID": "IGAPC101",
              "FTR_AUDT_TS": "2021-01-29-18.26.52.952279"
            }
          },
          "LogHeader": {
            "ERROR_TO_DE": "Correlation_Id is NULL",
            "RAW_KAFKA_QUEUE_NAME": "tc_id_81.ihl_dev_rm.reg.tm.raw.srs.gateEvts.v2",
            "SPARK_JOB_NAME": "GateEventDomainFeed"
          }
        }
      ]
    }
  ]
}