{
  "Kafka_Output": [
    {
      "name": "tc_id_64.ihl_dev_rm.reg.transportation.commodity-described.prepared.v1",
      "data": [
        {
          "DomainEventHeader": {
            "SOR_INGT_CRT_TS": "2021-02-19T19:00:05.717Z",
            "SOR_TPIC_NM": "tc_id_64.ihl_dev_rm.reg.transportation.hazardous-commodity.raw.v1",
            "DE_META": ""
          },
          "CommodityDescribed": {
            "Domain_Event_Type_Key": "e3b61a2ebf5b23ed3fd8ff58d88a71874f646ec36a6e49d48b10b0c9e3100d05",
            "Commodity_Key": "6da8a5d06f6324f60096b4a71b6e0bd1b019be9a3191e99212acebda2aefaa9d",
            "CommodityCharacteristics": [
              {
                "Commodity_Characteristic_Key": "c2b3607ed299fa2f9bf020e839573888b947d3942b04caaff76b802c3659b8bb",
                "Characteristic_Type_Key": "41a26440a64403e7772d562e2961d5d1a7c245f622e1037e8b6574c192fc2f26",
                "Characteristic_Value": ""
              },
              {
                "Commodity_Characteristic_Key": "a7eba71a031144c549fd2f19718d1464c1102f754277fddc7e105ab47ce0acc3",
                "Characteristic_Type_Key": "af0779aa95b069d7ff1ee563aa43291bf36130f02bad537b3e3efdbca238d7af",
                "Characteristic_Value": ""
              },
              {
                "Commodity_Characteristic_Key": "d62bb863a014cecd89c13ed28e31e77aa81fc238a3cbb87d0b7c78391a3922df",
                "Characteristic_Type_Key": "4f8e6042e6a9d063fad2b488a4fdc2a54c2b4a9b7a1f5cc4d5cb507e95eff5cf",
                "Characteristic_Value": "TNT, WETTED"
              },
              {
                "Commodity_Characteristic_Key": "be5090e68d6c5c6e8cbac70760cbfd9743c54f950f8dfaf2ad4a2581678d0d71",
                "Characteristic_Type_Key": "4548f73cc45d01c5941eadaf20c55879c0e6f3b20533fdfaa12622009354f379",
                "Characteristic_Value": ""
              },
              {
                "Commodity_Characteristic_Key": "90a2bf59722114f6c4bda2f922bbcf430b9a19e45bd6c8fadb470a57e8e89e00",
                "Characteristic_Type_Key": "16e32dc7452cd23b234b0c383f98601e20d46d4030af098e6631042462de4d18",
                "Characteristic_Value": ""
              },
              {
                "Commodity_Characteristic_Key": "a844a784deb718a3a3f2f10dc3981bfa199023925523eefaa21644bc65ebc2d2",
                "Characteristic_Type_Key": "6ca5922279b34b96b02a0db131b61f2c8108383357131699136589b4b96c4def",
                "Characteristic_Value": ""
              },
              {
                "Commodity_Characteristic_Key": "ddfb2b55ff5a1fbd02829b5da371f38b856e22ef1def1757a1b3cb5beee4e41d",
                "Characteristic_Type_Key": "b82df898d2977c009018889d10761c7c6f173e173c3d6388eb972399f799bac2",
                "Characteristic_Value": ""
              },
              {
                "Commodity_Characteristic_Key": "a82c9c7e3885e067458430c7f5cd35139d459cf2384b22c79a0bca81f4574435",
                "Characteristic_Type_Key": "489fcde99dc9a40c4a1533963ce1e3cdb31d30076f1c13610ba608319e370004",
                "Characteristic_Value": ""
              },
              {
                "Commodity_Characteristic_Key": "dd3555631b9a864d1b71000ebddd0c0bdc1377d0787d3ace64c7f13391aa078c",
                "Characteristic_Type_Key": "dfd24b871f1da284a0f1030227bf89da356ed003fa9058f426af856a2cf06d9a",
                "Characteristic_Value": ""
              },
              {
                "Commodity_Characteristic_Key": "0001b8e8eca890d7362e3551d623c555da9d1795f0ba5cbfd3615d2c0a3eb62b",
                "Characteristic_Type_Key": "7ae5b0c51ee6f2e97facc565b944d96bc367feb783ae665a357a11f6126a687c",
                "Characteristic_Value": ""
              },
              {
                "Commodity_Characteristic_Key": "2bd52337bd939590cdd8a2dc232112485a2d1c3dd861e8969b9a9668d304d3be",
                "Characteristic_Type_Key": "6d8df5decf5ca506de236cc638f38083cdbb1ef98fa66f4b585cede5fa082e42",
                "Characteristic_Value": ""
              },
              {
                "Commodity_Characteristic_Key": "4dd38c21628cce4fba6540e00fc6ca9145c1e98b7b19acba4116ad732c28e8cc",
                "Characteristic_Type_Key": "336496c8fe2200c19ad05101cd29cef161ff34a200034c223d525226cb341498",
                "Characteristic_Value": ""
              },
              {
                "Commodity_Characteristic_Key": "882717564b6590e3553fa025896b67ddb2885a22159207ed15f1b3fbc87b2b41",
                "Characteristic_Type_Key": "0223980e3f84a1f8d922cd180e9ba17e438aa518ef6a395615eee4c7120b70bb",
                "Characteristic_Value": ""
              },
              {
                "Commodity_Characteristic_Key": "d1e350c35b5bc9243035354d6cbb63921e05c2a4a803754eec944f0577618037",
                "Characteristic_Type_Key": "afe2589f414c5f1a6654adc84b19737dd3398cde9c81351a87642a81831f6651",
                "Characteristic_Value": ""
              },
              {
                "Commodity_Characteristic_Key": "b17be427b1f94a931ed65f4d2bd70d553169f8068e0566e0327653a575c81a2c",
                "Characteristic_Type_Key": "f0cff06d6a68e9bc73776a938eadb6019e1678ff648d81aa6f9a4fba1e382b27",
                "Characteristic_Value": ""
              },
              {
                "Commodity_Characteristic_Key": "eb743e4908ce685b402ccbc37d8c015959bcfbb27d88fbbd9c5de994ffac6a74",
                "Characteristic_Type_Key": "2728511cb33e3d7605f46de2b949db1bb8f0fbfc038c2ed0a1ef54320bf000bb",
                "Characteristic_Value": ""
              },
              {
                "Commodity_Characteristic_Key": "94ef5092f108a0fbce3e8d16dc51509f7ea7af54f9fc3dece58e0d01664ec068",
                "Characteristic_Type_Key": "f24f88f4bffd100dbca99c5cade7242dd54dbca6165957d50a1a8f02605b6079",
                "Characteristic_Value": ""
              },
              {
                "Commodity_Characteristic_Key": "c2bc314ed5c5d8cd0048b76286b51675b8ea6a722da175846086fe2cc08e0925",
                "Characteristic_Type_Key": "6b811e77f0ac804a9ccbbc3c8502982f41499f5badb698fbf7e1f02e7329f41f",
                "Characteristic_Value": ""
              },
              {
                "Commodity_Characteristic_Key": "5caab50a327dc4a837e63581aca9489f45b223ca7c9dc063ab01f736edaa69a2",
                "Characteristic_Type_Key": "f2e9c2485902c07c60ff93c2269fb466703fba4d1f5cd92b74c831607b6adfd9",
                "Characteristic_Value": ""
              },
              {
                "Commodity_Characteristic_Key": "ce1c2cb4d823f43c9c942afaefba064ace9be1075c28faaaa8bb2d333af8ec0d",
                "Characteristic_Type_Key": "c2340a3427b787565de746397e44b8b5e6103c6c20f69824654d4bc5047cd677",
                "Characteristic_Value": ""
              },
              {
                "Commodity_Characteristic_Key": "a23a73d0a1b47e2fae574d3cb883175056b176cfbbfb38640f6e78656af78701",
                "Characteristic_Type_Key": "ac0deab9c82fe8ad6e06499a6ba932212fb7e4894d8a6fcacdf8292e144360c0",
                "Characteristic_Value": "4.1"
              },
              {
                "Commodity_Characteristic_Key": "1e3ba11b8e98f12bdaefd20099ecb12b46a8a997235225794013cb84efe66634",
                "Characteristic_Type_Key": "3c548c951c2675815336af4505aeed848e535dfc414011a2016a00464ffce388",
                "Characteristic_Value": ""
              },
              {
                "Commodity_Characteristic_Key": "231f7c2e937725a3e01bd7acefd83254fcdefa2001cada509bf67f74229d3a61",
                "Characteristic_Type_Key": "c9f6685d09deae2e51e858fd4411e4c98531139d124458f9a44b6d84a4a42fcc",
                "Characteristic_Value": ""
              },
              {
                "Commodity_Characteristic_Key": "713a97340fa9a8b44a0d9f69e3323aa6f610f3d2c026754974bd42de48afa39e",
                "Characteristic_Type_Key": "ecbcab357c4999cfc28aee39a2694f53756c16e42087a366081738354c78121b",
                "Characteristic_Value": ""
              },
              {
                "Commodity_Characteristic_Key": "3fcd33afc9e6c935f9daed7796bcdd2884a2f8d06061e6693a02508989f4bc7c",
                "Characteristic_Type_Key": "a8e32d9b487ed15b15f30fde7b68fc6437a6db7211bd6072742ed1f848e36be7",
                "Characteristic_Value": "UN1356"
              },
              {
                "Commodity_Characteristic_Key": "27bd673797444ca0fc2b507ccb9c78be5c6eb48848316b2dfec351dfcfc60c0d",
                "Characteristic_Type_Key": "92b92817f7c7180b9252431aeeab7a19c2a36f3daf1fa81dd84d7a23f32a4517",
                "Characteristic_Value": ""
              },
              {
                "Commodity_Characteristic_Key": "5b1a7900b3357a2f417947add2451ec812b79c12251b24d808de231b9e0a1502",
                "Characteristic_Type_Key": "ebdf4b37972ce4c3f9701f2a46eaaf9131181619100fd9ffb9826d8914f28c43",
                "Characteristic_Value": "A"
              },
              {
                "Commodity_Characteristic_Key": "23d3525b3ebfda5fabccefeab93abe692956664dd18a3692d3d2008c274200bf",
                "Characteristic_Type_Key": "86ea855f0cec992a2d4d88573acca739e631d16c650464f29b3d4fd26ed18cb5",
                "Characteristic_Value": "1"
              },
              {
                "Commodity_Characteristic_Key": "d03e0c7f12cbdffff3d8ea34c5157ad71fad49f2e6b669ab72adc747eed7659b",
                "Characteristic_Type_Key": "6f6ff575656c9833d91df52e419d4c941e0836297d293790ffaa785015b8699d",
                "Characteristic_Value": ""
              },
              {
                "Commodity_Characteristic_Key": "6aa07f885489818dd797e715fdc6fce6597a14956c3ad20ac59ad4076ab4cb27",
                "Characteristic_Type_Key": "ae3ecd2b40c567aebbca541b12a786b5573996e38c0435afae275df64ddf0d5f",
                "Characteristic_Value": ""
              },
              {
                "Commodity_Characteristic_Key": "bfdc0e49aae8ba53e385a829a7c79885e6f703ce10c45997957ca538d36506f8",
                "Characteristic_Type_Key": "43259bb2b67e2062899208519eade0d638919a1dc0473758fc0923ec3799738a",
                "Characteristic_Value": ""
              },
              {
                "Commodity_Characteristic_Key": "19f98bace1ac020c2c05de8867d6c12a56f86f36116b31a18f246a84aed58c4d",
                "Characteristic_Type_Key": "3c8a5a97d01dbf90b8a5c0d5d1e147d114853286a8116d3dfc194fff36eebe83",
                "Characteristic_Value": "FS"
              },
              {
                "Commodity_Characteristic_Key": "571ddcd61590f38a94ee2074f030a03cabc27a195b6173fda77cde1ecc5aa2bb",
                "Characteristic_Type_Key": "20ff0efaa984a2df4d81de2b82addf394e40db081234b6b9cb4e6f4257eba3e3",
                "Characteristic_Value": "2892"
              },
              {
                "Commodity_Characteristic_Key": "31abe6f75da4a2d12ac6af2a7429d42496712fd9f5bdf31f03a45ee059d797fc",
                "Characteristic_Type_Key": "56f7c2e0635b3efd8ffe642427765aa9891ed6dd5bf86054bbe65fbcb83eba94",
                "Characteristic_Value": "TRINITROTOLUOL, WET, WITH NOT MORE THAN 10 PERCENT WATER"
              },
              {
                "Commodity_Characteristic_Key": "2a9f7dc3dca59d9b58c6e37a8a0ade8389196488415767a80a76066f6ad671cb",
                "Characteristic_Type_Key": "3bfb906de7a0be5a96483f9300413a279c3d26c90467c4b8a247dda82dc7b545",
                "Characteristic_Value": "158"
              },
              {
                "Commodity_Characteristic_Key": "5d51a7c93920baa5ede4ad49234b1b3da62ef156fb69d0b564a5528996ce7437",
                "Characteristic_Type_Key": "29ed1ddb34b027ef5cdfef6f4547158b731fd2a324825180bfc4f1b89e9aa0d4",
                "Characteristic_Value": "2892158"
              },
              {
                "Commodity_Characteristic_Key": "a5ba58ffb89063166b0923b639ebfff4356a830018a6bb8690505119f28a9f9d",
                "Characteristic_Type_Key": "6b0b80806f5e6f3e73697363c5d9783de900245bfc245e5f278558e3acbda07f",
                "Characteristic_Value": "I"
              },
              {
                "Commodity_Characteristic_Key": "8e194b787aa67a568010ab15eb918c2285d1c56138e2436393a3921b1d7332e2",
                "Characteristic_Type_Key": "e3b366c7657831b6163ec282c28b4d8c270e610db23961b99bf11e69362d778f",
                "Characteristic_Value": ""
              },
              {
                "Commodity_Characteristic_Key": "074514046a2dc0f538025f678e209e63966f758b8b01e01911aa741d518fe325",
                "Characteristic_Type_Key": "5aba8efc851fecea319c48d802773738f5236e0d54e7e525232e354c98d6f44c",
                "Characteristic_Value": ""
              },
              {
                "Commodity_Characteristic_Key": "b2de300b52f2f8320639ea585f0d377d372b5a97be60aeaca419cae5a9974cf4",
                "Characteristic_Type_Key": "e2404af0c887731dd614683a99fc02039053e6210642102fdf201940e96100bc",
                "Characteristic_Value": ""
              },
              {
                "Commodity_Characteristic_Key": "bdf780797d5d0817e4cdfd2d0fc739c47805336ad448b8752536e1a2f028fd6a",
                "Characteristic_Type_Key": "53bbd1d226027fdfe6522a2dcc7944daf4f62fc3b3ba2a1410c7317aef9fbed1",
                "Characteristic_Value": ""
              },
              {
                "Commodity_Characteristic_Key": "98e3dc6c941a4671138e9793c64ac98d544aa78ad49967a34f33bc60b746d70b",
                "Characteristic_Type_Key": "ac99424d58cc33587cc437f75c6410def00f5b4f198ddf992c204a601a926fce",
                "Characteristic_Value": ""
              }
            ],
            "Domain_Event_Key": "db0e381b576952453305732916782abd3ce5e308c133b716ed43264e4e4a2b35",
            "Correlation_Id": "c685e874-1384-470d-bb36-99ea2f233e5e",
            "Client_Identification": "AAR",
            "System_Key": "416af674636f93b4303ecc8613ed21fe660b4cf9fcd941462878f2fcd74ce7c8",
            "Proc_Ts": "2021-02-19T19:00:05.717Z",
            "Proc_Ts_Tz_Dst_Cd": "100",
            "Event_Ts": "2021-02-19T19:00:05.717Z",
            "Event_Ts_Tz_Dst_Cd": "100"
          }
        },
        {
          "DomainEventHeader": {
            "SOR_INGT_CRT_TS": "2021-02-19T19:00:05.717Z",
            "SOR_TPIC_NM": "tc_id_64.ihl_dev_rm.reg.transportation.hazardous-commodity.raw.v1",
            "DE_META": ""
          },
          "CommodityDescribed": {
            "Domain_Event_Type_Key": "e3b61a2ebf5b23ed3fd8ff58d88a71874f646ec36a6e49d48b10b0c9e3100d05",
            "Commodity_Key": "6da8a5d06f6324f60096b4a71b6e0bd1b019be9a3191e99212acebda2aefaa9d",
            "CommodityCharacteristics": [
              {
                "Commodity_Characteristic_Key": "c2b3607ed299fa2f9bf020e839573888b947d3942b04caaff76b802c3659b8bb",
                "Characteristic_Type_Key": "41a26440a64403e7772d562e2961d5d1a7c245f622e1037e8b6574c192fc2f26",
                "Characteristic_Value": ""
              },
              {
                "Commodity_Characteristic_Key": "a7eba71a031144c549fd2f19718d1464c1102f754277fddc7e105ab47ce0acc3",
                "Characteristic_Type_Key": "af0779aa95b069d7ff1ee563aa43291bf36130f02bad537b3e3efdbca238d7af",
                "Characteristic_Value": ""
              },
              {
                "Commodity_Characteristic_Key": "d62bb863a014cecd89c13ed28e31e77aa81fc238a3cbb87d0b7c78391a3922df",
                "Characteristic_Type_Key": "4f8e6042e6a9d063fad2b488a4fdc2a54c2b4a9b7a1f5cc4d5cb507e95eff5cf",
                "Characteristic_Value": "TNT, WETTED"
              },
              {
                "Commodity_Characteristic_Key": "be5090e68d6c5c6e8cbac70760cbfd9743c54f950f8dfaf2ad4a2581678d0d71",
                "Characteristic_Type_Key": "4548f73cc45d01c5941eadaf20c55879c0e6f3b20533fdfaa12622009354f379",
                "Characteristic_Value": ""
              },
              {
                "Commodity_Characteristic_Key": "90a2bf59722114f6c4bda2f922bbcf430b9a19e45bd6c8fadb470a57e8e89e00",
                "Characteristic_Type_Key": "16e32dc7452cd23b234b0c383f98601e20d46d4030af098e6631042462de4d18",
                "Characteristic_Value": ""
              },
              {
                "Commodity_Characteristic_Key": "a844a784deb718a3a3f2f10dc3981bfa199023925523eefaa21644bc65ebc2d2",
                "Characteristic_Type_Key": "6ca5922279b34b96b02a0db131b61f2c8108383357131699136589b4b96c4def",
                "Characteristic_Value": ""
              },
              {
                "Commodity_Characteristic_Key": "ddfb2b55ff5a1fbd02829b5da371f38b856e22ef1def1757a1b3cb5beee4e41d",
                "Characteristic_Type_Key": "b82df898d2977c009018889d10761c7c6f173e173c3d6388eb972399f799bac2",
                "Characteristic_Value": ""
              },
              {
                "Commodity_Characteristic_Key": "a82c9c7e3885e067458430c7f5cd35139d459cf2384b22c79a0bca81f4574435",
                "Characteristic_Type_Key": "489fcde99dc9a40c4a1533963ce1e3cdb31d30076f1c13610ba608319e370004",
                "Characteristic_Value": ""
              },
              {
                "Commodity_Characteristic_Key": "dd3555631b9a864d1b71000ebddd0c0bdc1377d0787d3ace64c7f13391aa078c",
                "Characteristic_Type_Key": "dfd24b871f1da284a0f1030227bf89da356ed003fa9058f426af856a2cf06d9a",
                "Characteristic_Value": ""
              },
              {
                "Commodity_Characteristic_Key": "0001b8e8eca890d7362e3551d623c555da9d1795f0ba5cbfd3615d2c0a3eb62b",
                "Characteristic_Type_Key": "7ae5b0c51ee6f2e97facc565b944d96bc367feb783ae665a357a11f6126a687c",
                "Characteristic_Value": ""
              },
              {
                "Commodity_Characteristic_Key": "2bd52337bd939590cdd8a2dc232112485a2d1c3dd861e8969b9a9668d304d3be",
                "Characteristic_Type_Key": "6d8df5decf5ca506de236cc638f38083cdbb1ef98fa66f4b585cede5fa082e42",
                "Characteristic_Value": ""
              },
              {
                "Commodity_Characteristic_Key": "4dd38c21628cce4fba6540e00fc6ca9145c1e98b7b19acba4116ad732c28e8cc",
                "Characteristic_Type_Key": "336496c8fe2200c19ad05101cd29cef161ff34a200034c223d525226cb341498",
                "Characteristic_Value": ""
              },
              {
                "Commodity_Characteristic_Key": "882717564b6590e3553fa025896b67ddb2885a22159207ed15f1b3fbc87b2b41",
                "Characteristic_Type_Key": "0223980e3f84a1f8d922cd180e9ba17e438aa518ef6a395615eee4c7120b70bb",
                "Characteristic_Value": ""
              },
              {
                "Commodity_Characteristic_Key": "d1e350c35b5bc9243035354d6cbb63921e05c2a4a803754eec944f0577618037",
                "Characteristic_Type_Key": "afe2589f414c5f1a6654adc84b19737dd3398cde9c81351a87642a81831f6651",
                "Characteristic_Value": ""
              },
              {
                "Commodity_Characteristic_Key": "b17be427b1f94a931ed65f4d2bd70d553169f8068e0566e0327653a575c81a2c",
                "Characteristic_Type_Key": "f0cff06d6a68e9bc73776a938eadb6019e1678ff648d81aa6f9a4fba1e382b27",
                "Characteristic_Value": ""
              },
              {
                "Commodity_Characteristic_Key": "eb743e4908ce685b402ccbc37d8c015959bcfbb27d88fbbd9c5de994ffac6a74",
                "Characteristic_Type_Key": "2728511cb33e3d7605f46de2b949db1bb8f0fbfc038c2ed0a1ef54320bf000bb",
                "Characteristic_Value": ""
              },
              {
                "Commodity_Characteristic_Key": "94ef5092f108a0fbce3e8d16dc51509f7ea7af54f9fc3dece58e0d01664ec068",
                "Characteristic_Type_Key": "f24f88f4bffd100dbca99c5cade7242dd54dbca6165957d50a1a8f02605b6079",
                "Characteristic_Value": ""
              },
              {
                "Commodity_Characteristic_Key": "c2bc314ed5c5d8cd0048b76286b51675b8ea6a722da175846086fe2cc08e0925",
                "Characteristic_Type_Key": "6b811e77f0ac804a9ccbbc3c8502982f41499f5badb698fbf7e1f02e7329f41f",
                "Characteristic_Value": ""
              },
              {
                "Commodity_Characteristic_Key": "5caab50a327dc4a837e63581aca9489f45b223ca7c9dc063ab01f736edaa69a2",
                "Characteristic_Type_Key": "f2e9c2485902c07c60ff93c2269fb466703fba4d1f5cd92b74c831607b6adfd9",
                "Characteristic_Value": ""
              },
              {
                "Commodity_Characteristic_Key": "ce1c2cb4d823f43c9c942afaefba064ace9be1075c28faaaa8bb2d333af8ec0d",
                "Characteristic_Type_Key": "c2340a3427b787565de746397e44b8b5e6103c6c20f69824654d4bc5047cd677",
                "Characteristic_Value": ""
              },
              {
                "Commodity_Characteristic_Key": "a23a73d0a1b47e2fae574d3cb883175056b176cfbbfb38640f6e78656af78701",
                "Characteristic_Type_Key": "ac0deab9c82fe8ad6e06499a6ba932212fb7e4894d8a6fcacdf8292e144360c0",
                "Characteristic_Value": "4.1"
              },
              {
                "Commodity_Characteristic_Key": "1e3ba11b8e98f12bdaefd20099ecb12b46a8a997235225794013cb84efe66634",
                "Characteristic_Type_Key": "3c548c951c2675815336af4505aeed848e535dfc414011a2016a00464ffce388",
                "Characteristic_Value": ""
              },
              {
                "Commodity_Characteristic_Key": "231f7c2e937725a3e01bd7acefd83254fcdefa2001cada509bf67f74229d3a61",
                "Characteristic_Type_Key": "c9f6685d09deae2e51e858fd4411e4c98531139d124458f9a44b6d84a4a42fcc",
                "Characteristic_Value": ""
              },
              {
                "Commodity_Characteristic_Key": "713a97340fa9a8b44a0d9f69e3323aa6f610f3d2c026754974bd42de48afa39e",
                "Characteristic_Type_Key": "ecbcab357c4999cfc28aee39a2694f53756c16e42087a366081738354c78121b",
                "Characteristic_Value": ""
              },
              {
                "Commodity_Characteristic_Key": "3fcd33afc9e6c935f9daed7796bcdd2884a2f8d06061e6693a02508989f4bc7c",
                "Characteristic_Type_Key": "a8e32d9b487ed15b15f30fde7b68fc6437a6db7211bd6072742ed1f848e36be7",
                "Characteristic_Value": "UN1356"
              },
              {
                "Commodity_Characteristic_Key": "27bd673797444ca0fc2b507ccb9c78be5c6eb48848316b2dfec351dfcfc60c0d",
                "Characteristic_Type_Key": "92b92817f7c7180b9252431aeeab7a19c2a36f3daf1fa81dd84d7a23f32a4517",
                "Characteristic_Value": ""
              },
              {
                "Commodity_Characteristic_Key": "5b1a7900b3357a2f417947add2451ec812b79c12251b24d808de231b9e0a1502",
                "Characteristic_Type_Key": "ebdf4b37972ce4c3f9701f2a46eaaf9131181619100fd9ffb9826d8914f28c43",
                "Characteristic_Value": "A"
              },
              {
                "Commodity_Characteristic_Key": "23d3525b3ebfda5fabccefeab93abe692956664dd18a3692d3d2008c274200bf",
                "Characteristic_Type_Key": "86ea855f0cec992a2d4d88573acca739e631d16c650464f29b3d4fd26ed18cb5",
                "Characteristic_Value": "1"
              },
              {
                "Commodity_Characteristic_Key": "d03e0c7f12cbdffff3d8ea34c5157ad71fad49f2e6b669ab72adc747eed7659b",
                "Characteristic_Type_Key": "6f6ff575656c9833d91df52e419d4c941e0836297d293790ffaa785015b8699d",
                "Characteristic_Value": "DA"
              },
              {
                "Commodity_Characteristic_Key": "6aa07f885489818dd797e715fdc6fce6597a14956c3ad20ac59ad4076ab4cb27",
                "Characteristic_Type_Key": "ae3ecd2b40c567aebbca541b12a786b5573996e38c0435afae275df64ddf0d5f",
                "Characteristic_Value": ""
              },
              {
                "Commodity_Characteristic_Key": "bfdc0e49aae8ba53e385a829a7c79885e6f703ce10c45997957ca538d36506f8",
                "Characteristic_Type_Key": "43259bb2b67e2062899208519eade0d638919a1dc0473758fc0923ec3799738a",
                "Characteristic_Value": ""
              },
              {
                "Commodity_Characteristic_Key": "19f98bace1ac020c2c05de8867d6c12a56f86f36116b31a18f246a84aed58c4d",
                "Characteristic_Type_Key": "3c8a5a97d01dbf90b8a5c0d5d1e147d114853286a8116d3dfc194fff36eebe83",
                "Characteristic_Value": "FS"
              },
              {
                "Commodity_Characteristic_Key": "571ddcd61590f38a94ee2074f030a03cabc27a195b6173fda77cde1ecc5aa2bb",
                "Characteristic_Type_Key": "20ff0efaa984a2df4d81de2b82addf394e40db081234b6b9cb4e6f4257eba3e3",
                "Characteristic_Value": "2892"
              },
              {
                "Commodity_Characteristic_Key": "31abe6f75da4a2d12ac6af2a7429d42496712fd9f5bdf31f03a45ee059d797fc",
                "Characteristic_Type_Key": "56f7c2e0635b3efd8ffe642427765aa9891ed6dd5bf86054bbe65fbcb83eba94",
                "Characteristic_Value": "TRINITROTOLUOL, WET, WITH NOT MORE THAN 10 PERCENT WATER"
              },
              {
                "Commodity_Characteristic_Key": "2a9f7dc3dca59d9b58c6e37a8a0ade8389196488415767a80a76066f6ad671cb",
                "Characteristic_Type_Key": "3bfb906de7a0be5a96483f9300413a279c3d26c90467c4b8a247dda82dc7b545",
                "Characteristic_Value": "158"
              },
              {
                "Commodity_Characteristic_Key": "5d51a7c93920baa5ede4ad49234b1b3da62ef156fb69d0b564a5528996ce7437",
                "Characteristic_Type_Key": "29ed1ddb34b027ef5cdfef6f4547158b731fd2a324825180bfc4f1b89e9aa0d4",
                "Characteristic_Value": "2892158"
              },
              {
                "Commodity_Characteristic_Key": "a5ba58ffb89063166b0923b639ebfff4356a830018a6bb8690505119f28a9f9d",
                "Characteristic_Type_Key": "6b0b80806f5e6f3e73697363c5d9783de900245bfc245e5f278558e3acbda07f",
                "Characteristic_Value": "N"
              },
              {
                "Commodity_Characteristic_Key": "8e194b787aa67a568010ab15eb918c2285d1c56138e2436393a3921b1d7332e2",
                "Characteristic_Type_Key": "e3b366c7657831b6163ec282c28b4d8c270e610db23961b99bf11e69362d778f",
                "Characteristic_Value": ""
              },
              {
                "Commodity_Characteristic_Key": "074514046a2dc0f538025f678e209e63966f758b8b01e01911aa741d518fe325",
                "Characteristic_Type_Key": "5aba8efc851fecea319c48d802773738f5236e0d54e7e525232e354c98d6f44c",
                "Characteristic_Value": ""
              },
              {
                "Commodity_Characteristic_Key": "b2de300b52f2f8320639ea585f0d377d372b5a97be60aeaca419cae5a9974cf4",
                "Characteristic_Type_Key": "e2404af0c887731dd614683a99fc02039053e6210642102fdf201940e96100bc",
                "Characteristic_Value": ""
              },
              {
                "Commodity_Characteristic_Key": "bdf780797d5d0817e4cdfd2d0fc739c47805336ad448b8752536e1a2f028fd6a",
                "Characteristic_Type_Key": "53bbd1d226027fdfe6522a2dcc7944daf4f62fc3b3ba2a1410c7317aef9fbed1",
                "Characteristic_Value": ""
              },
              {
                "Commodity_Characteristic_Key": "98e3dc6c941a4671138e9793c64ac98d544aa78ad49967a34f33bc60b746d70b",
                "Characteristic_Type_Key": "ac99424d58cc33587cc437f75c6410def00f5b4f198ddf992c204a601a926fce",
                "Characteristic_Value": ""
              }
            ],
            "Domain_Event_Key": "4a96dcae558ac4b6789b457535a7afd5486a36f91dd1b441574a225527083b7d",
            "Correlation_Id": "be2a0f15-8c12-47f2-a67d-29ee29a54d6a",
            "Client_Identification": "Commodity Industry Reference File (IRF)",
            "System_Key": "416af674636f93b4303ecc8613ed21fe660b4cf9fcd941462878f2fcd74ce7c8",
            "Proc_Ts": "2021-02-19T19:00:05.717Z",
            "Proc_Ts_Tz_Dst_Cd": "100",
            "Event_Ts": "2021-02-19T19:00:05.717Z",
            "Event_Ts_Tz_Dst_Cd": "100"
          }
        }
      ]
    },
    {
      "name": "tc_id_64.ihl_dev_rm.reg.tm.prepared.rteErr.v1",
      "data": [
        {
          "IngestionHeader": {
            "ING_CRT_TS": null,
            "PRODUCT_ID": "A503",
            "UUID": null,
            "FORMAT": "JSON"
          },
          "HazardousCommodity": {
            "UPD_ID": "AAR     ",
            "CAN_SUBS_CLS1": "   ",
            "KEY_TRN_FLG": "A",
            "CAN_SUBS_CLS2": "   ",
            "CAN_SUBS_CLS3": "   ",
            "CAN_SPL_CMDTY": " ",
            "DOT_HAZ_CLS": "  ",
            "UPD_DT": "2015-10-28",
            "PROD_CLS_DESC": "TRINITROTOLUOL, WET, WITH NOT MORE THAN 10 PERCENT WATER",
            "EPA_WST_NBR2": "    ",
            "EPA_WST_NBR3": "    ",
            "PLTNT_CD": " ",
            "EPA_WST_CHAR": " ",
            "SEC_PLAC": "  ",
            "CRT_ID": "        ",
            "CAN_SUBS_RISK": " ",
            "CAN_ORIG": " ",
            "PKG_GRP": "1",
            "US_ORIG": " ",
            "CAN_EMRG_RSP": "E",
            "CRT_DT": "0001-01-01",
            "STCC_NUMBER": null,
            "DNGR_WW": " ",
            "REG_AUTH": "C",
            "EPA_WST_NBR": "    ",
            "ALT_HCLSF_CD": " ",
            "TECH_NME_ABBR": "      ",
            "HAZ_RPT_QTY": " ",
            "HAZ_UNNA": "UN1356",
            "CRT_TM": "00:00:00",
            "RSSM_CD": "  ",
            "TECH_NME": "",
            "INH_TOX_HAZ_ZN": " ",
            "PRI_PLAC": "CS",
            "PROD_CLS_NBR": "158",
            "PROD_CLS_STCC": "2892158",
            "DOT_HAZ_SEC": "  ",
            "HAZ_SUB_CNST": "",
            "POI_CD": " ",
            "ADI_DESC": "",
            "EPA_WST_CHAR3": " ",
            "EPA_WST_CHAR2": " ",
            "PLAC_CD": "  ",
            "PROD_CLS": "2892",
            "DOT_HAZ_SEC2": "  ",
            "HAZ_MPC_DESC": "",
            "DOT_HAZ_SEC3": "  ",
            "UPD_TM": "09:37:22",
            "HAZ_CLSF_CD": "4.1 "
          },
          "LogHeader": {
            "ERROR_TO_DE": "record.IngestionHeader.ING_CRT_TS is NULL and record.IngestionHeader.UUID is NULL and STCC_NUMBER is NULL",
            "RAW_KAFKA_QUEUE_NAME": "tc_id_64.ihl_dev_rm.reg.transportation.hazardous-commodity.raw.v1",
            "SPARK_JOB_NAME": "HazardousCommodityDomainFeed"
          }
        }
      ]
    }
  ]
}