{
  "Kafka_Output": [
    {
      "name": "tc_id_18.ihl_dev_rm.reg.tm.prepared.planEvtRpt.v1",
      "data": [
        {
          "DomainEventHeader": {
            "SOR_INGT_CRT_TS": "2021-01-22T17:10:00.950Z",
            "SOR_TPIC_NM": "tc_id_18.ihl_dev_rm.reg.tm.raw.srs.IndsInsn.v1",
            "DE_META": ""
          },
          "PlannedEventReported": {
            "Primary_Object_Key": "3d6fa98196433335753125ee84f45d4d1983337c7365a057f0b6097212c1e6ad",
            "Domain_Event_Type_Key": "e3b61a2ebf5b23ed3fd8ff58d88a71874f646ec36a6e49d48b10b0c9e3100d05",
            "Planned_Event_Key": "1f57a8b37d5a492028d5c685daa4bd4db457c4235642557bceecb066994ba188",
            "Planned_Event_Type_Key": "893dc0d5c11315c9d7e6fcd0fef1fa90c1652c52ff3013338d363196f5ec5d91",
            "Planned_Event_Value": "Industrial Instruction",
            "Domain_Event_Key": "4e08ddb3e7e39132cce3df0c77e08ae94d20b9530859aa60e2c8df9d100570f8",
            "Correlation_Id": "e74d4cc4-2b90-45c1-8bc8-44c18ab89cb5",
            "Client_Identification": "SRS-YIT",
            "System_Key": "caf48af09f8e479707513247ae96fd6c8f0fd7649b682952115359e1a4ebab2d",
            "Proc_Ts": "2021-01-22T17:10:00.950Z",
            "Proc_Ts_Tz_Dst_Cd": "100",
            "Event_Ts": "2021-01-22T17:10:00.950Z",
            "Event_Ts_Tz_Dst_Cd": "100"
          }
        }
      ]
    },
    {
      "name": "tc_id_18.ihl_dev_rm.reg.tm.prepared.planEvtDsc.v1",
      "data": [
        {
          "DomainEventHeader": {
            "SOR_INGT_CRT_TS": "2021-01-22T17:10:00.950Z",
            "SOR_TPIC_NM": "tc_id_18.ihl_dev_rm.reg.tm.raw.srs.IndsInsn.v1",
            "DE_META": ""
          },
          "PlannedEventDescribed": {
            "Primary_Object_Key": "3d6fa98196433335753125ee84f45d4d1983337c7365a057f0b6097212c1e6ad",
            "Domain_Event_Type_Key": "c7881817d6d6fabbc8c8be4c1a5310d4b02d506473e08a55032dedde16c0b3fa",
            "Planned_Event_Key": "",
            "PlannedEventCharacteristics": [
              {}
            ],
            "Domain_Event_Key": "afc9c7a87fcf1e9b9f4fc47dbcfdfabb7df70bc82f9308b621881c6d69b403a9",
            "Correlation_Id": "e74d4cc4-2b90-45c1-8bc8-44c18ab89cb5",
            "Client_Identification": "SRS-YIT",
            "System_Key": "caf48af09f8e479707513247ae96fd6c8f0fd7649b682952115359e1a4ebab2d",
            "Proc_Ts": "2021-01-22T17:10:00.950Z",
            "Proc_Ts_Tz_Dst_Cd": "100",
            "Event_Ts": "2021-01-22T17:10:00.950Z",
            "Event_Ts_Tz_Dst_Cd": "100"
          }
        },
        {
          "DomainEventHeader": {
            "SOR_INGT_CRT_TS": "2021-01-22T17:10:00.950Z",
            "SOR_TPIC_NM": "tc_id_18.ihl_dev_rm.reg.tm.raw.srs.IndsInsn.v1",
            "DE_META": ""
          },
          "PlannedEventDescribed": {
            "Primary_Object_Key": "3d6fa98196433335753125ee84f45d4d1983337c7365a057f0b6097212c1e6ad",
            "Domain_Event_Type_Key": "e3b61a2ebf5b23ed3fd8ff58d88a71874f646ec36a6e49d48b10b0c9e3100d05",
            "Planned_Event_Key": "1f57a8b37d5a492028d5c685daa4bd4db457c4235642557bceecb066994ba188",
            "PlannedEventCharacteristics": [
              {
                "Planned_Event_Characteristic_Key": "f59acd655cd206d2f9e0c129da9bdadbfbcf2f3f83ec335917c5553c394f6480",
                "Characteristic_Type_Key": "94266c7f69395702e702f923aa2d7cb583118d289fa4f4122833035ddcaac27c",
                "Characteristic_Value": "test"
              }
            ],
            "Domain_Event_Key": "4e08ddb3e7e39132cce3df0c77e08ae94d20b9530859aa60e2c8df9d100570f8",
            "Correlation_Id": "e74d4cc4-2b90-45c1-8bc8-44c18ab89cb5",
            "Client_Identification": "SRS-YIT",
            "System_Key": "caf48af09f8e479707513247ae96fd6c8f0fd7649b682952115359e1a4ebab2d",
            "Proc_Ts": "2021-01-22T17:10:00.950Z",
            "Proc_Ts_Tz_Dst_Cd": "100",
            "Event_Ts": "2021-01-22T17:10:00.950Z",
            "Event_Ts_Tz_Dst_Cd": "100"
          }
        }
      ]
    },
    {
      "name": "tc_id_18.ihl_dev_rm.reg.tm.prepared.cnvyAsct.v1",
      "data": [
        {
          "DomainEventHeader": {
            "SOR_INGT_CRT_TS": "2021-01-22T17:10:00.950Z",
            "SOR_TPIC_NM": "tc_id_18.ihl_dev_rm.reg.tm.raw.srs.IndsInsn.v1",
            "DE_META": ""
          },
          "ConveyorAssociated": {
            "Primary_Object_Key": "3d6fa98196433335753125ee84f45d4d1983337c7365a057f0b6097212c1e6ad",
            "Domain_Event_Type_Key": "8eb3e769649d98d5e896398ded3b7bdb63bdaf6d53f440f4b9a8da51e8f74f40",
            "Association_Key": "a01685346e3b8e08697a98a8fce54d65dc65f3ffcf033a18299fa3f3933a4bbc",
            "Association_Type_Key": "8c0358f49994d9758d327daac28ae25ee98dbfdc5b72c9c8a9a8551fbab2cc64",
            "Conveyor_Key": "3d6fa98196433335753125ee84f45d4d1983337c7365a057f0b6097212c1e6ad",
            "Conveyor_Type_Key": "394db0bfdc21ee000a3a1d6fa3b05e99a8d76301862a9c9c866c9305136246d9",
            "Associated_Object_Key": "1f57a8b37d5a492028d5c685daa4bd4db457c4235642557bceecb066994ba188",
            "Associated_Object_Type_Key": "893dc0d5c11315c9d7e6fcd0fef1fa90c1652c52ff3013338d363196f5ec5d91",
            "Domain_Event_Key": "a8621b037c6f1ff28bf02149bdb206509158c009d60737cd43bb0bb89d2aec86",
            "Correlation_Id": "e74d4cc4-2b90-45c1-8bc8-44c18ab89cb5",
            "Client_Identification": "SRS-YIT",
            "System_Key": "caf48af09f8e479707513247ae96fd6c8f0fd7649b682952115359e1a4ebab2d",
            "Proc_Ts": "2021-01-22T17:10:00.950Z",
            "Proc_Ts_Tz_Dst_Cd": "100",
            "Event_Ts": "2021-01-22T17:10:00.950Z",
            "Event_Ts_Tz_Dst_Cd": "100"
          }
        }
      ]
    },
    {
      "name": "tc_id_18.ihl_dev_rm.reg.tm.prepared.planEvtRmv.v1",
      "data": [
        {
          "DomainEventHeader": {
            "SOR_INGT_CRT_TS": "2021-01-22T17:10:00.950Z",
            "SOR_TPIC_NM": "tc_id_18.ihl_dev_rm.reg.tm.raw.srs.IndsInsn.v1",
            "DE_META": ""
          },
          "PlannedEventRemoved": {
            "Primary_Object_Key": "3d6fa98196433335753125ee84f45d4d1983337c7365a057f0b6097212c1e6ad",
            "Domain_Event_Type_Key": "a16c5ba057628866b318f709f5496a7b5e7cc21c1c098ca136e257faab49e0d8",
            "Planned_Event_Key": "1f57a8b37d5a492028d5c685daa4bd4db457c4235642557bceecb066994ba188",
            "Planned_Event_Type_Key": "893dc0d5c11315c9d7e6fcd0fef1fa90c1652c52ff3013338d363196f5ec5d91",
            "Planned_Event_Value": "Industrial Instruction",
            "Domain_Event_Key": "ec18864c7a638d54058e8501956312ff7820f452d4cb14170788919189e3a57e",
            "Correlation_Id": "e74d4cc4-2b90-45c1-8bc8-44c18ab89cb5",
            "Client_Identification": "SRS-YIT",
            "System_Key": "caf48af09f8e479707513247ae96fd6c8f0fd7649b682952115359e1a4ebab2d",
            "Proc_Ts": "2021-01-22T17:10:00.950Z",
            "Proc_Ts_Tz_Dst_Cd": "100",
            "Event_Ts": "2021-01-22T17:10:00.950Z",
            "Event_Ts_Tz_Dst_Cd": "100"
          }
        }
      ]
    },
    {
      "name": "tc_id_18.ihl_dev_rm.reg.tm.prepared.cnvyDasc.v1",
      "data": [
        {
          "DomainEventHeader": {
            "SOR_INGT_CRT_TS": "2021-01-22T17:10:00.950Z",
            "SOR_TPIC_NM": "tc_id_18.ihl_dev_rm.reg.tm.raw.srs.IndsInsn.v1",
            "DE_META": ""
          },
          "ConveyorDisassociated": {
            "Primary_Object_Key": "3d6fa98196433335753125ee84f45d4d1983337c7365a057f0b6097212c1e6ad",
            "Domain_Event_Type_Key": "6507636563e2e4ffa97ea69a5b9fd2f2a80b36f429264e6db469c2da8c539f2c",
            "Association_Key": "a01685346e3b8e08697a98a8fce54d65dc65f3ffcf033a18299fa3f3933a4bbc",
            "Association_Type_Key": "8c0358f49994d9758d327daac28ae25ee98dbfdc5b72c9c8a9a8551fbab2cc64",
            "Conveyor_Key": "3d6fa98196433335753125ee84f45d4d1983337c7365a057f0b6097212c1e6ad",
            "Conveyor_Type_Key": "394db0bfdc21ee000a3a1d6fa3b05e99a8d76301862a9c9c866c9305136246d9",
            "Associated_Object_Key": "1f57a8b37d5a492028d5c685daa4bd4db457c4235642557bceecb066994ba188",
            "Associated_Object_Type_Key": "893dc0d5c11315c9d7e6fcd0fef1fa90c1652c52ff3013338d363196f5ec5d91",
            "Domain_Event_Key": "8bceb3423891ed680dd35cc56e350f6af7b22036052c55e048e56b485c4962ea",
            "Correlation_Id": "e74d4cc4-2b90-45c1-8bc8-44c18ab89cb5",
            "Client_Identification": "SRS-YIT",
            "System_Key": "caf48af09f8e479707513247ae96fd6c8f0fd7649b682952115359e1a4ebab2d",
            "Proc_Ts": "2021-01-22T17:10:00.950Z",
            "Proc_Ts_Tz_Dst_Cd": "100",
            "Event_Ts": "2021-01-22T17:10:00.950Z",
            "Event_Ts_Tz_Dst_Cd": "100"
          }
        }
      ]
    },
    {
      "name": "tc_id_18.ihl_dev_rm.reg.tm.prepared.rteErr.v1",
      "data": [
        {
          "IngestionHeader": {
            "ING_CRT_TS": "2021-01-22T17:10:00.950Z",
            "PRODUCT_ID": "A107",
            "UUID": null,
            "FORMAT": "JSON"
          },
          "IndustrialInstruction": {
            "IBMSNAP_OPERATION": "U",
            "CAR_INIT": "BCNE",
            "INDY_INSN": "test                                                                  ",
            "CAR_NUMB": "    900596",
            "IBMSNAP_LOGMARKER": "2021-01-22 12:03:53.215289",
            "IBMSNAP_INTENTSEQ": "00d929075016a90ca600000000000001",
            "IBMSNAP_COMMITSEQ": "00d929075017939a1400000000000001"
          },
          "LogHeader": {
            "ERROR_TO_DE": "Correlation_Id is NULL",
            "RAW_KAFKA_QUEUE_NAME": "tc_id_18.ihl_dev_rm.reg.tm.raw.srs.IndsInsn.v1",
            "SPARK_JOB_NAME": "IndustrialReasonDomainFeed"
          }
        }
      ]
    }
  ]
}