{
  "Kafka_Output": [
    {
      "name": "tc_id_93.ihl_dev_rm.reg.transportation.conveyor-composite-created.prepared.v1",
      "data": [
        {
          "DomainEventHeader": {
            "SOR_INGT_CRT_TS": "2021-03-30T18:44:57.172Z",
            "SOR_TPIC_NM": "tc_id_93.ihl_dev_rm.reg.tm.raw.in-gate-request.v1",
            "DE_META": ""
          },
          "ConveyorCompositeCreated": {
            "Primary_Object_Key": "36c99a255923f88ed63b2c1776138fbe89f78cb6594a9fedc2e27dde3d1cf27c",
            "Domain_Event_Type_Key": "e3b61a2ebf5b23ed3fd8ff58d88a71874f646ec36a6e49d48b10b0c9e3100d05",
            "Conveyor_Composite_Key": "d279c7bb75a4c9fb29694a38ab80b894d79103a75b19797af36646908a853e09",
            "Conveyor_Composite_Type_Key": "80c1ae973f702ae8b7c7e500ceaa262621f59b704ea7d2f91c672d4b2f47c0e2",
            "Conveyor_Key": "7996ef35c48d2c5d55bfb010412a2654bc453c424d2740c8fb6d43a0edde8641",
            "Conveyor_Type_Key": "8d8e33739978092cfc719dd0996498c1b1fb334c3b75d98fe6c73e8fb767a91a",
            "Composite_Key": "fd466787f6967eaa053a88944d296d371d52081cd893ddf1c4509833bc63bf2e",
            "Composite_Type_Key": "265e54cc8d6ce6ccf581958430366042ad6990d62c60ce6fe7e7759a0382efb7",
            "Identification_Type_Key": "569d026cd253d847a4a438d0862ea1e0e90fec9c28b4050f647bed7f06000766",
            "Identification_Value": "2Damage Details",
            "Domain_Event_Key": "8ac4d080be50a4fb917c98d9a2e07b440d25f2168bea6a81fd3c9da9adf80933",
            "Correlation_Id": "2d0821e3-8418-4617-902f-f545a6f6328c",
            "Client_Identification": "AGS",
            "System_Key": "0a8bfe5cb1e934a7f132a8fc840f06d640eabb9cc3f6fad55b369f88ebf3854f",
            "Proc_Ts": "2021-03-30 16:26:43.000",
            "Proc_Ts_Tz_Dst_Cd": "100",
            "Event_Ts": "2021-03-30 16:25:58.000",
            "Event_Ts_Tz_Dst_Cd": "100"
          }
        },
        {
          "DomainEventHeader": {
            "SOR_INGT_CRT_TS": "2021-03-30T18:44:57.172Z",
            "SOR_TPIC_NM": "tc_id_93.ihl_dev_rm.reg.tm.raw.in-gate-request.v1",
            "DE_META": ""
          },
          "ConveyorCompositeCreated": {
            "Primary_Object_Key": "c9bb061521ad5870cb577f9ae2f649de677ff001c22c37c3816685646efc778f",
            "Domain_Event_Type_Key": "e3b61a2ebf5b23ed3fd8ff58d88a71874f646ec36a6e49d48b10b0c9e3100d05",
            "Conveyor_Composite_Key": "427a0e93c25cff56e7a97915e2520a594ca308c06f6ab12175e74f4102e1d032",
            "Conveyor_Composite_Type_Key": "80c1ae973f702ae8b7c7e500ceaa262621f59b704ea7d2f91c672d4b2f47c0e2",
            "Conveyor_Key": "39ab9d6c9d181bdf0b98de57848fa1a4fb3ac5c4750a023ba0011f179a6469c5",
            "Conveyor_Type_Key": "20ba3d6edbfbaab0653bd3314bf4ec3a1f6049daa8ab757fd2c8621944a3f4cf",
            "Composite_Key": "5b7c4c3404fb972f31b9748382d247d9ddd7c579a3efd666097daf3dc922b351",
            "Composite_Type_Key": "265e54cc8d6ce6ccf581958430366042ad6990d62c60ce6fe7e7759a0382efb7",
            "Identification_Type_Key": "569d026cd253d847a4a438d0862ea1e0e90fec9c28b4050f647bed7f06000766",
            "Identification_Value": "1Damage Details",
            "Domain_Event_Key": "f0ce9365c1988b297940e01126687821aa78d3d3475e8464b177143d9402d4d9",
            "Correlation_Id": "2d0821e3-8418-4617-902f-f545a6f6328c",
            "Client_Identification": "AGS",
            "System_Key": "0a8bfe5cb1e934a7f132a8fc840f06d640eabb9cc3f6fad55b369f88ebf3854f",
            "Proc_Ts": "2021-03-30 16:26:43.000",
            "Proc_Ts_Tz_Dst_Cd": "100",
            "Event_Ts": "2021-03-30 16:25:58.000",
            "Event_Ts_Tz_Dst_Cd": "100"
          }
        },
        {
          "DomainEventHeader": {
            "SOR_INGT_CRT_TS": "2021-03-30T18:44:57.172Z",
            "SOR_TPIC_NM": "tc_id_93.ihl_dev_rm.reg.tm.raw.in-gate-request.v1",
            "DE_META": ""
          },
          "ConveyorCompositeCreated": {
            "Primary_Object_Key": "c9bb061521ad5870cb577f9ae2f649de677ff001c22c37c3816685646efc778f",
            "Domain_Event_Type_Key": "e3b61a2ebf5b23ed3fd8ff58d88a71874f646ec36a6e49d48b10b0c9e3100d05",
            "Conveyor_Composite_Key": "ccc410164da73a71c852b31c93cb2b83cf2171583540809096fda3abebd80729",
            "Conveyor_Composite_Type_Key": "80c1ae973f702ae8b7c7e500ceaa262621f59b704ea7d2f91c672d4b2f47c0e2",
            "Conveyor_Key": "39ab9d6c9d181bdf0b98de57848fa1a4fb3ac5c4750a023ba0011f179a6469c5",
            "Conveyor_Type_Key": "20ba3d6edbfbaab0653bd3314bf4ec3a1f6049daa8ab757fd2c8621944a3f4cf",
            "Composite_Key": "fd466787f6967eaa053a88944d296d371d52081cd893ddf1c4509833bc63bf2e",
            "Composite_Type_Key": "265e54cc8d6ce6ccf581958430366042ad6990d62c60ce6fe7e7759a0382efb7",
            "Identification_Type_Key": "569d026cd253d847a4a438d0862ea1e0e90fec9c28b4050f647bed7f06000766",
            "Identification_Value": "2Damage Details",
            "Domain_Event_Key": "fe951467961465cf8560a389bd9eda587fe8de1d61c1b0096fb5bea90a449ecb",
            "Correlation_Id": "2d0821e3-8418-4617-902f-f545a6f6328c",
            "Client_Identification": "AGS",
            "System_Key": "0a8bfe5cb1e934a7f132a8fc840f06d640eabb9cc3f6fad55b369f88ebf3854f",
            "Proc_Ts": "2021-03-30 16:26:43.000",
            "Proc_Ts_Tz_Dst_Cd": "100",
            "Event_Ts": "2021-03-30 16:25:58.000",
            "Event_Ts_Tz_Dst_Cd": "100"
          }
        },
        {
          "DomainEventHeader": {
            "SOR_INGT_CRT_TS": "2021-03-30T18:44:57.172Z",
            "SOR_TPIC_NM": "tc_id_93.ihl_dev_rm.reg.tm.raw.in-gate-request.v1",
            "DE_META": ""
          },
          "ConveyorCompositeCreated": {
            "Primary_Object_Key": "36c99a255923f88ed63b2c1776138fbe89f78cb6594a9fedc2e27dde3d1cf27c",
            "Domain_Event_Type_Key": "e3b61a2ebf5b23ed3fd8ff58d88a71874f646ec36a6e49d48b10b0c9e3100d05",
            "Conveyor_Composite_Key": "c2e99982d77d046358d4b7fe6f57bcb7c1aaf9e66cc604da12f87bce6e1ca4f5",
            "Conveyor_Composite_Type_Key": "80c1ae973f702ae8b7c7e500ceaa262621f59b704ea7d2f91c672d4b2f47c0e2",
            "Conveyor_Key": "7996ef35c48d2c5d55bfb010412a2654bc453c424d2740c8fb6d43a0edde8641",
            "Conveyor_Type_Key": "8d8e33739978092cfc719dd0996498c1b1fb334c3b75d98fe6c73e8fb767a91a",
            "Composite_Key": "5b7c4c3404fb972f31b9748382d247d9ddd7c579a3efd666097daf3dc922b351",
            "Composite_Type_Key": "265e54cc8d6ce6ccf581958430366042ad6990d62c60ce6fe7e7759a0382efb7",
            "Identification_Type_Key": "569d026cd253d847a4a438d0862ea1e0e90fec9c28b4050f647bed7f06000766",
            "Identification_Value": "1Damage Details",
            "Domain_Event_Key": "af8a22e60917a705099f27f0b14fdc621f067f2f2a58ea8da6b7d0220f63a676",
            "Correlation_Id": "2d0821e3-8418-4617-902f-f545a6f6328c",
            "Client_Identification": "AGS",
            "System_Key": "0a8bfe5cb1e934a7f132a8fc840f06d640eabb9cc3f6fad55b369f88ebf3854f",
            "Proc_Ts": "2021-03-30 16:26:43.000",
            "Proc_Ts_Tz_Dst_Cd": "100",
            "Event_Ts": "2021-03-30 16:25:58.000",
            "Event_Ts_Tz_Dst_Cd": "100"
          }
        }
      ]
    },
    {
      "name": "tc_id_93.ihl_dev_rm.reg.transportation.conveyor-composite-described.prepared.v1",
      "data": [
        {
          "DomainEventHeader": {
            "SOR_INGT_CRT_TS": "2021-03-30T18:44:57.172Z",
            "SOR_TPIC_NM": "tc_id_93.ihl_dev_rm.reg.tm.raw.in-gate-request.v1",
            "DE_META": ""
          },
          "ConveyorCompositeDescribed": {
            "Primary_Object_Key": "c9bb061521ad5870cb577f9ae2f649de677ff001c22c37c3816685646efc778f",
            "Domain_Event_Type_Key": "e3b61a2ebf5b23ed3fd8ff58d88a71874f646ec36a6e49d48b10b0c9e3100d05",
            "Conveyor_Composite_Key": "ccc410164da73a71c852b31c93cb2b83cf2171583540809096fda3abebd80729",
            "ConveyorCompositeCharacteristics": [
              {
                "Conveyor_Composite_Characteristic_Key": "b1e2d54ea8efb92b4859f4fa0636c138ca4573fa8c56d8e9fce343c67681675a",
                "Characteristic_Type_Key": "0a82b75aa1fc1b2b3b2ede2212a0d359f147a4c7ba759111b20f125c22eb309b",
                "Characteristic_Value": "08"
              },
              {
                "Conveyor_Composite_Characteristic_Key": "7462fe4192312168064924252c928dff4ffd288b837c43a3e64cb8b662bb46bc",
                "Characteristic_Type_Key": "ca86704440cab5eed1c09af90bec58743953408c3f94d987d7e7cb4632022cf3",
                "Characteristic_Value": "C"
              },
              {
                "Conveyor_Composite_Characteristic_Key": "9bd7db62955d8de7dca7ad63f287540bd59483f3b88d33522fc6f40d2fe5ff85",
                "Characteristic_Type_Key": "27de7d80530699e0e997bce3eb41e2d26633b87015ca79695ab7a09a7916dfdc",
                "Characteristic_Value": "03"
              },
              {
                "Conveyor_Composite_Characteristic_Key": "976c945936fd0be75d073145e408a7b46baff49b1c4d1f2ff58c3d32380ab73d",
                "Characteristic_Type_Key": "2484b23f2a6887f31f694851ba6673b45224efc3097cc16884b103460cb55757",
                "Characteristic_Value": "9"
              },
              {
                "Conveyor_Composite_Characteristic_Key": "aff85d09b900973f20aa1530d5cdb6db8d57cbe52a3f827400f710e468f40748",
                "Characteristic_Type_Key": "62e2dd65ab1a7b40f3d1639f5966c79a063947099361258610f1260efd1dfdeb",
                "Characteristic_Value": "DVIR - Fastener"
              }
            ],
            "Domain_Event_Key": "fe951467961465cf8560a389bd9eda587fe8de1d61c1b0096fb5bea90a449ecb",
            "Correlation_Id": "2d0821e3-8418-4617-902f-f545a6f6328c",
            "Client_Identification": "AGS",
            "System_Key": "0a8bfe5cb1e934a7f132a8fc840f06d640eabb9cc3f6fad55b369f88ebf3854f",
            "Proc_Ts": "2021-03-30 16:26:43.000",
            "Proc_Ts_Tz_Dst_Cd": "100",
            "Event_Ts": "2021-03-30 16:25:58.000",
            "Event_Ts_Tz_Dst_Cd": "100"
          }
        },
        {
          "DomainEventHeader": {
            "SOR_INGT_CRT_TS": "2021-03-30T18:44:57.172Z",
            "SOR_TPIC_NM": "tc_id_93.ihl_dev_rm.reg.tm.raw.in-gate-request.v1",
            "DE_META": ""
          },
          "ConveyorCompositeDescribed": {
            "Primary_Object_Key": "36c99a255923f88ed63b2c1776138fbe89f78cb6594a9fedc2e27dde3d1cf27c",
            "Domain_Event_Type_Key": "e3b61a2ebf5b23ed3fd8ff58d88a71874f646ec36a6e49d48b10b0c9e3100d05",
            "Conveyor_Composite_Key": "c2e99982d77d046358d4b7fe6f57bcb7c1aaf9e66cc604da12f87bce6e1ca4f5",
            "ConveyorCompositeCharacteristics": [
              {
                "Conveyor_Composite_Characteristic_Key": "e456eed283d6e22e6fdd2a5441fc6e05937840e3a6001706db2fea92badbf9f1",
                "Characteristic_Type_Key": "0a82b75aa1fc1b2b3b2ede2212a0d359f147a4c7ba759111b20f125c22eb309b",
                "Characteristic_Value": "02"
              },
              {
                "Conveyor_Composite_Characteristic_Key": "7f3cc591ff4f4d16aa7d702125bdef22a2e47fe2dc8376f5286490b7186459c8",
                "Characteristic_Type_Key": "ca86704440cab5eed1c09af90bec58743953408c3f94d987d7e7cb4632022cf3",
                "Characteristic_Value": "C"
              },
              {
                "Conveyor_Composite_Characteristic_Key": "b1758c519cd50034ce133070f2b8d2e90246cb6c79a6e9f54da8b27698f33818",
                "Characteristic_Type_Key": "27de7d80530699e0e997bce3eb41e2d26633b87015ca79695ab7a09a7916dfdc",
                "Characteristic_Value": "03"
              },
              {
                "Conveyor_Composite_Characteristic_Key": "3402ec8926f8cd5838969f010a2b6ca98cd089e6945c1df52178470332ceafec",
                "Characteristic_Type_Key": "2484b23f2a6887f31f694851ba6673b45224efc3097cc16884b103460cb55757",
                "Characteristic_Value": "9"
              },
              {
                "Conveyor_Composite_Characteristic_Key": "a3ffba31b81f4beefcfa02c6e0cb13df64f3d79f927c425cd54f5e148d0ac29a",
                "Characteristic_Type_Key": "62e2dd65ab1a7b40f3d1639f5966c79a063947099361258610f1260efd1dfdeb",
                "Characteristic_Value": "DVIR - Lights"
              }
            ],
            "Domain_Event_Key": "af8a22e60917a705099f27f0b14fdc621f067f2f2a58ea8da6b7d0220f63a676",
            "Correlation_Id": "2d0821e3-8418-4617-902f-f545a6f6328c",
            "Client_Identification": "AGS",
            "System_Key": "0a8bfe5cb1e934a7f132a8fc840f06d640eabb9cc3f6fad55b369f88ebf3854f",
            "Proc_Ts": "2021-03-30 16:26:43.000",
            "Proc_Ts_Tz_Dst_Cd": "100",
            "Event_Ts": "2021-03-30 16:25:58.000",
            "Event_Ts_Tz_Dst_Cd": "100"
          }
        },
        {
          "DomainEventHeader": {
            "SOR_INGT_CRT_TS": "2021-03-30T18:44:57.172Z",
            "SOR_TPIC_NM": "tc_id_93.ihl_dev_rm.reg.tm.raw.in-gate-request.v1",
            "DE_META": ""
          },
          "ConveyorCompositeDescribed": {
            "Primary_Object_Key": "c9bb061521ad5870cb577f9ae2f649de677ff001c22c37c3816685646efc778f",
            "Domain_Event_Type_Key": "e3b61a2ebf5b23ed3fd8ff58d88a71874f646ec36a6e49d48b10b0c9e3100d05",
            "Conveyor_Composite_Key": "427a0e93c25cff56e7a97915e2520a594ca308c06f6ab12175e74f4102e1d032",
            "ConveyorCompositeCharacteristics": [
              {
                "Conveyor_Composite_Characteristic_Key": "0d4f100654297482c2310fba8b6bf744827fb99ac716b53cd17b4a01578aa5d7",
                "Characteristic_Type_Key": "0a82b75aa1fc1b2b3b2ede2212a0d359f147a4c7ba759111b20f125c22eb309b",
                "Characteristic_Value": "02"
              },
              {
                "Conveyor_Composite_Characteristic_Key": "8982cc09a15fa6b64a0aff2a1475cd6f2a9baacbad55496a49b166756a8c9520",
                "Characteristic_Type_Key": "ca86704440cab5eed1c09af90bec58743953408c3f94d987d7e7cb4632022cf3",
                "Characteristic_Value": "C"
              },
              {
                "Conveyor_Composite_Characteristic_Key": "201457fa8879ae2fa159676ce8176cd144b2a99980e89c7c0011ac16809c4f7a",
                "Characteristic_Type_Key": "27de7d80530699e0e997bce3eb41e2d26633b87015ca79695ab7a09a7916dfdc",
                "Characteristic_Value": "03"
              },
              {
                "Conveyor_Composite_Characteristic_Key": "75287c1defc94f6a5f7f72bb468507b7373f74cf26da95cafbdf3914026b05de",
                "Characteristic_Type_Key": "2484b23f2a6887f31f694851ba6673b45224efc3097cc16884b103460cb55757",
                "Characteristic_Value": "9"
              },
              {
                "Conveyor_Composite_Characteristic_Key": "f7285a8a1a3d1a3cf2e265a9ed35913008309e1ed1da9052bd2182227485a4d7",
                "Characteristic_Type_Key": "62e2dd65ab1a7b40f3d1639f5966c79a063947099361258610f1260efd1dfdeb",
                "Characteristic_Value": "DVIR - Lights"
              }
            ],
            "Domain_Event_Key": "f0ce9365c1988b297940e01126687821aa78d3d3475e8464b177143d9402d4d9",
            "Correlation_Id": "2d0821e3-8418-4617-902f-f545a6f6328c",
            "Client_Identification": "AGS",
            "System_Key": "0a8bfe5cb1e934a7f132a8fc840f06d640eabb9cc3f6fad55b369f88ebf3854f",
            "Proc_Ts": "2021-03-30 16:26:43.000",
            "Proc_Ts_Tz_Dst_Cd": "100",
            "Event_Ts": "2021-03-30 16:25:58.000",
            "Event_Ts_Tz_Dst_Cd": "100"
          }
        },
        {
          "DomainEventHeader": {
            "SOR_INGT_CRT_TS": "2021-03-30T18:44:57.172Z",
            "SOR_TPIC_NM": "tc_id_93.ihl_dev_rm.reg.tm.raw.in-gate-request.v1",
            "DE_META": ""
          },
          "ConveyorCompositeDescribed": {
            "Primary_Object_Key": "36c99a255923f88ed63b2c1776138fbe89f78cb6594a9fedc2e27dde3d1cf27c",
            "Domain_Event_Type_Key": "e3b61a2ebf5b23ed3fd8ff58d88a71874f646ec36a6e49d48b10b0c9e3100d05",
            "Conveyor_Composite_Key": "d279c7bb75a4c9fb29694a38ab80b894d79103a75b19797af36646908a853e09",
            "ConveyorCompositeCharacteristics": [
              {
                "Conveyor_Composite_Characteristic_Key": "ae0505fb7e8f9704bb521ad4b6cb1bf23015a66c7c3866827922e06948a4ae9c",
                "Characteristic_Type_Key": "0a82b75aa1fc1b2b3b2ede2212a0d359f147a4c7ba759111b20f125c22eb309b",
                "Characteristic_Value": "08"
              },
              {
                "Conveyor_Composite_Characteristic_Key": "7910867f38af0c7b9e2ffb5b41624259b7df6ae48416a12b8bc7db89c3b2baa2",
                "Characteristic_Type_Key": "ca86704440cab5eed1c09af90bec58743953408c3f94d987d7e7cb4632022cf3",
                "Characteristic_Value": "C"
              },
              {
                "Conveyor_Composite_Characteristic_Key": "a6752f59fe23a28f5a2fe6115963d64779bfd8c7b7167b72d0b7e6c0a95deee7",
                "Characteristic_Type_Key": "27de7d80530699e0e997bce3eb41e2d26633b87015ca79695ab7a09a7916dfdc",
                "Characteristic_Value": "03"
              },
              {
                "Conveyor_Composite_Characteristic_Key": "19f5c87c879703c8a750a92138e6b1e6362ba3451f726db27c8a6a4d5cf60945",
                "Characteristic_Type_Key": "2484b23f2a6887f31f694851ba6673b45224efc3097cc16884b103460cb55757",
                "Characteristic_Value": "9"
              },
              {
                "Conveyor_Composite_Characteristic_Key": "4d7d9fe35b0aaded947d0a236fd1f63e4a12ba314b240431a1e294715f5b33de",
                "Characteristic_Type_Key": "62e2dd65ab1a7b40f3d1639f5966c79a063947099361258610f1260efd1dfdeb",
                "Characteristic_Value": "DVIR - Fastener"
              }
            ],
            "Domain_Event_Key": "8ac4d080be50a4fb917c98d9a2e07b440d25f2168bea6a81fd3c9da9adf80933",
            "Correlation_Id": "2d0821e3-8418-4617-902f-f545a6f6328c",
            "Client_Identification": "AGS",
            "System_Key": "0a8bfe5cb1e934a7f132a8fc840f06d640eabb9cc3f6fad55b369f88ebf3854f",
            "Proc_Ts": "2021-03-30 16:26:43.000",
            "Proc_Ts_Tz_Dst_Cd": "100",
            "Event_Ts": "2021-03-30 16:25:58.000",
            "Event_Ts_Tz_Dst_Cd": "100"
          }
        }
      ]
    },
    {
      "name": "tc_id_93.ihl_dev_rm.reg.tm.prepared.rteErr.v1",
      "data": [
        {
          "RawEventHeader": {
            "CRT_TS": "2021-03-30T18:44:57.172Z",
            "PRODUCT_ID": "A206",
            "UUID": null,
            "FORMAT": "JSON"
          },
          "InGateRequest": {
            "Header": {
              "START_SEQUENCE": "~!@#",
              "LOCATION_333": "MALPORT",
              "LOCATION_PROVINCE": "ON",
              "TIME_ZONE": 0,
              "DATE_TMS": "20210330122643",
              "OPERATOR_ID": "BHALERAO",
              "MESSAGE_SEQUENCE": 1724897,
              "RETURN_CODE": "00",
              "SEQ_NUMBER": "1"
            },
            "GateRequestDetails": {
              "UNIT_INIT": "CNRU",
              "UNIT_NUMBER": 731047,
              "TRANSACTION_TYPE": "A",
              "GATE_CODE": "I",
              "LOAD_EMPTY": "L",
              "ACTION_DATE_TIME": "20210330122558",
              "CHASSIS_INIT": "CNRZ",
              "CHASSIS_NUMBER": 731004,
              "PICKUP_NUMBER": "",
              "BOOKING_NUMBER": "",
              "REDISPLAY": "N",
              "BAD_ORDER_CODE": "13",
              "SEVERITY": "4",
              "LANGUAGE_FLAG": "E",
              "EQUIPMENT_RFID_FLAG": "N",
              "CHASSIS_RFID_FLAG": "N",
              "TRACTOR_RFID_FLAG": "N",
              "ISO_CODE": "",
              "FORCESRS": "N",
              "NUMBER_OF_DAMAGES": 2,
              "NUMBER_OF_ERRORS": 2,
              "DAMAGE_DETAILS": [
                {
                  "WHAT_CODE": "02",
                  "WHERE_CODE": "C",
                  "WHY_CODE": "03",
                  "RESPONSIBILITY": "9",
                  "TEXT": "DVIR - Lights"
                },
                {
                  "WHAT_CODE": "08",
                  "WHERE_CODE": "C",
                  "WHY_CODE": "03",
                  "RESPONSIBILITY": "9",
                  "TEXT": "DVIR - Fastener"
                }
              ],
              "ERROR_DETAILS": [
                {
                  "ERROR_CODE": 1810,
                  "ERROR_DETAILS": "Chassis Broken"
                },
                {
                  "ERROR_CODE": 9087,
                  "ERROR_DETAILS": "Locking Failed"
                }
              ],
              "SRS_CAR_KIND": "KR7",
              "CHASSIS_SRS_CAR_KIND": "UC7",
              "STAY": "Y",
              "TOFC_COFC_INDICATOR": "C",
              "SERVICE_CODE": "25",
              "LENGTH": 53,
              "WEIGHT": 5000,
              "WEIGHT_MEASURE": "L",
              "GROSS_WEIGHT": 0,
              "TRACTOR_WEIGHT": 0,
              "CHAS_TARE_WEIGHT": 0,
              "ALLOW_WEIGHT": 0,
              "REEFER": "Y",
              "ACTUAL_TEMP": 1,
              "ACTUAL_TEMP_MEASURE": "C",
              "SET_TEMP": 0,
              "SET_TEMP_MEASURE": "",
              "FUEL_LEVEL": 0,
              "INTERCHANGE_FROM_SS_MARKS": "",
              "SHIPPER": "JBHUNTTRANSP",
              "DESTINATION": "MEMINTTERTN",
              "SEAL_NUMBER": "TESFSD",
              "BOLT_SEAL": "",
              "LS_HOLD": "",
              "HAZMAT_INDICATOR": "N",
              "PLACARD_CODE": "",
              "VISIT_NUMBER": "0892115104",
              "UNUSED": "",
              "RV_NUMBER": "RV50142221",
              "UNUSED1": "",
              "STEAMSHIP_MARKS": "",
              "BOOKING_NUMBER1": "",
              "CUSTOMER": "",
              "BOBTAIL_EXEMPTION": "",
              "EXCEPTION_REASON_TEXT": "",
              "TruckDetails": {
                "TRUCKER_SCAC": "HJBT",
                "TRACTOR_ID": "AMOL6",
                "ODOMETER": 0,
                "DRIVER_KEY": "F(]oruL@CFVY\\h.CFr3Z"
              },
              "PickupDetails": {
                "PU_RV_NUMBER": "",
                "UNUSED2": "",
                "ORIGIN_CITY_STATE": "CHIINTTERIL",
                "PU_UNIT_INIT": "CNRU",
                "PU_UNIT_NUMBER": 725645,
                "CHASSIS_CAR_KIND": "",
                "ISO_NUMBER": "",
                "PU_CHASSIS_INIT": "",
                "PU_CHASSIS_NUMBER": 0
              }
            }
          },
          "LogHeader": {
            "ERROR_TO_DE": "UUID is NULL",
            "RAW_KAFKA_QUEUE_NAME": "tc_id_93.ihl_dev_rm.reg.tm.raw.in-gate-request.v1",
            "SPARK_JOB_NAME": "InGateRequestDomainFeed"
          }
        }
      ]
    }
  ]
}