{
  "Kafka_Output": [
    {
      "name": "tc_id_63.ihl_dev_rm.reg.tm.prepared.cnvyCondCrt.v1",
      "data": [
        {
          "DomainEventHeader": {
            "SOR_INGT_CRT_TS": "2020-11-27T07:09:01.254Z",
            "SOR_TPIC_NM": "tc_id_63.ihl_dev_rm.reg.supply-chain.intermodal-storage.raw.v1",
            "DE_META": ""
          },
          "ConveyorConditionCreated": {
            "Domain_Event_Type_Key": "e3b61a2ebf5b23ed3fd8ff58d88a71874f646ec36a6e49d48b10b0c9e3100d05",
            "Conveyor_Key": "d3aa1af69cf9c264b8082fbed1bd14004f18ef7eb10c04b277df3ea22ba16edd",
            "ConditionCharacteristics": [
              {
                "Condition_Characteristic_Key": "a493b37a8d3f747f2ba6d414822ae46831a4ebc9e6e013305a5b59dae022d7ee",
                "Characteristic_Type_Key": "d9fb9ddc0f66f8f86633f9eafc57a87e40c6d21e75b1f97c1997c6b96e835d85",
                "Characteristic_Value": "2020-11-30"
              },
              {
                "Condition_Characteristic_Key": "d0db2794009ce6d5bbc31ee288b6c3560dd7cebf3135663b84e441f4172d88b6",
                "Characteristic_Type_Key": "37930ca551ed5baf224d861f86395b2a32e1bbac69406d2f47e29d4273583131",
                "Characteristic_Value": "0"
              }
            ],
            "Domain_Event_Key": "689fc5881b84a672962919f2f432c0b46ba159da813020f16da8c8a216205cdf",
            "Correlation_Id": "8ead69cc-1619-4336-899b-2e6f5b5eb9f1",
            "Client_Identification": "SRS-YIT",
            "System_Key": "caf48af09f8e479707513247ae96fd6c8f0fd7649b682952115359e1a4ebab2d",
            "Proc_Ts": "2020-11-27T07:09:01.254Z",
            "Proc_Ts_Tz_Dst_Cd": "100",
            "Event_Ts": "2020-11-27T07:09:01.254Z",
            "Event_Ts_Tz_Dst_Cd": "100"
          }
        }
      ]
    },
    {
      "name": "tc_id_63.ihl_dev_rm.reg.tm.prepared.rteErr.v1",
      "data": [
        {
          "IngestionHeader": {
            "ING_CRT_TS": "2020-11-27T07:09:01.254Z",
            "PRODUCT_ID": "B017",
            "UUID": null,
            "FORMAT": "JSON"
          },
          "StorageCharge": {
            "STCH_TMSTP": "2020-11-27 08:14:22.725913",
            "EQP_INIT": "CAIU",
            "EQP_NUMB": "    432224",
            "SVC_TYP_CD": "IX ",
            "STCH_STAT_CD": "0",
            "STN_333": "BRAINTTER",
            "STN_ST": "ON",
            "CUST_633": "MEDITESHIPPI",
            "UNIT_DRMP_DT": "2020-11-27",
            "UNIT_DRMP_TM": "01:42:30",
            "CUST_NTFY_DT": "2020-11-27",
            "CUST_NTFY_TM": "01:42:30",
            "FRST_CHRG_DT": "2020-11-30",
            "TOT_CHRG_AMT": 0.0,
            "FUEL_RT": null,
            "FUEL_MEAS_CD": null,
            "CHRG_DYS": null,
            "DRY_RFR_FLG": "1",
            "DRY_RFR_FLG_DT": "2020-11-27",
            "FREE_DYS_ALLOC": 2,
            "FREE_DYS_USED": null,
            "AMT_BAL_DUE": 0.0,
            "UPD_ID": "STGNCALC",
            "UPD_DT": "2020-11-27",
            "UPD_TM": "08:14:22",
            "CANC_USER_ID": "        ",
            "CANC_DT": null,
            "CANC_TM": null,
            "CANC_REAS": "                                                 ",
            "TIER1_RT": 200.0,
            "TIER1_DY": "3",
            "TIER2_RT": 350.0,
            "TIER2_DY": "2",
            "TIER3_RT": 500.0,
            "TIER3_DY": "27",
            "RT_BASE_PLAN": "NON-PRSH",
            "OGAT_CSTS_INSP_DT": null,
            "IGAT_CSTS_INSP_DT": null,
            "CSTS_INSP_DY": 0,
            "SHTL_RT": 0.0,
            "SHTL_CHRG_IND": "N",
            "EQP_LE_CD": "L",
            "PAD_PLAN_IND": "Y",
            "EVT_CD": "SP",
            "PAD_PLAN_LOCK_DY": 1,
            "PAD_PLAN_LOCK_TM": "12:00:00",
            "PAD_PLAN_FREE_DY": 1,
            "APPT_FREE_DY": null,
            "PAD_APPT_INCL_IND": "N",
            "PAD_PLAN_PROC_TS": null,
            "PAD_PLAN_WB_ID": "1075-11-11 14:20:40.79202",
            "IBMSNAP_OPERATION": "U",
            "IBMSNAP_LOGMARKER": "2020-11-27 08:14:22.773936"
          },
          "LogHeader": {
            "ERROR_TO_DE": "UUID is NULL",
            "RAW_KAFKA_QUEUE_NAME": "tc_id_63.ihl_dev_rm.reg.supply-chain.intermodal-storage.raw.v1",
            "SPARK_JOB_NAME": "IntermodalStorageDomainFeed"
          }
        }
      ]
    }
  ]
}