{
  "Kafka_Output": [
    {
      "name": "tc_id_59.ihl_dev_rm.reg.tm.prepared.cnvyCondChg.v1",
      "data": [
        {
          "DomainEventHeader": {
            "SOR_INGT_CRT_TS": "2021-02-10T21:45:03.512Z",
            "SOR_TPIC_NM": "tc_id_59.ihl_dev_rm.reg.tm.raw.imBadOrder.v1",
            "DE_META": ""
          },
          "ConveyorConditionChanged": {
            "Domain_Event_Type_Key": "6350342ae1db6d6f3a55106d92cabe759e09ad83d44381541c8c009afb832365",
            "Conveyor_Key": "47e0d9c6b856297eb3ca0064a165b5c4e35e4498f37032d15d56f5080a3cad7f",
            "ConditionCharacteristics": [
              {
                "Condition_Characteristic_Key": "3f13f9eecca2c3589eb4df63915499436b95894abe1bca0125e5af25109b77b0",
                "Characteristic_Type_Key": "07ed1078042c7692da1672e604d7b8cca3f42fad6fc79385ab9c57c9a23a2ce2",
                "Characteristic_Value": ""
              }
            ],
            "Domain_Event_Key": "9ed8573155650632f3ba929dd433e72b52c2a100f739c3d34e9a6481b3bdcc25",
            "Correlation_Id": "ee9e5b6f-e7d7-4a43-be08-ac38191c232c",
            "Client_Identification": "",
            "System_Key": "ea040811b4e08ab97f7af0971223713a9dc11d6b30bcc906cd8ec7c2b0b38817",
            "Proc_Ts": "2021-02-10T21:45:03.512Z",
            "Proc_Ts_Tz_Dst_Cd": "100",
            "Event_Ts": "2021-02-10T21:45:03.512Z",
            "Event_Ts_Tz_Dst_Cd": "100"
          }
        }
      ]
    },
    {
      "name": "tc_id_59.ihl_dev_rm.reg.tm.prepared.cnvyCondCrt.v1",
      "data": [
        {
          "DomainEventHeader": {
            "SOR_INGT_CRT_TS": "2021-02-10T21:45:03.512Z",
            "SOR_TPIC_NM": "tc_id_59.ihl_dev_rm.reg.tm.raw.imBadOrder.v1",
            "DE_META": ""
          },
          "ConveyorConditionCreated": {
            "Domain_Event_Type_Key": "e3b61a2ebf5b23ed3fd8ff58d88a71874f646ec36a6e49d48b10b0c9e3100d05",
            "Conveyor_Key": "47e0d9c6b856297eb3ca0064a165b5c4e35e4498f37032d15d56f5080a3cad7f",
            "ConditionCharacteristics": [
              {
                "Condition_Characteristic_Key": "3f13f9eecca2c3589eb4df63915499436b95894abe1bca0125e5af25109b77b0",
                "Characteristic_Type_Key": "07ed1078042c7692da1672e604d7b8cca3f42fad6fc79385ab9c57c9a23a2ce2",
                "Characteristic_Value": "53"
              }
            ],
            "Domain_Event_Key": "aaf493c88650e47c63a6e19813c4be44399a8a8dd84d4e125d755fa7fc8cb168",
            "Correlation_Id": "ee9e5b6f-e7d7-4a43-be08-ac38191c232c",
            "Client_Identification": "SRS-IM",
            "System_Key": "ea040811b4e08ab97f7af0971223713a9dc11d6b30bcc906cd8ec7c2b0b38817",
            "Proc_Ts": "2021-02-10T21:45:03.512Z",
            "Proc_Ts_Tz_Dst_Cd": "100",
            "Event_Ts": "2021-02-10T21:45:03.512Z",
            "Event_Ts_Tz_Dst_Cd": "100"
          }
        }
      ]
    },
    {
      "name": "tc_id_59.ihl_dev_rm.reg.tm.prepared.rteErr.v1",
      "data": [
        {
          "IngestionHeader": {
            "ING_CRT_TS": "2021-02-10T21:45:03.512Z",
            "PRODUCT_ID": "A195",
            "UUID": null,
            "FORMAT": "JSON"
          },
          "IntermodalBadOrder": {
            "LATA": "        ",
            "IBMSNAP_OPERATION": "I",
            "IBMSNAP_LOGMARKER": "2021-02-10 16:37:23.177415",
            "USER_ID": "        ",
            "CANC_USER_ID": "        ",
            "RPR_PGM_DT": null,
            "CYCL_ID": "1774-02-10 16:37:20.402021",
            "RPR_USER_ID": "        ",
            "PRNTD_FLG": " ",
            "RPR_STN_333": "         ",
            "CANC_USER_NME": "            ",
            "CANC_REAS": "                                                 ",
            "CANC_LATA": "        ",
            "EQP_INIT": "LPTZ",
            "USER_NME": "IMS PRODUCTION ID   ",
            "PGM_DT": "2021-02-10",
            "CANC_DT": null,
            "RESP_ROAD_ABBR": "    ",
            "EVT_DT": "2021-02-10",
            "IBMSNAP_COMMITSEQ": "00d94127e19bfc7e1000000000000001",
            "PGM_TM": "16:37:22",
            "CANC_TM": null,
            "RPR_CYCL_ID": null,
            "STN_ST": "IL",
            "EQP_NUMB": "    222333",
            "WB_VRSN": "1",
            "RPR_EVT_DT": null,
            "IBMSNAP_INTENTSEQ": "00d94127e158b3c2d600000000000001",
            "RPR_WB_VRSN": "0",
            "RPR_REAS": "                                                            ",
            "STN_333": "CHIINTTER",
            "EVT_TM": "15:38:18",
            "BO_CD": "53",
            "RPR_EVT_TM": null,
            "BO_REAS": "DVIR-LIGHTS BROKEN                                          ",
            "RPR_USER_NME": "                    ",
            "INV_STAT_CD": "  ",
            "RPR_PGM_TM": null,
            "EVT_ACCT_CD": "4",
            "CAR_KND_ABBR": "U",
            "WB_ID": "7663-02-10 16:37:20.232021",
            "EVST_CD": "  ",
            "RPR_WB_ID": null,
            "RPR_LATA": "        ",
            "GRP_USER_ID": "PRODIMS ",
            "CANC_GRP_USER": "        ",
            "EVT_CD": "  ",
            "RPR_USER_GRP": "        ",
            "RPR_STN_ST": "  "
          },
          "LogHeader": {
            "ERROR_TO_DE": "UUID is NULL",
            "RAW_KAFKA_QUEUE_NAME": "tc_id_59.ihl_dev_rm.reg.tm.raw.imBadOrder.v1",
            "SPARK_JOB_NAME": "IntermodalBadOrderDomainFeed"
          }
        }
      ]
    }
  ]
}