{
  "Kafka_Output": [
    {
      "name": "tc_id_39.ihl_dev_rm.reg.tm.prepared.cnvyAsctDsc.v1",
      "data": [
        {
          "DomainEventHeader": {
            "SOR_INGT_CRT_TS": "2021-03-12T15:19:01.261Z",
            "SOR_TPIC_NM": "tc_id_39.ihl_dev_rm.reg.tm.raw.carCtnr.v1",
            "DE_META": ""
          },
          "ConveyorAssociationDescribed": {
            "Primary_Object_Key": "8817eaec8b856e4e7f55bca286f3ac155f9f99a29171c1b10e712da26a6de94b",
            "Domain_Event_Type_Key": "e3b61a2ebf5b23ed3fd8ff58d88a71874f646ec36a6e49d48b10b0c9e3100d05",
            "Association_Key": "6701f12783ed13d213333588f3fb6539154b818887d8eaece6e90d62e43ac9a4",
            "AssociationCharacteristics": [
              {
                "Association_Characteristic_Key": "5f45666fddf93abb9d5665db958f92057a52d59274f2aad23b3941e54d7baabd",
                "Characteristic_Type_Key": "4d8db4222b8246af57f924cab221bf48a29077323041d2c57d4870aebef0fe17",
                "Characteristic_Value": "C"
              },
              {
                "Association_Characteristic_Key": "2792018dad6a8d1a88f569b16826b0bf3db2a98d686efc03e4f3f512a261775b",
                "Characteristic_Type_Key": "db442b26e87d44a5489f02aa88d7b42cacdc24f189585abbda3f6583b89e5397",
                "Characteristic_Value": "T"
              }
            ],
            "Domain_Event_Key": "72aed5494dad0c80bc512a85965559364d75643dae5d7349acf53d6be52d8fce",
            "Correlation_Id": "e52bb71e-9aa8-4845-81c4-51c6a7adeacc",
            "Client_Identification": "SRS-YIT",
            "System_Key": "caf48af09f8e479707513247ae96fd6c8f0fd7649b682952115359e1a4ebab2d",
            "Proc_Ts": "2021-03-12T15:19:01.261Z",
            "Proc_Ts_Tz_Dst_Cd": "100",
            "Event_Ts": "2021-03-12 10:18:21.812261",
            "Event_Ts_Tz_Dst_Cd": "100"
          }
        }
      ]
    },
    {
      "name": "tc_id_39.ihl_dev_rm.reg.tm.prepared.rteErr.v1",
      "data": [
        {
          "IngestionHeader": {
            "ING_CRT_TS": "2021-03-12T15:19:01.261Z",
            "PRODUCT_ID": "TA108",
            "UUID": null,
            "FORMAT": "JSON"
          },
          "CarContainer": {
            "CTNR_NBR": "    679420",
            "IBMSNAP_OPERATION": "U",
            "CTNR_CAR_KIND": "KC7 ",
            "CAR_INIT": "DTTX",
            "CTNR_INIT": "PLHU",
            "IBMSNAP_LOGMARKER": "2021-03-12 10:18:21.812261",
            "PLTFM_POS_CD": "T",
            "PLTFM_CD": "C",
            "IBMSNAP_INTENTSEQ": "00d9668b1d83a3c60a00000000000001",
            "CTNR_SEQ_NBR": "  6",
            "IBMSNAP_COMMITSEQ": "00d9668b1d94e2520200000000000001",
            "CAR_NBR": "    885043"
          },
          "LogHeader": {
            "ERROR_TO_DE": "Correlation_Id is NULL",
            "RAW_KAFKA_QUEUE_NAME": "tc_id_39.ihl_dev_rm.reg.tm.raw.carCtnr.v1",
            "SPARK_JOB_NAME": "IntermodalCarContainerDomainFeed"
          }
        }
      ]
    }
  ]
}