{
  "Kafka_Output": [
    {
      "name": "tc_id_99.ihl_dev_rm.reg.tm.prepared.planEvtRmv.v1",
      "data": [
        {
          "DomainEventHeader": {
            "SOR_INGT_CRT_TS": "2021-04-09T12:37:16.8950000Z",
            "SOR_TPIC_NM": "tc_id_99.ihl_dev_rm.reg.tm.raw.unit-move-plan.v1",
            "DE_META": ""
          },
          "PlannedEventRemoved": {
            "Primary_Object_Key": "d966d06233804cd38740782844e0aa548ad66c7a74b123090fa332b13f467d12",
            "Domain_Event_Type_Key": "a16c5ba057628866b318f709f5496a7b5e7cc21c1c098ca136e257faab49e0d8",
            "Planned_Event_Key": "d67c5f8fafc60e81951fb6e293c8607c86c9d2575abb81e787254282aa199855",
            "Planned_Event_Type_Key": "fbeed6de443e2eec249f2192bf1cd06fd90a325df278e3f9b8585b304a80b467",
            "Planned_Event_Value": "PLHU101334",
            "Domain_Event_Key": "7ebe9cee90295b60340a655801752bcdbed86e5f26f0346484c626941120e8af",
            "Correlation_Id": "0QRAR2400000AO0WD6V2X1IUZY9C",
            "Client_Identification": "IPRO",
            "System_Key": "3c959b556df469c5f98d10b085b2d2f0bd7fe6f140c10e322569f81ea32c6598",
            "Proc_Ts": "2021-04-09T12:37:16Z",
            "Proc_Ts_Tz_Dst_Cd": "100",
            "Event_Ts": "2021-04-09T12:37:16.8080469Z",
            "Event_Ts_Tz_Dst_Cd": "100"
          }
        },
        {
          "DomainEventHeader": {
            "SOR_INGT_CRT_TS": "2021-04-09T12:37:16.8950000Z",
            "SOR_TPIC_NM": "tc_id_99.ihl_dev_rm.reg.tm.raw.unit-move-plan.v1",
            "DE_META": ""
          },
          "PlannedEventRemoved": {
            "Primary_Object_Key": "d966d06233804cd38740782844e0aa548ad66c7a74b123090fa332b13f467d12",
            "Domain_Event_Type_Key": "a16c5ba057628866b318f709f5496a7b5e7cc21c1c098ca136e257faab49e0d8",
            "Planned_Event_Key": "d67c5f8fafc60e81951fb6e293c8607c86c9d2575abb81e787254282aa199855",
            "Planned_Event_Type_Key": "fbeed6de443e2eec249f2192bf1cd06fd90a325df278e3f9b8585b304a80b467",
            "Planned_Event_Value": "PLHU101334",
            "Domain_Event_Key": "7ebe9cee90295b60340a655801752bcdbed86e5f26f0346484c626941120e8af",
            "Correlation_Id": "0QRAR2400000AO0WD6V2X1IUZY9C",
            "Client_Identification": "IPRO",
            "System_Key": "3c959b556df469c5f98d10b085b2d2f0bd7fe6f140c10e322569f81ea32c6598",
            "Proc_Ts": "2021-04-09T12:37:16Z",
            "Proc_Ts_Tz_Dst_Cd": "100",
            "Event_Ts": "2021-04-09T12:37:16.8080469Z",
            "Event_Ts_Tz_Dst_Cd": "100"
          }
        },
        {
          "DomainEventHeader": {
            "SOR_INGT_CRT_TS": "2021-04-09T12:37:16.8950000Z",
            "SOR_TPIC_NM": "tc_id_99.ihl_dev_rm.reg.tm.raw.unit-move-plan.v1",
            "DE_META": ""
          },
          "PlannedEventRemoved": {
            "Primary_Object_Key": "d966d06233804cd38740782844e0aa548ad66c7a74b123090fa332b13f467d12",
            "Domain_Event_Type_Key": "a16c5ba057628866b318f709f5496a7b5e7cc21c1c098ca136e257faab49e0d8",
            "Planned_Event_Key": "d67c5f8fafc60e81951fb6e293c8607c86c9d2575abb81e787254282aa199855",
            "Planned_Event_Type_Key": "fbeed6de443e2eec249f2192bf1cd06fd90a325df278e3f9b8585b304a80b467",
            "Planned_Event_Value": "PLHU101334",
            "Domain_Event_Key": "7ebe9cee90295b60340a655801752bcdbed86e5f26f0346484c626941120e8af",
            "Correlation_Id": "0QRAR2400000AO0WD6V2X1IUZY9C",
            "Client_Identification": "IPRO",
            "System_Key": "3c959b556df469c5f98d10b085b2d2f0bd7fe6f140c10e322569f81ea32c6598",
            "Proc_Ts": "2021-04-09T12:37:16Z",
            "Proc_Ts_Tz_Dst_Cd": "100",
            "Event_Ts": "2021-04-09T12:37:16.8080469Z",
            "Event_Ts_Tz_Dst_Cd": "100"
          }
        }
      ]
    },
    {
      "name": "tc_id_99.ihl_dev_rm.reg.tm.prepared.planEvtDsc.v1",
      "data": [
        {
          "DomainEventHeader": {
            "SOR_INGT_CRT_TS": "2021-04-09T12:37:16.8950000Z",
            "SOR_TPIC_NM": "tc_id_99.ihl_dev_rm.reg.tm.raw.unit-move-plan.v1",
            "DE_META": ""
          },
          "PlannedEventDescribed": {
            "Primary_Object_Key": "",
            "Domain_Event_Type_Key": "c7881817d6d6fabbc8c8be4c1a5310d4b02d506473e08a55032dedde16c0b3fa",
            "Planned_Event_Key": "d67c5f8fafc60e81951fb6e293c8607c86c9d2575abb81e787254282aa199855",
            "PlannedEventCharacteristics": [
              {}
            ],
            "Domain_Event_Key": "55803b6f029bca348c05fc8bb127b4a81fa4a6be71421263b970b06e15e84c80",
            "Correlation_Id": "0QRAR2400000AO0WD6V2X1IUZY9C",
            "Client_Identification": "IPRO",
            "System_Key": "3c959b556df469c5f98d10b085b2d2f0bd7fe6f140c10e322569f81ea32c6598",
            "Proc_Ts": "2021-04-09T12:37:16Z",
            "Proc_Ts_Tz_Dst_Cd": "100",
            "Event_Ts": "2021-04-09T12:37:16.8080469Z",
            "Event_Ts_Tz_Dst_Cd": "100"
          }
        },
        {
          "DomainEventHeader": {
            "SOR_INGT_CRT_TS": "2021-04-09T12:37:16.8950000Z",
            "SOR_TPIC_NM": "tc_id_99.ihl_dev_rm.reg.tm.raw.unit-move-plan.v1",
            "DE_META": ""
          },
          "PlannedEventDescribed": {
            "Primary_Object_Key": "",
            "Domain_Event_Type_Key": "c7881817d6d6fabbc8c8be4c1a5310d4b02d506473e08a55032dedde16c0b3fa",
            "Planned_Event_Key": "d67c5f8fafc60e81951fb6e293c8607c86c9d2575abb81e787254282aa199855",
            "PlannedEventCharacteristics": [
              {}
            ],
            "Domain_Event_Key": "55803b6f029bca348c05fc8bb127b4a81fa4a6be71421263b970b06e15e84c80",
            "Correlation_Id": "0QRAR2400000AO0WD6V2X1IUZY9C",
            "Client_Identification": "IPRO",
            "System_Key": "3c959b556df469c5f98d10b085b2d2f0bd7fe6f140c10e322569f81ea32c6598",
            "Proc_Ts": "2021-04-09T12:37:16Z",
            "Proc_Ts_Tz_Dst_Cd": "100",
            "Event_Ts": "2021-04-09T12:37:16.8080469Z",
            "Event_Ts_Tz_Dst_Cd": "100"
          }
        },
        {
          "DomainEventHeader": {
            "SOR_INGT_CRT_TS": "2021-04-09T12:37:16.8950000Z",
            "SOR_TPIC_NM": "tc_id_99.ihl_dev_rm.reg.tm.raw.unit-move-plan.v1",
            "DE_META": ""
          },
          "PlannedEventDescribed": {
            "Primary_Object_Key": "",
            "Domain_Event_Type_Key": "c7881817d6d6fabbc8c8be4c1a5310d4b02d506473e08a55032dedde16c0b3fa",
            "Planned_Event_Key": "d67c5f8fafc60e81951fb6e293c8607c86c9d2575abb81e787254282aa199855",
            "PlannedEventCharacteristics": [
              {}
            ],
            "Domain_Event_Key": "55803b6f029bca348c05fc8bb127b4a81fa4a6be71421263b970b06e15e84c80",
            "Correlation_Id": "0QRAR2400000AO0WD6V2X1IUZY9C",
            "Client_Identification": "IPRO",
            "System_Key": "3c959b556df469c5f98d10b085b2d2f0bd7fe6f140c10e322569f81ea32c6598",
            "Proc_Ts": "2021-04-09T12:37:16Z",
            "Proc_Ts_Tz_Dst_Cd": "100",
            "Event_Ts": "2021-04-09T12:37:16.8080469Z",
            "Event_Ts_Tz_Dst_Cd": "100"
          }
        }
      ]
    },
    {
      "name": "tc_id_99.ihl_dev_rm.reg.tm.prepared.cnvyDasc.v1",
      "data": [
        {
          "DomainEventHeader": {
            "SOR_INGT_CRT_TS": "2021-04-09T12:37:16.8950000Z",
            "SOR_TPIC_NM": "tc_id_99.ihl_dev_rm.reg.tm.raw.unit-move-plan.v1",
            "DE_META": ""
          },
          "ConveyorDisassociated": {
            "Primary_Object_Key": "d966d06233804cd38740782844e0aa548ad66c7a74b123090fa332b13f467d12",
            "Domain_Event_Type_Key": "6507636563e2e4ffa97ea69a5b9fd2f2a80b36f429264e6db469c2da8c539f2c",
            "Association_Key": "8c1f5f471d46dbde2944d18fee215cc183cea19eb800ced519ec960ccf3d4346",
            "Association_Type_Key": "7aa9ffe162c44c9b7ff9e7997ed4fbd19a28099461affe038b50a46ff0609f10",
            "Conveyor_Key": "d966d06233804cd38740782844e0aa548ad66c7a74b123090fa332b13f467d12",
            "Conveyor_Type_Key": "20ba3d6edbfbaab0653bd3314bf4ec3a1f6049daa8ab757fd2c8621944a3f4cf",
            "Associated_Object_Key": "d67c5f8fafc60e81951fb6e293c8607c86c9d2575abb81e787254282aa199855",
            "Associated_Object_Type_Key": "968a2d18f96ccc88e6a6a2f5e4e9c005722b14a694273a7eb07d53d818c5b649",
            "Domain_Event_Key": "73e8af5bc71fbc30ce5ccd90b06b25bfdbf998c89486c512e9eed3020e69dc3a",
            "Correlation_Id": "0QRAR2400000AO0WD6V2X1IUZY9C",
            "Client_Identification": "IPRO",
            "System_Key": "3c959b556df469c5f98d10b085b2d2f0bd7fe6f140c10e322569f81ea32c6598",
            "Proc_Ts": "2021-04-09T12:37:16Z",
            "Proc_Ts_Tz_Dst_Cd": "100",
            "Event_Ts": "2021-04-09T12:37:16.8080469Z",
            "Event_Ts_Tz_Dst_Cd": "100"
          }
        },
        {
          "DomainEventHeader": {
            "SOR_INGT_CRT_TS": "2021-04-09T12:37:16.8950000Z",
            "SOR_TPIC_NM": "tc_id_99.ihl_dev_rm.reg.tm.raw.unit-move-plan.v1",
            "DE_META": ""
          },
          "ConveyorDisassociated": {
            "Primary_Object_Key": "d966d06233804cd38740782844e0aa548ad66c7a74b123090fa332b13f467d12",
            "Domain_Event_Type_Key": "6507636563e2e4ffa97ea69a5b9fd2f2a80b36f429264e6db469c2da8c539f2c",
            "Association_Key": "8c1f5f471d46dbde2944d18fee215cc183cea19eb800ced519ec960ccf3d4346",
            "Association_Type_Key": "7aa9ffe162c44c9b7ff9e7997ed4fbd19a28099461affe038b50a46ff0609f10",
            "Conveyor_Key": "d966d06233804cd38740782844e0aa548ad66c7a74b123090fa332b13f467d12",
            "Conveyor_Type_Key": "20ba3d6edbfbaab0653bd3314bf4ec3a1f6049daa8ab757fd2c8621944a3f4cf",
            "Associated_Object_Key": "d67c5f8fafc60e81951fb6e293c8607c86c9d2575abb81e787254282aa199855",
            "Associated_Object_Type_Key": "968a2d18f96ccc88e6a6a2f5e4e9c005722b14a694273a7eb07d53d818c5b649",
            "Domain_Event_Key": "73e8af5bc71fbc30ce5ccd90b06b25bfdbf998c89486c512e9eed3020e69dc3a",
            "Correlation_Id": "0QRAR2400000AO0WD6V2X1IUZY9C",
            "Client_Identification": "IPRO",
            "System_Key": "3c959b556df469c5f98d10b085b2d2f0bd7fe6f140c10e322569f81ea32c6598",
            "Proc_Ts": "2021-04-09T12:37:16Z",
            "Proc_Ts_Tz_Dst_Cd": "100",
            "Event_Ts": "2021-04-09T12:37:16.8080469Z",
            "Event_Ts_Tz_Dst_Cd": "100"
          }
        },
        {
          "DomainEventHeader": {
            "SOR_INGT_CRT_TS": "2021-04-09T12:37:16.8950000Z",
            "SOR_TPIC_NM": "tc_id_99.ihl_dev_rm.reg.tm.raw.unit-move-plan.v1",
            "DE_META": ""
          },
          "ConveyorDisassociated": {
            "Primary_Object_Key": "d966d06233804cd38740782844e0aa548ad66c7a74b123090fa332b13f467d12",
            "Domain_Event_Type_Key": "6507636563e2e4ffa97ea69a5b9fd2f2a80b36f429264e6db469c2da8c539f2c",
            "Association_Key": "8c1f5f471d46dbde2944d18fee215cc183cea19eb800ced519ec960ccf3d4346",
            "Association_Type_Key": "7aa9ffe162c44c9b7ff9e7997ed4fbd19a28099461affe038b50a46ff0609f10",
            "Conveyor_Key": "d966d06233804cd38740782844e0aa548ad66c7a74b123090fa332b13f467d12",
            "Conveyor_Type_Key": "8d8e33739978092cfc719dd0996498c1b1fb334c3b75d98fe6c73e8fb767a91a",
            "Associated_Object_Key": "d67c5f8fafc60e81951fb6e293c8607c86c9d2575abb81e787254282aa199855",
            "Associated_Object_Type_Key": "968a2d18f96ccc88e6a6a2f5e4e9c005722b14a694273a7eb07d53d818c5b649",
            "Domain_Event_Key": "73e8af5bc71fbc30ce5ccd90b06b25bfdbf998c89486c512e9eed3020e69dc3a",
            "Correlation_Id": "0QRAR2400000AO0WD6V2X1IUZY9C",
            "Client_Identification": "IPRO",
            "System_Key": "3c959b556df469c5f98d10b085b2d2f0bd7fe6f140c10e322569f81ea32c6598",
            "Proc_Ts": "2021-04-09T12:37:16Z",
            "Proc_Ts_Tz_Dst_Cd": "100",
            "Event_Ts": "2021-04-09T12:37:16.8080469Z",
            "Event_Ts_Tz_Dst_Cd": "100"
          }
        }
      ]
    },
    {
      "name": "tc_id_99.ihl_dev_rm.reg.tm.prepared.planEvtRpt.v1",
      "data": []
    },
    {
      "name": "tc_id_99.ihl_dev_rm.reg.tm.prepared.cnvyAsct.v1",
      "data": []
    },
    {
      "name": "tc_id_99.ihl_dev_rm.reg.tm.prepared.rteErr.v1",
      "data": [
        {
          "EventHeader": {
            "CRT_TS": "2021-04-09T12:37:16.8950000Z",
            "PRODUCT_ID": "IPROFacade",
            "UUID": "0QRAR2400000AO0WD6V2X1IUZY9C",
            "FORMAT": "JSON"
          },
          "UnitMovePlan": {
            "SentTimestampUtc": "2021-04-09T12:37:16Z",
            "TerminalID": "MALPORTON",
            "FromMode": "R",
            "ToMode": "Y",
            "MoveAction": "Delete",
            "EventDateTime": "2021-04-09T12:37:16.8080469Z",
            "UnitInit": "PLHU",
            "UnitNumber": 101334,
            "ChassisInit": "",
            "ChassisNumber": null
          },
          "FromLocation": {
            "LotTrackID": null,
            "RailcarInit": "DTTX",
            "RailcarNumber": 620552,
            "HitchPosition1": "B",
            "HitchPosition2": "T",
            "HitchPosition3": "1",
            "Row": null,
            "Spot": null,
            "TruckerSCAC": null,
            "TruckerSCACNumber": null
          },
          "ToLocation": {
            "LotTrackID": "3G",
            "LocationType": "",
            "TrainID": "",
            "TrainDay": "",
            "YardBlock": "BITDO",
            "RailcarInit": null,
            "RailcarNumber": null,
            "HitchPosition1": null,
            "HitchPosition2": null,
            "HitchPosition3": null,
            "Row": "12",
            "Spot": "3",
            "TruckerSCAC": null,
            "TruckerSCACNumber": null
          },
          "LogHeader": {
            "ERROR_TO_DE": "ChassisNumber is NULL",
            "RAW_KAFKA_QUEUE_NAME": "tc_id_99.ihl_dev_rm.reg.tm.raw.unit-move-plan.v1",
            "SPARK_JOB_NAME": "IproUnitMovePlanDomainFeed"
          }
        },
        {
          "EventHeader": {
            "CRT_TS": "2021-04-09T12:37:16.8950000Z",
            "PRODUCT_ID": "IPROFacade",
            "UUID": null,
            "FORMAT": "JSON"
          },
          "UnitMovePlan": {
            "SentTimestampUtc": "2021-04-09T12:37:16Z",
            "TerminalID": "MALPORTON",
            "FromMode": "R",
            "ToMode": "Y",
            "MoveAction": "Delete",
            "EventDateTime": "2021-04-09T12:37:16.8080469Z",
            "UnitInit": "",
            "UnitNumber": 0,
            "ChassisInit": "PLHU",
            "ChassisNumber": 101334
          },
          "FromLocation": {
            "LotTrackID": null,
            "RailcarInit": "DTTX",
            "RailcarNumber": 620552,
            "HitchPosition1": "B",
            "HitchPosition2": "T",
            "HitchPosition3": "1",
            "Row": null,
            "Spot": null,
            "TruckerSCAC": null,
            "TruckerSCACNumber": null
          },
          "ToLocation": {
            "LotTrackID": "3G",
            "LocationType": "",
            "TrainID": "",
            "TrainDay": "",
            "YardBlock": "BITDO",
            "RailcarInit": null,
            "RailcarNumber": null,
            "HitchPosition1": null,
            "HitchPosition2": null,
            "HitchPosition3": null,
            "Row": "12",
            "Spot": "3",
            "TruckerSCAC": null,
            "TruckerSCACNumber": null
          },
          "LogHeader": {
            "ERROR_TO_DE": "UUID is NULL",
            "RAW_KAFKA_QUEUE_NAME": "tc_id_99.ihl_dev_rm.reg.tm.raw.unit-move-plan.v1",
            "SPARK_JOB_NAME": "IproUnitMovePlanDomainFeed"
          }
        }
      ]
    }
  ]
}