{
  "Kafka_Output": [
    {
      "name": "tc_id_75.ihl_dev_rm.reg.tm.prepared.dhPGLogs.v1",
      "data": [
        {
          "DomainEventHeader": {
            "SOR_INGT_CRT_TS": "2020-03-13 10:40:51.805246",
            "SOR_READ_TS": "2021-01-29 10:48:52.009",
            "DE_CRT_TS": "2021-01-29 10:49:02",
            "SOR_TPIC_NM": "reg.transportation.station-master.raw.v1",
            "DE_META": ""
          },
          "LocationConditionCreated": {
            "Domain_Event_Type_Key": "e3b61a2ebf5b23ed3fd8ff58d88a71874f646ec36a6e49d48b10b0c9e3100d05",
            "Location_Key": "dd44770440cf7554a87c5f66afaaaeafa12a11ecae95568953bec70641cc6513",
            "ConditionCharacteristics": [
              {
                "Condition_Characteristic_Key": "4a4d3bbd406b0ec857bfdeccc2cf6dd035cd98070cb5b639acbf1d87e5e170f1",
                "Characteristic_Type_Key": "507c151192205a8a1f991beda19bcbdbc613f5f81652bac1536f8a39d275791d",
                "Characteristic_Value": "19971207"
              },
              {
                "Condition_Characteristic_Key": "3a4f1344f1b45bdfe23ced67d1d8034630f9a07c9a7141dd0c3b6976265ffbe0",
                "Characteristic_Type_Key": "a81a7bb99afc4e23aef8fb2c7192c65ad501d5c7bf5b99bc3bffe46bcbfe5b96",
                "Characteristic_Value": "20991231"
              }
            ],
            "Domain_Event_Key": "47fabc6f636d9984c211e87a85eb89ccd6c19e646cf396c88fe52bac8ccd265d",
            "Correlation_Id": "08a46b91-40a8-4c2f-90bc-355a5ca00b62",
            "Client_Identification": "PRODCREF",
            "System_Key": "5d9ce7f4fe098dab1884bba69c3b808278fb8b421dff7b950899c8ed2a3eceef",
            "Proc_Ts": "2020-03-13 10:40:51.805246",
            "Proc_Ts_Tz_Dst_Cd": "100",
            "Event_Ts": "2014-08-21 04:06:59.000",
            "Event_Ts_Tz_Dst_Cd": "105"
          },
          "LogHeader": {
            "ERROR_TO_DE": "ERROR: duplicate key value violates unique constraint xak1location_condition_domain_event Detail: Key domn_evt_key cond_char_key sor_proc_ts x34376661626336663633366439393834633231316538376138356562383963636436633139653634366366333936633838666535326261633863636432363564 x33613466313334346631623435626466653233636564363764316438303334363330663961303763396137313431646430633362363937363236356666626530 2020 03 13 10:40:51.805246 already exists.",
            "RAW_KAFKA_QUEUE_NAME": "tc_id_75.ihl_dev_rm.reg.transportation.location-condition-created.prepared.v1",
            "SPARK_JOB_NAME": "LocationConditionCreatedLoad"
          }
        },
        {
          "DomainEventHeader": {
            "SOR_INGT_CRT_TS": "2020-03-13 10:40:51.805246",
            "SOR_READ_TS": "2021-01-29 10:48:52.009",
            "DE_CRT_TS": "2021-01-29 10:49:02",
            "SOR_TPIC_NM": "reg.transportation.station-master.raw.v1",
            "DE_META": ""
          },
          "LocationConditionCreated": {
            "Domain_Event_Type_Key": "e3b61a2ebf5b23ed3fd8ff58d88a71874f646ec36a6e49d48b10b0c9e3100d05",
            "Location_Key": "dd44770440cf7554a87c5f66afaaaeafa12a11ecae95568953bec70641cc6513",
            "ConditionCharacteristics": [
              {
                "Condition_Characteristic_Key": "4a4d3bbd406b0ec857bfdeccc2cf6dd035cd98070cb5b639acbf1d87e5e170f1",
                "Characteristic_Type_Key": "507c151192205a8a1f991beda19bcbdbc613f5f81652bac1536f8a39d275791d",
                "Characteristic_Value": "19971207"
              },
              {
                "Condition_Characteristic_Key": "3a4f1344f1b45bdfe23ced67d1d8034630f9a07c9a7141dd0c3b6976265ffbe0",
                "Characteristic_Type_Key": "a81a7bb99afc4e23aef8fb2c7192c65ad501d5c7bf5b99bc3bffe46bcbfe5b96",
                "Characteristic_Value": "20991231"
              }
            ],
            "Domain_Event_Key": "47fabc6f636d9984c211e87a85eb89ccd6c19e646cf396c88fe52bac8ccd265d",
            "Correlation_Id": "08a46b91-40a8-4c2f-90bc-355a5ca00b62",
            "Client_Identification": "PRODCREF",
            "System_Key": "5d9ce7f4fe098dab1884bba69c3b808278fb8b421dff7b950899c8ed2a3eceef",
            "Proc_Ts": "2020-03-13 10:40:51.805246",
            "Proc_Ts_Tz_Dst_Cd": "100",
            "Event_Ts": "2014-08-21 04:06:59.000",
            "Event_Ts_Tz_Dst_Cd": "105"
          },
          "LogHeader": {
            "ERROR_TO_DE": "ERROR: duplicate key value violates unique constraint xak1location_condition_domain_event Detail: Key domn_evt_key cond_char_key sor_proc_ts x34376661626336663633366439393834633231316538376138356562383963636436633139653634366366333936633838666535326261633863636432363564 x34613464336262643430366230656338353762666465636363326366366464303335636439383037306362356236333961636266316438376535653137306631 2020 03 13 10:40:51.805246 already exists.",
            "RAW_KAFKA_QUEUE_NAME": "tc_id_75.ihl_dev_rm.reg.transportation.location-condition-created.prepared.v1",
            "SPARK_JOB_NAME": "LocationConditionCreatedLoad"
          }
        }
      ]
    }
  ],
  "PostgreSQL_Output": [
    {
      "name": "dh_loc_cond_domn_evt",
      "data": [
        {
          "domn_evt_key": "47fabc6f636d9984c211e87a85eb89ccd6c19e646cf396c88fe52bac8ccd265d",
          "cond_char_key": "4a4d3bbd406b0ec857bfdeccc2cf6dd035cd98070cb5b639acbf1d87e5e170f1",
          "domn_evt_type_key": "e3b61a2ebf5b23ed3fd8ff58d88a71874f646ec36a6e49d48b10b0c9e3100d05",
          "loc_key": "dd44770440cf7554a87c5f66afaaaeafa12a11ecae95568953bec70641cc6513",
          "char_type_key": "507c151192205a8a1f991beda19bcbdbc613f5f81652bac1536f8a39d275791d",
          "char_val": "19971207",
          "sor_crlt_id": "08a46b91-40a8-4c2f-90bc-355a5ca00b62",
          "sys_key": "5d9ce7f4fe098dab1884bba69c3b808278fb8b421dff7b950899c8ed2a3eceef",
          "clnt_id": "PRODCREF",
          "sor_proc_ts": "2020-03-13 10:40:51.805246",
          "sor_evt_ts": "2014-08-21 04:06:59",
          "sor_ingt_crt_ts": "2020-03-13 10:40:51.805246",
          "sor_read_ts": "2021-01-29 10:48:52.009000",
          "domn_evt_crt_ts": "2021-01-29 10:49:02",
          "sor_tpic_nm": "reg.transportation.station-master.raw.v1",
          "domn_evt_meta": "",
          "sor_evt_ts_tz_dst_cd": 105,
          "sor_proc_ts_tz_dst_cd": 100
        },
        {
          "domn_evt_key": "47fabc6f636d9984c211e87a85eb89ccd6c19e646cf396c88fe52bac8ccd265d",
          "cond_char_key": "3a4f1344f1b45bdfe23ced67d1d8034630f9a07c9a7141dd0c3b6976265ffbe0",
          "domn_evt_type_key": "e3b61a2ebf5b23ed3fd8ff58d88a71874f646ec36a6e49d48b10b0c9e3100d05",
          "loc_key": "dd44770440cf7554a87c5f66afaaaeafa12a11ecae95568953bec70641cc6513",
          "char_type_key": "a81a7bb99afc4e23aef8fb2c7192c65ad501d5c7bf5b99bc3bffe46bcbfe5b96",
          "char_val": "20991231",
          "sor_crlt_id": "08a46b91-40a8-4c2f-90bc-355a5ca00b62",
          "sys_key": "5d9ce7f4fe098dab1884bba69c3b808278fb8b421dff7b950899c8ed2a3eceef",
          "clnt_id": "PRODCREF",
          "sor_proc_ts": "2020-03-13 10:40:51.805246",
          "sor_evt_ts": "2014-08-21 04:06:59",
          "sor_ingt_crt_ts": "2020-03-13 10:40:51.805246",
          "sor_read_ts": "2021-01-29 10:48:52.009000",
          "domn_evt_crt_ts": "2021-01-29 10:49:02",
          "sor_tpic_nm": "reg.transportation.station-master.raw.v1",
          "domn_evt_meta": "",
          "sor_evt_ts_tz_dst_cd": 105,
          "sor_proc_ts_tz_dst_cd": 100
        }
      ]
    },
    {
      "name": "dh_loc_cond",
      "data": [
        {
          "loc_key": "dd44770440cf7554a87c5f66afaaaeafa12a11ecae95568953bec70641cc6513",
          "char_type_key": "507c151192205a8a1f991beda19bcbdbc613f5f81652bac1536f8a39d275791d",
          "char_val": "19971207",
          "act_stus_ind": 1,
          "sor_crlt_id": "08a46b91-40a8-4c2f-90bc-355a5ca00b62",
          "sys_key": "5d9ce7f4fe098dab1884bba69c3b808278fb8b421dff7b950899c8ed2a3eceef",
          "rpt_clnt_id": "PRODCREF",
          "rpt_sor_proc_ts": "2020-03-13 10:40:51.805246",
          "sor_evt_ts": "2014-08-21 04:06:59",
          "rmv_clnt_id": null,
          "rmv_sor_proc_ts": null,
          "sor_ingt_crt_ts": "2020-03-13 10:40:51.805246",
          "sor_read_ts": "2021-01-29 10:48:52.009000",
          "domn_evt_crt_ts": "2021-01-29 10:49:02",
          "sor_tpic_nm": "reg.transportation.station-master.raw.v1",
          "domn_evt_meta": "",
          "sor_evt_ts_tz_dst_cd": 105,
          "sor_proc_ts_tz_dst_cd": 100
        },
        {
          "loc_key": "dd44770440cf7554a87c5f66afaaaeafa12a11ecae95568953bec70641cc6513",
          "char_type_key": "a81a7bb99afc4e23aef8fb2c7192c65ad501d5c7bf5b99bc3bffe46bcbfe5b96",
          "char_val": "20991231",
          "act_stus_ind": 1,
          "sor_crlt_id": "08a46b91-40a8-4c2f-90bc-355a5ca00b62",
          "sys_key": "5d9ce7f4fe098dab1884bba69c3b808278fb8b421dff7b950899c8ed2a3eceef",
          "rpt_clnt_id": "PRODCREF",
          "rpt_sor_proc_ts": "2020-03-13 10:40:51.805246",
          "sor_evt_ts": "2014-08-21 04:06:59",
          "rmv_clnt_id": null,
          "rmv_sor_proc_ts": null,
          "sor_ingt_crt_ts": "2020-03-13 10:40:51.805246",
          "sor_read_ts": "2021-01-29 10:48:52.009000",
          "domn_evt_crt_ts": "2021-01-29 10:49:02",
          "sor_tpic_nm": "reg.transportation.station-master.raw.v1",
          "domn_evt_meta": "",
          "sor_evt_ts_tz_dst_cd": 105,
          "sor_proc_ts_tz_dst_cd": 100
        }
      ]
    }
  ]
}