{
  "Kafka_Output": [
    {
      "name": "tc_id_20.ihl_dev_rm.reg.tm.prepared.dhPGLogs.v1",
      "data": [
        {
          "DomainEventHeader": {
            "SOR_INGT_CRT_TS": "2020-05-04T12:01:52.541-04:00",
            "SOR_READ_TS": "2020-05-12 21:29:18.707",
            "DE_CRT_TS": "2020-05-12 21:29:32",
            "SOR_TPIC_NM": "reg.tm.raw.srs.trnScheduleActive.v2",
            "DE_META": ""
          },
          "LocationAssociated": {
            "Primary_Object_Key": "43e02a4a6633033e3c00bd75804cc33d9f2d3a596252657630f26aac4c7b926b",
            "Domain_Event_Type_Key": "8eb3e769649d98d5e896398ded3b7bdb63bdaf6d53f440f4b9a8da51e8f74f40",
            "Association_Key": "e1ed22cb5b50f501fb2f10dfc12987a96359d6b3c718fcd9da1a30fa3363c201",
            "Association_Type_Key": "993b8ceb34d2dc32047fccdc4bbf7b0bda96f433c87507dc6b2065c43115059a",
            "Location_Key": "9cb602696ea2b9f78802041d592d9f65e33226ff743b26bd061751bdec231455",
            "Location_Type_Key": "3243be7c53d81a4ed2e0224d66e8452715f18aaefb95df70de85575b6b070306",
            "Associated_Object_Key": "0bd7c7c1e1fe4de2ab412d3923d448f9bdbecb8622cac1f5542bd5c71c7bdcdc",
            "Associated_Object_Type_Key": "b6b8a958245d0b4e4df6f399bdc2917e48cfce12061a47639aac681966fb8916",
            "Domain_Event_Key": "e9b53d41eb77b6fbe4a00c423da81334052ad1e4ef5aceab9efcbeef7aae8066",
            "Correlation_Id": "91cb98108e2011ea9dd50a0d13360000",
            "Client_Identification": "149156  ",
            "System_Key": "caf48af09f8e479707513247ae96fd6c8f0fd7649b682952115359e1a4ebab2d",
            "Proc_Ts": "2020-02-09 15:04:58.680926",
            "Proc_Ts_Tz_Dst_Cd": "100",
            "Event_Ts": "2020-02-09 15:04:58.680926",
            "Event_Ts_Tz_Dst_Cd": "100"
          },
          "LogHeader": {
            "ERROR_TO_DE": "ERROR: duplicate key value violates unique constraint xak1location_association_domain_event Detail: Key domn_evt_key sor_proc_ts x65396235336434316562373762366662653461303063343233646138313333343035326164316534656635616365616239656663626565663761616538303636 2020 02 09 15:04:58.680926 already exists.",
            "RAW_KAFKA_QUEUE_NAME": "tc_id_20.ihl_dev_rm.reg.tm.prepared.locAsct.v1",
            "SPARK_JOB_NAME": "LocationAssociationLoad"
          }
        }
      ]
    }
  ],
  "PostgreSQL_Output": [
    {
      "name": "dh_loc_asct_domn_evt",
      "data": [
        {
          "domn_evt_key": "e9b53d41eb77b6fbe4a00c423da81334052ad1e4ef5aceab9efcbeef7aae8066",
          "domn_evt_type_key": "8eb3e769649d98d5e896398ded3b7bdb63bdaf6d53f440f4b9a8da51e8f74f40",
          "loc_key": "9cb602696ea2b9f78802041d592d9f65e33226ff743b26bd061751bdec231455",
          "loc_type_key": "3243be7c53d81a4ed2e0224d66e8452715f18aaefb95df70de85575b6b070306",
          "asct_key": "e1ed22cb5b50f501fb2f10dfc12987a96359d6b3c718fcd9da1a30fa3363c201",
          "asct_type_key": "993b8ceb34d2dc32047fccdc4bbf7b0bda96f433c87507dc6b2065c43115059a",
          "asct_obj_key": "0bd7c7c1e1fe4de2ab412d3923d448f9bdbecb8622cac1f5542bd5c71c7bdcdc",
          "asct_obj_type_key": "b6b8a958245d0b4e4df6f399bdc2917e48cfce12061a47639aac681966fb8916",
          "sor_crlt_id": "91cb98108e2011ea9dd50a0d13360000",
          "sys_key": "caf48af09f8e479707513247ae96fd6c8f0fd7649b682952115359e1a4ebab2d",
          "clnt_id": "149156  ",
          "sor_proc_ts": "2020-02-09 15:04:58.680926",
          "sor_evt_ts": "2020-02-09 15:04:58.680926",
          "sor_ingt_crt_ts": "2020-05-04 16:01:52.541000",
          "sor_read_ts": "2020-05-12 21:29:18.707000",
          "domn_evt_crt_ts": "2020-05-12 21:29:32",
          "sor_tpic_nm": "reg.tm.raw.srs.trnScheduleActive.v2",
          "domn_evt_meta": "",
          "sor_evt_ts_tz_dst_cd": 100,
          "sor_proc_ts_tz_dst_cd": 100,
          "prim_obj_key": "43e02a4a6633033e3c00bd75804cc33d9f2d3a596252657630f26aac4c7b926b"
        }
      ]
    },
    {
      "name": "dh_loc_asct",
      "data": [
        {
          "asct_key": "e1ed22cb5b50f501fb2f10dfc12987a96359d6b3c718fcd9da1a30fa3363c201",
          "loc_key": "9cb602696ea2b9f78802041d592d9f65e33226ff743b26bd061751bdec231455",
          "asct_obj_key": "0bd7c7c1e1fe4de2ab412d3923d448f9bdbecb8622cac1f5542bd5c71c7bdcdc",
          "act_stus_ind": 1,
          "asct_type_key": "993b8ceb34d2dc32047fccdc4bbf7b0bda96f433c87507dc6b2065c43115059a",
          "loc_type_key": "3243be7c53d81a4ed2e0224d66e8452715f18aaefb95df70de85575b6b070306",
          "asct_obj_type_key": "b6b8a958245d0b4e4df6f399bdc2917e48cfce12061a47639aac681966fb8916",
          "sor_crlt_id": "91cb98108e2011ea9dd50a0d13360000",
          "sys_key": "caf48af09f8e479707513247ae96fd6c8f0fd7649b682952115359e1a4ebab2d",
          "asct_clnt_id": "149156  ",
          "asct_sor_proc_ts": "2020-02-09 15:04:58.680926",
          "sor_evt_ts": "2020-02-09 15:04:58.680926",
          "dasc_clnt_id": null,
          "dasc_sor_proc_ts": null,
          "sor_ingt_crt_ts": "2020-05-04 16:01:52.541000",
          "sor_read_ts": "2020-05-12 21:29:18.707000",
          "domn_evt_crt_ts": "2020-05-12 21:29:32",
          "sor_tpic_nm": "reg.tm.raw.srs.trnScheduleActive.v2",
          "domn_evt_meta": "",
          "prim_obj_key": "43e02a4a6633033e3c00bd75804cc33d9f2d3a596252657630f26aac4c7b926b",
          "sor_evt_ts_tz_dst_cd": 100,
          "sor_proc_ts_tz_dst_cd": 100
        }
      ]
    }
  ]
}