{
  "Kafka_Output": [
    {
      "name": "tc_id_19.ihl_dev_rm.reg.tm.prepared.dhPGLogs.v1",
      "data": [
        {
          "DomainEventHeader": {
            "SOR_INGT_CRT_TS": "2020-05-05T02:32:50.458-04:00",
            "SOR_READ_TS": "2020-05-12 21:29:18.77",
            "DE_CRT_TS": "2020-05-12 21:31:01",
            "SOR_TPIC_NM": "reg.tm.raw.srs.trnScheduleActive.v2",
            "DE_META": ""
          },
          "LocationAssociationDescribed": {
            "Primary_Object_Key": "43e02a4a6633033e3c00bd75804cc33d9f2d3a596252657630f26aac4c7b926b",
            "Domain_Event_Type_Key": "e3b61a2ebf5b23ed3fd8ff58d88a71874f646ec36a6e49d48b10b0c9e3100d05",
            "Association_Key": "a69656de95827e261ad4ffa7f65fe20687acbb60521a482d1f2819d3b87b7015",
            "AssociationCharacteristics": [
              {
                "Association_Characteristic_Key": "427c2d7f422aa2153ec15c957db12a591db10a814a1aa9901dbe39c9ee130c7c",
                "Characteristic_Type_Key": "2cb5b0e9672838ba34acfd341a4d3e8f6e8e95c42fd7bfbe215fe72f2b3904e9",
                "Characteristic_Value": "01020"
              },
              {
                "Association_Characteristic_Key": "24afedac8f5db91eebda32fbbd91d640701e70ca80843409d666de23776e632c",
                "Characteristic_Type_Key": "3e63be23221e9343622003a4bf86fecc5adc4058c7cb146c5fe1911f5c2c7577",
                "Characteristic_Value": " "
              },
              {
                "Association_Characteristic_Key": "24afedac8f5db91eebda32fbbd91d640701e70ca80843409d666de23776e632c",
                "Characteristic_Type_Key": "3e63be23221e9343622003a4bf86fecc5adc4058c7cb146c5fe1911f5c2c7577",
                "Characteristic_Value": "2020-05-05-02.31.04.315624"
              }
            ],
            "Domain_Event_Key": "33f6640d812aebed5c621285d1ea04bf0f15269b8ad457466b953937789f43f2",
            "Correlation_Id": "3de3ef988e9a11ea9dd50a0d13360000",
            "Client_Identification": "PRODSSRS",
            "System_Key": "caf48af09f8e479707513247ae96fd6c8f0fd7649b682952115359e1a4ebab2d",
            "Proc_Ts": "2020-02-09 15:04:58.680926",
            "Proc_Ts_Tz_Dst_Cd": "100",
            "Event_Ts": "2020-02-09 15:04:58.680926",
            "Event_Ts_Tz_Dst_Cd": "100"
          },
          "LogHeader": {
            "ERROR_TO_DE": "ERROR: duplicate key value violates unique constraint xak1location_association_characteristic_domain_event Detail: Key domn_evt_key asct_char_key sor_proc_ts x33336636363430643831326165626564356336323132383564316561303462663066313532363962386164343537343636623935333933373738396634336632 x32346166656461633866356462393165656264613332666262643931643634303730316537306361383038343334303964363636646532333737366536333263 2020 02 09 15:04:58.680926 already exists.",
            "RAW_KAFKA_QUEUE_NAME": "tc_id_19.ihl_dev_rm.reg.tm.prepared.locAsctDsc.v1",
            "SPARK_JOB_NAME": "LocationAssociatedDescribedLoad"
          }
        },
        {
          "DomainEventHeader": {
            "SOR_INGT_CRT_TS": "2020-05-05T02:32:50.458-04:00",
            "SOR_READ_TS": "2020-05-12 21:29:18.77",
            "DE_CRT_TS": "2020-05-12 21:31:01",
            "SOR_TPIC_NM": "reg.tm.raw.srs.trnScheduleActive.v2",
            "DE_META": ""
          },
          "LocationAssociationDescribed": {
            "Primary_Object_Key": "43e02a4a6633033e3c00bd75804cc33d9f2d3a596252657630f26aac4c7b926b",
            "Domain_Event_Type_Key": "e3b61a2ebf5b23ed3fd8ff58d88a71874f646ec36a6e49d48b10b0c9e3100d05",
            "Association_Key": "a69656de95827e261ad4ffa7f65fe20687acbb60521a482d1f2819d3b87b7015",
            "AssociationCharacteristics": [
              {
                "Association_Characteristic_Key": "427c2d7f422aa2153ec15c957db12a591db10a814a1aa9901dbe39c9ee130c7c",
                "Characteristic_Type_Key": "2cb5b0e9672838ba34acfd341a4d3e8f6e8e95c42fd7bfbe215fe72f2b3904e9",
                "Characteristic_Value": "01020"
              },
              {
                "Association_Characteristic_Key": "24afedac8f5db91eebda32fbbd91d640701e70ca80843409d666de23776e632c",
                "Characteristic_Type_Key": "3e63be23221e9343622003a4bf86fecc5adc4058c7cb146c5fe1911f5c2c7577",
                "Characteristic_Value": " "
              },
              {
                "Association_Characteristic_Key": "24afedac8f5db91eebda32fbbd91d640701e70ca80843409d666de23776e632c",
                "Characteristic_Type_Key": "3e63be23221e9343622003a4bf86fecc5adc4058c7cb146c5fe1911f5c2c7577",
                "Characteristic_Value": "2020-05-05-02.31.04.315624"
              }
            ],
            "Domain_Event_Key": "33f6640d812aebed5c621285d1ea04bf0f15269b8ad457466b953937789f43f2",
            "Correlation_Id": "3de3ef988e9a11ea9dd50a0d13360000",
            "Client_Identification": "PRODSSRS",
            "System_Key": "caf48af09f8e479707513247ae96fd6c8f0fd7649b682952115359e1a4ebab2d",
            "Proc_Ts": "2020-02-09 15:04:58.680926",
            "Proc_Ts_Tz_Dst_Cd": "100",
            "Event_Ts": "2020-02-09 15:04:58.680926",
            "Event_Ts_Tz_Dst_Cd": "100"
          },
          "LogHeader": {
            "ERROR_TO_DE": "ERROR: duplicate key value violates unique constraint xak1location_association_characteristic_domain_event Detail: Key domn_evt_key asct_char_key sor_proc_ts x33336636363430643831326165626564356336323132383564316561303462663066313532363962386164343537343636623935333933373738396634336632 x32346166656461633866356462393165656264613332666262643931643634303730316537306361383038343334303964363636646532333737366536333263 2020 02 09 15:04:58.680926 already exists.",
            "RAW_KAFKA_QUEUE_NAME": "tc_id_19.ihl_dev_rm.reg.tm.prepared.locAsctDsc.v1",
            "SPARK_JOB_NAME": "LocationAssociatedDescribedLoad"
          }
        },
        {
          "DomainEventHeader": {
            "SOR_INGT_CRT_TS": "2020-05-05T02:32:50.458-04:00",
            "SOR_READ_TS": "2020-05-12 21:29:18.77",
            "DE_CRT_TS": "2020-05-12 21:31:01",
            "SOR_TPIC_NM": "reg.tm.raw.srs.trnScheduleActive.v2",
            "DE_META": ""
          },
          "LocationAssociationDescribed": {
            "Primary_Object_Key": "43e02a4a6633033e3c00bd75804cc33d9f2d3a596252657630f26aac4c7b926b",
            "Domain_Event_Type_Key": "e3b61a2ebf5b23ed3fd8ff58d88a71874f646ec36a6e49d48b10b0c9e3100d05",
            "Association_Key": "a69656de95827e261ad4ffa7f65fe20687acbb60521a482d1f2819d3b87b7015",
            "AssociationCharacteristics": [
              {
                "Association_Characteristic_Key": "427c2d7f422aa2153ec15c957db12a591db10a814a1aa9901dbe39c9ee130c7c",
                "Characteristic_Type_Key": "2cb5b0e9672838ba34acfd341a4d3e8f6e8e95c42fd7bfbe215fe72f2b3904e9",
                "Characteristic_Value": "01020"
              },
              {
                "Association_Characteristic_Key": "24afedac8f5db91eebda32fbbd91d640701e70ca80843409d666de23776e632c",
                "Characteristic_Type_Key": "3e63be23221e9343622003a4bf86fecc5adc4058c7cb146c5fe1911f5c2c7577",
                "Characteristic_Value": " "
              },
              {
                "Association_Characteristic_Key": "24afedac8f5db91eebda32fbbd91d640701e70ca80843409d666de23776e632c",
                "Characteristic_Type_Key": "3e63be23221e9343622003a4bf86fecc5adc4058c7cb146c5fe1911f5c2c7577",
                "Characteristic_Value": "2020-05-05-02.31.04.315624"
              }
            ],
            "Domain_Event_Key": "33f6640d812aebed5c621285d1ea04bf0f15269b8ad457466b953937789f43f2",
            "Correlation_Id": "3de3ef988e9a11ea9dd50a0d13360000",
            "Client_Identification": "PRODSSRS",
            "System_Key": "caf48af09f8e479707513247ae96fd6c8f0fd7649b682952115359e1a4ebab2d",
            "Proc_Ts": "2020-02-09 15:04:58.680926",
            "Proc_Ts_Tz_Dst_Cd": "100",
            "Event_Ts": "2020-02-09 15:04:58.680926",
            "Event_Ts_Tz_Dst_Cd": "100"
          },
          "LogHeader": {
            "ERROR_TO_DE": "ERROR: duplicate key value violates unique constraint xak1location_association_characteristic_domain_event Detail: Key domn_evt_key asct_char_key sor_proc_ts x33336636363430643831326165626564356336323132383564316561303462663066313532363962386164343537343636623935333933373738396634336632 x34323763326437663432326161323135336563313563393537646231326135393164623130613831346131616139393031646265333963396565313330633763 2020 02 09 15:04:58.680926 already exists.",
            "RAW_KAFKA_QUEUE_NAME": "tc_id_19.ihl_dev_rm.reg.tm.prepared.locAsctDsc.v1",
            "SPARK_JOB_NAME": "LocationAssociatedDescribedLoad"
          }
        },
        {
          "DomainEventHeader": {
            "SOR_INGT_CRT_TS": "2020-05-05T02:32:50.458-04:00",
            "SOR_READ_TS": "2020-05-12 21:29:18.77",
            "DE_CRT_TS": "2020-05-12 21:31:01",
            "SOR_TPIC_NM": "reg.tm.raw.srs.trnScheduleActive.v2",
            "DE_META": ""
          },
          "LocationAssociationDescribed": {
            "Primary_Object_Key": "43e02a4a6633033e3c00bd75804cc33d9f2d3a596252657630f26aac4c7b926b",
            "Domain_Event_Type_Key": "e3b61a2ebf5b23ed3fd8ff58d88a71874f646ec36a6e49d48b10b0c9e3100d05",
            "Association_Key": "a69656de95827e261ad4ffa7f65fe20687acbb60521a482d1f2819d3b87b7015",
            "AssociationCharacteristics": [
              {
                "Association_Characteristic_Key": "427c2d7f422aa2153ec15c957db12a591db10a814a1aa9901dbe39c9ee130c7c",
                "Characteristic_Type_Key": "2cb5b0e9672838ba34acfd341a4d3e8f6e8e95c42fd7bfbe215fe72f2b3904e9",
                "Characteristic_Value": "01020"
              },
              {
                "Association_Characteristic_Key": "24afedac8f5db91eebda32fbbd91d640701e70ca80843409d666de23776e632c",
                "Characteristic_Type_Key": "3e63be23221e9343622003a4bf86fecc5adc4058c7cb146c5fe1911f5c2c7577",
                "Characteristic_Value": " "
              },
              {
                "Association_Characteristic_Key": "24afedac8f5db91eebda32fbbd91d640701e70ca80843409d666de23776e632c",
                "Characteristic_Type_Key": "3e63be23221e9343622003a4bf86fecc5adc4058c7cb146c5fe1911f5c2c7577",
                "Characteristic_Value": "2020-05-05-02.31.04.315624"
              }
            ],
            "Domain_Event_Key": "33f6640d812aebed5c621285d1ea04bf0f15269b8ad457466b953937789f43f2",
            "Correlation_Id": "3de3ef988e9a11ea9dd50a0d13360000",
            "Client_Identification": "PRODSSRS",
            "System_Key": "caf48af09f8e479707513247ae96fd6c8f0fd7649b682952115359e1a4ebab2d",
            "Proc_Ts": "2020-02-09 15:04:58.680926",
            "Proc_Ts_Tz_Dst_Cd": "100",
            "Event_Ts": "2020-02-09 15:04:58.680926",
            "Event_Ts_Tz_Dst_Cd": "100"
          },
          "LogHeader": {
            "ERROR_TO_DE": "ERROR: duplicate key value violates unique constraint xak1location_association_characteristic_domain_event Detail: Key domn_evt_key asct_char_key sor_proc_ts x33336636363430643831326165626564356336323132383564316561303462663066313532363962386164343537343636623935333933373738396634336632 x32346166656461633866356462393165656264613332666262643931643634303730316537306361383038343334303964363636646532333737366536333263 2020 02 09 15:04:58.680926 already exists.",
            "RAW_KAFKA_QUEUE_NAME": "tc_id_19.ihl_dev_rm.reg.tm.prepared.locAsctDsc.v1",
            "SPARK_JOB_NAME": "LocationAssociatedDescribedLoad"
          }
        }
      ]
    }
  ],
  "PostgreSQL_Output": [
    {
      "name": "dh_loc_asct_char_domn_evt",
      "data": [
        {
          "domn_evt_key": "33f6640d812aebed5c621285d1ea04bf0f15269b8ad457466b953937789f43f2",
          "asct_char_key": "427c2d7f422aa2153ec15c957db12a591db10a814a1aa9901dbe39c9ee130c7c",
          "domn_evt_type_key": "e3b61a2ebf5b23ed3fd8ff58d88a71874f646ec36a6e49d48b10b0c9e3100d05",
          "asct_key": "a69656de95827e261ad4ffa7f65fe20687acbb60521a482d1f2819d3b87b7015",
          "char_type_key": "2cb5b0e9672838ba34acfd341a4d3e8f6e8e95c42fd7bfbe215fe72f2b3904e9",
          "char_val": "01020",
          "sor_crlt_id": "3de3ef988e9a11ea9dd50a0d13360000",
          "sys_key": "caf48af09f8e479707513247ae96fd6c8f0fd7649b682952115359e1a4ebab2d",
          "clnt_id": "PRODSSRS",
          "sor_proc_ts": "2020-02-09 15:04:58.680926",
          "sor_evt_ts": "2020-02-09 15:04:58.680926",
          "sor_ingt_crt_ts": "2020-05-05 06:32:50.458000",
          "sor_read_ts": "2020-05-12 21:29:18.770000",
          "domn_evt_crt_ts": "2020-05-12 21:31:01",
          "sor_tpic_nm": "reg.tm.raw.srs.trnScheduleActive.v2",
          "domn_evt_meta": "",
          "sor_evt_ts_tz_dst_cd": 100,
          "sor_proc_ts_tz_dst_cd": 100,
          "prim_obj_key": "43e02a4a6633033e3c00bd75804cc33d9f2d3a596252657630f26aac4c7b926b"
        },
        {
          "domn_evt_key": "33f6640d812aebed5c621285d1ea04bf0f15269b8ad457466b953937789f43f2",
          "asct_char_key": "24afedac8f5db91eebda32fbbd91d640701e70ca80843409d666de23776e632c",
          "domn_evt_type_key": "e3b61a2ebf5b23ed3fd8ff58d88a71874f646ec36a6e49d48b10b0c9e3100d05",
          "asct_key": "a69656de95827e261ad4ffa7f65fe20687acbb60521a482d1f2819d3b87b7015",
          "char_type_key": "3e63be23221e9343622003a4bf86fecc5adc4058c7cb146c5fe1911f5c2c7577",
          "char_val": " ",
          "sor_crlt_id": "3de3ef988e9a11ea9dd50a0d13360000",
          "sys_key": "caf48af09f8e479707513247ae96fd6c8f0fd7649b682952115359e1a4ebab2d",
          "clnt_id": "PRODSSRS",
          "sor_proc_ts": "2020-02-09 15:04:58.680926",
          "sor_evt_ts": "2020-02-09 15:04:58.680926",
          "sor_ingt_crt_ts": "2020-05-05 06:32:50.458000",
          "sor_read_ts": "2020-05-12 21:29:18.770000",
          "domn_evt_crt_ts": "2020-05-12 21:31:01",
          "sor_tpic_nm": "reg.tm.raw.srs.trnScheduleActive.v2",
          "domn_evt_meta": "",
          "sor_evt_ts_tz_dst_cd": 100,
          "sor_proc_ts_tz_dst_cd": 100,
          "prim_obj_key": "43e02a4a6633033e3c00bd75804cc33d9f2d3a596252657630f26aac4c7b926b"
        }
      ]
    },
    {
      "name": "dh_loc_asct_char",
      "data": [
        {
          "asct_key": "a69656de95827e261ad4ffa7f65fe20687acbb60521a482d1f2819d3b87b7015",
          "char_type_key": "2cb5b0e9672838ba34acfd341a4d3e8f6e8e95c42fd7bfbe215fe72f2b3904e9",
          "char_val": "01020",
          "act_stus_ind": 1,
          "sor_crlt_id": "3de3ef988e9a11ea9dd50a0d13360000",
          "sys_key": "caf48af09f8e479707513247ae96fd6c8f0fd7649b682952115359e1a4ebab2d",
          "rpt_clnt_id": "PRODSSRS",
          "rpt_sor_proc_ts": "2020-02-09 15:04:58.680926",
          "sor_evt_ts": "2020-02-09 15:04:58.680926",
          "rmv_clnt_id": null,
          "rmv_sor_proc_ts": null,
          "sor_ingt_crt_ts": "2020-05-05 06:32:50.458000",
          "sor_read_ts": "2020-05-12 21:29:18.770000",
          "domn_evt_crt_ts": "2020-05-12 21:31:01",
          "sor_tpic_nm": "reg.tm.raw.srs.trnScheduleActive.v2",
          "domn_evt_meta": "",
          "prim_obj_key": "43e02a4a6633033e3c00bd75804cc33d9f2d3a596252657630f26aac4c7b926b",
          "sor_evt_ts_tz_dst_cd": 100,
          "sor_proc_ts_tz_dst_cd": 100
        },
        {
          "asct_key": "a69656de95827e261ad4ffa7f65fe20687acbb60521a482d1f2819d3b87b7015",
          "char_type_key": "3e63be23221e9343622003a4bf86fecc5adc4058c7cb146c5fe1911f5c2c7577",
          "char_val": "2020-05-05-02.31.04.315624",
          "act_stus_ind": 1,
          "sor_crlt_id": "3de3ef988e9a11ea9dd50a0d13360000",
          "sys_key": "caf48af09f8e479707513247ae96fd6c8f0fd7649b682952115359e1a4ebab2d",
          "rpt_clnt_id": "PRODSSRS",
          "rpt_sor_proc_ts": "2020-02-09 15:04:58.680926",
          "sor_evt_ts": "2020-02-09 15:04:58.680926",
          "rmv_clnt_id": null,
          "rmv_sor_proc_ts": null,
          "sor_ingt_crt_ts": "2020-05-05 06:32:50.458000",
          "sor_read_ts": "2020-05-12 21:29:18.770000",
          "domn_evt_crt_ts": "2020-05-12 21:31:01",
          "sor_tpic_nm": "reg.tm.raw.srs.trnScheduleActive.v2",
          "domn_evt_meta": "",
          "prim_obj_key": "43e02a4a6633033e3c00bd75804cc33d9f2d3a596252657630f26aac4c7b926b",
          "sor_evt_ts_tz_dst_cd": 100,
          "sor_proc_ts_tz_dst_cd": 100
        }
      ]
    }
  ]
}