{
  "Kafka_Output": [
    {
      "name": "tc_id_54.ihl_dev_rm.reg.transportation.asset-condition-created.prepared.v1",
      "data": [
        {
          "DomainEventHeader": {
            "SOR_INGT_CRT_TS": "2020-08-21T07:08:05.254Z",
            "SOR_TPIC_NM": "tc_id_54.ihl_dev_rm.reg.transportation.locomotive-position.raw.v1",
            "DE_META": ""
          },
          "AssetConditionCreated": {
            "Domain_Event_Type_Key": "e3b61a2ebf5b23ed3fd8ff58d88a71874f646ec36a6e49d48b10b0c9e3100d05",
            "Asset_Key": "89ad06ecdaa72aacc3102356e709823db214e31e3d91d83ca938999e035cb1d4",
            "ConditionCharacteristics": [
              {
                "Condition_Characteristic_Key": "a81c4d8b5b1ac965c47eebc9136a48a1f0d875cb8b62994ac28e56f65336cc05",
                "Characteristic_Type_Key": "af6a730d48880a4e1fbd4f0d3b6b48b6568557fbc74bceb543457b106c57daad",
                "Characteristic_Value": "-88.2183274840914"
              },
              {
                "Condition_Characteristic_Key": "ca2bcd41d421627cb26535f8930b8753a83e83d2e1df4d6fcce0bc20abdc1357",
                "Characteristic_Type_Key": "63b1339bfe1572688e3e42e39d7e6998fb5429f0257868bdaf79ca8b03129905",
                "Characteristic_Value": "43.0281693349193"
              }
            ],
            "Domain_Event_Key": "59e4219c993f3a563446c94010dc7186d3d6f84bff18dcd216504fad66bf1136",
            "Correlation_Id": "8ead69cc-1619-4336-899b-2e6f5b5eb9f1",
            "Client_Identification": "WiTronix",
            "System_Key": "2afbcfe4fe80110984c186a5e26fc5b6a9898a9e032ff4ac730c9d7a7b93afb2",
            "Proc_Ts": "2020-08-21T07:08:05.254Z",
            "Proc_Ts_Tz_Dst_Cd": "100",
            "Event_Ts": "2020-09-23T14:45:53.000-04:00",
            "Event_Ts_Tz_Dst_Cd": "107"
          }
        },
        {
          "DomainEventHeader": {
            "SOR_INGT_CRT_TS": "2020-08-21T07:08:05.254Z",
            "SOR_TPIC_NM": "tc_id_54.ihl_dev_rm.reg.transportation.locomotive-position.raw.v1",
            "DE_META": ""
          },
          "AssetConditionCreated": {
            "Domain_Event_Type_Key": "e3b61a2ebf5b23ed3fd8ff58d88a71874f646ec36a6e49d48b10b0c9e3100d05",
            "Asset_Key": "89ad06ecdaa72aacc3102356e709823db214e31e3d91d83ca938999e035cb1d4",
            "ConditionCharacteristics": [
              {
                "Condition_Characteristic_Key": "a81c4d8b5b1ac965c47eebc9136a48a1f0d875cb8b62994ac28e56f65336cc05",
                "Characteristic_Type_Key": "af6a730d48880a4e1fbd4f0d3b6b48b6568557fbc74bceb543457b106c57daad",
                "Characteristic_Value": "-88.2183274840914"
              },
              {
                "Condition_Characteristic_Key": "ca2bcd41d421627cb26535f8930b8753a83e83d2e1df4d6fcce0bc20abdc1357",
                "Characteristic_Type_Key": "63b1339bfe1572688e3e42e39d7e6998fb5429f0257868bdaf79ca8b03129905",
                "Characteristic_Value": "43.0281693349193"
              }
            ],
            "Domain_Event_Key": "bffa6d4c601a1239aba62d700c6bccbd2783b9089dd810326e27e33522cf00c2",
            "Correlation_Id": "8ead69cc-1619-4336-899b-2e6f5b5eb9f1",
            "Client_Identification": "",
            "System_Key": "2afbcfe4fe80110984c186a5e26fc5b6a9898a9e032ff4ac730c9d7a7b93afb2",
            "Proc_Ts": "2020-08-21T07:08:05.254Z",
            "Proc_Ts_Tz_Dst_Cd": "100",
            "Event_Ts": "2020-09-23T14:45:53.000-04:00",
            "Event_Ts_Tz_Dst_Cd": "107"
          }
        }
      ]
    },
    {
      "name": "tc_id_54.ihl_dev_rm.reg.tm.prepared.rteErr.v1",
      "data": [
        {
          "IngestionHeader": {
            "ING_CRT_TS": "2020-08-21T07:08:05.254Z",
            "PRODUCT_ID": "A234",
            "UUID": null,
            "FORMAT": "JSON"
          },
          "LocoPosition": {
            "HEADER": {
              "LOCOID": "CN2128",
              "EVENTTIMESTAMP": "2020-09-23T14:45:53.000-04:00",
              "TIMEZONECODE": "107",
              "GEOMETRY": "-88.2183274840914,43.0281693349193"
            },
            "PAYLOAD": {
              "SOURCEID": "",
              "POSITIONQUALIFIER": "At",
              "STATIONKEY": "61609",
              "SUBDIVISIONKEY": "435",
              "MILEPOINT": "99.01",
              "ALTITUDE": "820.0",
              "ALTITUDEUNITS": "FT",
              "LOCATIONNAMESOURCE": "CN",
              "STATION": "WAUKESHA",
              "SUBDIVISION": "WAUKESHA",
              "MILEPOINTNAME": "99.01",
              "REGIONID": "1",
              "SUBREGIONID": "08",
              "DIVISIONID": "83",
              "CLUSTERSLIST": "795908,796014,795999",
              "TOKEN": "00000000000000006fd931fafdcd11ea986ca573219b0000"
            }
          },
          "LogHeader": {
            "ERROR_TO_DE": "UUID is NULL",
            "RAW_KAFKA_QUEUE_NAME": "tc_id_54.ihl_dev_rm.reg.transportation.locomotive-position.raw.v1",
            "SPARK_JOB_NAME": "LocomotivePositionDomainFeed"
          }
        }
      ]
    }
  ]
}