{
  "Kafka_Output": [
    {
      "name": "tc_id_55.ihl_dev_rm.reg.tm.prepared.asetCrt.v1",
      "data": [
        {
          "DomainEventHeader": {
            "SOR_INGT_CRT_TS": "2020-09-23 12:42:46.191246",
            "SOR_TPIC_NM": "tc_id_55.ihl_dev_rm.reg.transportation.locomotive-inventory.raw.v1",
            "DE_META": ""
          },
          "AssetCreated": {
            "Domain_Event_Type_Key": "e3b61a2ebf5b23ed3fd8ff58d88a71874f646ec36a6e49d48b10b0c9e3100d05",
            "Asset_Key": "bc6df2c1fe830153d63493890ffe27b48b29ab24baefb3159bc276b12c1c1654",
            "Asset_Type_Key": "08e8d3db4a88f4048af2d4afa8e241965560177eeaa88d8f5eab57e9641c2249",
            "Identification_Type_Key": "632af8c61b7836a1e02bb08c354bf0133be800467913a92b6398858882ed71ac",
            "Identification_Value": "NS3322",
            "Domain_Event_Key": "2e5737032809dc642f02dc9080c560a90b088d80d19760558ed43aab0cd4cbd1",
            "Correlation_Id": "123e4567-e89b-12d3-a456-556642440000",
            "Client_Identification": "SRS-YIT",
            "System_Key": "caf48af09f8e479707513247ae96fd6c8f0fd7649b682952115359e1a4ebab2d",
            "Proc_Ts": "2020-09-23 12:42:46.191246",
            "Proc_Ts_Tz_Dst_Cd": "100",
            "Event_Ts": "2020-01-28 15:15:00.000",
            "Event_Ts_Tz_Dst_Cd": "106"
          }
        }
      ]
    },
    {
      "name": "tc_id_55.ihl_dev_rm.reg.transportation.asset-condition-created.prepared.v1",
      "data": [
        {
          "DomainEventHeader": {
            "SOR_INGT_CRT_TS": "2020-09-23 12:42:46.191246",
            "SOR_TPIC_NM": "tc_id_55.ihl_dev_rm.reg.transportation.locomotive-inventory.raw.v1",
            "DE_META": ""
          },
          "AssetConditionCreated": {
            "Domain_Event_Type_Key": "c7881817d6d6fabbc8c8be4c1a5310d4b02d506473e08a55032dedde16c0b3fa",
            "Asset_Key": "bc6df2c1fe830153d63493890ffe27b48b29ab24baefb3159bc276b12c1c1654",
            "ConditionCharacteristics": [
              {}
            ],
            "Domain_Event_Key": "cb1a7bbb02bf1c1a1ca743d8a44029e036284f3f7777df60b1f2944f691523d6",
            "Correlation_Id": "123e4567-e89b-12d3-a456-556642440000",
            "Client_Identification": "SRS-YIT",
            "System_Key": "caf48af09f8e479707513247ae96fd6c8f0fd7649b682952115359e1a4ebab2d",
            "Proc_Ts": "2020-09-23 12:42:46.191246",
            "Proc_Ts_Tz_Dst_Cd": "100",
            "Event_Ts": "2020-01-28 15:15:00.000",
            "Event_Ts_Tz_Dst_Cd": "106"
          }
        },
        {
          "DomainEventHeader": {
            "SOR_INGT_CRT_TS": "2020-09-23 12:42:46.191246",
            "SOR_TPIC_NM": "tc_id_55.ihl_dev_rm.reg.transportation.locomotive-inventory.raw.v1",
            "DE_META": ""
          },
          "AssetConditionCreated": {
            "Domain_Event_Type_Key": "e3b61a2ebf5b23ed3fd8ff58d88a71874f646ec36a6e49d48b10b0c9e3100d05",
            "Asset_Key": "bc6df2c1fe830153d63493890ffe27b48b29ab24baefb3159bc276b12c1c1654",
            "ConditionCharacteristics": [
              {
                "Condition_Characteristic_Key": "ea76958ddf98c04e1f8b6f24a5cc47fded185a0934ddf2a8c6ec306a777bae1a",
                "Characteristic_Type_Key": "3ce4380d9151bfc571dfa300027e32d0e21b43727aa1fe86a88399bd6a03c9a4",
                "Characteristic_Value": "O"
              },
              {
                "Condition_Characteristic_Key": "c162ad0c645eb64015733c3c5486fd55120d6cf4d52a2064c055d812ae24adf8",
                "Characteristic_Type_Key": "2a04009a57b3f9d53626268239cca9163f437bb0760928eeb6d5755a48b7e830",
                "Characteristic_Value": "LN"
              }
            ],
            "Domain_Event_Key": "2e5737032809dc642f02dc9080c560a90b088d80d19760558ed43aab0cd4cbd1",
            "Correlation_Id": "123e4567-e89b-12d3-a456-556642440000",
            "Client_Identification": "SRS-YIT",
            "System_Key": "caf48af09f8e479707513247ae96fd6c8f0fd7649b682952115359e1a4ebab2d",
            "Proc_Ts": "2020-09-23 12:42:46.191246",
            "Proc_Ts_Tz_Dst_Cd": "100",
            "Event_Ts": "2020-01-28 15:15:00.000",
            "Event_Ts_Tz_Dst_Cd": "106"
          }
        }
      ]
    },
    {
      "name": "tc_id_55.ihl_dev_rm.reg.tm.prepared.asetDsc.v1",
      "data": [
        {
          "DomainEventHeader": {
            "SOR_INGT_CRT_TS": "2020-09-23 12:42:46.191246",
            "SOR_TPIC_NM": "tc_id_55.ihl_dev_rm.reg.transportation.locomotive-inventory.raw.v1",
            "DE_META": ""
          },
          "AssetDescribed": {
            "Domain_Event_Type_Key": "e3b61a2ebf5b23ed3fd8ff58d88a71874f646ec36a6e49d48b10b0c9e3100d05",
            "Asset_Key": "bc6df2c1fe830153d63493890ffe27b48b29ab24baefb3159bc276b12c1c1654",
            "AssetCharacteristics": [
              {
                "Asset_Characteristic_Key": "e1b3fbbf330132787c6b16c36a9e9e12c7f704626042d13fd62e56f35361637f",
                "Characteristic_Type_Key": "1eae340932d52fe2223892cd8950e6af82434a4ab95a09616315ab2e1fbe7f03",
                "Characteristic_Value": "NS3322"
              },
              {
                "Asset_Characteristic_Key": "89780fe22a1726eff89b2e8c17022fde0d62ed21c41f331ecf69de6fbe7dca83",
                "Characteristic_Type_Key": "0ceecb2023d022d41ba741160d893b80e7fa86f533b38ea490ff9d3890a3949a",
                "Characteristic_Value": "E"
              },
              {
                "Asset_Characteristic_Key": "ac2543a4a2121b991b4f5d6226e58447429d28120e8f4daf9f9f833dc04ebfac",
                "Characteristic_Type_Key": "41084f35dd8582b1edc5ea64a11bd1d706be2741413e02b37add40fd534840b6",
                "Characteristic_Value": "F"
              }
            ],
            "Domain_Event_Key": "2e5737032809dc642f02dc9080c560a90b088d80d19760558ed43aab0cd4cbd1",
            "Correlation_Id": "123e4567-e89b-12d3-a456-556642440000",
            "Client_Identification": "SRS-YIT",
            "System_Key": "caf48af09f8e479707513247ae96fd6c8f0fd7649b682952115359e1a4ebab2d",
            "Proc_Ts": "2020-09-23 12:42:46.191246",
            "Proc_Ts_Tz_Dst_Cd": "100",
            "Event_Ts": "2020-01-28 15:15:00.000",
            "Event_Ts_Tz_Dst_Cd": "106"
          }
        }
      ]
    },
    {
      "name": "tc_id_55.ihl_dev_rm.reg.tm.prepared.asetAsct.v1",
      "data": [
        {
          "DomainEventHeader": {
            "SOR_INGT_CRT_TS": "2020-09-23 12:42:46.191246",
            "SOR_TPIC_NM": "tc_id_55.ihl_dev_rm.reg.transportation.locomotive-inventory.raw.v1",
            "DE_META": ""
          },
          "AssetAssociated": {
            "Primary_Object_Key": "bc6df2c1fe830153d63493890ffe27b48b29ab24baefb3159bc276b12c1c1654",
            "Domain_Event_Type_Key": "c7881817d6d6fabbc8c8be4c1a5310d4b02d506473e08a55032dedde16c0b3fa",
            "Asset_Key": "Not Applicable",
            "Asset_Type_Key": "Not Applicable",
            "Associated_Object_Key": "Not Applicable",
            "Associated_Object_Type_Key": "Not Applicable",
            "Association_Key": "Not Applicable",
            "Association_Type_Key": "f704495b434218d4a49f0ca9af97b8bb126553eb50d0f77456b9232e83b9b53e",
            "Domain_Event_Key": "cb1a7bbb02bf1c1a1ca743d8a44029e036284f3f7777df60b1f2944f691523d6",
            "Correlation_Id": "123e4567-e89b-12d3-a456-556642440000",
            "Client_Identification": "SRS-YIT",
            "System_Key": "caf48af09f8e479707513247ae96fd6c8f0fd7649b682952115359e1a4ebab2d",
            "Proc_Ts": "2020-09-23 12:42:46.191246",
            "Proc_Ts_Tz_Dst_Cd": "100",
            "Event_Ts": "2020-01-28 15:15:00.000",
            "Event_Ts_Tz_Dst_Cd": "106"
          }
        },
        {
          "DomainEventHeader": {
            "SOR_INGT_CRT_TS": "2020-09-23 12:42:46.191246",
            "SOR_TPIC_NM": "tc_id_55.ihl_dev_rm.reg.transportation.locomotive-inventory.raw.v1",
            "DE_META": ""
          },
          "AssetAssociated": {
            "Primary_Object_Key": "bc6df2c1fe830153d63493890ffe27b48b29ab24baefb3159bc276b12c1c1654",
            "Domain_Event_Type_Key": "c7881817d6d6fabbc8c8be4c1a5310d4b02d506473e08a55032dedde16c0b3fa",
            "Asset_Key": "Not Applicable",
            "Asset_Type_Key": "Not Applicable",
            "Associated_Object_Key": "Not Applicable",
            "Associated_Object_Type_Key": "Not Applicable",
            "Association_Key": "Not Applicable",
            "Association_Type_Key": "f704495b434218d4a49f0ca9af97b8bb126553eb50d0f77456b9232e83b9b53e",
            "Domain_Event_Key": "cb1a7bbb02bf1c1a1ca743d8a44029e036284f3f7777df60b1f2944f691523d6",
            "Correlation_Id": "123e4567-e89b-12d3-a456-556642440000",
            "Client_Identification": "SRS-YIT",
            "System_Key": "caf48af09f8e479707513247ae96fd6c8f0fd7649b682952115359e1a4ebab2d",
            "Proc_Ts": "2020-09-23 12:42:46.191246",
            "Proc_Ts_Tz_Dst_Cd": "100",
            "Event_Ts": "2020-01-28 15:15:00.000",
            "Event_Ts_Tz_Dst_Cd": "106"
          }
        }
      ]
    },
    {
      "name": "tc_id_55.ihl_dev_rm.reg.tm.prepared.asetAsctDsc.v1",
      "data": [
        {
          "DomainEventHeader": {
            "SOR_INGT_CRT_TS": "2020-09-23 12:42:46.191246",
            "SOR_TPIC_NM": "tc_id_55.ihl_dev_rm.reg.transportation.locomotive-inventory.raw.v1",
            "DE_META": ""
          },
          "AssetAssociationDescribed": {
            "Primary_Object_Key": "bc6df2c1fe830153d63493890ffe27b48b29ab24baefb3159bc276b12c1c1654",
            "Domain_Event_Type_Key": "c7881817d6d6fabbc8c8be4c1a5310d4b02d506473e08a55032dedde16c0b3fa",
            "Association_Key": "",
            "AssociationCharacteristics": [
              {}
            ],
            "Domain_Event_Key": "cb1a7bbb02bf1c1a1ca743d8a44029e036284f3f7777df60b1f2944f691523d6",
            "Correlation_Id": "123e4567-e89b-12d3-a456-556642440000",
            "Client_Identification": "SRS-YIT",
            "System_Key": "caf48af09f8e479707513247ae96fd6c8f0fd7649b682952115359e1a4ebab2d",
            "Proc_Ts": "2020-09-23 12:42:46.191246",
            "Proc_Ts_Tz_Dst_Cd": "100",
            "Event_Ts": "2020-01-28 15:15:00.000",
            "Event_Ts_Tz_Dst_Cd": "106"
          }
        },
        {
          "DomainEventHeader": {
            "SOR_INGT_CRT_TS": "2020-09-23 12:42:46.191246",
            "SOR_TPIC_NM": "tc_id_55.ihl_dev_rm.reg.transportation.locomotive-inventory.raw.v1",
            "DE_META": ""
          },
          "AssetAssociationDescribed": {
            "Primary_Object_Key": "bc6df2c1fe830153d63493890ffe27b48b29ab24baefb3159bc276b12c1c1654",
            "Domain_Event_Type_Key": "c7881817d6d6fabbc8c8be4c1a5310d4b02d506473e08a55032dedde16c0b3fa",
            "Association_Key": "",
            "AssociationCharacteristics": [
              {}
            ],
            "Domain_Event_Key": "cb1a7bbb02bf1c1a1ca743d8a44029e036284f3f7777df60b1f2944f691523d6",
            "Correlation_Id": "123e4567-e89b-12d3-a456-556642440000",
            "Client_Identification": "SRS-YIT",
            "System_Key": "caf48af09f8e479707513247ae96fd6c8f0fd7649b682952115359e1a4ebab2d",
            "Proc_Ts": "2020-09-23 12:42:46.191246",
            "Proc_Ts_Tz_Dst_Cd": "100",
            "Event_Ts": "2020-01-28 15:15:00.000",
            "Event_Ts_Tz_Dst_Cd": "106"
          }
        }
      ]
    },
    {
      "name": "tc_id_55.ihl_dev_rm.reg.tm.prepared.trspEvtRpt.v1",
      "data": [
        {
          "DomainEventHeader": {
            "SOR_INGT_CRT_TS": "2020-09-23 12:42:46.191246",
            "SOR_TPIC_NM": "tc_id_55.ihl_dev_rm.reg.transportation.locomotive-inventory.raw.v1",
            "DE_META": ""
          },
          "TransportationEventReported": {
            "Primary_Object_Key": "bc6df2c1fe830153d63493890ffe27b48b29ab24baefb3159bc276b12c1c1654",
            "Domain_Event_Type_Key": "e3b61a2ebf5b23ed3fd8ff58d88a71874f646ec36a6e49d48b10b0c9e3100d05",
            "Transportation_Event_Key": "bc6df2c1fe830153d63493890ffe27b48b29ab24baefb3159bc276b12c1c1654",
            "Transportation_Event_Type_Key": "fda02cd8241999c41cec8807dd74ffd911c1c59507adc3cebac0c140abb6f219",
            "Transportation_Event_Value": "PCCH",
            "Domain_Event_Key": "2e5737032809dc642f02dc9080c560a90b088d80d19760558ed43aab0cd4cbd1",
            "Correlation_Id": "123e4567-e89b-12d3-a456-556642440000",
            "Client_Identification": "SRS-YIT",
            "System_Key": "caf48af09f8e479707513247ae96fd6c8f0fd7649b682952115359e1a4ebab2d",
            "Proc_Ts": "2020-09-23 12:42:46.191246",
            "Proc_Ts_Tz_Dst_Cd": "100",
            "Event_Ts": "2020-01-28 15:15:00.000",
            "Event_Ts_Tz_Dst_Cd": "106"
          }
        }
      ]
    },
    {
      "name": "tc_id_55.ihl_dev_rm.reg.tm.prepared.trspEvtDsc.v1",
      "data": [
        {
          "DomainEventHeader": {
            "SOR_INGT_CRT_TS": "2020-09-23 12:42:46.191246",
            "SOR_TPIC_NM": "tc_id_55.ihl_dev_rm.reg.transportation.locomotive-inventory.raw.v1",
            "DE_META": ""
          },
          "TransportationEventDescribed": {
            "Primary_Object_Key": "bc6df2c1fe830153d63493890ffe27b48b29ab24baefb3159bc276b12c1c1654",
            "Domain_Event_Type_Key": "e3b61a2ebf5b23ed3fd8ff58d88a71874f646ec36a6e49d48b10b0c9e3100d05",
            "Transportation_Event_Key": "bc6df2c1fe830153d63493890ffe27b48b29ab24baefb3159bc276b12c1c1654",
            "TransportationEventCharacteristics": [
              {
                "Transportation_Event_Characteristic_Key": "7a81c6459d55f27334ae2dd14a78e5b728b5f79254a74a0366132701418f7b69",
                "Characteristic_Type_Key": "4ad95d606bc09078d5afe687ceeed40922882091d5217ca5ad6db6830ab0ffd5",
                "Characteristic_Value": "PC"
              },
              {
                "Transportation_Event_Characteristic_Key": "5422da14958c2bfa969b20a0e23d969f5f2a6167a456f999805ffed3246702ff",
                "Characteristic_Type_Key": "9300bb6a2a6914224df96a63e320eb0677015232d1ad0262494e91672bf220dc",
                "Characteristic_Value": "CH"
              }
            ],
            "Domain_Event_Key": "2e5737032809dc642f02dc9080c560a90b088d80d19760558ed43aab0cd4cbd1",
            "Correlation_Id": "123e4567-e89b-12d3-a456-556642440000",
            "Client_Identification": "SRS-YIT",
            "System_Key": "caf48af09f8e479707513247ae96fd6c8f0fd7649b682952115359e1a4ebab2d",
            "Proc_Ts": "2020-09-23 12:42:46.191246",
            "Proc_Ts_Tz_Dst_Cd": "100",
            "Event_Ts": "2020-01-28 15:15:00.000",
            "Event_Ts_Tz_Dst_Cd": "106"
          }
        },
        {
          "DomainEventHeader": {
            "SOR_INGT_CRT_TS": "2020-09-23 12:42:46.191246",
            "SOR_TPIC_NM": "tc_id_55.ihl_dev_rm.reg.transportation.locomotive-inventory.raw.v1",
            "DE_META": ""
          },
          "TransportationEventDescribed": {
            "Primary_Object_Key": "bc6df2c1fe830153d63493890ffe27b48b29ab24baefb3159bc276b12c1c1654",
            "Domain_Event_Type_Key": "c7881817d6d6fabbc8c8be4c1a5310d4b02d506473e08a55032dedde16c0b3fa",
            "Transportation_Event_Key": "",
            "TransportationEventCharacteristics": [
              {}
            ],
            "Domain_Event_Key": "cb1a7bbb02bf1c1a1ca743d8a44029e036284f3f7777df60b1f2944f691523d6",
            "Correlation_Id": "123e4567-e89b-12d3-a456-556642440000",
            "Client_Identification": "SRS-YIT",
            "System_Key": "caf48af09f8e479707513247ae96fd6c8f0fd7649b682952115359e1a4ebab2d",
            "Proc_Ts": "2020-09-23 12:42:46.191246",
            "Proc_Ts_Tz_Dst_Cd": "100",
            "Event_Ts": "2020-01-28 15:15:00.000",
            "Event_Ts_Tz_Dst_Cd": "106"
          }
        }
      ]
    },
    {
      "name": "tc_id_55.ihl_dev_rm.reg.tm.prepared.trspEvtAsct.v1",
      "data": [
        {
          "DomainEventHeader": {
            "SOR_INGT_CRT_TS": "2020-09-23 12:42:46.191246",
            "SOR_TPIC_NM": "tc_id_55.ihl_dev_rm.reg.transportation.locomotive-inventory.raw.v1",
            "DE_META": ""
          },
          "TransportationEventAssociated": {
            "Primary_Object_Key": "bc6df2c1fe830153d63493890ffe27b48b29ab24baefb3159bc276b12c1c1654",
            "Domain_Event_Type_Key": "8eb3e769649d98d5e896398ded3b7bdb63bdaf6d53f440f4b9a8da51e8f74f40",
            "Association_Key": "e2d3d532ac8c3cd882ffcc3542301f49d3c51e859318583704c90c5ad7b359b2",
            "Association_Type_Key": "f14875e5d958c5950898070f62877f507b4fd345db9db5a46f0b5506943a62da",
            "Transportation_Event_Key": "bc6df2c1fe830153d63493890ffe27b48b29ab24baefb3159bc276b12c1c1654",
            "Transportation_Event_Type_Key": "fda02cd8241999c41cec8807dd74ffd911c1c59507adc3cebac0c140abb6f219",
            "Associated_Object_Key": "fd20869e8340673f6b0406e312faab48dc102455185ed4dbed1a0d2022c27d2f",
            "Associated_Object_Type_Key": "3243be7c53d81a4ed2e0224d66e8452715f18aaefb95df70de85575b6b070306",
            "Domain_Event_Key": "417e74a29734277374cc3d10614c50e453fc0639134ab759fdaf22963496e1d0",
            "Correlation_Id": "123e4567-e89b-12d3-a456-556642440000",
            "Client_Identification": "SRS-YIT",
            "System_Key": "caf48af09f8e479707513247ae96fd6c8f0fd7649b682952115359e1a4ebab2d",
            "Proc_Ts": "2020-09-23 12:42:46.191246",
            "Proc_Ts_Tz_Dst_Cd": "100",
            "Event_Ts": "2020-01-28 15:15:00.000",
            "Event_Ts_Tz_Dst_Cd": "106"
          }
        },
        {
          "DomainEventHeader": {
            "SOR_INGT_CRT_TS": "2020-09-23 12:42:46.191246",
            "SOR_TPIC_NM": "tc_id_55.ihl_dev_rm.reg.transportation.locomotive-inventory.raw.v1",
            "DE_META": ""
          },
          "TransportationEventAssociated": {
            "Primary_Object_Key": "bc6df2c1fe830153d63493890ffe27b48b29ab24baefb3159bc276b12c1c1654",
            "Domain_Event_Type_Key": "c7881817d6d6fabbc8c8be4c1a5310d4b02d506473e08a55032dedde16c0b3fa",
            "Association_Key": "Not Applicable",
            "Association_Type_Key": "Not Applicable",
            "Transportation_Event_Key": "Not Applicable",
            "Transportation_Event_Type_Key": "Not Applicable",
            "Associated_Object_Key": "Not Applicable",
            "Associated_Object_Type_Key": "Not Applicable",
            "Domain_Event_Key": "cb1a7bbb02bf1c1a1ca743d8a44029e036284f3f7777df60b1f2944f691523d6",
            "Correlation_Id": "123e4567-e89b-12d3-a456-556642440000",
            "Client_Identification": "SRS-YIT",
            "System_Key": "caf48af09f8e479707513247ae96fd6c8f0fd7649b682952115359e1a4ebab2d",
            "Proc_Ts": "2020-09-23 12:42:46.191246",
            "Proc_Ts_Tz_Dst_Cd": "100",
            "Event_Ts": "2020-01-28 15:15:00.000",
            "Event_Ts_Tz_Dst_Cd": "106"
          }
        }
      ]
    },
    {
      "name": "tc_id_55.ihl_dev_rm.reg.tm.prepared.trspEvtAsctDsc.v1",
      "data": [
        {
          "DomainEventHeader": {
            "SOR_INGT_CRT_TS": "2020-09-23 12:42:46.191246",
            "SOR_TPIC_NM": "tc_id_55.ihl_dev_rm.reg.transportation.locomotive-inventory.raw.v1",
            "DE_META": ""
          },
          "TransportationEventAssociationDescribed": {
            "Primary_Object_Key": "bc6df2c1fe830153d63493890ffe27b48b29ab24baefb3159bc276b12c1c1654",
            "Domain_Event_Type_Key": "e3b61a2ebf5b23ed3fd8ff58d88a71874f646ec36a6e49d48b10b0c9e3100d05",
            "Association_Key": "e2d3d532ac8c3cd882ffcc3542301f49d3c51e859318583704c90c5ad7b359b2",
            "AssociationCharacteristics": [
              {
                "Association_Characteristic_Key": "8081fd14b6286a9e5881f5193c6a5676bd5ae99617bdb053a1159648b7a7f7d6",
                "Characteristic_Type_Key": "2cb5b0e9672838ba34acfd341a4d3e8f6e8e95c42fd7bfbe215fe72f2b3904e9",
                "Characteristic_Value": "40"
              }
            ],
            "Domain_Event_Key": "cd6acdb92adf1760f73faa5f961d4c237fe59dbea61c20f34d9ca7ab1a0beccd",
            "Correlation_Id": "123e4567-e89b-12d3-a456-556642440000",
            "Client_Identification": "SRS-YIT",
            "System_Key": "caf48af09f8e479707513247ae96fd6c8f0fd7649b682952115359e1a4ebab2d",
            "Proc_Ts": "2020-09-23 12:42:46.191246",
            "Proc_Ts_Tz_Dst_Cd": "100",
            "Event_Ts": "2020-01-28 15:15:00.000",
            "Event_Ts_Tz_Dst_Cd": "106"
          }
        },
        {
          "DomainEventHeader": {
            "SOR_INGT_CRT_TS": "2020-09-23 12:42:46.191246",
            "SOR_TPIC_NM": "tc_id_55.ihl_dev_rm.reg.transportation.locomotive-inventory.raw.v1",
            "DE_META": ""
          },
          "TransportationEventAssociationDescribed": {
            "Primary_Object_Key": "bc6df2c1fe830153d63493890ffe27b48b29ab24baefb3159bc276b12c1c1654",
            "Domain_Event_Type_Key": "c7881817d6d6fabbc8c8be4c1a5310d4b02d506473e08a55032dedde16c0b3fa",
            "Association_Key": "",
            "AssociationCharacteristics": [
              {}
            ],
            "Domain_Event_Key": "cb1a7bbb02bf1c1a1ca743d8a44029e036284f3f7777df60b1f2944f691523d6",
            "Correlation_Id": "123e4567-e89b-12d3-a456-556642440000",
            "Client_Identification": "SRS-YIT",
            "System_Key": "caf48af09f8e479707513247ae96fd6c8f0fd7649b682952115359e1a4ebab2d",
            "Proc_Ts": "2020-09-23 12:42:46.191246",
            "Proc_Ts_Tz_Dst_Cd": "100",
            "Event_Ts": "2020-01-28 15:15:00.000",
            "Event_Ts_Tz_Dst_Cd": "106"
          }
        }
      ]
    },
    {
      "name": "tc_id_55.ihl_dev_rm.reg.tm.prepared.trspEvtRmv.v1",
      "data": [
        {
          "DomainEventHeader": {
            "SOR_INGT_CRT_TS": "2020-09-23 12:42:46.191246",
            "SOR_TPIC_NM": "tc_id_55.ihl_dev_rm.reg.transportation.locomotive-inventory.raw.v1",
            "DE_META": ""
          },
          "TransportationEventRemoved": {
            "Primary_Object_Key": "bc6df2c1fe830153d63493890ffe27b48b29ab24baefb3159bc276b12c1c1654",
            "Domain_Event_Type_Key": "a16c5ba057628866b318f709f5496a7b5e7cc21c1c098ca136e257faab49e0d8",
            "Transportation_Event_Key": "bc6df2c1fe830153d63493890ffe27b48b29ab24baefb3159bc276b12c1c1654",
            "Transportation_Event_Type_Key": "fda02cd8241999c41cec8807dd74ffd911c1c59507adc3cebac0c140abb6f219",
            "Transportation_Event_Value": "PCCH",
            "Domain_Event_Key": "ef467b710c0ee53b9350580842ae8c517d35c08cb9ec99344011f9484ff69e88",
            "Correlation_Id": "123e4567-e89b-12d3-a456-556642440000",
            "Client_Identification": "SRS-YIT",
            "System_Key": "caf48af09f8e479707513247ae96fd6c8f0fd7649b682952115359e1a4ebab2d",
            "Proc_Ts": "2020-09-23 12:42:46.191246",
            "Proc_Ts_Tz_Dst_Cd": "100",
            "Event_Ts": "2020-01-28 15:15:00.000",
            "Event_Ts_Tz_Dst_Cd": "106"
          }
        }
      ]
    },
    {
      "name": "tc_id_55.ihl_dev_rm.reg.tm.prepared.rteErr.v1",
      "data": [
        {
          "IngestionHeader": {
            "ING_CRT_TS": "2020-09-23 12:42:46.191246",
            "PRODUCT_ID": "A107",
            "UUID": null,
            "FORMAT": "JSON"
          },
          "LocomotiveInventory": {
            "LOCO_INIT": "NS",
            "LOCO_NUMB": "3322",
            "CAR_LOC_CD": "O",
            "LOCO_OP_CD": "LN",
            "STN_333": "AIRLINJCT",
            "STN_ST": "OH",
            "TRN_TYPE": "I",
            "TRN_SECT": "1",
            "TRN_SYM": "NS",
            "TRN_DAY": "22",
            "TRN_SEQ_NUMB": "208",
            "WB_ID": "9569-09-22-11.06.04.882020",
            "WB_VRSN": "0",
            "ARR_333": "VANTHOYAR",
            "ARR_ST": "BC",
            "ASGN_TRN_TYPE": "",
            "ASGN_TRN_DAY": "",
            "ASGN_TRN_SECT": "",
            "ASGN_TRN_SYM": "",
            "LOCO_AXLE_CNT": "6",
            "DYN_BRK_RNG_CD": "E",
            "BRK_SYS": "F",
            "EVT_CD": "PC",
            "EVST_CD": "CH",
            "LOG_COUNTER": "1",
            "LOCO_HP": "3000",
            "LOCO_MFR_MODL": "SD40-2",
            "EFFIC_FTR": "0.00",
            "LOCO_UNT_WGHT": "390",
            "OS_LGTH_FT": "69",
            "MAINT_CONTR_ID": "LN",
            "FGN_SYS_CD": "F",
            "LOCO_RCE_CD": "",
            "LOCO_CAB_CD": "",
            "LOCO_BSTR_FLG": "N",
            "LOCO_ETD_FLG": "",
            "LOCO_DFCT_LVL": "",
            "LOCO_AVL_HP": "3000",
            "LOCO_JCD": "",
            "STD_JCD_DESC": "L",
            "DFCT_DT": "NULL",
            "DFCT_TM": "NULL",
            "LOCO_DFCT_LOC": "",
            "LOCO_SPD_RESTR": "65",
            "LOCO_SHOP_FLG": "N",
            "LOCO_LEAD_FLG": "",
            "LOCO_DIR_CD": "U",
            "RPOS_LOCO_CD": "",
            "RPOS_FR_333": "",
            "RPOS_FR_ST": "",
            "RPOS_TO_333": "",
            "RPOS_TO_ST": "",
            "RPOS_DT": "NULL",
            "RPOS_TM": "NULL",
            "PGM_NME": "LOCPI611",
            "ARR_DT": "2020-01-28",
            "STN_SEQ_NBR": "40",
            "COMMENT": "Loco changed by WC-Cutin",
            "OP_RAJP": "CSXT",
            "RPOS_FR_SQN": "0",
            "RPOS_TO_SQN": "0",
            "ARR_SEQ_NBR": "90",
            "DIR_FACING": "B",
            "STNUM_SETOFF": "064830",
            "ORIG_333": "TORMACYAR",
            "ORIG_ST": "ON",
            "EVT_DT": "2020-01-28",
            "EVT_TM": "10:15:00",
            "DIST_MNTN": "3",
            "DSGT_LOCO_IND": "N",
            "LOCL_RESP_IND": "N",
            "MNTC_CNTR": "UN",
            "FUEL_LOC_STN_ABBR": "MACYD",
            "FUEL_DT": "-1",
            "FUEL_TM": "13:46:00",
            "LOCO_FUEL_QTY_CD": "FX",
            "ACT_IND": "Y",
            "ASGN_CD": "R",
            "FUEL_VOL": "2400",
            "FUEL_UNIT": "U",
            "EST_RLSE_DT": "2020-01-29",
            "EST_RLSE_TM": "21:00:00",
            "HI_PRTY_NOTF": "LO09",
            "FRA_IND": "Y",
            "PTC_EQP_IND": "Y",
            "PTC_MSSN_CPBY_IND": "Y",
            "FREE_RUN_IND": "N",
            "PTC_IN_SERV_IND": "N",
            "IBMSNAP_COMMITSEQ": "00d88f9ebe22cbfcc600000000000001",
            "IBMSNAP_INTENTSEQ": "00d88f9ebdf0c5843000000000000001",
            "IBMSNAP_LOGMARKER": "2020-09-22 12:41:22.941119",
            "IBMSNAP_OPERATION": "I"
          },
          "LogHeader": {
            "ERROR_TO_DE": "record.IngestionHeader.UUID is NULL",
            "RAW_KAFKA_QUEUE_NAME": "tc_id_55.ihl_dev_rm.reg.transportation.locomotive-inventory.raw.v1",
            "SPARK_JOB_NAME": "LocomotiveInventoryDomainFeed"
          }
        }
      ]
    }
  ]
}