{
  "Kafka_Output": [
    {
      "name": "tc_id_60.ihl_dev_rm.reg.tm.prepared.busPrtrCrt.v1",
      "data": [
        {
          "DomainEventHeader": {
            "SOR_INGT_CRT_TS": "2020-08-04T12:38:00.480Z",
            "SOR_TPIC_NM": "tc_id_60.ihl_dev_rm.reg.tm.raw.imMtrCarr.v1",
            "DE_META": ""
          },
          "BusinessPartnerCreated": {
            "Domain_Event_Type_Key": "e3b61a2ebf5b23ed3fd8ff58d88a71874f646ec36a6e49d48b10b0c9e3100d05",
            "Business_Partner_Key": "f03396f99b61c26c1fc0bf22158c6077bee389451ddfd9d8d6e5072581cdc8e9",
            "Business_Partner_Type_Key": "225bd7dbabceb5d1adc471b2e9fd51841d156994cbb5e75d4d0142665b07a117",
            "Identification_Type_Key": "befd0e7acdf84613a42b63c70e1d45a9ed7bff7f17b110b2234bffd257fcc1db",
            "Identification_Value": "AAPRODUCE   ",
            "Domain_Event_Key": "3fbcb3c76e282a7a45a7c431085ae2e4623561ad6abdf4c84c532d040d46f54a",
            "Correlation_Id": "4f209e5c-743b-483f-98c8-d3dac375d6ab",
            "Client_Identification": "SRS-IM",
            "System_Key": "ea040811b4e08ab97f7af0971223713a9dc11d6b30bcc906cd8ec7c2b0b38817",
            "Proc_Ts": "2020-08-04T12:38:00.480Z",
            "Proc_Ts_Tz_Dst_Cd": "100",
            "Event_Ts": "2020-08-04T12:38:00.480Z",
            "Event_Ts_Tz_Dst_Cd": "100"
          }
        }
      ]
    },
    {
      "name": "tc_id_60.ihl_dev_rm.reg.tm.prepared.busPrtrCondCrt.v1",
      "data": [
        {
          "DomainEventHeader": {
            "SOR_INGT_CRT_TS": "2020-08-04T12:38:00.480Z",
            "SOR_TPIC_NM": "tc_id_60.ihl_dev_rm.reg.tm.raw.imMtrCarr.v1",
            "DE_META": ""
          },
          "BusinessPartnerConditionCreated": {
            "Domain_Event_Type_Key": "e3b61a2ebf5b23ed3fd8ff58d88a71874f646ec36a6e49d48b10b0c9e3100d05",
            "Business_Partner_Key": "f03396f99b61c26c1fc0bf22158c6077bee389451ddfd9d8d6e5072581cdc8e9",
            "ConditionCharacteristics": [
              {
                "Condition_Characteristic_Key": "c138986cc16a4578077e26d25c560625c7a01652679531cfaa2b2b669208019d",
                "Characteristic_Type_Key": "55821f53a1d132182bec83869f96c8837749609bc4976a3fa0aab11e41b05bd3",
                "Characteristic_Value": "20011211"
              },
              {
                "Condition_Characteristic_Key": "b2ff4f116d4e53c00d39ffc73ae1d62b1a7f12af994d1f5ceecfc25f4f37c593",
                "Characteristic_Type_Key": "42f6a2c985101108c42cc5750bd589f9aabd0f756267253a3d382d8da1d1cb9f",
                "Characteristic_Value": "20990101"
              }
            ],
            "Domain_Event_Key": "3fbcb3c76e282a7a45a7c431085ae2e4623561ad6abdf4c84c532d040d46f54a",
            "Correlation_Id": "4f209e5c-743b-483f-98c8-d3dac375d6ab",
            "Client_Identification": "SRS-IM",
            "System_Key": "ea040811b4e08ab97f7af0971223713a9dc11d6b30bcc906cd8ec7c2b0b38817",
            "Proc_Ts": "2020-08-04T12:38:00.480Z",
            "Proc_Ts_Tz_Dst_Cd": "100",
            "Event_Ts": "2020-08-04T12:38:00.480Z",
            "Event_Ts_Tz_Dst_Cd": "100"
          }
        }
      ]
    },
    {
      "name": "tc_id_60.ihl_dev_rm.reg.tm.prepared.busPrtrDsc.v1",
      "data": [
        {
          "DomainEventHeader": {
            "SOR_INGT_CRT_TS": "2020-08-04T12:38:00.480Z",
            "SOR_TPIC_NM": "tc_id_60.ihl_dev_rm.reg.tm.raw.imMtrCarr.v1",
            "DE_META": ""
          },
          "BusinessPartnerDescribed": {
            "Domain_Event_Type_Key": "e3b61a2ebf5b23ed3fd8ff58d88a71874f646ec36a6e49d48b10b0c9e3100d05",
            "Business_Partner_Key": "f03396f99b61c26c1fc0bf22158c6077bee389451ddfd9d8d6e5072581cdc8e9",
            "BusinessPartnerCharacteristics": [
              {
                "Business_Partner_Characteristic_Key": "930ff4cfb81c4485e62e1475530fadb93ecf7061524b646c1eac4f69d4cc138c",
                "Characteristic_Type_Key": "4decec496637f6cc08fc14b53ee382922684872f988bee4f825c25baa1bc419f",
                "Characteristic_Value": "AAPRODUCE   "
              },
              {
                "Business_Partner_Characteristic_Key": "f5dcd14fc6505bab52bffb1f3e78f331b7b8ae098fa1ad19d2be01d5baea5ebc",
                "Characteristic_Type_Key": "70fbcb21ab4331aea4015b6062e8df8949bc53b8d316e547fede0b14ebe234bd",
                "Characteristic_Value": "AAAE "
              }
            ],
            "Domain_Event_Key": "3fbcb3c76e282a7a45a7c431085ae2e4623561ad6abdf4c84c532d040d46f54a",
            "Correlation_Id": "4f209e5c-743b-483f-98c8-d3dac375d6ab",
            "Client_Identification": "SRS-IM",
            "System_Key": "ea040811b4e08ab97f7af0971223713a9dc11d6b30bcc906cd8ec7c2b0b38817",
            "Proc_Ts": "2020-08-04T12:38:00.480Z",
            "Proc_Ts_Tz_Dst_Cd": "100",
            "Event_Ts": "2020-08-04T12:38:00.480Z",
            "Event_Ts_Tz_Dst_Cd": "100"
          }
        }
      ]
    },
    {
      "name": "tc_id_60.ihl_dev_rm.reg.tm.prepared.busPrtrRmv.v1",
      "data": []
    },
    {
      "name": "tc_id_60.ihl_dev_rm.reg.tm.prepared.rteErr.v1",
      "data": [
        {
          "IngestionHeader": {
            "ING_CRT_TS": "2020-08-04T12:38:00.480Z",
            "PRODUCT_ID": "A195",
            "UUID": null,
            "FORMAT": "JSON"
          },
          "MotorCarrier": {
            "MTY_OG_LD_IG": "0",
            "TRKR_IC_ABBR": "AAAE ",
            "IBMSNAP_OPERATION": "U",
            "LD_OG_MTY_IG": "0",
            "AGRM_EFFECT_DT": "20011211",
            "IBMSNAP_LOGMARKER": "2020-08-04 08:05:49.190308",
            "AGRM_EXPIRE_DT": "20990101",
            "LD_OG_LD_IG": "0",
            "TRKR_TIER2_DY": "0",
            "IBMSNAP_INTENTSEQ": "00d851c5c2b74261c400000000000001",
            "AGRM_CREATE_DT": "        ",
            "STN_333": "         ",
            "TEL_EXT": "    ",
            "LD_OG_PNLT": "0",
            "EXCP_RATE_FLG": " ",
            "LUSED_CONTR_DT": "            ",
            "TRKR_TYP_CONTR": "    ",
            "TRKR_TIER2_RT": "0.00",
            "NOTE_CODE": " ",
            "TEL_NUMB": "    ",
            "EQP_INIT": "    ",
            "MTY_OG_MTY_IG": "0",
            "TRKR_TIER3_DY": "0",
            "CARR_ABBR": "    ",
            "TRKR_TIER1_DY": "0",
            "IBMSNAP_COMMITSEQ": "00d851c5c2bc8a4dc400000000000001",
            "TRKR_633": "AAPRODUCE   ",
            "MTY_OG_PNLT": "0",
            "PTRN_CD": "          ",
            "STN_ST": "  ",
            "TRKR_TIER1_RT": "0.00",
            "CONTR_SUSP_DT": "        ",
            "TEL_ACD": "   ",
            "EQP_NUMB": "          ",
            "TRKR_AVG_AGRM": " ",
            "TRKR_TIER3_RT": "0.00",
            "TRKR_STS_RT": "0.00"
          },
          "LogHeader": {
            "ERROR_TO_DE": "UUID is NULL",
            "RAW_KAFKA_QUEUE_NAME": "tc_id_60.ihl_dev_rm.reg.tm.raw.imMtrCarr.v1",
            "SPARK_JOB_NAME": "MotorCarrierDomainFeed"
          }
        }
      ]
    }
  ]
}