{
  "Kafka_Output": [
    {
      "name": "tc_id_46.ihl_dev_rm.reg.tm.prepared.dhPGLogs.v1",
      "data": [
        {
          "DomainEventHeader": {
            "SOR_INGT_CRT_TS": "2020-09-23T12:42:46.191Z",
            "SOR_READ_TS": "2020-10-23 13:15:28.74",
            "DE_CRT_TS": "2020-10-23 13:15:50",
            "SOR_TPIC_NM": "reg.tm.raw.voyageSeg.v1",
            "DE_META": ""
          },
          "PlannedEventDisassociated": {
            "Primary_Object_Key": "ae89946214d83fd4c6db39d4af9a3d7678fcac6f0a31f96e7f5b533fd20f8c27",
            "Domain_Event_Type_Key": "6507636563e2e4ffa97ea69a5b9fd2f2a80b36f429264e6db469c2da8c539f2c",
            "Association_Key": "a84adb8ce5b473b980137e700ee17e9ea4051ee05d037be9da81c83de9997845",
            "Association_Type_Key": "b3293bed343abbbf8008770a716c5f68fdc0c26cd416f7adab5da965d9409076",
            "Planned_Event_Key": "4245d94c633b1b197b0197410c4185934a5bf27720fc225ec7a558fe4f4113fa",
            "Planned_Event_Type_Key": "ff96c8c59fc6539352fd9fb7b89cb06396e2090234b4bd52017010ad72c58ce3",
            "Associated_Object_Key": "c79b8c00de359d7849dfc104144c61b4c1330fbd3364cb1693fab0411037f106",
            "Associated_Object_Type_Key": "2e7511ebde345fade6957c5d2a07e826e100c7f436832f1aa4f2045881709876",
            "Domain_Event_Key": "60ac1969f1c14d4d85f038d8d1bb3b6b9411b40966b88e4c5269ad6cae869557",
            "Correlation_Id": "123e4567-e89b-12d3-a456-556642440000",
            "Client_Identification": "SRS-IM",
            "System_Key": "ea040811b4e08ab97f7af0971223713a9dc11d6b30bcc906cd8ec7c2b0b38817",
            "Proc_Ts": "2020-09-23T12:42:46.191Z",
            "Proc_Ts_Tz_Dst_Cd": "100",
            "Event_Ts": "2020-09-23T12:42:46.191Z",
            "Event_Ts_Tz_Dst_Cd": "100"
          },
          "LogHeader": {
            "ERROR_TO_DE": "ERROR: duplicate key value violates unique constraint xak1planned_event_association_domain_event Detail: Key domn_evt_key sor_proc_ts x36306163313936396631633134643464383566303338643864316262336236623934313162343039363662383865346335323639616436636165383639353537 2020 09 23 12:42:46.191 already exists.",
            "RAW_KAFKA_QUEUE_NAME": "tc_id_46.ihl_dev_rm.reg.tm.prepared.planEvtDasc.v1",
            "SPARK_JOB_NAME": "PlannedEventDisassociatedLoad"
          }
        }
      ]
    }
  ],
  "PostgreSQL_Output": [
    {
      "name": "dh_plan_evt_asct_domn_evt",
      "data": [
        {
          "domn_evt_key": "60ac1969f1c14d4d85f038d8d1bb3b6b9411b40966b88e4c5269ad6cae869557",
          "domn_evt_type_key": "6507636563e2e4ffa97ea69a5b9fd2f2a80b36f429264e6db469c2da8c539f2c",
          "plan_evt_key": "4245d94c633b1b197b0197410c4185934a5bf27720fc225ec7a558fe4f4113fa",
          "plan_evt_type_key": "ff96c8c59fc6539352fd9fb7b89cb06396e2090234b4bd52017010ad72c58ce3",
          "asct_key": "a84adb8ce5b473b980137e700ee17e9ea4051ee05d037be9da81c83de9997845",
          "asct_type_key": "b3293bed343abbbf8008770a716c5f68fdc0c26cd416f7adab5da965d9409076",
          "asct_obj_key": "c79b8c00de359d7849dfc104144c61b4c1330fbd3364cb1693fab0411037f106",
          "asct_obj_type_key": "2e7511ebde345fade6957c5d2a07e826e100c7f436832f1aa4f2045881709876",
          "sor_crlt_id": "123e4567-e89b-12d3-a456-556642440000",
          "sys_key": "ea040811b4e08ab97f7af0971223713a9dc11d6b30bcc906cd8ec7c2b0b38817",
          "clnt_id": "SRS-IM",
          "sor_proc_ts": "2020-09-23 12:42:46.191000",
          "sor_evt_ts": "2020-09-23 12:42:46.191000",
          "sor_ingt_crt_ts": "2020-09-23 12:42:46.191000",
          "sor_read_ts": "2020-10-23 13:15:28.740000",
          "domn_evt_crt_ts": "2020-10-23 13:15:50",
          "sor_tpic_nm": "reg.tm.raw.voyageSeg.v1",
          "domn_evt_meta": "",
          "sor_evt_ts_tz_dst_cd": 100,
          "sor_proc_ts_tz_dst_cd": 100,
          "prim_obj_key": "ae89946214d83fd4c6db39d4af9a3d7678fcac6f0a31f96e7f5b533fd20f8c27"
        }
      ]
    },
    {
      "name": "dh_plan_evt_asct",
      "data": [
        {
          "asct_key": "a84adb8ce5b473b980137e700ee17e9ea4051ee05d037be9da81c83de9997845",
          "plan_evt_key": "4245d94c633b1b197b0197410c4185934a5bf27720fc225ec7a558fe4f4113fa",
          "asct_obj_key": "c79b8c00de359d7849dfc104144c61b4c1330fbd3364cb1693fab0411037f106",
          "act_stus_ind": 0,
          "asct_type_key": "b3293bed343abbbf8008770a716c5f68fdc0c26cd416f7adab5da965d9409076",
          "plan_evt_type_key": "ff96c8c59fc6539352fd9fb7b89cb06396e2090234b4bd52017010ad72c58ce3",
          "asct_obj_type_key": "2e7511ebde345fade6957c5d2a07e826e100c7f436832f1aa4f2045881709876",
          "sor_crlt_id": "123e4567-e89b-12d3-a456-556642440000",
          "sys_key": "ea040811b4e08ab97f7af0971223713a9dc11d6b30bcc906cd8ec7c2b0b38817",
          "asct_clnt_id": null,
          "asct_sor_proc_ts": null,
          "sor_proc_ts": "2020-09-23 12:42:46.191000",
          "dasc_clnt_id": "SRS-IM",
          "dasc_sor_proc_ts": "2020-09-23 12:42:46.191000",
          "sor_evt_ts": "2020-09-23 12:42:46.191000",
          "sor_ingt_crt_ts": "2020-09-23 12:42:46.191000",
          "sor_read_ts": "2020-10-23 13:15:28.740000",
          "domn_evt_crt_ts": "2020-10-23 13:15:50",
          "sor_tpic_nm": "reg.tm.raw.voyageSeg.v1",
          "domn_evt_meta": "",
          "prim_obj_key": "ae89946214d83fd4c6db39d4af9a3d7678fcac6f0a31f96e7f5b533fd20f8c27",
          "sor_evt_ts_tz_dst_cd": 100,
          "sor_proc_ts_tz_dst_cd": 100
        }
      ]
    }
  ]
}