{
  "Kafka_Output": [
    {
      "name": "tc_id_21.ihl_dev_rm.reg.tm.prepared.dhPGLogs.v1",
      "data": [
        {
          "DomainEventHeader": {
            "SOR_INGT_CRT_TS": "2020-06-08T17:28:41.177-04:00",
            "SOR_READ_TS": "2020-10-22 18:16:14.855",
            "DE_CRT_TS": "2020-10-22 18:20:27",
            "SOR_TPIC_NM": "reg.tm.raw.srs.trnScheduleActive.v2",
            "DE_META": ""
          },
          "PlannedEventAssociated": {
            "Primary_Object_Key": "ca9ca14f6cbdff5b2354cba59d68e361e25809660069e2bacc24dff843a9c209",
            "Domain_Event_Type_Key": "8eb3e769649d98d5e896398ded3b7bdb63bdaf6d53f440f4b9a8da51e8f74f40",
            "Association_Key": "a84adb8ce5b473b980137e700ee17e9ea4051ee05d037be9da81c83de9997845",
            "Association_Type_Key": "b3293bed343abbbf8008770a716c5f68fdc0c26cd416f7adab5da965d9409076",
            "Planned_Event_Key": "31482a9784f5844c380e3f0d0f70904135c72ba1a146004053ad54d503419bdb",
            "Planned_Event_Type_Key": "ae0855207c7230e4e71ae66145acd1dd9be658fe7ef689fc459c5e608a53fa9c",
            "Associated_Object_Key": "81e82d8fef035447218ffa3f013d882654f68bdcfad038e313e0d62fcdef266e",
            "Associated_Object_Type_Key": "b6b8a958245d0b4e4df6f399bdc2917e48cfce12061a47639aac681966fb8916",
            "Domain_Event_Key": "21e15d1b8627fb80e704569ebf94372e21b59c6a5c0342a99df759ff2125f7fc",
            "Correlation_Id": "05c779fea9cf11eab9f2a573219c0000",
            "Client_Identification": "157854",
            "System_Key": "caf48af09f8e479707513247ae96fd6c8f0fd7649b682952115359e1a4ebab2d",
            "Proc_Ts": "2020-06-08 21:28:37.361206",
            "Proc_Ts_Tz_Dst_Cd": "100",
            "Event_Ts": "2020-06-08 21:28:37.361206",
            "Event_Ts_Tz_Dst_Cd": "100"
          },
          "LogHeader": {
            "ERROR_TO_DE": "ERROR: duplicate key value violates unique constraint xak1planned_event_association_domain_event Detail: Key domn_evt_key sor_proc_ts x32316531356431623836323766623830653730343536396562663934333732653231623539633661356330333432613939646637353966663231323566376663 2020 06 08 21:28:37.361206 already exists.",
            "RAW_KAFKA_QUEUE_NAME": "tc_id_21.ihl_dev_rm.reg.tm.prepared.planEvtAsct.v1",
            "SPARK_JOB_NAME": "PlannedEventAssociationLoad"
          }
        }
      ]
    }
  ],
  "PostgreSQL_Output": [
    {
      "name": "dh_plan_evt_asct_domn_evt",
      "data": [
        {
          "domn_evt_key": "21e15d1b8627fb80e704569ebf94372e21b59c6a5c0342a99df759ff2125f7fc",
          "domn_evt_type_key": "8eb3e769649d98d5e896398ded3b7bdb63bdaf6d53f440f4b9a8da51e8f74f40",
          "plan_evt_key": "31482a9784f5844c380e3f0d0f70904135c72ba1a146004053ad54d503419bdb",
          "plan_evt_type_key": "ae0855207c7230e4e71ae66145acd1dd9be658fe7ef689fc459c5e608a53fa9c",
          "asct_key": "a84adb8ce5b473b980137e700ee17e9ea4051ee05d037be9da81c83de9997845",
          "asct_type_key": "b3293bed343abbbf8008770a716c5f68fdc0c26cd416f7adab5da965d9409076",
          "asct_obj_key": "81e82d8fef035447218ffa3f013d882654f68bdcfad038e313e0d62fcdef266e",
          "asct_obj_type_key": "b6b8a958245d0b4e4df6f399bdc2917e48cfce12061a47639aac681966fb8916",
          "sor_crlt_id": "05c779fea9cf11eab9f2a573219c0000",
          "sys_key": "caf48af09f8e479707513247ae96fd6c8f0fd7649b682952115359e1a4ebab2d",
          "clnt_id": "157854",
          "sor_proc_ts": "2020-06-08 21:28:37.361206",
          "sor_evt_ts": "2020-06-08 21:28:37.361206",
          "sor_ingt_crt_ts": "2020-06-08 21:28:41.177000",
          "sor_read_ts": "2020-10-22 18:16:14.855000",
          "domn_evt_crt_ts": "2020-10-22 18:20:27",
          "sor_tpic_nm": "reg.tm.raw.srs.trnScheduleActive.v2",
          "domn_evt_meta": "",
          "sor_evt_ts_tz_dst_cd": 100,
          "sor_proc_ts_tz_dst_cd": 100,
          "prim_obj_key": "ca9ca14f6cbdff5b2354cba59d68e361e25809660069e2bacc24dff843a9c209"
        }
      ]
    },
    {
      "name": "dh_plan_evt_asct",
      "data": [
        {
          "asct_key": "a84adb8ce5b473b980137e700ee17e9ea4051ee05d037be9da81c83de9997845",
          "plan_evt_key": "31482a9784f5844c380e3f0d0f70904135c72ba1a146004053ad54d503419bdb",
          "asct_obj_key": "81e82d8fef035447218ffa3f013d882654f68bdcfad038e313e0d62fcdef266e",
          "act_stus_ind": 1,
          "asct_type_key": "b3293bed343abbbf8008770a716c5f68fdc0c26cd416f7adab5da965d9409076",
          "plan_evt_type_key": "ae0855207c7230e4e71ae66145acd1dd9be658fe7ef689fc459c5e608a53fa9c",
          "asct_obj_type_key": "b6b8a958245d0b4e4df6f399bdc2917e48cfce12061a47639aac681966fb8916",
          "sor_crlt_id": "05c779fea9cf11eab9f2a573219c0000",
          "sys_key": "caf48af09f8e479707513247ae96fd6c8f0fd7649b682952115359e1a4ebab2d",
          "asct_clnt_id": "157854",
          "asct_sor_proc_ts": "2020-06-08 21:28:37.361206",
          "sor_proc_ts": "2020-06-08 21:28:37.361206",
          "dasc_clnt_id": null,
          "dasc_sor_proc_ts": null,
          "sor_evt_ts": "2020-06-08 21:28:37.361206",
          "sor_ingt_crt_ts": "2020-06-08 21:28:41.177000",
          "sor_read_ts": "2020-10-22 18:16:14.855000",
          "domn_evt_crt_ts": "2020-10-22 18:20:27",
          "sor_tpic_nm": "reg.tm.raw.srs.trnScheduleActive.v2",
          "domn_evt_meta": "",
          "prim_obj_key": "ca9ca14f6cbdff5b2354cba59d68e361e25809660069e2bacc24dff843a9c209",
          "sor_evt_ts_tz_dst_cd": 100,
          "sor_proc_ts_tz_dst_cd": 100
        }
      ]
    }
  ]
}