{
  "Kafka_Output": [
    {
      "name": "tc_id_23.ihl_dev_rm.reg.tm.prepared.dhPGLogs.v1",
      "data": [
        {
          "DomainEventHeader": {
            "SOR_INGT_CRT_TS": "2020-05-05T02:33:00.566-04:00",
            "SOR_READ_TS": "2020-05-12 21:29:18.873",
            "DE_CRT_TS": "2020-05-12 21:29:55",
            "SOR_TPIC_NM": "reg.tm.raw.srs.trnScheduleActive.v2",
            "DE_META": ""
          },
          "PlannedEventReported": {
            "Primary_Object_Key": "43e02a4a6633033e3c00bd75804cc33d9f2d3a596252657630f26aac4c7b926b",
            "Domain_Event_Type_Key": "e3b61a2ebf5b23ed3fd8ff58d88a71874f646ec36a6e49d48b10b0c9e3100d05",
            "Planned_Event_Key": "94b7235e4200d7779bdee13e764f8d03d596ae7aa41c5d2bdc1ad6c53b9a6640",
            "Planned_Event_Type_Key": "ae0855207c7230e4e71ae66145acd1dd9be658fe7ef689fc459c5e608a53fa9c",
            "Planned_Event_Value": "Departure",
            "Domain_Event_Key": "d649e1648327ca0ff815f752e34a492fa8d4984e8fc1543fd1635737109da5c1",
            "Correlation_Id": "43fdd1288e9a11ea9dd50a0d13360000",
            "Client_Identification": "PRODSSRS",
            "System_Key": "caf48af09f8e479707513247ae96fd6c8f0fd7649b682952115359e1a4ebab2d",
            "Proc_Ts": "2020-02-09 15:04:58.680926",
            "Proc_Ts_Tz_Dst_Cd": "100",
            "Event_Ts": "2020-02-09 15:04:58.680926",
            "Event_Ts_Tz_Dst_Cd": "100"
          },
          "LogHeader": {
            "ERROR_TO_DE": "ERROR: duplicate key value violates unique constraint xak1planned_event_domain_event Detail: Key domn_evt_key sor_proc_ts x64363439653136343833323763613066663831356637353265333461343932666138643439383465386663313534336664313633353733373130396461356331 2020 02 09 15:04:58.680926 already exists.",
            "RAW_KAFKA_QUEUE_NAME": "tc_id_23.ihl_dev_rm.reg.tm.prepared.planEvtRpt.v1",
            "SPARK_JOB_NAME": "PlannedEventReportedLoad"
          }
        }
      ]
    }
  ],
  "PostgreSQL_Output": [
    {
      "name": "dh_plan_evt_domn_evt",
      "data": [
        {
          "domn_evt_key": "d649e1648327ca0ff815f752e34a492fa8d4984e8fc1543fd1635737109da5c1",
          "domn_evt_type_key": "e3b61a2ebf5b23ed3fd8ff58d88a71874f646ec36a6e49d48b10b0c9e3100d05",
          "plan_evt_key": "94b7235e4200d7779bdee13e764f8d03d596ae7aa41c5d2bdc1ad6c53b9a6640",
          "plan_evt_type_key": "ae0855207c7230e4e71ae66145acd1dd9be658fe7ef689fc459c5e608a53fa9c",
          "plan_evt_val": "Departure",
          "sor_crlt_id": "43fdd1288e9a11ea9dd50a0d13360000",
          "sys_key": "caf48af09f8e479707513247ae96fd6c8f0fd7649b682952115359e1a4ebab2d",
          "clnt_id": "PRODSSRS",
          "sor_proc_ts": "2020-02-09 15:04:58.680926",
          "sor_evt_ts": "2020-02-09 15:04:58.680926",
          "sor_ingt_crt_ts": "2020-05-05 06:33:00.566000",
          "sor_read_ts": "2020-05-12 21:29:18.873000",
          "domn_evt_crt_ts": "2020-05-12 21:29:55",
          "sor_tpic_nm": "reg.tm.raw.srs.trnScheduleActive.v2",
          "domn_evt_meta": "",
          "sor_evt_ts_tz_dst_cd": 100,
          "sor_proc_ts_tz_dst_cd": 100,
          "prim_obj_key": "43e02a4a6633033e3c00bd75804cc33d9f2d3a596252657630f26aac4c7b926b"
        }
      ]
    },
    {
      "name": "dh_plan_evt",
      "data": [
        {
          "plan_evt_key": "94b7235e4200d7779bdee13e764f8d03d596ae7aa41c5d2bdc1ad6c53b9a6640",
          "plan_evt_type_key": "ae0855207c7230e4e71ae66145acd1dd9be658fe7ef689fc459c5e608a53fa9c",
          "plan_evt_val": "Departure",
          "sor_crlt_id": "43fdd1288e9a11ea9dd50a0d13360000",
          "sys_key": "caf48af09f8e479707513247ae96fd6c8f0fd7649b682952115359e1a4ebab2d",
          "rpt_clnt_id": "PRODSSRS",
          "rpt_sor_proc_ts": "2020-02-09 15:04:58.680926",
          "sor_evt_ts": "2020-02-09 15:04:58.680926",
          "act_stus_ind": 1,
          "rmv_clnt_id": null,
          "rmv_sor_proc_ts": null,
          "sor_ingt_crt_ts": "2020-05-05 06:33:00.566000",
          "sor_read_ts": "2020-05-12 21:29:18.873000",
          "domn_evt_crt_ts": "2020-05-12 21:29:55",
          "sor_tpic_nm": "reg.tm.raw.srs.trnScheduleActive.v2",
          "domn_evt_meta": "",
          "prim_obj_key": "43e02a4a6633033e3c00bd75804cc33d9f2d3a596252657630f26aac4c7b926b",
          "sor_evt_ts_tz_dst_cd": 100,
          "sor_proc_ts_tz_dst_cd": 100
        }
      ]
    }
  ]
}