{
  "Kafka_Output": [
    {
      "name": "tc_id_22.ihl_dev_rm.reg.tm.prepared.dhPGLogs.v1",
      "data": [
        {
          "DomainEventHeader": {
            "SOR_INGT_CRT_TS": "2020-05-05T02:32:55.535-04:00",
            "SOR_READ_TS": "2020-05-12 21:29:19.185",
            "DE_CRT_TS": "2020-05-12 21:29:56",
            "SOR_TPIC_NM": "reg.tm.raw.srs.trnScheduleActive.v2",
            "DE_META": ""
          },
          "PlannedEventDescribed": {
            "Primary_Object_Key": "43e02a4a6633033e3c00bd75804cc33d9f2d3a596252657630f26aac4c7b926b",
            "Domain_Event_Type_Key": "e3b61a2ebf5b23ed3fd8ff58d88a71874f646ec36a6e49d48b10b0c9e3100d05",
            "Planned_Event_Key": "b95b3b3523455f06eb133934b34d84a957ec9216d40aa4afc145549a4ebba5cf",
            "PlannedEventCharacteristics": [
              {
                "Planned_Event_Characteristic_Key": "1655076069afd70aa95b4050bd653a1335ddbd25d0971f856ce59859bb3f289c",
                "Characteristic_Type_Key": "0dcad3d39c2aaee059932060e8bdabd760c18ff02ad1be8b62204da8d0f07488",
                "Characteristic_Value": "2020-05-16 04:54:00.0"
              },
              {
                "Planned_Event_Characteristic_Key": "0603b789fcf8f5850115da13b852fef6ff2985526140fb863ee9a098bfd5a005",
                "Characteristic_Type_Key": "94266c7f69395702e702f923aa2d7cb583118d289fa4f4122833035ddcaac27c",
                "Characteristic_Value": "voie d'entreposage                                                    "
              }
            ],
            "Domain_Event_Key": "32f4413bb6b9eeca42d85f9f081bc8bf3257b6ab0f19d1b30b84368decc7af32",
            "Correlation_Id": "40ed053a8e9a11ea9dd50a0d13360000",
            "Client_Identification": "PRODSSRS",
            "System_Key": "caf48af09f8e479707513247ae96fd6c8f0fd7649b682952115359e1a4ebab2d",
            "Proc_Ts": "2020-02-09 15:04:58.680926",
            "Proc_Ts_Tz_Dst_Cd": "100",
            "Event_Ts": "2020-02-09 15:04:58.680926",
            "Event_Ts_Tz_Dst_Cd": "100"
          },
          "LogHeader": {
            "ERROR_TO_DE": "ERROR: duplicate key value violates unique constraint xak1planned_event_characteristic_domain_event Detail: Key domn_evt_key plan_evt_char_key sor_proc_ts x33326634343133626236623965656361343264383566396630383162633862663332353762366162306631396431623330623834333638646563633761663332 x30363033623738396663663866353835303131356461313362383532666566366666323938353532363134306662383633656539613039386266643561303035 2020 02 09 15:04:58.680926 already exists.",
            "RAW_KAFKA_QUEUE_NAME": "tc_id_22.ihl_dev_rm.reg.tm.prepared.planEvtDsc.v1",
            "SPARK_JOB_NAME": "PlannedEventDescribedLoad"
          }
        },
        {
          "DomainEventHeader": {
            "SOR_INGT_CRT_TS": "2020-05-05T02:32:55.535-04:00",
            "SOR_READ_TS": "2020-05-12 21:29:19.185",
            "DE_CRT_TS": "2020-05-12 21:29:56",
            "SOR_TPIC_NM": "reg.tm.raw.srs.trnScheduleActive.v2",
            "DE_META": ""
          },
          "PlannedEventDescribed": {
            "Primary_Object_Key": "43e02a4a6633033e3c00bd75804cc33d9f2d3a596252657630f26aac4c7b926b",
            "Domain_Event_Type_Key": "e3b61a2ebf5b23ed3fd8ff58d88a71874f646ec36a6e49d48b10b0c9e3100d05",
            "Planned_Event_Key": "b95b3b3523455f06eb133934b34d84a957ec9216d40aa4afc145549a4ebba5cf",
            "PlannedEventCharacteristics": [
              {
                "Planned_Event_Characteristic_Key": "1655076069afd70aa95b4050bd653a1335ddbd25d0971f856ce59859bb3f289c",
                "Characteristic_Type_Key": "0dcad3d39c2aaee059932060e8bdabd760c18ff02ad1be8b62204da8d0f07488",
                "Characteristic_Value": "2020-05-16 04:54:00.0"
              },
              {
                "Planned_Event_Characteristic_Key": "0603b789fcf8f5850115da13b852fef6ff2985526140fb863ee9a098bfd5a005",
                "Characteristic_Type_Key": "94266c7f69395702e702f923aa2d7cb583118d289fa4f4122833035ddcaac27c",
                "Characteristic_Value": "voie d'entreposage                                                    "
              }
            ],
            "Domain_Event_Key": "32f4413bb6b9eeca42d85f9f081bc8bf3257b6ab0f19d1b30b84368decc7af32",
            "Correlation_Id": "40ed053a8e9a11ea9dd50a0d13360000",
            "Client_Identification": "PRODSSRS",
            "System_Key": "caf48af09f8e479707513247ae96fd6c8f0fd7649b682952115359e1a4ebab2d",
            "Proc_Ts": "2020-02-09 15:04:58.680926",
            "Proc_Ts_Tz_Dst_Cd": "100",
            "Event_Ts": "2020-02-09 15:04:58.680926",
            "Event_Ts_Tz_Dst_Cd": "100"
          },
          "LogHeader": {
            "ERROR_TO_DE": "ERROR: duplicate key value violates unique constraint xak1planned_event_characteristic_domain_event Detail: Key domn_evt_key plan_evt_char_key sor_proc_ts x33326634343133626236623965656361343264383566396630383162633862663332353762366162306631396431623330623834333638646563633761663332 x31363535303736303639616664373061613935623430353062643635336131333335646462643235643039373166383536636535393835396262336632383963 2020 02 09 15:04:58.680926 already exists.",
            "RAW_KAFKA_QUEUE_NAME": "tc_id_22.ihl_dev_rm.reg.tm.prepared.planEvtDsc.v1",
            "SPARK_JOB_NAME": "PlannedEventDescribedLoad"
          }
        }
      ]
    }
  ],
  "PostgreSQL_Output": [
    {
      "name": "dh_plan_evt_char_domn_evt",
      "data": [
        {
          "domn_evt_key": "32f4413bb6b9eeca42d85f9f081bc8bf3257b6ab0f19d1b30b84368decc7af32",
          "plan_evt_char_key": "1655076069afd70aa95b4050bd653a1335ddbd25d0971f856ce59859bb3f289c",
          "domn_evt_type_key": "e3b61a2ebf5b23ed3fd8ff58d88a71874f646ec36a6e49d48b10b0c9e3100d05",
          "plan_evt_key": "b95b3b3523455f06eb133934b34d84a957ec9216d40aa4afc145549a4ebba5cf",
          "char_type_key": "0dcad3d39c2aaee059932060e8bdabd760c18ff02ad1be8b62204da8d0f07488",
          "char_val": "2020-05-16 04:54:00.0",
          "sor_crlt_id": "40ed053a8e9a11ea9dd50a0d13360000",
          "sys_key": "caf48af09f8e479707513247ae96fd6c8f0fd7649b682952115359e1a4ebab2d",
          "clnt_id": "PRODSSRS",
          "sor_proc_ts": "2020-02-09 15:04:58.680926",
          "sor_evt_ts": "2020-02-09 15:04:58.680926",
          "sor_ingt_crt_ts": "2020-05-05 06:32:55.535000",
          "sor_read_ts": "2020-05-12 21:29:19.185000",
          "domn_evt_crt_ts": "2020-05-12 21:29:56",
          "sor_tpic_nm": "reg.tm.raw.srs.trnScheduleActive.v2",
          "domn_evt_meta": "",
          "sor_evt_ts_tz_dst_cd": 100,
          "sor_proc_ts_tz_dst_cd": 100,
          "prim_obj_key": "43e02a4a6633033e3c00bd75804cc33d9f2d3a596252657630f26aac4c7b926b"
        },
        {
          "domn_evt_key": "32f4413bb6b9eeca42d85f9f081bc8bf3257b6ab0f19d1b30b84368decc7af32",
          "plan_evt_char_key": "0603b789fcf8f5850115da13b852fef6ff2985526140fb863ee9a098bfd5a005",
          "domn_evt_type_key": "e3b61a2ebf5b23ed3fd8ff58d88a71874f646ec36a6e49d48b10b0c9e3100d05",
          "plan_evt_key": "b95b3b3523455f06eb133934b34d84a957ec9216d40aa4afc145549a4ebba5cf",
          "char_type_key": "94266c7f69395702e702f923aa2d7cb583118d289fa4f4122833035ddcaac27c",
          "char_val": "voie d''entreposage                                                    ",
          "sor_crlt_id": "40ed053a8e9a11ea9dd50a0d13360000",
          "sys_key": "caf48af09f8e479707513247ae96fd6c8f0fd7649b682952115359e1a4ebab2d",
          "clnt_id": "PRODSSRS",
          "sor_proc_ts": "2020-02-09 15:04:58.680926",
          "sor_evt_ts": "2020-02-09 15:04:58.680926",
          "sor_ingt_crt_ts": "2020-05-05 06:32:55.535000",
          "sor_read_ts": "2020-05-12 21:29:19.185000",
          "domn_evt_crt_ts": "2020-05-12 21:29:56",
          "sor_tpic_nm": "reg.tm.raw.srs.trnScheduleActive.v2",
          "domn_evt_meta": "",
          "sor_evt_ts_tz_dst_cd": 100,
          "sor_proc_ts_tz_dst_cd": 100,
          "prim_obj_key": "43e02a4a6633033e3c00bd75804cc33d9f2d3a596252657630f26aac4c7b926b"
        }
      ]
    },
    {
      "name": "dh_plan_evt_char",
      "data": [
        {
          "plan_evt_key": "b95b3b3523455f06eb133934b34d84a957ec9216d40aa4afc145549a4ebba5cf",
          "char_type_key": "0dcad3d39c2aaee059932060e8bdabd760c18ff02ad1be8b62204da8d0f07488",
          "char_val": "2020-05-16 04:54:00.0",
          "act_stus_ind": 1,
          "sor_crlt_id": "40ed053a8e9a11ea9dd50a0d13360000",
          "sys_key": "caf48af09f8e479707513247ae96fd6c8f0fd7649b682952115359e1a4ebab2d",
          "rpt_clnt_id": "PRODSSRS",
          "rpt_sor_proc_ts": "2020-02-09 15:04:58.680926",
          "sor_evt_ts": "2020-02-09 15:04:58.680926",
          "rmv_clnt_id": null,
          "rmv_sor_proc_ts": null,
          "sor_ingt_crt_ts": "2020-05-05 06:32:55.535000",
          "sor_read_ts": "2020-05-12 21:29:19.185000",
          "domn_evt_crt_ts": "2020-05-12 21:29:56",
          "sor_tpic_nm": "reg.tm.raw.srs.trnScheduleActive.v2",
          "domn_evt_meta": "",
          "prim_obj_key": "43e02a4a6633033e3c00bd75804cc33d9f2d3a596252657630f26aac4c7b926b",
          "sor_evt_ts_tz_dst_cd": 100,
          "sor_proc_ts_tz_dst_cd": 100
        },
        {
          "plan_evt_key": "b95b3b3523455f06eb133934b34d84a957ec9216d40aa4afc145549a4ebba5cf",
          "char_type_key": "94266c7f69395702e702f923aa2d7cb583118d289fa4f4122833035ddcaac27c",
          "char_val": "voie d''entreposage                                                    ",
          "act_stus_ind": 1,
          "sor_crlt_id": "40ed053a8e9a11ea9dd50a0d13360000",
          "sys_key": "caf48af09f8e479707513247ae96fd6c8f0fd7649b682952115359e1a4ebab2d",
          "rpt_clnt_id": "PRODSSRS",
          "rpt_sor_proc_ts": "2020-02-09 15:04:58.680926",
          "sor_evt_ts": "2020-02-09 15:04:58.680926",
          "rmv_clnt_id": null,
          "rmv_sor_proc_ts": null,
          "sor_ingt_crt_ts": "2020-05-05 06:32:55.535000",
          "sor_read_ts": "2020-05-12 21:29:19.185000",
          "domn_evt_crt_ts": "2020-05-12 21:29:56",
          "sor_tpic_nm": "reg.tm.raw.srs.trnScheduleActive.v2",
          "domn_evt_meta": "",
          "prim_obj_key": "43e02a4a6633033e3c00bd75804cc33d9f2d3a596252657630f26aac4c7b926b",
          "sor_evt_ts_tz_dst_cd": 100,
          "sor_proc_ts_tz_dst_cd": 100
        }
      ]
    }
  ]
}