{
  "Kafka_Output": [
    {
      "name": "tc_id_8.ihl_dev_rm.reg.tm.prepared.dhPGLogs.v1",
      "data": [
        {
          "DomainEventHeader": {
            "SOR_INGT_CRT_TS": "2020-04-28T18:18:29.068-04:00",
            "SOR_READ_TS": "2020-05-14 20:38:12.096",
            "DE_CRT_TS": "2020-05-14 20:38:16",
            "SOR_TPIC_NM": "reg.tm.raw.srs.trnETAETD.v2",
            "DE_META": ""
          },
          "PlannedEventDescriptionChanged": {
            "Domain_Event_Type_Key": "6350342ae1db6d6f3a55106d92cabe759e09ad83d44381541c8c009afb832365",
            "Planned_Event_Key": "d309e3fef53ad2acd85eeb8a555d4f74cf8b573a4c1886ecaa856e3d396531d1",
            "PlannedEventCharacteristics": [
              {
                "Planned_Event_Characteristic_Key": "380006638176048999c2e394150d362864b8403ff94e5c700afbf5cc282ad530",
                "Characteristic_Type_Key": "9d38805911f5acaf6152531d2c4832943a05b35bb4713eb3e420ea45cfda3b6b",
                "Characteristic_Value": "2020-05-14 09:51:00.0"
              }
            ],
            "Domain_Event_Key": "e282b4785f89abbc40079c0ef02346db8db8ee88edfeaee96b4b62fbabaf1f9a",
            "Correlation_Id": "2fd0ac80899e11ea9ce80a0d13360000",
            "Client_Identification": "SRS-YIT",
            "System_Key": "caf48af09f8e479707513247ae96fd6c8f0fd7649b682952115359e1a4ebab2d",
            "Proc_Ts": "2020-02-09 15:04:58.680926",
            "Proc_Ts_Tz_Dst_Cd": "100",
            "Event_Ts": "2020-02-09 15:04:58.680926",
            "Event_Ts_Tz_Dst_Cd": "100"
          },
          "LogHeader": {
            "ERROR_TO_DE": "ERROR: duplicate key value violates unique constraint xak1planned_event_characteristic_domain_event Detail: Key domn_evt_key plan_evt_char_key sor_proc_ts x65323832623437383566383961626263343030373963306566303233343664623864623865653838656466656165653936623462363266626162616631663961 x33383030303636333831373630343839393963326533393431353064333632383634623834303366663934653563373030616662663563633238326164353330 2020 02 09 15:04:58.680926 already exists.",
            "RAW_KAFKA_QUEUE_NAME": "tc_id_8.ihl_dev_rm.reg.tm.prepared.planEvtDscChg.v1",
            "SPARK_JOB_NAME": "PlannedEventDescriptionChangedLoad"
          }
        }
      ]
    }
  ],
  "PostgreSQL_Output": [
    {
      "name": "dh_plan_evt_char_domn_evt",
      "data": [
        {
          "domn_evt_key": "e282b4785f89abbc40079c0ef02346db8db8ee88edfeaee96b4b62fbabaf1f9a",
          "plan_evt_char_key": "380006638176048999c2e394150d362864b8403ff94e5c700afbf5cc282ad530",
          "domn_evt_type_key": "6350342ae1db6d6f3a55106d92cabe759e09ad83d44381541c8c009afb832365",
          "plan_evt_key": "d309e3fef53ad2acd85eeb8a555d4f74cf8b573a4c1886ecaa856e3d396531d1",
          "char_type_key": "9d38805911f5acaf6152531d2c4832943a05b35bb4713eb3e420ea45cfda3b6b",
          "char_val": "2020-05-14 09:51:00.0",
          "sor_crlt_id": "2fd0ac80899e11ea9ce80a0d13360000",
          "sys_key": "caf48af09f8e479707513247ae96fd6c8f0fd7649b682952115359e1a4ebab2d",
          "clnt_id": "SRS-YIT",
          "sor_proc_ts": "2020-02-09 15:04:58.680926",
          "sor_evt_ts": "2020-02-09 15:04:58.680926",
          "sor_ingt_crt_ts": "2020-04-28 22:18:29.068000",
          "sor_read_ts": "2020-05-14 20:38:12.096000",
          "domn_evt_crt_ts": "2020-05-14 20:38:16",
          "sor_tpic_nm": "reg.tm.raw.srs.trnETAETD.v2",
          "domn_evt_meta": "",
          "sor_evt_ts_tz_dst_cd": 100,
          "sor_proc_ts_tz_dst_cd": 100,
          "prim_obj_key": null
        }
      ]
    },
    {
      "name": "dh_plan_evt_char",
      "data": [
        {
          "plan_evt_key": "d309e3fef53ad2acd85eeb8a555d4f74cf8b573a4c1886ecaa856e3d396531d1",
          "char_type_key": "9d38805911f5acaf6152531d2c4832943a05b35bb4713eb3e420ea45cfda3b6b",
          "char_val": "2020-05-14 09:51:00.0",
          "act_stus_ind": 1,
          "sor_crlt_id": "2fd0ac80899e11ea9ce80a0d13360000",
          "sys_key": "caf48af09f8e479707513247ae96fd6c8f0fd7649b682952115359e1a4ebab2d",
          "rpt_clnt_id": "SRS-YIT",
          "rpt_sor_proc_ts": "2020-02-09 15:04:58.680926",
          "sor_evt_ts": "2020-02-09 15:04:58.680926",
          "rmv_clnt_id": null,
          "rmv_sor_proc_ts": null,
          "sor_ingt_crt_ts": "2020-04-28 22:18:29.068000",
          "sor_read_ts": "2020-05-14 20:38:12.096000",
          "domn_evt_crt_ts": "2020-05-14 20:38:16",
          "sor_tpic_nm": "reg.tm.raw.srs.trnETAETD.v2",
          "domn_evt_meta": "",
          "prim_obj_key": null,
          "sor_evt_ts_tz_dst_cd": 100,
          "sor_proc_ts_tz_dst_cd": 100
        }
      ]
    }
  ]
}