{
  "Kafka_Output": [
    {
      "name": "tc_id_9.ihl_dev_rm.reg.tm.prepared.dhPGLogs.v1",
      "data": [
        {
          "DomainEventHeader": {
            "SOR_INGT_CRT_TS": "2020-05-05 13:35:00.197000",
            "SOR_READ_TS": "2020-05-14 19:56:05.903",
            "DE_CRT_TS": "2020-05-14 19:56:10",
            "SOR_TPIC_NM": "reg.tm.raw.srs.IndsInsn.v1",
            "DE_META": ""
          },
          "PlannedEventRemoved": {
            "Primary_Object_Key": "43e02a4a6633033e3c00bd75804cc33d9f2d3a596252657630f26aac4c7b926b",
            "Domain_Event_Type_Key": "a16c5ba057628866b318f709f5496a7b5e7cc21c1c098ca136e257faab49e0d8",
            "Planned_Event_Key": "a4126bff246e8cfa512dc0da56f4e1efb413e2c31ea270bfd3c96477c295cc67",
            "Planned_Event_Type_Key": "893dc0d5c11315c9d7e6fcd0fef1fa90c1652c52ff3013338d363196f5ec5d91",
            "Planned_Event_Value": "Industrial Instruction",
            "Domain_Event_Key": "773e52562f829f84c24b956da0cc69dbd6e89d9734a4728b2a3f30245c250456",
            "Correlation_Id": "a7d1cefd-dbbf-46ed-ae7c-2d58fd487d5f",
            "System_Key": "caf48af09f8e479707513247ae96fd6c8f0fd7649b682952115359e1a4ebab2d",
            "Client_Identification": "SRS-YIT",
            "Proc_Ts": "2020-02-09 15:04:58.680926",
            "Proc_Ts_Tz_Dst_Cd": "100",
            "Event_Ts": "2020-02-09 15:04:58.680926",
            "Event_Ts_Tz_Dst_Cd": "100"
          },
          "LogHeader": {
            "ERROR_TO_DE": "ERROR: duplicate key value violates unique constraint xak1planned_event_domain_event Detail: Key domn_evt_key sor_proc_ts x37373365353235363266383239663834633234623935366461306363363964626436653839643937333461343732386232613366333032343563323530343536 2020 02 09 15:04:58.680926 already exists.",
            "RAW_KAFKA_QUEUE_NAME": "tc_id_9.ihl_dev_rm.reg.tm.prepared.planEvtRmv.v1",
            "SPARK_JOB_NAME": "PlannedEventRemovedLoad"
          }
        }
      ]
    }
  ],
  "PostgreSQL_Output": [
    {
      "name": "dh_plan_evt_domn_evt",
      "data": [
        {
          "domn_evt_key": "773e52562f829f84c24b956da0cc69dbd6e89d9734a4728b2a3f30245c250456",
          "domn_evt_type_key": "a16c5ba057628866b318f709f5496a7b5e7cc21c1c098ca136e257faab49e0d8",
          "plan_evt_key": "a4126bff246e8cfa512dc0da56f4e1efb413e2c31ea270bfd3c96477c295cc67",
          "plan_evt_type_key": "893dc0d5c11315c9d7e6fcd0fef1fa90c1652c52ff3013338d363196f5ec5d91",
          "plan_evt_val": "Industrial Instruction",
          "sor_crlt_id": "a7d1cefd-dbbf-46ed-ae7c-2d58fd487d5f",
          "sys_key": "caf48af09f8e479707513247ae96fd6c8f0fd7649b682952115359e1a4ebab2d",
          "clnt_id": "SRS-YIT",
          "sor_proc_ts": "2020-02-09 15:04:58.680926",
          "sor_evt_ts": "2020-02-09 15:04:58.680926",
          "sor_ingt_crt_ts": "2020-05-05 13:35:00.197000",
          "sor_read_ts": "2020-05-14 19:56:05.903000",
          "domn_evt_crt_ts": "2020-05-14 19:56:10",
          "sor_tpic_nm": "reg.tm.raw.srs.IndsInsn.v1",
          "domn_evt_meta": "",
          "sor_evt_ts_tz_dst_cd": 100,
          "sor_proc_ts_tz_dst_cd": 100,
          "prim_obj_key": "43e02a4a6633033e3c00bd75804cc33d9f2d3a596252657630f26aac4c7b926b"
        }
      ]
    },
    {
      "name": "dh_plan_evt",
      "data": [
        {
          "plan_evt_key": "a4126bff246e8cfa512dc0da56f4e1efb413e2c31ea270bfd3c96477c295cc67",
          "plan_evt_type_key": "893dc0d5c11315c9d7e6fcd0fef1fa90c1652c52ff3013338d363196f5ec5d91",
          "plan_evt_val": "Industrial Instruction",
          "sor_crlt_id": "a7d1cefd-dbbf-46ed-ae7c-2d58fd487d5f",
          "sys_key": "caf48af09f8e479707513247ae96fd6c8f0fd7649b682952115359e1a4ebab2d",
          "rpt_clnt_id": null,
          "rpt_sor_proc_ts": null,
          "sor_evt_ts": "2020-02-09 15:04:58.680926",
          "act_stus_ind": 0,
          "rmv_clnt_id": "SRS-YIT",
          "rmv_sor_proc_ts": "2020-02-09 15:04:58.680926",
          "sor_ingt_crt_ts": "2020-05-05 13:35:00.197000",
          "sor_read_ts": "2020-05-14 19:56:05.903000",
          "domn_evt_crt_ts": "2020-05-14 19:56:10",
          "sor_tpic_nm": "reg.tm.raw.srs.IndsInsn.v1",
          "domn_evt_meta": "",
          "prim_obj_key": "43e02a4a6633033e3c00bd75804cc33d9f2d3a596252657630f26aac4c7b926b",
          "sor_evt_ts_tz_dst_cd": 100,
          "sor_proc_ts_tz_dst_cd": 100
        }
      ]
    }
  ]
}