{
  "Kafka_Output": [
    {
      "name": "tc_id_43.ihl_dev_rm.reg.tm.prepared.busPrtrCrt.v1",
      "data": [
        {
          "DomainEventHeader": {
            "SOR_INGT_CRT_TS": "2021-02-15T18:00:01.095Z",
            "SOR_TPIC_NM": "tc_id_43.ihl_dev_rm.reg.tm.raw.portStnInfo.v1",
            "DE_META": ""
          },
          "BusinessPartnerCreated": {
            "Domain_Event_Type_Key": "e3b61a2ebf5b23ed3fd8ff58d88a71874f646ec36a6e49d48b10b0c9e3100d05",
            "Business_Partner_Key": "0d1c0f657b00f6d693062ed5f5d1b3c9317a28cbebb689dfc9036e4e1094cb67",
            "Business_Partner_Type_Key": "375cc4b1170cfc7ffcea1f62d157d8007f3738d6f375bdf13cd612b37cfbb3cd",
            "Identification_Type_Key": "a860ddd5e2105a309b7ed5dc598c051cb92733f5b13441a80973f55546ee46a6",
            "Identification_Value": "0000150272",
            "Domain_Event_Key": "3c71499d30d46cebd99cc9b232cfdc52d65392f87640fa99a4a3105b199f6139",
            "Correlation_Id": "4596a7b6-fd5b-4ad4-97f1-00f2c6ac63c1",
            "Client_Identification": "156276A ",
            "System_Key": "ea040811b4e08ab97f7af0971223713a9dc11d6b30bcc906cd8ec7c2b0b38817",
            "Proc_Ts": "2021-02-15T18:00:01.095Z",
            "Proc_Ts_Tz_Dst_Cd": "100",
            "Event_Ts": "2021-02-15T18:00:01.095Z",
            "Event_Ts_Tz_Dst_Cd": "100"
          }
        }
      ]
    },
    {
      "name": "tc_id_43.ihl_dev_rm.reg.tm.prepared.busPrtrDsc.v1",
      "data": [
        {
          "DomainEventHeader": {
            "SOR_INGT_CRT_TS": "2021-02-15T18:00:01.095Z",
            "SOR_TPIC_NM": "tc_id_43.ihl_dev_rm.reg.tm.raw.portStnInfo.v1",
            "DE_META": ""
          },
          "BusinessPartnerDescribed": {
            "Domain_Event_Type_Key": "e3b61a2ebf5b23ed3fd8ff58d88a71874f646ec36a6e49d48b10b0c9e3100d05",
            "Business_Partner_Key": "0d1c0f657b00f6d693062ed5f5d1b3c9317a28cbebb689dfc9036e4e1094cb67",
            "BusinessPartnerCharacteristics": [
              {
                "Business_Partner_Characteristic_Key": "5fa62c87f217619496c2ea0050480f34aa6746da71684f1526cecbe286e27c9b",
                "Characteristic_Type_Key": "0b1821f40450113c8ce372b1cc14a2865520c66493a36d225a353a1f6bbbeb94",
                "Characteristic_Value": "0000150272"
              },
              {
                "Business_Partner_Characteristic_Key": "fa583a9910947801614579a0b8dc0af32c3dcf1b42e066a269b88aac95ac1dee",
                "Characteristic_Type_Key": "0af01db1ec35b38b2871cf15c71a8bbbaa8e6d2b55c2f3e5608a76d399ba8699",
                "Characteristic_Value": "MONTREAL GATEWAY TERMINALS PARTNSHP"
              },
              {
                "Business_Partner_Characteristic_Key": "1d317cf4ac4f5ae2ffbe9f4411fd2ab3c3eb452c124a612891af563570cead38",
                "Characteristic_Type_Key": "505f6bad7a9b81a7f7f211e95a6fa5c4ac303e1af8798d517141e9a2839b2ea2",
                "Characteristic_Value": "MONTREGATTER"
              },
              {
                "Business_Partner_Characteristic_Key": "fab0bcc525ae89004624a138a670154069e4ed977b8946e47e5ee28b8639f280",
                "Characteristic_Type_Key": "af60c55e51d1695348df620787f57d64b0974dedb1161e8fdb8a53c164f593ae",
                "Characteristic_Value": "240"
              }
            ],
            "Domain_Event_Key": "3c71499d30d46cebd99cc9b232cfdc52d65392f87640fa99a4a3105b199f6139",
            "Correlation_Id": "4596a7b6-fd5b-4ad4-97f1-00f2c6ac63c1",
            "Client_Identification": "156276A ",
            "System_Key": "ea040811b4e08ab97f7af0971223713a9dc11d6b30bcc906cd8ec7c2b0b38817",
            "Proc_Ts": "2021-02-15T18:00:01.095Z",
            "Proc_Ts_Tz_Dst_Cd": "100",
            "Event_Ts": "2021-02-15T18:00:01.095Z",
            "Event_Ts_Tz_Dst_Cd": "100"
          }
        }
      ]
    },
    {
      "name": "tc_id_43.ihl_dev_rm.reg.tm.prepared.locAsct.v1",
      "data": [
        {
          "DomainEventHeader": {
            "SOR_INGT_CRT_TS": "2021-02-15T18:00:01.095Z",
            "SOR_TPIC_NM": "tc_id_43.ihl_dev_rm.reg.tm.raw.portStnInfo.v1",
            "DE_META": ""
          },
          "LocationAssociated": {
            "Primary_Object_Key": "b827d32605f3082e857e218f862d321d25b996d111f98f2606e08ccba20746c5",
            "Domain_Event_Type_Key": "8eb3e769649d98d5e896398ded3b7bdb63bdaf6d53f440f4b9a8da51e8f74f40",
            "Association_Key": "b827d32605f3082e857e218f862d321d25b996d111f98f2606e08ccba20746c5",
            "Association_Type_Key": "748416fceb12821b505e5c363e99905330c09a13c90b2aec1ba4c994acc60a16",
            "Location_Key": "73e524defebf36301216d15bf67575f9c09f06221e2dd9438d981854bde46f1c",
            "Location_Type_Key": "7f36ce580aeba7230ede0ca218053e18a528a0f6c123cf1c58ece0f8c1c5b04e",
            "Associated_Object_Key": "0d1c0f657b00f6d693062ed5f5d1b3c9317a28cbebb689dfc9036e4e1094cb67",
            "Associated_Object_Type_Key": "375cc4b1170cfc7ffcea1f62d157d8007f3738d6f375bdf13cd612b37cfbb3cd",
            "Domain_Event_Key": "065a99309d34f07deadf819a5008caa81e899905e02b63c9cfd7be177ad9e207",
            "Correlation_Id": "4596a7b6-fd5b-4ad4-97f1-00f2c6ac63c1",
            "Client_Identification": "156276A ",
            "System_Key": "ea040811b4e08ab97f7af0971223713a9dc11d6b30bcc906cd8ec7c2b0b38817",
            "Proc_Ts": "2021-02-15T18:00:01.095Z",
            "Proc_Ts_Tz_Dst_Cd": "100",
            "Event_Ts": "2021-02-15T18:00:01.095Z",
            "Event_Ts_Tz_Dst_Cd": "100"
          }
        },
        {
          "DomainEventHeader": {
            "SOR_INGT_CRT_TS": "2021-02-15T18:00:01.095Z",
            "SOR_TPIC_NM": "tc_id_43.ihl_dev_rm.reg.tm.raw.portStnInfo.v1",
            "DE_META": ""
          },
          "LocationAssociated": {
            "Primary_Object_Key": "b827d32605f3082e857e218f862d321d25b996d111f98f2606e08ccba20746c5",
            "Domain_Event_Type_Key": "c7881817d6d6fabbc8c8be4c1a5310d4b02d506473e08a55032dedde16c0b3fa",
            "Association_Key": "Not Applicable",
            "Association_Type_Key": "748416fceb12821b505e5c363e99905330c09a13c90b2aec1ba4c994acc60a16",
            "Location_Key": "Not Applicable",
            "Location_Type_Key": "Not Applicable",
            "Associated_Object_Key": "Not Applicable",
            "Associated_Object_Type_Key": "Not Applicable",
            "Domain_Event_Key": "c446b5738d07ae4c6faa872e7719d4dccf3eda5909f4061a33e1c80638e6fc7f",
            "Correlation_Id": "4596a7b6-fd5b-4ad4-97f1-00f2c6ac63c1",
            "Client_Identification": "156276A ",
            "System_Key": "ea040811b4e08ab97f7af0971223713a9dc11d6b30bcc906cd8ec7c2b0b38817",
            "Proc_Ts": "2021-02-15T18:00:01.095Z",
            "Proc_Ts_Tz_Dst_Cd": "100",
            "Event_Ts": "2021-02-15T18:00:01.095Z",
            "Event_Ts_Tz_Dst_Cd": "100"
          }
        }
      ]
    },
    {
      "name": "tc_id_43.ihl_dev_rm.reg.tm.prepared.locAsctDsc.v1",
      "data": [
        {
          "DomainEventHeader": {
            "SOR_INGT_CRT_TS": "2021-02-15T18:00:01.095Z",
            "SOR_TPIC_NM": "tc_id_43.ihl_dev_rm.reg.tm.raw.portStnInfo.v1",
            "DE_META": ""
          },
          "LocationAssociationDescribed": {
            "Primary_Object_Key": "b827d32605f3082e857e218f862d321d25b996d111f98f2606e08ccba20746c5",
            "Domain_Event_Type_Key": "c7881817d6d6fabbc8c8be4c1a5310d4b02d506473e08a55032dedde16c0b3fa",
            "Association_Key": "",
            "AssociationCharacteristics": [
              {}
            ],
            "Domain_Event_Key": "601c1098a1da78903c286f5bbbd5d299acfa14806157a287479ac301230352f4",
            "Correlation_Id": "4596a7b6-fd5b-4ad4-97f1-00f2c6ac63c1",
            "Client_Identification": "156276A ",
            "System_Key": "ea040811b4e08ab97f7af0971223713a9dc11d6b30bcc906cd8ec7c2b0b38817",
            "Proc_Ts": "2021-02-15T18:00:01.095Z",
            "Proc_Ts_Tz_Dst_Cd": "100",
            "Event_Ts": "2021-02-15T18:00:01.095Z",
            "Event_Ts_Tz_Dst_Cd": "100"
          }
        },
        {
          "DomainEventHeader": {
            "SOR_INGT_CRT_TS": "2021-02-15T18:00:01.095Z",
            "SOR_TPIC_NM": "tc_id_43.ihl_dev_rm.reg.tm.raw.portStnInfo.v1",
            "DE_META": ""
          },
          "LocationAssociationDescribed": {
            "Primary_Object_Key": "b827d32605f3082e857e218f862d321d25b996d111f98f2606e08ccba20746c5",
            "Domain_Event_Type_Key": "e3b61a2ebf5b23ed3fd8ff58d88a71874f646ec36a6e49d48b10b0c9e3100d05",
            "Association_Key": "b827d32605f3082e857e218f862d321d25b996d111f98f2606e08ccba20746c5",
            "AssociationCharacteristics": [
              {
                "Association_Characteristic_Key": "496a17ddf9fcae840d6eae53eee3eecc2d3f5e2038962f19fffcd60e77a59041",
                "Characteristic_Type_Key": "1e0dc823d2f980724a3c0f6f8384725bf15d52371da2abc06df0bfb663be635b",
                "Characteristic_Value": "2"
              },
              {
                "Association_Characteristic_Key": "80bec3d403e5e10b4e27d175e0a9f6e33929de56fd46592142d6f42d037c9a5c",
                "Characteristic_Type_Key": "0ddf505f41f41b694e881313db1774aed8c0347e8315d85fe79548933c4a1a59",
                "Characteristic_Value": "CAMTRMGTCT "
              }
            ],
            "Domain_Event_Key": "055c9f0b5d159f13ddbcd8c697a45ac96788842da235f47d9b305b8301342f0c",
            "Correlation_Id": "4596a7b6-fd5b-4ad4-97f1-00f2c6ac63c1",
            "Client_Identification": "156276A ",
            "System_Key": "ea040811b4e08ab97f7af0971223713a9dc11d6b30bcc906cd8ec7c2b0b38817",
            "Proc_Ts": "2021-02-15T18:00:01.095Z",
            "Proc_Ts_Tz_Dst_Cd": "100",
            "Event_Ts": "2021-02-15T18:00:01.095Z",
            "Event_Ts_Tz_Dst_Cd": "100"
          }
        }
      ]
    },
    {
      "name": "tc_id_43.ihl_dev_rm.reg.tm.prepared.rteErr.v1",
      "data": [
        {
          "IngestionHeader": {
            "ING_CRT_TS": "2021-02-15T18:00:01.095Z",
            "PRODUCT_ID": "A195",
            "UUID": null,
            "FORMAT": "JSON"
          },
          "PortInformation": {
            "AUDT_UPD_USER_ID": "156276A ",
            "PORT_OPER_633": "MONTREGATTER",
            "IBMSNAP_OPERATION": "U",
            "PORT_PRST_CD": "PQ",
            "IBMSNAP_LOGMARKER": "2021-02-15 12:41:31.204321",
            "PORT_OPER_NBR": "0000150272",
            "SAIL_DT_HR": "48",
            "PORT_NME": "MONTREAL WHARF     ",
            "IBMSNAP_INTENTSEQ": "00d9473c7c8931b35200000000000001",
            "AUDT_CRT_PGM_ID": "IMDPPORS",
            "PORT_OPER_NME": "MONTREAL GATEWAY TERMINALS PARTNSHP",
            "PORT_COFF_HR": "2",
            "AUDT_UPD_TS": "2021-02-15 12:41:31.190055",
            "PORT_COFF_DFLT_TM": "06:00:00",
            "EESEA_TRML_ID": "CAMTRMGTCT ",
            "PORT_SCAC": "CN  ",
            "AUDT_CRT_TS": "2006-09-11 09:46:08.091863",
            "PORT_CTRY_CD": "CN",
            "SAIL_DFLT_TM": "23:00:00",
            "ETA_TRHD": "240",
            "IBMSNAP_COMMITSEQ": "00d9473c7c8a6e106000000000000001",
            "AUDT_UPD_PGM_ID": "IMDPPORS",
            "PORT_333": "MONWHARF ",
            "AUDT_CRT_USER_ID": "105125  ",
            "PORT_FSAC": "033380"
          },
          "LogHeader": {
            "ERROR_TO_DE": "UUID is NULL",
            "RAW_KAFKA_QUEUE_NAME": "tc_id_43.ihl_dev_rm.reg.tm.raw.portStnInfo.v1",
            "SPARK_JOB_NAME": "PortStationInformationDomainFeed"
          }
        }
      ]
    }
  ]
}