{
  "Kafka_Output": [
    {
      "name": "tc_id_36.ihl_dev_rm.reg.tm.prepared.dhPGLogs.v1",
      "data": [
        {
          "DomainEventHeader": {
            "SOR_INGT_CRT_TS": "2020-05-08T02:35:04.973-04:00",
            "SOR_READ_TS": "2020-05-12 21:29:18.689",
            "DE_CRT_TS": "2020-05-12 21:29:36",
            "SOR_TPIC_NM": "reg.tm.raw.srs.trnScheduleActive.v2",
            "DE_META": ""
          },
          "RoutePlanned": {
            "Domain_Event_Type_Key": "e3b61a2ebf5b23ed3fd8ff58d88a71874f646ec36a6e49d48b10b0c9e3100d05",
            "Route_Key": "a8b72ddc52fe6505ee104d0cf8ecc9dadfcc586d6b62db058ed74211ebc313c1",
            "Route_Type_Key": "b6b8a958245d0b4e4df6f399bdc2917e48cfce12061a47639aac681966fb8916",
            "Identification_Type_Key": "9d863a31eb9ba421894f79b60145c3510e171d713cc1ac475fda82d58e958e5a",
            "Identification_Value": "L5615120200518",
            "Domain_Event_Key": "7465ad59f8b7aacfc3817012e34edac8083e47e4c7224146a46b7c7021421809",
            "Correlation_Id": "0d61f46a90f611ea9dd50a0d13360000",
            "Client_Identification": "PRODSSRS",
            "System_Key": "caf48af09f8e479707513247ae96fd6c8f0fd7649b682952115359e1a4ebab2d",
            "Proc_Ts": "2020-02-09 15:04:58.680926",
            "Proc_Ts_Tz_Dst_Cd": "100",
            "Event_Ts": "2020-02-09 15:04:58.680926",
            "Event_Ts_Tz_Dst_Cd": "100"
          },
          "LogHeader": {
            "ERROR_TO_DE": "ERROR: duplicate key value violates unique constraint xak1route_domain_event Detail: Key domn_evt_key sor_proc_ts x37343635616435396638623761616366633338313730313265333465646163383038336534376534633732323431343661343662376337303231343231383039 2020 02 09 15:04:58.680926 already exists.",
            "RAW_KAFKA_QUEUE_NAME": "tc_id_36.ihl_dev_rm.reg.tm.prepared.rtePlan.v1",
            "SPARK_JOB_NAME": "RoutePlannedLoad"
          }
        }
      ]
    }
  ],
  "PostgreSQL_Output": [
    {
      "name": "dh_rte_domn_evt",
      "data": [
        {
          "domn_evt_key": "7465ad59f8b7aacfc3817012e34edac8083e47e4c7224146a46b7c7021421809",
          "domn_evt_type_key": "e3b61a2ebf5b23ed3fd8ff58d88a71874f646ec36a6e49d48b10b0c9e3100d05",
          "rte_key": "a8b72ddc52fe6505ee104d0cf8ecc9dadfcc586d6b62db058ed74211ebc313c1",
          "rte_type_key": "b6b8a958245d0b4e4df6f399bdc2917e48cfce12061a47639aac681966fb8916",
          "id_type_key": "9d863a31eb9ba421894f79b60145c3510e171d713cc1ac475fda82d58e958e5a",
          "id_val": "L5615120200518",
          "sor_crlt_id": "0d61f46a90f611ea9dd50a0d13360000",
          "sys_key": "caf48af09f8e479707513247ae96fd6c8f0fd7649b682952115359e1a4ebab2d",
          "clnt_id": "PRODSSRS",
          "sor_proc_ts": "2020-02-09 15:04:58.680926",
          "sor_evt_ts": "2020-02-09 15:04:58.680926",
          "sor_ingt_crt_ts": "2020-05-08 06:35:04.973000",
          "sor_read_ts": "2020-05-12 21:29:18.689000",
          "domn_evt_crt_ts": "2020-05-12 21:29:36",
          "sor_tpic_nm": "reg.tm.raw.srs.trnScheduleActive.v2",
          "domn_evt_meta": "",
          "sor_evt_ts_tz_dst_cd": 100,
          "sor_proc_ts_tz_dst_cd": 100
        }
      ]
    },
    {
      "name": "dh_rte",
      "data": [
        {
          "rte_key": "a8b72ddc52fe6505ee104d0cf8ecc9dadfcc586d6b62db058ed74211ebc313c1",
          "rte_type_key": "b6b8a958245d0b4e4df6f399bdc2917e48cfce12061a47639aac681966fb8916",
          "act_stus_ind": 1,
          "id_type_key": "9d863a31eb9ba421894f79b60145c3510e171d713cc1ac475fda82d58e958e5a",
          "id_val": "L5615120200518",
          "sor_crlt_id": "0d61f46a90f611ea9dd50a0d13360000",
          "sys_key": "caf48af09f8e479707513247ae96fd6c8f0fd7649b682952115359e1a4ebab2d",
          "rpt_clnt_id": "PRODSSRS",
          "rpt_sor_proc_ts": "2020-02-09 15:04:58.680926",
          "sor_evt_ts": "2020-02-09 15:04:58.680926",
          "rmv_clnt_id": null,
          "rmv_sor_proc_ts": null,
          "sor_ingt_crt_ts": "2020-05-08 06:35:04.973000",
          "sor_read_ts": "2020-05-12 21:29:18.689000",
          "domn_evt_crt_ts": "2020-05-12 21:29:36",
          "sor_tpic_nm": "reg.tm.raw.srs.trnScheduleActive.v2",
          "domn_evt_meta": "",
          "sor_evt_ts_tz_dst_cd": 100,
          "sor_proc_ts_tz_dst_cd": 100
        }
      ]
    }
  ]
}