{
  "Kafka_Output": [
    {
      "name": "tc_id_25.ihl_dev_rm.reg.tm.prepared.dhPGLogs.v1",
      "data": [
        {
          "DomainEventHeader": {
            "SOR_INGT_CRT_TS": "2020-05-08T02:33:47.121-04:00",
            "SOR_READ_TS": "2020-05-12 21:29:19.4",
            "DE_CRT_TS": "2020-05-12 21:29:43",
            "SOR_TPIC_NM": "reg.tm.raw.srs.trnScheduleActive.v2",
            "DE_META": ""
          },
          "RouteDescribed": {
            "Domain_Event_Type_Key": "e3b61a2ebf5b23ed3fd8ff58d88a71874f646ec36a6e49d48b10b0c9e3100d05",
            "Route_Key": "7356a12e21c5f9fb6abb31b00b0f738f7e24e87d95c0e87b9c0f7185f67dc490",
            "RouteCharacteristics": [
              {
                "Route_Characteristic_Key": "61d7ee3b5d90cdae9bbfeb0c34c2b997c80848635ac56b7c62d19007c8177a01",
                "Characteristic_Type_Key": "507c151192205a8a1f991beda19bcbdbc613f5f81652bac1536f8a39d275791d",
                "Characteristic_Value": "2020-03-09"
              },
              {
                "Route_Characteristic_Key": "3ab199632928135aebbb0342aeb6e46a0957d0918b9f13e25f7fd427f862775d",
                "Characteristic_Type_Key": "a81a7bb99afc4e23aef8fb2c7192c65ad501d5c7bf5b99bc3bffe46bcbfe5b96",
                "Characteristic_Value": "2050-12-31"
              }
            ],
            "Domain_Event_Key": "b2583ea733a37f438497ba3327725c28bf831d8c6ae5eb489f7dd09f5ddbfe5e",
            "Correlation_Id": "deeab4e690f511ea9dd50a0d13360000",
            "Client_Identification": "PRODSSRS",
            "System_Key": "caf48af09f8e479707513247ae96fd6c8f0fd7649b682952115359e1a4ebab2d",
            "Proc_Ts": "2020-02-09 15:04:58.680926",
            "Proc_Ts_Tz_Dst_Cd": "100",
            "Event_Ts": "2020-02-09 15:04:58.680926",
            "Event_Ts_Tz_Dst_Cd": "100"
          },
          "LogHeader": {
            "ERROR_TO_DE": "ERROR: duplicate key value violates unique constraint xak1route_characteristic_domain_event Detail: Key domn_evt_key rte_char_key sor_proc_ts x62323538336561373333613337663433383439376261333332373732356332386266383331643863366165356562343839663764643039663564646266653565 x36316437656533623564393063646165396262666562306333346332623939376338303834383633356163353662376336326431393030376338313737613031 2020 02 09 15:04:58.680926 already exists.",
            "RAW_KAFKA_QUEUE_NAME": "tc_id_25.ihl_dev_rm.reg.tm.prepared.rteDsc.v1",
            "SPARK_JOB_NAME": "RouteDescribedLoad"
          }
        },
        {
          "DomainEventHeader": {
            "SOR_INGT_CRT_TS": "2020-05-08T02:33:47.121-04:00",
            "SOR_READ_TS": "2020-05-12 21:29:19.4",
            "DE_CRT_TS": "2020-05-12 21:29:43",
            "SOR_TPIC_NM": "reg.tm.raw.srs.trnScheduleActive.v2",
            "DE_META": ""
          },
          "RouteDescribed": {
            "Domain_Event_Type_Key": "e3b61a2ebf5b23ed3fd8ff58d88a71874f646ec36a6e49d48b10b0c9e3100d05",
            "Route_Key": "7356a12e21c5f9fb6abb31b00b0f738f7e24e87d95c0e87b9c0f7185f67dc490",
            "RouteCharacteristics": [
              {
                "Route_Characteristic_Key": "61d7ee3b5d90cdae9bbfeb0c34c2b997c80848635ac56b7c62d19007c8177a01",
                "Characteristic_Type_Key": "507c151192205a8a1f991beda19bcbdbc613f5f81652bac1536f8a39d275791d",
                "Characteristic_Value": "2020-03-09"
              },
              {
                "Route_Characteristic_Key": "3ab199632928135aebbb0342aeb6e46a0957d0918b9f13e25f7fd427f862775d",
                "Characteristic_Type_Key": "a81a7bb99afc4e23aef8fb2c7192c65ad501d5c7bf5b99bc3bffe46bcbfe5b96",
                "Characteristic_Value": "2050-12-31"
              }
            ],
            "Domain_Event_Key": "b2583ea733a37f438497ba3327725c28bf831d8c6ae5eb489f7dd09f5ddbfe5e",
            "Correlation_Id": "deeab4e690f511ea9dd50a0d13360000",
            "Client_Identification": "PRODSSRS",
            "System_Key": "caf48af09f8e479707513247ae96fd6c8f0fd7649b682952115359e1a4ebab2d",
            "Proc_Ts": "2020-02-09 15:04:58.680926",
            "Proc_Ts_Tz_Dst_Cd": "100",
            "Event_Ts": "2020-02-09 15:04:58.680926",
            "Event_Ts_Tz_Dst_Cd": "100"
          },
          "LogHeader": {
            "ERROR_TO_DE": "ERROR: duplicate key value violates unique constraint xak1route_characteristic_domain_event Detail: Key domn_evt_key rte_char_key sor_proc_ts x62323538336561373333613337663433383439376261333332373732356332386266383331643863366165356562343839663764643039663564646266653565 x33616231393936333239323831333561656262623033343261656236653436613039353764303931386239663133653235663766643432376638363237373564 2020 02 09 15:04:58.680926 already exists.",
            "RAW_KAFKA_QUEUE_NAME": "tc_id_25.ihl_dev_rm.reg.tm.prepared.rteDsc.v1",
            "SPARK_JOB_NAME": "RouteDescribedLoad"
          }
        }
      ]
    }
  ],
  "PostgreSQL_Output": [
    {
      "name": "dh_rte_char_domn_evt",
      "data": [
        {
          "domn_evt_key": "b2583ea733a37f438497ba3327725c28bf831d8c6ae5eb489f7dd09f5ddbfe5e",
          "rte_char_key": "61d7ee3b5d90cdae9bbfeb0c34c2b997c80848635ac56b7c62d19007c8177a01",
          "domn_evt_type_key": "e3b61a2ebf5b23ed3fd8ff58d88a71874f646ec36a6e49d48b10b0c9e3100d05",
          "rte_key": "7356a12e21c5f9fb6abb31b00b0f738f7e24e87d95c0e87b9c0f7185f67dc490",
          "char_type_key": "507c151192205a8a1f991beda19bcbdbc613f5f81652bac1536f8a39d275791d",
          "char_val": "2020-03-09",
          "sor_crlt_id": "deeab4e690f511ea9dd50a0d13360000",
          "sys_key": "caf48af09f8e479707513247ae96fd6c8f0fd7649b682952115359e1a4ebab2d",
          "clnt_id": "PRODSSRS",
          "sor_proc_ts": "2020-02-09 15:04:58.680926",
          "sor_evt_ts": "2020-02-09 15:04:58.680926",
          "sor_ingt_crt_ts": "2020-05-08 06:33:47.121000",
          "sor_read_ts": "2020-05-12 21:29:19.400000",
          "domn_evt_crt_ts": "2020-05-12 21:29:43",
          "sor_tpic_nm": "reg.tm.raw.srs.trnScheduleActive.v2",
          "domn_evt_meta": "",
          "sor_evt_ts_tz_dst_cd": 100,
          "sor_proc_ts_tz_dst_cd": 100
        },
        {
          "domn_evt_key": "b2583ea733a37f438497ba3327725c28bf831d8c6ae5eb489f7dd09f5ddbfe5e",
          "rte_char_key": "3ab199632928135aebbb0342aeb6e46a0957d0918b9f13e25f7fd427f862775d",
          "domn_evt_type_key": "e3b61a2ebf5b23ed3fd8ff58d88a71874f646ec36a6e49d48b10b0c9e3100d05",
          "rte_key": "7356a12e21c5f9fb6abb31b00b0f738f7e24e87d95c0e87b9c0f7185f67dc490",
          "char_type_key": "a81a7bb99afc4e23aef8fb2c7192c65ad501d5c7bf5b99bc3bffe46bcbfe5b96",
          "char_val": "2050-12-31",
          "sor_crlt_id": "deeab4e690f511ea9dd50a0d13360000",
          "sys_key": "caf48af09f8e479707513247ae96fd6c8f0fd7649b682952115359e1a4ebab2d",
          "clnt_id": "PRODSSRS",
          "sor_proc_ts": "2020-02-09 15:04:58.680926",
          "sor_evt_ts": "2020-02-09 15:04:58.680926",
          "sor_ingt_crt_ts": "2020-05-08 06:33:47.121000",
          "sor_read_ts": "2020-05-12 21:29:19.400000",
          "domn_evt_crt_ts": "2020-05-12 21:29:43",
          "sor_tpic_nm": "reg.tm.raw.srs.trnScheduleActive.v2",
          "domn_evt_meta": "",
          "sor_evt_ts_tz_dst_cd": 100,
          "sor_proc_ts_tz_dst_cd": 100
        }
      ]
    },
    {
      "name": "dh_rte_char",
      "data": [
        {
          "rte_key": "7356a12e21c5f9fb6abb31b00b0f738f7e24e87d95c0e87b9c0f7185f67dc490",
          "char_type_key": "507c151192205a8a1f991beda19bcbdbc613f5f81652bac1536f8a39d275791d",
          "char_val": "2020-03-09",
          "act_stus_ind": 1,
          "sor_crlt_id": "deeab4e690f511ea9dd50a0d13360000",
          "sys_key": "caf48af09f8e479707513247ae96fd6c8f0fd7649b682952115359e1a4ebab2d",
          "rpt_clnt_id": "PRODSSRS",
          "rpt_sor_proc_ts": "2020-02-09 15:04:58.680926",
          "sor_evt_ts": "2020-02-09 15:04:58.680926",
          "rmv_clnt_id": null,
          "rmv_sor_proc_ts": null,
          "sor_ingt_crt_ts": "2020-05-08 06:33:47.121000",
          "sor_read_ts": "2020-05-12 21:29:19.400000",
          "domn_evt_crt_ts": "2020-05-12 21:29:43",
          "sor_tpic_nm": "reg.tm.raw.srs.trnScheduleActive.v2",
          "domn_evt_meta": "",
          "sor_evt_ts_tz_dst_cd": 100,
          "sor_proc_ts_tz_dst_cd": 100
        },
        {
          "rte_key": "7356a12e21c5f9fb6abb31b00b0f738f7e24e87d95c0e87b9c0f7185f67dc490",
          "char_type_key": "a81a7bb99afc4e23aef8fb2c7192c65ad501d5c7bf5b99bc3bffe46bcbfe5b96",
          "char_val": "2050-12-31",
          "act_stus_ind": 1,
          "sor_crlt_id": "deeab4e690f511ea9dd50a0d13360000",
          "sys_key": "caf48af09f8e479707513247ae96fd6c8f0fd7649b682952115359e1a4ebab2d",
          "rpt_clnt_id": "PRODSSRS",
          "rpt_sor_proc_ts": "2020-02-09 15:04:58.680926",
          "sor_evt_ts": "2020-02-09 15:04:58.680926",
          "rmv_clnt_id": null,
          "rmv_sor_proc_ts": null,
          "sor_ingt_crt_ts": "2020-05-08 06:33:47.121000",
          "sor_read_ts": "2020-05-12 21:29:19.400000",
          "domn_evt_crt_ts": "2020-05-12 21:29:43",
          "sor_tpic_nm": "reg.tm.raw.srs.trnScheduleActive.v2",
          "domn_evt_meta": "",
          "sor_evt_ts_tz_dst_cd": 100,
          "sor_proc_ts_tz_dst_cd": 100
        }
      ]
    }
  ]
}