{
  "Kafka_Output": [
    {
      "name": "tc_id_50.ihl_dev_rm.reg.tm.prepared.dhPGLogs.v1",
      "data": [
        {
          "DomainEventHeader": {
            "SOR_INGT_CRT_TS": "2020-04-01 17:37:04.963",
            "SOR_READ_TS": "2021-01-13 11:40:24.026",
            "DE_CRT_TS": "2021-01-13 11:40:51",
            "SOR_TPIC_NM": "reg.tm.raw.srs.wayBill.v3",
            "DE_META": ""
          },
          "ShipmentCompositeCreated": {
            "Primary_Object_Key": "733fb7fc5bd7d96df0c77119b76c15e0b26b12c2b089cd7b0ff71a62bd32a5ef",
            "Domain_Event_Type_Key": "e3b61a2ebf5b23ed3fd8ff58d88a71874f646ec36a6e49d48b10b0c9e3100d05",
            "Shipment_Composite_Key": "b62d06b720f1683c00e6dce6785f8584ca968690ea8c877d1ad46b1118b72618",
            "Shipment_Composite_Type_Key": "f6d1c2ca1bba8cd0c7177a00218a3cf8cc43afc7dd37d542775d15a7a76eeebe",
            "Shipment_Key": "733fb7fc5bd7d96df0c77119b76c15e0b26b12c2b089cd7b0ff71a62bd32a5ef",
            "Shipment_Type_Key": "d7b91437ff74a3bfd70ba3ebe8d16b8b5c2658cb589c7e5fa9d8f67d354e3b80",
            "Composite_Key": "ae29d8cf729c06a5465120f0cfefd73fb1b4e5833d12177d30dcb5452e745f84",
            "Composite_Type_Key": "43dc3cc5c9a6f413b035c8858809557a890a2831da95680067b8afa0d48aed04",
            "Identification_Type_Key": "3bfa86ca22b888ca146f9bdd7e628a81389ac6147a84f44fbf80ea27a1a1d769",
            "Identification_Value": "In-gate Seal",
            "Domain_Event_Key": "bb11b29d8b7ebaefc74923e9bf51465d4d33e770147cfe76bd3a99e8905e1d48",
            "Correlation_Id": "93eb6bab-e933-47d3-b07d-05d07dfdf062",
            "Client_Identification": "NATHUB",
            "System_Key": "e842426b7c8978fa9fb29dcf3f073f3c232f6cc1d62972e3d7dfe753cc314915",
            "Proc_Ts": "2020-04-01 17:37:04.963",
            "Proc_Ts_Tz_Dst_Cd": "100",
            "Event_Ts": "2020-03-18 18:32:03.000",
            "Event_Ts_Tz_Dst_Cd": "111"
          },
          "LogHeader": {
            "ERROR_TO_DE": "ERROR: duplicate key value violates unique constraint xak1shipment_composite_domain_event Detail: Key domn_evt_key sor_proc_ts x62623131623239643862376562616566633734393233653962663531343635643464333365373730313437636665373662643361393965383930356531643438 2020 04 01 17:37:04.963 already exists.",
            "RAW_KAFKA_QUEUE_NAME": "tc_id_50.ihl_dev_rm.reg.tm.prepared.shipCmpCrt.v1",
            "SPARK_JOB_NAME": "ShipmentCompositeCreatedLoad"
          }
        }
      ]
    }
  ],
  "PostgreSQL_Output": [
    {
      "name": "dh_ship_cmp_domn_evt",
      "data": [
        {
          "domn_evt_key": "bb11b29d8b7ebaefc74923e9bf51465d4d33e770147cfe76bd3a99e8905e1d48",
          "domn_evt_type_key": "e3b61a2ebf5b23ed3fd8ff58d88a71874f646ec36a6e49d48b10b0c9e3100d05",
          "ship_cmp_key": "b62d06b720f1683c00e6dce6785f8584ca968690ea8c877d1ad46b1118b72618",
          "ship_cmp_type_key": "f6d1c2ca1bba8cd0c7177a00218a3cf8cc43afc7dd37d542775d15a7a76eeebe",
          "ship_key": "733fb7fc5bd7d96df0c77119b76c15e0b26b12c2b089cd7b0ff71a62bd32a5ef",
          "ship_type_key": "d7b91437ff74a3bfd70ba3ebe8d16b8b5c2658cb589c7e5fa9d8f67d354e3b80",
          "cmp_key": "ae29d8cf729c06a5465120f0cfefd73fb1b4e5833d12177d30dcb5452e745f84",
          "cmp_type_key": "43dc3cc5c9a6f413b035c8858809557a890a2831da95680067b8afa0d48aed04",
          "id_type_key": "3bfa86ca22b888ca146f9bdd7e628a81389ac6147a84f44fbf80ea27a1a1d769",
          "id_val": "In-gate Seal",
          "sor_crlt_id": "93eb6bab-e933-47d3-b07d-05d07dfdf062",
          "sys_key": "e842426b7c8978fa9fb29dcf3f073f3c232f6cc1d62972e3d7dfe753cc314915",
          "clnt_id": "NATHUB",
          "sor_proc_ts": "2020-04-01 17:37:04.963000",
          "sor_evt_ts": "2020-03-18 18:32:03",
          "sor_ingt_crt_ts": "2020-04-01 17:37:04.963000",
          "sor_read_ts": "2021-01-13 11:40:24.026000",
          "domn_evt_crt_ts": "2021-01-13 11:40:51",
          "sor_tpic_nm": "reg.tm.raw.srs.wayBill.v3",
          "domn_evt_meta": "",
          "sor_evt_ts_tz_dst_cd": 111,
          "sor_proc_ts_tz_dst_cd": 100,
          "prim_obj_key": "733fb7fc5bd7d96df0c77119b76c15e0b26b12c2b089cd7b0ff71a62bd32a5ef"
        }
      ]
    },
    {
      "name": "dh_ship_cmp",
      "data": [
        {
          "ship_cmp_key": "b62d06b720f1683c00e6dce6785f8584ca968690ea8c877d1ad46b1118b72618",
          "act_stus_ind": 1,
          "ship_cmp_type_key": "f6d1c2ca1bba8cd0c7177a00218a3cf8cc43afc7dd37d542775d15a7a76eeebe",
          "ship_key": "733fb7fc5bd7d96df0c77119b76c15e0b26b12c2b089cd7b0ff71a62bd32a5ef",
          "ship_type_key": "d7b91437ff74a3bfd70ba3ebe8d16b8b5c2658cb589c7e5fa9d8f67d354e3b80",
          "cmp_key": "ae29d8cf729c06a5465120f0cfefd73fb1b4e5833d12177d30dcb5452e745f84",
          "cmp_type_key": "43dc3cc5c9a6f413b035c8858809557a890a2831da95680067b8afa0d48aed04",
          "id_type_key": "3bfa86ca22b888ca146f9bdd7e628a81389ac6147a84f44fbf80ea27a1a1d769",
          "id_val": "In-gate Seal",
          "sor_crlt_id": "93eb6bab-e933-47d3-b07d-05d07dfdf062",
          "sys_key": "e842426b7c8978fa9fb29dcf3f073f3c232f6cc1d62972e3d7dfe753cc314915",
          "rpt_clnt_id": "NATHUB",
          "rpt_sor_proc_ts": "2020-04-01 17:37:04.963000",
          "sor_evt_ts": "2020-03-18 18:32:03",
          "rmv_clnt_id": null,
          "rmv_sor_proc_ts": null,
          "sor_ingt_crt_ts": "2020-04-01 17:37:04.963000",
          "sor_read_ts": "2021-01-13 11:40:24.026000",
          "domn_evt_crt_ts": "2021-01-13 11:40:51",
          "sor_tpic_nm": "reg.tm.raw.srs.wayBill.v3",
          "domn_evt_meta": "",
          "prim_obj_key": "733fb7fc5bd7d96df0c77119b76c15e0b26b12c2b089cd7b0ff71a62bd32a5ef",
          "sor_evt_ts_tz_dst_cd": 111,
          "sor_proc_ts_tz_dst_cd": 100
        }
      ]
    }
  ]
}"In-gate Seal",
          "sor_crlt_id": "93eb6bab-e933-47d3-b07d-05d07dfdf062",
          "sys_key": "e842426b7c8978fa9fb29dcf3f073f3c232f6cc1d62972e3d7dfe753cc314915",
          "clnt_id": "NATHUB",
          "sor_proc_ts": "2020-04-01 17:37:04.963000",
          "sor_evt_ts": "2020-03-18 18:32:03",
          "sor_ingt_crt_ts": "2020-04-01 17:37:04.963000",
          "sor_read_ts": "2021-01-13 11:40:24.026000",
          "domn_evt_crt_ts": "2021-01-13 11:40:51",
          "sor_tpic_nm": "reg.tm.raw.srs.wayBill.v3",
          "domn_evt_meta": "",
          "sor_evt_ts_tz_dst_cd": 111,
          "sor_proc_ts_tz_dst_cd": 100,
          "prim_obj_key": "733fb7fc5bd7d96df0c77119b76c15e0b26b12c2b089cd7b0ff71a62bd32a5ef"
        }
      ]
    },
    {
      "name": "dh_ship_cmp",
      "data": [
        {
          "ship_cmp_key": "b62d06b720f1683c00e6dce6785f8584ca968690ea8c877d1ad46b1118b72618",
          "act_stus_ind": 1,
          "ship_cmp_type_key": "f6d1c2ca1bba8cd0c7177a00218a3cf8cc43afc7dd37d542775d15a7a76eeebe",
          "ship_key": "733fb7fc5bd7d96df0c77119b76c15e0b26b12c2b089cd7b0ff71a62bd32a5ef",
          "ship_type_key": "d7b91437ff74a3bfd70ba3ebe8d16b8b5c2658cb589c7e5fa9d8f67d354e3b80",
          "cmp_key": "ae29d8cf729c06a5465120f0cfefd73fb1b4e5833d12177d30dcb5452e745f84",
          "cmp_type_key": "43dc3cc5c9a6f413b035c8858809557a890a2831da95680067b8afa0d48aed04",
          "id_type_key": "3bfa86ca22b888ca146f9bdd7e628a81389ac6147a84f44fbf80ea27a1a1d769",
          "id_val": "In-gate Seal",
          "sor_crlt_id": "93eb6bab-e933-47d3-b07d-05d07dfdf062",
          "sys_key": "e842426b7c8978fa9fb29dcf3f073f3c232f6cc1d62972e3d7dfe753cc314915",
          "rpt_clnt_id": "NATHUB",
          "rpt_sor_proc_ts": "2020-04-01 17:37:04.963000",
          "sor_evt_ts": "2020-03-18 18:32:03",
          "rmv_clnt_id": null,
          "rmv_sor_proc_ts": null,
          "sor_ingt_crt_ts": "2020-04-01 17:37:04.963000",
          "sor_read_ts": "2021-01-13 11:40:24.026000",
          "domn_evt_crt_ts": "2021-01-13 11:40:51",
          "sor_tpic_nm": "reg.tm.raw.srs.wayBill.v3",
          "domn_evt_meta": "",
          "prim_obj_key": "733fb7fc5bd7d96df0c77119b76c15e0b26b12c2b089cd7b0ff71a62bd32a5ef",
          "sor_evt_ts_tz_dst_cd": 111,
          "sor_proc_ts_tz_dst_cd": 100
        }
      ]
    }
  ]
}