{
  "Kafka_Output": [
    {
      "name": "tc_id_30.ihl_dev_rm.reg.tm.prepared.dhPGLogs.v1",
      "data": [
        {
          "DomainEventHeader": {
            "SOR_INGT_CRT_TS": "2020-04-30 19:46:56.656",
            "SOR_READ_TS": "2020-05-14 20:13:33.479",
            "DE_CRT_TS": "2020-05-14 20:13:37",
            "SOR_TPIC_NM": "reg.tm.raw.srs.wayBill.v2",
            "DE_META": ""
          },
          "ShipmentDescribed": {
            "Domain_Event_Type_Key": "e3b61a2ebf5b23ed3fd8ff58d88a71874f646ec36a6e49d48b10b0c9e3100d05",
            "Shipment_Key": "0cf70a743815e5f60c01b3b5c693e9175c49f3b64ff169d4baeda5255bc6cdfa",
            "ShipmentCharacteristics": [
              {
                "Shipment_Characteristic_Key": "bb2d3f6843077428252b461d119b8e1611f69973d7d84d404d6163dc6c58479f",
                "Characteristic_Type_Key": "31479967411e5e49ab3f8a29ec27b0374a2422ea101e2e872a6a4cddb36b4296",
                "Characteristic_Value": "LYNX1642"
              },
              {
                "Shipment_Characteristic_Key": "5d0850cc7dcc7dae8011d8b91cf0cb39abe6c532fe96ee03485d06f1d7f58fc9",
                "Characteristic_Type_Key": "8e84c3aded0761bb1ad23fdf33a9a5034d66956295218dc0b6def535530ac3f0",
                "Characteristic_Value": "      "
              },
              {
                "Shipment_Characteristic_Key": "2018eefe5a4b6f4497cc0a729d55f4731094893818c0fa71999b730a8813fe01",
                "Characteristic_Type_Key": "7e9d9ab8b9ac6fbbaf5604cc0c0d7c781fa8fdaaa2dccd99c99f9d9a12ef7265",
                "Characteristic_Value": "2020-04-30"
              },
              {
                "Shipment_Characteristic_Key": "19e3ab8bfac6f00a709101f16047bb4fc8e1abf883ae2dba5571e75dc2b18dac",
                "Characteristic_Type_Key": "d594ad4351f69edc0bee8f5b1a30b629f669f7357995c6af8f02274f086c6af8",
                "Characteristic_Value": "61700"
              },
              {
                "Shipment_Characteristic_Key": "1bbf6e3833882c0347ea4cd2e08327190a42236b2946fc95f15d0166f9b950fb",
                "Characteristic_Type_Key": "0c52146a527006d8224c17bbdf99dfd6ec913a321b43b4e120a4dd4082ee6832",
                "Characteristic_Value": "MPH"
              }
            ],
            "Domain_Event_Key": "5b03e8ad28e70e805561757d005735a364e551e1e077c0c31f1015b6d1dc3f23",
            "Correlation_Id": "e96bd83d-78db-4fad-892b-0f4f8207af6a",
            "Client_Identification": "121058C",
            "System_Key": "e842426b7c8978fa9fb29dcf3f073f3c232f6cc1d62972e3d7dfe753cc314915",
            "Proc_Ts": "2020-02-09 15:04:58.680926",
            "Proc_Ts_Tz_Dst_Cd": "100",
            "Event_Ts": "2020-02-09 15:04:58.680926",
            "Event_Ts_Tz_Dst_Cd": "100"
          },
          "LogHeader": {
            "ERROR_TO_DE": "ERROR: duplicate key value violates unique constraint dh_ship_char_domn_evt_pkey Detail: Key domn_evt_key ship_char_key x35623033653861643238653730653830353536313735376430303537333561333634653535316531653037376330633331663130313562366431646333663233 x32303138656566653561346236663434393763633061373239643535663437333130393438393338313863306661373139393962373330613838313366653031 already exists.",
            "RAW_KAFKA_QUEUE_NAME": "tc_id_30.ihl_dev_rm.reg.tm.prepared.shipDsc.v1",
            "SPARK_JOB_NAME": "ShipmentDescribedLoad",
            "ERROR_TS": "2020-06-04 20:13:21"
          }
        },
        {
          "DomainEventHeader": {
            "SOR_INGT_CRT_TS": "2020-04-30 19:46:56.656",
            "SOR_READ_TS": "2020-05-14 20:13:33.479",
            "DE_CRT_TS": "2020-05-14 20:13:37",
            "SOR_TPIC_NM": "reg.tm.raw.srs.wayBill.v2",
            "DE_META": ""
          },
          "ShipmentDescribed": {
            "Domain_Event_Type_Key": "e3b61a2ebf5b23ed3fd8ff58d88a71874f646ec36a6e49d48b10b0c9e3100d05",
            "Shipment_Key": "0cf70a743815e5f60c01b3b5c693e9175c49f3b64ff169d4baeda5255bc6cdfa",
            "ShipmentCharacteristics": [
              {
                "Shipment_Characteristic_Key": "bb2d3f6843077428252b461d119b8e1611f69973d7d84d404d6163dc6c58479f",
                "Characteristic_Type_Key": "31479967411e5e49ab3f8a29ec27b0374a2422ea101e2e872a6a4cddb36b4296",
                "Characteristic_Value": "LYNX1642"
              },
              {
                "Shipment_Characteristic_Key": "5d0850cc7dcc7dae8011d8b91cf0cb39abe6c532fe96ee03485d06f1d7f58fc9",
                "Characteristic_Type_Key": "8e84c3aded0761bb1ad23fdf33a9a5034d66956295218dc0b6def535530ac3f0",
                "Characteristic_Value": "      "
              },
              {
                "Shipment_Characteristic_Key": "2018eefe5a4b6f4497cc0a729d55f4731094893818c0fa71999b730a8813fe01",
                "Characteristic_Type_Key": "7e9d9ab8b9ac6fbbaf5604cc0c0d7c781fa8fdaaa2dccd99c99f9d9a12ef7265",
                "Characteristic_Value": "2020-04-30"
              },
              {
                "Shipment_Characteristic_Key": "19e3ab8bfac6f00a709101f16047bb4fc8e1abf883ae2dba5571e75dc2b18dac",
                "Characteristic_Type_Key": "d594ad4351f69edc0bee8f5b1a30b629f669f7357995c6af8f02274f086c6af8",
                "Characteristic_Value": "61700"
              },
              {
                "Shipment_Characteristic_Key": "1bbf6e3833882c0347ea4cd2e08327190a42236b2946fc95f15d0166f9b950fb",
                "Characteristic_Type_Key": "0c52146a527006d8224c17bbdf99dfd6ec913a321b43b4e120a4dd4082ee6832",
                "Characteristic_Value": "MPH"
              }
            ],
            "Domain_Event_Key": "5b03e8ad28e70e805561757d005735a364e551e1e077c0c31f1015b6d1dc3f23",
            "Correlation_Id": "e96bd83d-78db-4fad-892b-0f4f8207af6a",
            "Client_Identification": "121058C",
            "System_Key": "e842426b7c8978fa9fb29dcf3f073f3c232f6cc1d62972e3d7dfe753cc314915",
            "Proc_Ts": "2020-02-09 15:04:58.680926",
            "Proc_Ts_Tz_Dst_Cd": "100",
            "Event_Ts": "2020-02-09 15:04:58.680926",
            "Event_Ts_Tz_Dst_Cd": "100"
          },
          "LogHeader": {
            "ERROR_TO_DE": "ERROR: duplicate key value violates unique constraint dh_ship_char_domn_evt_pkey Detail: Key domn_evt_key ship_char_key x35623033653861643238653730653830353536313735376430303537333561333634653535316531653037376330633331663130313562366431646333663233 x62623264336636383433303737343238323532623436316431313962386531363131663639393733643764383464343034643631363364633663353834373966 already exists.",
            "RAW_KAFKA_QUEUE_NAME": "tc_id_30.ihl_dev_rm.reg.tm.prepared.shipDsc.v1",
            "SPARK_JOB_NAME": "ShipmentDescribedLoad",
            "ERROR_TS": "2020-06-04 20:13:21"
          }
        },
        {
          "DomainEventHeader": {
            "SOR_INGT_CRT_TS": "2020-04-30 19:46:56.656",
            "SOR_READ_TS": "2020-05-14 20:13:33.479",
            "DE_CRT_TS": "2020-05-14 20:13:37",
            "SOR_TPIC_NM": "reg.tm.raw.srs.wayBill.v2",
            "DE_META": ""
          },
          "ShipmentDescribed": {
            "Domain_Event_Type_Key": "e3b61a2ebf5b23ed3fd8ff58d88a71874f646ec36a6e49d48b10b0c9e3100d05",
            "Shipment_Key": "0cf70a743815e5f60c01b3b5c693e9175c49f3b64ff169d4baeda5255bc6cdfa",
            "ShipmentCharacteristics": [
              {
                "Shipment_Characteristic_Key": "bb2d3f6843077428252b461d119b8e1611f69973d7d84d404d6163dc6c58479f",
                "Characteristic_Type_Key": "31479967411e5e49ab3f8a29ec27b0374a2422ea101e2e872a6a4cddb36b4296",
                "Characteristic_Value": "LYNX1642"
              },
              {
                "Shipment_Characteristic_Key": "5d0850cc7dcc7dae8011d8b91cf0cb39abe6c532fe96ee03485d06f1d7f58fc9",
                "Characteristic_Type_Key": "8e84c3aded0761bb1ad23fdf33a9a5034d66956295218dc0b6def535530ac3f0",
                "Characteristic_Value": "      "
              },
              {
                "Shipment_Characteristic_Key": "2018eefe5a4b6f4497cc0a729d55f4731094893818c0fa71999b730a8813fe01",
                "Characteristic_Type_Key": "7e9d9ab8b9ac6fbbaf5604cc0c0d7c781fa8fdaaa2dccd99c99f9d9a12ef7265",
                "Characteristic_Value": "2020-04-30"
              },
              {
                "Shipment_Characteristic_Key": "19e3ab8bfac6f00a709101f16047bb4fc8e1abf883ae2dba5571e75dc2b18dac",
                "Characteristic_Type_Key": "d594ad4351f69edc0bee8f5b1a30b629f669f7357995c6af8f02274f086c6af8",
                "Characteristic_Value": "61700"
              },
              {
                "Shipment_Characteristic_Key": "1bbf6e3833882c0347ea4cd2e08327190a42236b2946fc95f15d0166f9b950fb",
                "Characteristic_Type_Key": "0c52146a527006d8224c17bbdf99dfd6ec913a321b43b4e120a4dd4082ee6832",
                "Characteristic_Value": "MPH"
              }
            ],
            "Domain_Event_Key": "5b03e8ad28e70e805561757d005735a364e551e1e077c0c31f1015b6d1dc3f23",
            "Correlation_Id": "e96bd83d-78db-4fad-892b-0f4f8207af6a",
            "Client_Identification": "121058C",
            "System_Key": "e842426b7c8978fa9fb29dcf3f073f3c232f6cc1d62972e3d7dfe753cc314915",
            "Proc_Ts": "2020-02-09 15:04:58.680926",
            "Proc_Ts_Tz_Dst_Cd": "100",
            "Event_Ts": "2020-02-09 15:04:58.680926",
            "Event_Ts_Tz_Dst_Cd": "100"
          },
          "LogHeader": {
            "ERROR_TO_DE": "ERROR: duplicate key value violates unique constraint dh_ship_char_domn_evt_pkey Detail: Key domn_evt_key ship_char_key x35623033653861643238653730653830353536313735376430303537333561333634653535316531653037376330633331663130313562366431646333663233 x31396533616238626661633666303061373039313031663136303437626234666338653161626638383361653264626135353731653735646332623138646163 already exists.",
            "RAW_KAFKA_QUEUE_NAME": "tc_id_30.ihl_dev_rm.reg.tm.prepared.shipDsc.v1",
            "SPARK_JOB_NAME": "ShipmentDescribedLoad",
            "ERROR_TS": "2020-06-04 20:13:21"
          }
        },
        {
          "DomainEventHeader": {
            "SOR_INGT_CRT_TS": "2020-04-30 19:46:56.656",
            "SOR_READ_TS": "2020-05-14 20:13:33.479",
            "DE_CRT_TS": "2020-05-14 20:13:37",
            "SOR_TPIC_NM": "reg.tm.raw.srs.wayBill.v2",
            "DE_META": ""
          },
          "ShipmentDescribed": {
            "Domain_Event_Type_Key": "e3b61a2ebf5b23ed3fd8ff58d88a71874f646ec36a6e49d48b10b0c9e3100d05",
            "Shipment_Key": "0cf70a743815e5f60c01b3b5c693e9175c49f3b64ff169d4baeda5255bc6cdfa",
            "ShipmentCharacteristics": [
              {
                "Shipment_Characteristic_Key": "bb2d3f6843077428252b461d119b8e1611f69973d7d84d404d6163dc6c58479f",
                "Characteristic_Type_Key": "31479967411e5e49ab3f8a29ec27b0374a2422ea101e2e872a6a4cddb36b4296",
                "Characteristic_Value": "LYNX1642"
              },
              {
                "Shipment_Characteristic_Key": "5d0850cc7dcc7dae8011d8b91cf0cb39abe6c532fe96ee03485d06f1d7f58fc9",
                "Characteristic_Type_Key": "8e84c3aded0761bb1ad23fdf33a9a5034d66956295218dc0b6def535530ac3f0",
                "Characteristic_Value": "      "
              },
              {
                "Shipment_Characteristic_Key": "2018eefe5a4b6f4497cc0a729d55f4731094893818c0fa71999b730a8813fe01",
                "Characteristic_Type_Key": "7e9d9ab8b9ac6fbbaf5604cc0c0d7c781fa8fdaaa2dccd99c99f9d9a12ef7265",
                "Characteristic_Value": "2020-04-30"
              },
              {
                "Shipment_Characteristic_Key": "19e3ab8bfac6f00a709101f16047bb4fc8e1abf883ae2dba5571e75dc2b18dac",
                "Characteristic_Type_Key": "d594ad4351f69edc0bee8f5b1a30b629f669f7357995c6af8f02274f086c6af8",
                "Characteristic_Value": "61700"
              },
              {
                "Shipment_Characteristic_Key": "1bbf6e3833882c0347ea4cd2e08327190a42236b2946fc95f15d0166f9b950fb",
                "Characteristic_Type_Key": "0c52146a527006d8224c17bbdf99dfd6ec913a321b43b4e120a4dd4082ee6832",
                "Characteristic_Value": "MPH"
              }
            ],
            "Domain_Event_Key": "5b03e8ad28e70e805561757d005735a364e551e1e077c0c31f1015b6d1dc3f23",
            "Correlation_Id": "e96bd83d-78db-4fad-892b-0f4f8207af6a",
            "Client_Identification": "121058C",
            "System_Key": "e842426b7c8978fa9fb29dcf3f073f3c232f6cc1d62972e3d7dfe753cc314915",
            "Proc_Ts": "2020-02-09 15:04:58.680926",
            "Proc_Ts_Tz_Dst_Cd": "100",
            "Event_Ts": "2020-02-09 15:04:58.680926",
            "Event_Ts_Tz_Dst_Cd": "100"
          },
          "LogHeader": {
            "ERROR_TO_DE": "ERROR: duplicate key value violates unique constraint dh_ship_char_domn_evt_pkey Detail: Key domn_evt_key ship_char_key x35623033653861643238653730653830353536313735376430303537333561333634653535316531653037376330633331663130313562366431646333663233 x35643038353063633764636337646165383031316438623931636630636233396162653663353332666539366565303334383564303666316437663538666339 already exists.",
            "RAW_KAFKA_QUEUE_NAME": "tc_id_30.ihl_dev_rm.reg.tm.prepared.shipDsc.v1",
            "SPARK_JOB_NAME": "ShipmentDescribedLoad",
            "ERROR_TS": "2020-06-04 20:13:21"
          }
        },
        {
          "DomainEventHeader": {
            "SOR_INGT_CRT_TS": "2020-04-30 19:46:56.656",
            "SOR_READ_TS": "2020-05-14 20:13:33.479",
            "DE_CRT_TS": "2020-05-14 20:13:37",
            "SOR_TPIC_NM": "reg.tm.raw.srs.wayBill.v2",
            "DE_META": ""
          },
          "ShipmentDescribed": {
            "Domain_Event_Type_Key": "e3b61a2ebf5b23ed3fd8ff58d88a71874f646ec36a6e49d48b10b0c9e3100d05",
            "Shipment_Key": "0cf70a743815e5f60c01b3b5c693e9175c49f3b64ff169d4baeda5255bc6cdfa",
            "ShipmentCharacteristics": [
              {
                "Shipment_Characteristic_Key": "bb2d3f6843077428252b461d119b8e1611f69973d7d84d404d6163dc6c58479f",
                "Characteristic_Type_Key": "31479967411e5e49ab3f8a29ec27b0374a2422ea101e2e872a6a4cddb36b4296",
                "Characteristic_Value": "LYNX1642"
              },
              {
                "Shipment_Characteristic_Key": "5d0850cc7dcc7dae8011d8b91cf0cb39abe6c532fe96ee03485d06f1d7f58fc9",
                "Characteristic_Type_Key": "8e84c3aded0761bb1ad23fdf33a9a5034d66956295218dc0b6def535530ac3f0",
                "Characteristic_Value": "      "
              },
              {
                "Shipment_Characteristic_Key": "2018eefe5a4b6f4497cc0a729d55f4731094893818c0fa71999b730a8813fe01",
                "Characteristic_Type_Key": "7e9d9ab8b9ac6fbbaf5604cc0c0d7c781fa8fdaaa2dccd99c99f9d9a12ef7265",
                "Characteristic_Value": "2020-04-30"
              },
              {
                "Shipment_Characteristic_Key": "19e3ab8bfac6f00a709101f16047bb4fc8e1abf883ae2dba5571e75dc2b18dac",
                "Characteristic_Type_Key": "d594ad4351f69edc0bee8f5b1a30b629f669f7357995c6af8f02274f086c6af8",
                "Characteristic_Value": "61700"
              },
              {
                "Shipment_Characteristic_Key": "1bbf6e3833882c0347ea4cd2e08327190a42236b2946fc95f15d0166f9b950fb",
                "Characteristic_Type_Key": "0c52146a527006d8224c17bbdf99dfd6ec913a321b43b4e120a4dd4082ee6832",
                "Characteristic_Value": "MPH"
              }
            ],
            "Domain_Event_Key": "5b03e8ad28e70e805561757d005735a364e551e1e077c0c31f1015b6d1dc3f23",
            "Correlation_Id": "e96bd83d-78db-4fad-892b-0f4f8207af6a",
            "Client_Identification": "121058C",
            "System_Key": "e842426b7c8978fa9fb29dcf3f073f3c232f6cc1d62972e3d7dfe753cc314915",
            "Proc_Ts": "2020-02-09 15:04:58.680926",
            "Proc_Ts_Tz_Dst_Cd": "100",
            "Event_Ts": "2020-02-09 15:04:58.680926",
            "Event_Ts_Tz_Dst_Cd": "100"
          },
          "LogHeader": {
            "ERROR_TO_DE": "ERROR: duplicate key value violates unique constraint dh_ship_char_domn_evt_pkey Detail: Key domn_evt_key ship_char_key x35623033653861643238653730653830353536313735376430303537333561333634653535316531653037376330633331663130313562366431646333663233 x31626266366533383333383832633033343765613463643265303833323731393061343232333662323934366663393566313564303136366639623935306662 already exists.",
            "RAW_KAFKA_QUEUE_NAME": "tc_id_30.ihl_dev_rm.reg.tm.prepared.shipDsc.v1",
            "SPARK_JOB_NAME": "ShipmentDescribedLoad",
            "ERROR_TS": "2020-06-04 20:13:21"
          }
        }
      ]
    }
  ],
  "PostgreSQL_Output": [
    {
      "name": "dh_ship_char_domn_evt",
      "data": [
        {
          "domn_evt_key": "5b03e8ad28e70e805561757d005735a364e551e1e077c0c31f1015b6d1dc3f23",
          "ship_char_key": "bb2d3f6843077428252b461d119b8e1611f69973d7d84d404d6163dc6c58479f",
          "domn_evt_type_key": "e3b61a2ebf5b23ed3fd8ff58d88a71874f646ec36a6e49d48b10b0c9e3100d05",
          "ship_key": "0cf70a743815e5f60c01b3b5c693e9175c49f3b64ff169d4baeda5255bc6cdfa",
          "char_type_key": "31479967411e5e49ab3f8a29ec27b0374a2422ea101e2e872a6a4cddb36b4296",
          "char_val": "LYNX1642",
          "sor_crlt_id": "e96bd83d-78db-4fad-892b-0f4f8207af6a",
          "sys_key": "e842426b7c8978fa9fb29dcf3f073f3c232f6cc1d62972e3d7dfe753cc314915",
          "clnt_id": "121058C",
          "sor_proc_ts": "2020-02-09 15:04:58.680926",
          "sor_evt_ts": "2020-02-09 15:04:58.680926",
          "sor_ingt_crt_ts": "2020-04-30 19:46:56.656000",
          "sor_read_ts": "2020-05-14 20:13:33.479000",
          "domn_evt_crt_ts": "2020-05-14 20:13:37",
          "domn_evt_read_ts": "2020-06-04 20:13:02.986000",
          "data_hub_crt_ts": "2020-06-04 20:13:20.916724",
          "sor_tpic_nm": "reg.tm.raw.srs.wayBill.v2",
          "domn_evt_meta": "",
          "sor_evt_ts_tz_dst_cd": 100,
          "sor_proc_ts_tz_dst_cd": 100
        },
        {
          "domn_evt_key": "5b03e8ad28e70e805561757d005735a364e551e1e077c0c31f1015b6d1dc3f23",
          "ship_char_key": "5d0850cc7dcc7dae8011d8b91cf0cb39abe6c532fe96ee03485d06f1d7f58fc9",
          "domn_evt_type_key": "e3b61a2ebf5b23ed3fd8ff58d88a71874f646ec36a6e49d48b10b0c9e3100d05",
          "ship_key": "0cf70a743815e5f60c01b3b5c693e9175c49f3b64ff169d4baeda5255bc6cdfa",
          "char_type_key": "8e84c3aded0761bb1ad23fdf33a9a5034d66956295218dc0b6def535530ac3f0",
          "char_val": "      ",
          "sor_crlt_id": "e96bd83d-78db-4fad-892b-0f4f8207af6a",
          "sys_key": "e842426b7c8978fa9fb29dcf3f073f3c232f6cc1d62972e3d7dfe753cc314915",
          "clnt_id": "121058C",
          "sor_proc_ts": "2020-02-09 15:04:58.680926",
          "sor_evt_ts": "2020-02-09 15:04:58.680926",
          "sor_ingt_crt_ts": "2020-04-30 19:46:56.656000",
          "sor_read_ts": "2020-05-14 20:13:33.479000",
          "domn_evt_crt_ts": "2020-05-14 20:13:37",
          "domn_evt_read_ts": "2020-06-04 20:13:02.986000",
          "data_hub_crt_ts": "2020-06-04 20:13:20.929296",
          "sor_tpic_nm": "reg.tm.raw.srs.wayBill.v2",
          "domn_evt_meta": "",
          "sor_evt_ts_tz_dst_cd": 100,
          "sor_proc_ts_tz_dst_cd": 100
        },
        {
          "domn_evt_key": "5b03e8ad28e70e805561757d005735a364e551e1e077c0c31f1015b6d1dc3f23",
          "ship_char_key": "2018eefe5a4b6f4497cc0a729d55f4731094893818c0fa71999b730a8813fe01",
          "domn_evt_type_key": "e3b61a2ebf5b23ed3fd8ff58d88a71874f646ec36a6e49d48b10b0c9e3100d05",
          "ship_key": "0cf70a743815e5f60c01b3b5c693e9175c49f3b64ff169d4baeda5255bc6cdfa",
          "char_type_key": "7e9d9ab8b9ac6fbbaf5604cc0c0d7c781fa8fdaaa2dccd99c99f9d9a12ef7265",
          "char_val": "2020-04-30",
          "sor_crlt_id": "e96bd83d-78db-4fad-892b-0f4f8207af6a",
          "sys_key": "e842426b7c8978fa9fb29dcf3f073f3c232f6cc1d62972e3d7dfe753cc314915",
          "clnt_id": "121058C",
          "sor_proc_ts": "2020-02-09 15:04:58.680926",
          "sor_evt_ts": "2020-02-09 15:04:58.680926",
          "sor_ingt_crt_ts": "2020-04-30 19:46:56.656000",
          "sor_read_ts": "2020-05-14 20:13:33.479000",
          "domn_evt_crt_ts": "2020-05-14 20:13:37",
          "domn_evt_read_ts": "2020-06-04 20:13:02.986000",
          "data_hub_crt_ts": "2020-06-04 20:13:20.953813",
          "sor_tpic_nm": "reg.tm.raw.srs.wayBill.v2",
          "domn_evt_meta": "",
          "sor_evt_ts_tz_dst_cd": 100,
          "sor_proc_ts_tz_dst_cd": 100
        },
        {
          "domn_evt_key": "5b03e8ad28e70e805561757d005735a364e551e1e077c0c31f1015b6d1dc3f23",
          "ship_char_key": "19e3ab8bfac6f00a709101f16047bb4fc8e1abf883ae2dba5571e75dc2b18dac",
          "domn_evt_type_key": "e3b61a2ebf5b23ed3fd8ff58d88a71874f646ec36a6e49d48b10b0c9e3100d05",
          "ship_key": "0cf70a743815e5f60c01b3b5c693e9175c49f3b64ff169d4baeda5255bc6cdfa",
          "char_type_key": "d594ad4351f69edc0bee8f5b1a30b629f669f7357995c6af8f02274f086c6af8",
          "char_val": "61700",
          "sor_crlt_id": "e96bd83d-78db-4fad-892b-0f4f8207af6a",
          "sys_key": "e842426b7c8978fa9fb29dcf3f073f3c232f6cc1d62972e3d7dfe753cc314915",
          "clnt_id": "121058C",
          "sor_proc_ts": "2020-02-09 15:04:58.680926",
          "sor_evt_ts": "2020-02-09 15:04:58.680926",
          "sor_ingt_crt_ts": "2020-04-30 19:46:56.656000",
          "sor_read_ts": "2020-05-14 20:13:33.479000",
          "domn_evt_crt_ts": "2020-05-14 20:13:37",
          "domn_evt_read_ts": "2020-06-04 20:13:02.986000",
          "data_hub_crt_ts": "2020-06-04 20:13:20.966209",
          "sor_tpic_nm": "reg.tm.raw.srs.wayBill.v2",
          "domn_evt_meta": "",
          "sor_evt_ts_tz_dst_cd": 100,
          "sor_proc_ts_tz_dst_cd": 100
        },
        {
          "domn_evt_key": "5b03e8ad28e70e805561757d005735a364e551e1e077c0c31f1015b6d1dc3f23",
          "ship_char_key": "1bbf6e3833882c0347ea4cd2e08327190a42236b2946fc95f15d0166f9b950fb",
          "domn_evt_type_key": "e3b61a2ebf5b23ed3fd8ff58d88a71874f646ec36a6e49d48b10b0c9e3100d05",
          "ship_key": "0cf70a743815e5f60c01b3b5c693e9175c49f3b64ff169d4baeda5255bc6cdfa",
          "char_type_key": "0c52146a527006d8224c17bbdf99dfd6ec913a321b43b4e120a4dd4082ee6832",
          "char_val": "MPH",
          "sor_crlt_id": "e96bd83d-78db-4fad-892b-0f4f8207af6a",
          "sys_key": "e842426b7c8978fa9fb29dcf3f073f3c232f6cc1d62972e3d7dfe753cc314915",
          "clnt_id": "121058C",
          "sor_proc_ts": "2020-02-09 15:04:58.680926",
          "sor_evt_ts": "2020-02-09 15:04:58.680926",
          "sor_ingt_crt_ts": "2020-04-30 19:46:56.656000",
          "sor_read_ts": "2020-05-14 20:13:33.479000",
          "domn_evt_crt_ts": "2020-05-14 20:13:37",
          "domn_evt_read_ts": "2020-06-04 20:13:02.986000",
          "data_hub_crt_ts": "2020-06-04 20:13:20.975997",
          "sor_tpic_nm": "reg.tm.raw.srs.wayBill.v2",
          "domn_evt_meta": "",
          "sor_evt_ts_tz_dst_cd": 100,
          "sor_proc_ts_tz_dst_cd": 100
        }
      ]
    }
  ]
}