{
  "Kafka_Output": [
    {
      "name": "tc_id_27.ihl_dev_rm.reg.tm.prepared.dhPGLogs.v1",
      "data": [
        {
          "DomainEventHeader": {
            "SOR_INGT_CRT_TS": "2020-04-30 19:46:56.656",
            "SOR_READ_TS": "2020-05-14 20:13:33.489",
            "DE_CRT_TS": "2020-05-14 20:13:38",
            "SOR_TPIC_NM": "reg.tm.raw.srs.wayBill.v2",
            "DE_META": ""
          },
          "ShipmentConditionCreated": {
            "Domain_Event_Type_Key": "e3b61a2ebf5b23ed3fd8ff58d88a71874f646ec36a6e49d48b10b0c9e3100d05",
            "Shipment_Key": "0cf70a743815e5f60c01b3b5c693e9175c49f3b64ff169d4baeda5255bc6cdfa",
            "ShipmentCondition": [
              {
                "Shipment_Condition_Key": "051aa9d7b5867a1c38084edf1ca529d4db9ff1301b5ab21d33ec8e23fb93d61e",
                "Characteristic_Type_Key": "f3c0d6f82e7737e9e08d2180b7c1203f442a37ca40669441a61565b2d480b81a",
                "Characteristic_Value": "SO"
              }
            ],
            "Domain_Event_Key": "5b03e8ad28e70e805561757d005735a364e551e1e077c0c31f1015b6d1dc3f23",
            "Correlation_Id": "e96bd83d-78db-4fad-892b-0f4f8207af6a",
            "Client_Identification": "121058C",
            "System_Key": "e842426b7c8978fa9fb29dcf3f073f3c232f6cc1d62972e3d7dfe753cc314915",
            "Proc_Ts": "2020-02-09 15:04:58.680926",
            "Proc_Ts_Tz_Dst_Cd": "100",
            "Event_Ts": "2020-02-09 15:04:58.680926",
            "Event_Ts_Tz_Dst_Cd": "100"
          },
          "LogHeader": {
            "ERROR_TO_DE": "ERROR: null value in column cond_char_key violates not null constraint Detail: Failing row contains x35623033653861643238653730653830353536313735376430303537333561... null x65336236316132656266356232336564336664386666353864383861373138... x30636637306137343338313565356636306330316233623563363933653931... x66336330643666383265373733376539653038643231383062376331323033... SO e96bd83d 78db 4fad 892b 0f4f8207af6a x65383432343236623763383937386661396662323964636633663037336633... 121058C 2020 02 09 15:04:58.680926 2020 02 09 15:04:58.680926 2020 04 30 19:46:56.656 2020 05 14 20:13:33.489 2020 05 14 20:13:38 2021 01 11 13:39:38.603 2021 01 11 13:39:43.83865 reg.tm.raw.srs.wayBill.v2 100 100 .",
            "RAW_KAFKA_QUEUE_NAME": "tc_id_27.ihl_dev_rm.reg.tm.prepared.shipCondCrt.v1",
            "SPARK_JOB_NAME": "ShipmentConditionCreatedLoad"
          }
        },
        {
          "DomainEventHeader": {
            "SOR_INGT_CRT_TS": "2020-04-30 19:46:56.656",
            "SOR_READ_TS": "2020-05-14 20:13:33.489",
            "DE_CRT_TS": "2020-05-14 20:13:38",
            "SOR_TPIC_NM": "reg.tm.raw.srs.wayBill.v2",
            "DE_META": ""
          },
          "ShipmentConditionCreated": {
            "Domain_Event_Type_Key": "e3b61a2ebf5b23ed3fd8ff58d88a71874f646ec36a6e49d48b10b0c9e3100d05",
            "Shipment_Key": "0cf70a743815e5f60c01b3b5c693e9175c49f3b64ff169d4baeda5255bc6cdfa",
            "ShipmentCondition": [
              {
                "Shipment_Condition_Key": "051aa9d7b5867a1c38084edf1ca529d4db9ff1301b5ab21d33ec8e23fb93d61e",
                "Characteristic_Type_Key": "f3c0d6f82e7737e9e08d2180b7c1203f442a37ca40669441a61565b2d480b81a",
                "Characteristic_Value": "SO"
              }
            ],
            "Domain_Event_Key": "5b03e8ad28e70e805561757d005735a364e551e1e077c0c31f1015b6d1dc3f23",
            "Correlation_Id": "e96bd83d-78db-4fad-892b-0f4f8207af6a",
            "Client_Identification": "121058C",
            "System_Key": "e842426b7c8978fa9fb29dcf3f073f3c232f6cc1d62972e3d7dfe753cc314915",
            "Proc_Ts": "2020-02-09 15:04:58.680926",
            "Proc_Ts_Tz_Dst_Cd": "100",
            "Event_Ts": "2020-02-09 15:04:58.680926",
            "Event_Ts_Tz_Dst_Cd": "100"
          },
          "LogHeader": {
            "ERROR_TO_DE": "ERROR: null value in column cond_char_key violates not null constraint Detail: Failing row contains x35623033653861643238653730653830353536313735376430303537333561... null x65336236316132656266356232336564336664386666353864383861373138... x30636637306137343338313565356636306330316233623563363933653931... x66336330643666383265373733376539653038643231383062376331323033... SO e96bd83d 78db 4fad 892b 0f4f8207af6a x65383432343236623763383937386661396662323964636633663037336633... 121058C 2020 02 09 15:04:58.680926 2020 02 09 15:04:58.680926 2020 04 30 19:46:56.656 2020 05 14 20:13:33.489 2020 05 14 20:13:38 2021 01 11 13:39:38.603 2021 01 11 13:39:44.260362 reg.tm.raw.srs.wayBill.v2 100 100 .",
            "RAW_KAFKA_QUEUE_NAME": "tc_id_27.ihl_dev_rm.reg.tm.prepared.shipCondCrt.v1",
            "SPARK_JOB_NAME": "ShipmentConditionCreatedLoad"
          }
        }
      ]
    }
  ],
  "PostgreSQL_Output": [
    {
      "name": "dh_ship_cond_domn_evt",
      "data": []
    },
    {
      "name": "dh_ship_cond",
      "data": [
        {
          "ship_key": "0cf70a743815e5f60c01b3b5c693e9175c49f3b64ff169d4baeda5255bc6cdfa",
          "char_type_key": "f3c0d6f82e7737e9e08d2180b7c1203f442a37ca40669441a61565b2d480b81a",
          "char_val": "SO",
          "act_stus_ind": 1,
          "sor_crlt_id": "e96bd83d-78db-4fad-892b-0f4f8207af6a",
          "sys_key": "e842426b7c8978fa9fb29dcf3f073f3c232f6cc1d62972e3d7dfe753cc314915",
          "rpt_clnt_id": "121058C",
          "rpt_sor_proc_ts": "2020-02-09 15:04:58.680926",
          "sor_evt_ts": "2020-02-09 15:04:58.680926",
          "rmv_clnt_id": null,
          "rmv_sor_proc_ts": null,
          "sor_ingt_crt_ts": "2020-04-30 19:46:56.656000",
          "sor_read_ts": "2020-05-14 20:13:33.489000",
          "domn_evt_crt_ts": "2020-05-14 20:13:38",
          "sor_tpic_nm": "reg.tm.raw.srs.wayBill.v2",
          "domn_evt_meta": "",
          "sor_evt_ts_tz_dst_cd": 100,
          "sor_proc_ts_tz_dst_cd": 100
        }
      ]
    }
  ]
}