{
  "Kafka_Output": [
    {
      "name": "tc_id_28.ihl_dev_rm.reg.tm.prepared.dhPGLogs.v1",
      "data": [
        {
          "DomainEventHeader": {
            "SOR_INGT_CRT_TS": "2020-04-30 19:46:56.656",
            "SOR_READ_TS": "2020-05-14 20:13:33.477",
            "DE_CRT_TS": "2020-05-14 20:13:36",
            "SOR_TPIC_NM": "reg.tm.raw.srs.wayBill.v2",
            "DE_META": ""
          },
          "ShipmentCreated": {
            "Primary_Object_Key": "43e02a4a6633033e3c00bd75804cc33d9f2d3a596252657630f26aac4c7b926b",
            "Domain_Event_Type_Key": "e3b61a2ebf5b23ed3fd8ff58d88a71874f646ec36a6e49d48b10b0c9e3100d05",
            "Shipment_Key": "0cf70a743815e5f60c01b3b5c693e9175c49f3b64ff169d4baeda5255bc6cdfa",
            "Shipment_Type_Key": "d7b91437ff74a3bfd70ba3ebe8d16b8b5c2658cb589c7e5fa9d8f67d354e3b80",
            "Identification_Type_Key": "1454ec909318db60d4548507257147ece3b45af2b964505fc4accaab6ac2399b",
            "Identification_Value": "LYNX1642      2020-04-30",
            "Domain_Event_Key": "5b03e8ad28e70e805561757d005735a364e551e1e077c0c31f1015b6d1dc3f23",
            "Correlation_Id": "e96bd83d-78db-4fad-892b-0f4f8207af6a",
            "Client_Identification": "121058C",
            "System_Key": "e842426b7c8978fa9fb29dcf3f073f3c232f6cc1d62972e3d7dfe753cc314915",
            "Proc_Ts": "2020-02-09 15:04:58.680926",
            "Proc_Ts_Tz_Dst_Cd": "100",
            "Event_Ts": "2020-02-09 15:04:58.680926",
            "Event_Ts_Tz_Dst_Cd": "100"
          },
          "LogHeader": {
            "ERROR_TO_DE": "ERROR: duplicate key value violates unique constraint xak1shipment_domain_event Detail: Key domn_evt_key sor_proc_ts x35623033653861643238653730653830353536313735376430303537333561333634653535316531653037376330633331663130313562366431646333663233 2020 02 09 15:04:58.680926 already exists.",
            "RAW_KAFKA_QUEUE_NAME": "tc_id_28.ihl_dev_rm.reg.tm.prepared.shipCrt.v1",
            "SPARK_JOB_NAME": "ShipmentCreateLoad"
          }
        }
      ]
    }
  ],
  "PostgreSQL_Output": [
    {
      "name": "dh_ship_domn_evt",
      "data": [
        {
          "domn_evt_key": "5b03e8ad28e70e805561757d005735a364e551e1e077c0c31f1015b6d1dc3f23",
          "domn_evt_type_key": "e3b61a2ebf5b23ed3fd8ff58d88a71874f646ec36a6e49d48b10b0c9e3100d05",
          "ship_key": "0cf70a743815e5f60c01b3b5c693e9175c49f3b64ff169d4baeda5255bc6cdfa",
          "ship_type_key": "d7b91437ff74a3bfd70ba3ebe8d16b8b5c2658cb589c7e5fa9d8f67d354e3b80",
          "id_type_key": "1454ec909318db60d4548507257147ece3b45af2b964505fc4accaab6ac2399b",
          "id_val": "LYNX1642      2020-04-30",
          "sor_crlt_id": "e96bd83d-78db-4fad-892b-0f4f8207af6a",
          "sys_key": "e842426b7c8978fa9fb29dcf3f073f3c232f6cc1d62972e3d7dfe753cc314915",
          "clnt_id": "121058C",
          "sor_proc_ts": "2020-02-09 15:04:58.680926",
          "sor_evt_ts": "2020-02-09 15:04:58.680926",
          "sor_ingt_crt_ts": "2020-04-30 19:46:56.656000",
          "sor_read_ts": "2020-05-14 20:13:33.477000",
          "domn_evt_crt_ts": "2020-05-14 20:13:36",
          "sor_tpic_nm": "reg.tm.raw.srs.wayBill.v2",
          "domn_evt_meta": "",
          "sor_evt_ts_tz_dst_cd": 100,
          "sor_proc_ts_tz_dst_cd": 100,
          "prim_obj_key": "43e02a4a6633033e3c00bd75804cc33d9f2d3a596252657630f26aac4c7b926b"
        }
      ]
    },
    {
      "name": "dh_ship",
      "data": [
        {
          "ship_key": "0cf70a743815e5f60c01b3b5c693e9175c49f3b64ff169d4baeda5255bc6cdfa",
          "ship_type_key": "d7b91437ff74a3bfd70ba3ebe8d16b8b5c2658cb589c7e5fa9d8f67d354e3b80",
          "act_stus_ind": 1,
          "id_type_key": "1454ec909318db60d4548507257147ece3b45af2b964505fc4accaab6ac2399b",
          "id_val": "LYNX1642      2020-04-30",
          "sor_crlt_id": "e96bd83d-78db-4fad-892b-0f4f8207af6a",
          "sys_key": "e842426b7c8978fa9fb29dcf3f073f3c232f6cc1d62972e3d7dfe753cc314915",
          "rpt_clnt_id": "121058C",
          "rpt_sor_proc_ts": "2020-02-09 15:04:58.680926",
          "sor_evt_ts": "2020-02-09 15:04:58.680926",
          "rmv_clnt_id": null,
          "rmv_sor_proc_ts": null,
          "sor_ingt_crt_ts": "2020-04-30 19:46:56.656000",
          "sor_read_ts": "2020-05-14 20:13:33.477000",
          "domn_evt_crt_ts": "2020-05-14 20:13:36",
          "sor_tpic_nm": "reg.tm.raw.srs.wayBill.v2",
          "domn_evt_meta": "",
          "prim_obj_key": "43e02a4a6633033e3c00bd75804cc33d9f2d3a596252657630f26aac4c7b926b",
          "sor_evt_ts_tz_dst_cd": 100,
          "sor_proc_ts_tz_dst_cd": 100
        }
      ]
    }
  ]
}