{
  "Kafka_Output": [
    {
      "name": "tc_id_51.ihl_dev_rm.reg.tm.prepared.dhPGLogs.v1",
      "data": [
        {
          "DomainEventHeader": {
            "SOR_INGT_CRT_TS": "2020-04-01 17:37:04.963",
            "SOR_READ_TS": "2021-01-13 11:40:24.025",
            "DE_CRT_TS": "2021-01-13 11:40:44",
            "SOR_TPIC_NM": "reg.tm.raw.srs.wayBill.v3",
            "DE_META": ""
          },
          "ShipmentCompositeDescribed": {
            "Primary_Object_Key": "733fb7fc5bd7d96df0c77119b76c15e0b26b12c2b089cd7b0ff71a62bd32a5ef",
            "Domain_Event_Type_Key": "e3b61a2ebf5b23ed3fd8ff58d88a71874f646ec36a6e49d48b10b0c9e3100d05",
            "Shipment_Composite_Key": "b62d06b720f1683c00e6dce6785f8584ca968690ea8c877d1ad46b1118b72618",
            "ShipmentCompositeCharacteristics": [
              {
                "Shipment_Composite_Characteristic_Key": "91564558a5b1463054198cc71bddae0e9f359b226a431bf656ee928036a376a7",
                "Characteristic_Type_Key": "0b1821f40450113c8ce372b1cc14a2865520c66493a36d225a353a1f6bbbeb94",
                "Characteristic_Value": "ZCSB356070"
              }
            ],
            "Domain_Event_Key": "758ed597e9f7e3741153ad864d71d80138a9d7ada20c34e3e8138dad459b80d1",
            "Correlation_Id": "93eb6bab-e933-47d3-b07d-05d07dfdf062",
            "Client_Identification": "NATHUB",
            "System_Key": "e842426b7c8978fa9fb29dcf3f073f3c232f6cc1d62972e3d7dfe753cc314915",
            "Proc_Ts": "2020-04-01 17:37:04.963",
            "Proc_Ts_Tz_Dst_Cd": "100",
            "Event_Ts": "2020-03-18 18:32:03.000",
            "Event_Ts_Tz_Dst_Cd": "111"
          },
          "LogHeader": {
            "ERROR_TO_DE": "ERROR: duplicate key value violates unique constraint xak1shipment_composite_characteristic_domain_event Detail: Key domn_evt_key ship_cmp_char_key sor_proc_ts x37353865643539376539663765333734313135336164383634643731643830313338613964376164613230633334653365383133386461643435396238306431 x39313536343535386135623134363330353431393863633731626464616530653966333539623232366134333162663635366565393238303336613337366137 2020 04 01 17:37:04.963 already exists.",
            "RAW_KAFKA_QUEUE_NAME": "tc_id_51.ihl_dev_rm.reg.tm.prepared.shipCmpDsc.v1",
            "SPARK_JOB_NAME": "ShipmentCompositeDescribedLoad"
          }
        }
      ]
    }
  ],
  "PostgreSQL_Output": [
    {
      "name": "dh_ship_cmp_char_domn_evt",
      "data": [
        {
          "domn_evt_key": "758ed597e9f7e3741153ad864d71d80138a9d7ada20c34e3e8138dad459b80d1",
          "ship_cmp_char_key": "91564558a5b1463054198cc71bddae0e9f359b226a431bf656ee928036a376a7",
          "domn_evt_type_key": "e3b61a2ebf5b23ed3fd8ff58d88a71874f646ec36a6e49d48b10b0c9e3100d05",
          "ship_cmp_key": "b62d06b720f1683c00e6dce6785f8584ca968690ea8c877d1ad46b1118b72618",
          "char_type_key": "0b1821f40450113c8ce372b1cc14a2865520c66493a36d225a353a1f6bbbeb94",
          "char_val": "ZCSB356070",
          "sor_crlt_id": "93eb6bab-e933-47d3-b07d-05d07dfdf062",
          "sys_key": "e842426b7c8978fa9fb29dcf3f073f3c232f6cc1d62972e3d7dfe753cc314915",
          "clnt_id": "NATHUB",
          "sor_proc_ts": "2020-04-01 17:37:04.963000",
          "sor_evt_ts": "2020-03-18 18:32:03",
          "sor_ingt_crt_ts": "2020-04-01 17:37:04.963000",
          "sor_read_ts": "2021-01-13 11:40:24.025000",
          "domn_evt_crt_ts": "2021-01-13 11:40:44",
          "sor_tpic_nm": "reg.tm.raw.srs.wayBill.v3",
          "domn_evt_meta": "",
          "sor_evt_ts_tz_dst_cd": 111,
          "sor_proc_ts_tz_dst_cd": 100,
          "prim_obj_key": "733fb7fc5bd7d96df0c77119b76c15e0b26b12c2b089cd7b0ff71a62bd32a5ef"
        }
      ]
    },
    {
      "name": "dh_ship_cmp_char",
      "data": [
        {
          "ship_cmp_key": "b62d06b720f1683c00e6dce6785f8584ca968690ea8c877d1ad46b1118b72618",
          "char_type_key": "0b1821f40450113c8ce372b1cc14a2865520c66493a36d225a353a1f6bbbeb94",
          "char_val": "ZCSB356070",
          "act_stus_ind": 1,
          "sor_crlt_id": "93eb6bab-e933-47d3-b07d-05d07dfdf062",
          "sys_key": "e842426b7c8978fa9fb29dcf3f073f3c232f6cc1d62972e3d7dfe753cc314915",
          "rpt_clnt_id": "NATHUB",
          "rpt_sor_proc_ts": "2020-04-01 17:37:04.963000",
          "sor_evt_ts": "2020-03-18 18:32:03",
          "rmv_clnt_id": null,
          "rmv_sor_proc_ts": null,
          "sor_ingt_crt_ts": "2020-04-01 17:37:04.963000",
          "sor_read_ts": "2021-01-13 11:40:24.025000",
          "domn_evt_crt_ts": "2021-01-13 11:40:44",
          "sor_tpic_nm": "reg.tm.raw.srs.wayBill.v3",
          "domn_evt_meta": "",
          "prim_obj_key": "733fb7fc5bd7d96df0c77119b76c15e0b26b12c2b089cd7b0ff71a62bd32a5ef",
          "sor_evt_ts_tz_dst_cd": 111,
          "sor_proc_ts_tz_dst_cd": 100
        }
      ]
    }
  ]
}