{
  "Kafka_Output": [
    {
      "name": "tc_id_27.ihl_dev_rm.reg.tm.prepared.dhPGLogs.v1",
      "data": [
        {
          "DomainEventHeader": {
            "SOR_INGT_CRT_TS": "2020-04-30 19:46:56.656",
            "SOR_READ_TS": "2020-05-14 20:13:33.488",
            "DE_CRT_TS": "2020-05-14 20:13:50",
            "SOR_TPIC_NM": "reg.tm.raw.srs.wayBill.v2",
            "DE_META": ""
          },
          "ShipmentAssociated": {
            "Domain_Event_Type_Key": "8eb3e769649d98d5e896398ded3b7bdb63bdaf6d53f440f4b9a8da51e8f74f40",
            "Association_Key": "e59e0e995eb5b7657c8c451ac15ff60998bf829c26c50ba58c4e3d7059b53b01",
            "Association_Type_Key": "e5f3fd59caf7dc0eb131d6b81aed6a07bd1f6b04488e979cb19be3fdf9daff44",
            "Shipment_Key": "0cf70a743815e5f60c01b3b5c693e9175c49f3b64ff169d4baeda5255bc6cdfa",
            "Shipment_Type_Key": "d7b91437ff74a3bfd70ba3ebe8d16b8b5c2658cb589c7e5fa9d8f67d354e3b80",
            "Associated_Object_Key": "c26ac17b5cbbbf3bf4fb8117a21c2268ecd0238eb3e2482dc09734d6db424fe8",
            "Associated_Object_Type_Key": "27d689b061a6dc690a7e43b2f63913fdb060b98c6c67ff6c3888e4bf64641359",
            "Domain_Event_Key": "de84be765ea3c7f16b7d754a9bab28967b65916411dc6bf1186b367a23f5c2ad",
            "Correlation_Id": "e96bd83d-78db-4fad-892b-0f4f8207af6a",
            "Client_Identification": "121058C",
            "System_Key": "e842426b7c8978fa9fb29dcf3f073f3c232f6cc1d62972e3d7dfe753cc314915",
            "Proc_Ts": "2020-02-09 15:04:58.680926",
            "Proc_Ts_Tz_Dst_Cd": "100",
            "Event_Ts": "2020-02-09 15:04:58.680926",
            "Event_Ts_Tz_Dst_Cd": "100"
          },
          "LogHeader": {
            "ERROR_TO_DE": "ERROR: duplicate key value violates unique constraint dh_ship_asct_domn_evt_pkey Detail: Key domn_evt_key x64653834626537363565613363376631366237643735346139626162323839363762363539313634313164633662663131383662333637613233663563326164 already exists.",
            "RAW_KAFKA_QUEUE_NAME": "tc_id_27.ihl_dev_rm.reg.tm.prepared.ShipAsct.v1",
            "SPARK_JOB_NAME": "ShipmentAssociationLoad",
            "ERROR_TS": "2020-06-04 20:12:50"
          }
        }
      ]
    }
  ],
  "PostgreSQL_Output": [
    {
      "name": "dh_ship_asct_domn_evt",
      "data": [
        {
          "domn_evt_key": "de84be765ea3c7f16b7d754a9bab28967b65916411dc6bf1186b367a23f5c2ad",
          "domn_evt_type_key": "8eb3e769649d98d5e896398ded3b7bdb63bdaf6d53f440f4b9a8da51e8f74f40",
          "ship_key": "0cf70a743815e5f60c01b3b5c693e9175c49f3b64ff169d4baeda5255bc6cdfa",
          "ship_type_key": "d7b91437ff74a3bfd70ba3ebe8d16b8b5c2658cb589c7e5fa9d8f67d354e3b80",
          "asct_key": "e59e0e995eb5b7657c8c451ac15ff60998bf829c26c50ba58c4e3d7059b53b01",
          "asct_type_key": "e5f3fd59caf7dc0eb131d6b81aed6a07bd1f6b04488e979cb19be3fdf9daff44",
          "asct_obj_key": "c26ac17b5cbbbf3bf4fb8117a21c2268ecd0238eb3e2482dc09734d6db424fe8",
          "asct_obj_type_key": "27d689b061a6dc690a7e43b2f63913fdb060b98c6c67ff6c3888e4bf64641359",
          "sor_crlt_id": "e96bd83d-78db-4fad-892b-0f4f8207af6a",
          "sys_key": "e842426b7c8978fa9fb29dcf3f073f3c232f6cc1d62972e3d7dfe753cc314915",
          "clnt_id": "121058C",
          "sor_proc_ts": "2020-02-09 15:04:58.680926",
          "sor_evt_ts": "2020-02-09 15:04:58.680926",
          "sor_ingt_crt_ts": "2020-04-30 19:46:56.656000",
          "sor_read_ts": "2020-05-14 20:13:33.488000",
          "domn_evt_crt_ts": "2020-05-14 20:13:50",
          "domn_evt_read_ts": "2020-06-04 20:12:43.898000",
          "data_hub_crt_ts": "2020-06-04 20:12:49",
          "sor_tpic_nm": "reg.tm.raw.srs.wayBill.v2",
          "domn_evt_meta": "",
          "sor_evt_ts_tz_dst_cd": 100,
          "sor_proc_ts_tz_dst_cd": 100
        }
      ]
    }
  ]
}