{
  "Kafka_Output": [
    {
      "name": "tc_id_65.ihl_dev_rm.reg.transportation.location-created.prepared.v1",
      "data": [
        {
          "DomainEventHeader": {
            "SOR_INGT_CRT_TS": "2020-03-13 10:40:51.805246",
            "SOR_TPIC_NM": "tc_id_65.ihl_dev_rm.reg.transportation.station-master.raw.v1",
            "DE_META": ""
          },
          "LocationCreated": {
            "Domain_Event_Type_Key": "e3b61a2ebf5b23ed3fd8ff58d88a71874f646ec36a6e49d48b10b0c9e3100d05",
            "Location_Key": "dd44770440cf7554a87c5f66afaaaeafa12a11ecae95568953bec70641cc6513",
            "Location_Type_Key": "3243be7c53d81a4ed2e0224d66e8452715f18aaefb95df70de85575b6b070306",
            "Identification_Type_Key": "1db4fbc26159da59569835df63f77bfa1dc6db646f2a649d119d8bd4ddbf8caa",
            "Identification_Value": "CN92871",
            "Domain_Event_Key": "47fabc6f636d9984c211e87a85eb89ccd6c19e646cf396c88fe52bac8ccd265d",
            "Correlation_Id": "08a46b91-40a8-4c2f-90bc-355a5ca00b62",
            "Client_Identification": "PRODCREF",
            "System_Key": "5d9ce7f4fe098dab1884bba69c3b808278fb8b421dff7b950899c8ed2a3eceef",
            "Proc_Ts": "2020-03-13 10:40:51.805246",
            "Proc_Ts_Tz_Dst_Cd": "100",
            "Event_Ts": "2014-08-21 04:06:59.000",
            "Event_Ts_Tz_Dst_Cd": "105"
          }
        }
      ]
    },
    {
      "name": "tc_id_65.ihl_dev_rm.reg.transportation.location-described.prepared.v1",
      "data": [
        {
          "DomainEventHeader": {
            "SOR_INGT_CRT_TS": "2020-03-13 10:40:51.805246",
            "SOR_TPIC_NM": "tc_id_65.ihl_dev_rm.reg.transportation.station-master.raw.v1",
            "DE_META": ""
          },
          "LocationDescribed": {
            "Domain_Event_Type_Key": "c7881817d6d6fabbc8c8be4c1a5310d4b02d506473e08a55032dedde16c0b3fa",
            "Location_Key": "fcd7ce969d79228b270ff759dc2ec4ca097a8ea69a91c3eda4e1a5b7a7951ceb",
            "LocationCharacteristics": [
              {}
            ],
            "Domain_Event_Key": "cbb28383b3f16fc97d56e04c015bf27007e21b380fa38c99096016784af8e532",
            "Correlation_Id": "08a46b91-40a8-4c2f-90bc-355a5ca00b63",
            "Client_Identification": "PRODCREF",
            "System_Key": "5d9ce7f4fe098dab1884bba69c3b808278fb8b421dff7b950899c8ed2a3eceef",
            "Proc_Ts": "2020-03-13 10:40:51.805246",
            "Proc_Ts_Tz_Dst_Cd": "100",
            "Event_Ts": "2014-08-21 04:06:59.000",
            "Event_Ts_Tz_Dst_Cd": "105"
          }
        },
        {
          "DomainEventHeader": {
            "SOR_INGT_CRT_TS": "2020-03-13 10:40:51.805246",
            "SOR_TPIC_NM": "tc_id_65.ihl_dev_rm.reg.transportation.station-master.raw.v1",
            "DE_META": ""
          },
          "LocationDescribed": {
            "Domain_Event_Type_Key": "e3b61a2ebf5b23ed3fd8ff58d88a71874f646ec36a6e49d48b10b0c9e3100d05",
            "Location_Key": "dd44770440cf7554a87c5f66afaaaeafa12a11ecae95568953bec70641cc6513",
            "LocationCharacteristics": [
              {
                "Location_Characteristic_Key": "9e2094c937043de6ab1da0430a8f060e9b18bfba28559be566135b2d360107ad",
                "Characteristic_Type_Key": "74c9f9b9a92dd37961cb4ed43c425d37f0c757d9f7ce71188a701b194a75d4b1",
                "Characteristic_Value": "CN"
              },
              {
                "Location_Characteristic_Key": "ad8f52d29ce2f3dd8e5c27e2791ef1e13a8858034c2019f95ad0e3b33dec6cc3",
                "Characteristic_Type_Key": "14a648bd80a45e3b031288c03fd0c6974123e31e5c8eadcf0fa2407844eb71b2",
                "Characteristic_Value": "103"
              },
              {
                "Location_Characteristic_Key": "2b0af47279a976860481705f3dff97e4eed9afe10547c710b4f5ecfffec9bafa",
                "Characteristic_Type_Key": "ecef2f2b7ef4c33044d12f3944836d41e636b14ab693c8e20ae93e49f2031fa8",
                "Characteristic_Value": "ABBOTSFORD"
              },
              {
                "Location_Characteristic_Key": "3a8b8ea3a2dd1738fd95de4e8b9045429da388e96b6f727b846b1695265fe25e",
                "Characteristic_Type_Key": "3c04d59a598d39884140c517cb5e745750a3c073bbacedf41d764d572c3fc172",
                "Characteristic_Value": "ABBOTSFOR"
              },
              {
                "Location_Characteristic_Key": "8b83c313932d18805b1dbec86f0252410ce395cf394df84dbc51b78c46269d98",
                "Characteristic_Type_Key": "dcbaa7568f47ca675f8716f409c2425285f3f86ba172cdac1cf736db50070c6d",
                "Characteristic_Value": "QC"
              },
              {
                "Location_Characteristic_Key": "c8493a0df3bfa418bd3ddc10930e4e470a5bbfade034c52c778969326869ec1f",
                "Characteristic_Type_Key": "8546e3dfa49300181d5491a0599b2703e11cce3b6ca4502c0b124f9d02e388e0",
                "Characteristic_Value": "92871"
              },
              {
                "Location_Characteristic_Key": "eb258843a63194333fdd186b3d9f391cc4209676c4d7a3ffead41acd7b644299",
                "Characteristic_Type_Key": "529b9953ac534f1f2f20667537b97e148127d9eab6f356c2be4aed9806a59228",
                "Characteristic_Value": "93526"
              },
              {
                "Location_Characteristic_Key": "de3e6729c6c678cc98a0e14187dadb0d0708bc47c4754863a6d46492bb8ed141",
                "Characteristic_Type_Key": "5ccdcd2445dc8f706ea1c22f5d6b2b5e8e2a68f8f3148ecb5b40d044d2e99b4b",
                "Characteristic_Value": "0"
              },
              {
                "Location_Characteristic_Key": "dd961586b86ab26361a9b5f14631246b382515e2f77921bb0b0fa373b56a2c87",
                "Characteristic_Type_Key": "1a829c115139ed87d2f27ce016cd67abead7968e9798ff7bac1b68b184da84ee",
                "Characteristic_Value": ""
              },
              {
                "Location_Characteristic_Key": "40c9783330c62e052885f74c8c0319b85329cfdc024c603c8dc5f102285bbaaf",
                "Characteristic_Type_Key": "6d467fce9595edc5a3b5f4f1f38213501b18d29483095be62c4ef6b08c8cc872",
                "Characteristic_Value": "-3"
              },
              {
                "Location_Characteristic_Key": "a2e51d127e9c5e26241ed99dc74696de2e323cdc493346697b4a67d8ec983c2c",
                "Characteristic_Type_Key": "63b8916a631ed6902f9619dfe07d5184610d2a9aa28510e1a68e755d564a7637",
                "Characteristic_Value": ""
              },
              {
                "Location_Characteristic_Key": "dac767f0f6250d1c771726c9d5793f88ddd5e112939ad05d26ff9b75cb7a1f3a",
                "Characteristic_Type_Key": "b91045366663e82c62d1c416452aa2b7d564ff2096a6e048c9ab94aaedea33b7",
                "Characteristic_Value": ""
              },
              {
                "Location_Characteristic_Key": "893437f1f26768922fdc3a34cfdb795ec255ce011bb1c27649f116a53c634dac",
                "Characteristic_Type_Key": "a2771493a9507b6cbf98c62bce0c0b6f658bbb1f9c0c7724c0d5b180d04d3ef6",
                "Characteristic_Value": "15"
              },
              {
                "Location_Characteristic_Key": "e36f76cb94cfcbd1a4cd79d35dcf8bfd3b41aa54602df9a3fccd86dd105d2277",
                "Characteristic_Type_Key": "465497a253ce5025a8edf28632e698e971abeca6fb6814c69424d62a97c1f699",
                "Characteristic_Value": "901"
              },
              {
                "Location_Characteristic_Key": "c6f9f90745782ecac63b1a72fa76b9cfb62079b5a7e0bfc2ff5d71cfa8961a6c",
                "Characteristic_Type_Key": "d7e32395b9a602ee62a3993d0a73c87317f034dcac04bb0a56612bc6f882f20d",
                "Characteristic_Value": "3"
              },
              {
                "Location_Characteristic_Key": "65809ca1ed12546e9e1d4cff174b75f4c73fb6a863b3b102b996cf93a8b613f6",
                "Characteristic_Type_Key": "1d3bb9a5645adf2c09d6522e6fdd7d9ca9dce84d614d52651e78c262567a9b69",
                "Characteristic_Value": "34"
              },
              {
                "Location_Characteristic_Key": "ce200e9e48d3b0aa7665328b3b247a22d1ef0ca496c49cad30630bc4834a5a1c",
                "Characteristic_Type_Key": "faef362ad839cf2da93864d5019fadea47b8c5227f57f3a2bb3f2425c3658cd6",
                "Characteristic_Value": "CANADA                   "
              },
              {
                "Location_Characteristic_Key": "d6b0281304e3d29ef78b614a13d9023601bf6b368867e4efd6836e22765d8358",
                "Characteristic_Type_Key": "06bc26cff1155c031934b6706a1276834d669a0611beab9f6f75c052294d9aa3",
                "Characteristic_Value": "THOLINCON"
              },
              {
                "Location_Characteristic_Key": "47721c2e88b2421c1ceb1ef04a3383aa5e6e9d7ee9a245a297e9cc4c7bad5820",
                "Characteristic_Type_Key": "811722240fa99e1dddcb804b633fb5b386e604b5e841bc96a23f713e187c4581",
                "Characteristic_Value": "BC"
              },
              {
                "Location_Characteristic_Key": "3e0b4209d6104814153fd578e8f4e39342cdd719a32603a767b78d4b2a274d1d",
                "Characteristic_Type_Key": "cf13d4694a43470a6f77b9405c2e29d3853b03555a609deca071089c649ebfde",
                "Characteristic_Value": "EDMWAYCEN"
              },
              {
                "Location_Characteristic_Key": "0906be24352e013abd20c0727ff69a829c24f91a050a12ea0b5ebbd9642bb839",
                "Characteristic_Type_Key": "abc5c96273daa70b64d3d20712b35e321adb0413135544a8e2e00ebdd307388c",
                "Characteristic_Value": "AB"
              }
            ],
            "Domain_Event_Key": "47fabc6f636d9984c211e87a85eb89ccd6c19e646cf396c88fe52bac8ccd265d",
            "Correlation_Id": "08a46b91-40a8-4c2f-90bc-355a5ca00b62",
            "Client_Identification": "PRODCREF",
            "System_Key": "5d9ce7f4fe098dab1884bba69c3b808278fb8b421dff7b950899c8ed2a3eceef",
            "Proc_Ts": "2020-03-13 10:40:51.805246",
            "Proc_Ts_Tz_Dst_Cd": "100",
            "Event_Ts": "2014-08-21 04:06:59.000",
            "Event_Ts_Tz_Dst_Cd": "105"
          }
        }
      ]
    },
    {
      "name": "tc_id_65.ihl_dev_rm.reg.transportation.location-condition-created.prepared.v1",
      "data": [
        {
          "DomainEventHeader": {
            "SOR_INGT_CRT_TS": "2020-03-13 10:40:51.805246",
            "SOR_TPIC_NM": "tc_id_65.ihl_dev_rm.reg.transportation.station-master.raw.v1",
            "DE_META": ""
          },
          "LocationConditionCreated": {
            "Domain_Event_Type_Key": "c7881817d6d6fabbc8c8be4c1a5310d4b02d506473e08a55032dedde16c0b3fa",
            "Location_Key": "fcd7ce969d79228b270ff759dc2ec4ca097a8ea69a91c3eda4e1a5b7a7951ceb",
            "ConditionCharacteristics": [
              {}
            ],
            "Domain_Event_Key": "cbb28383b3f16fc97d56e04c015bf27007e21b380fa38c99096016784af8e532",
            "Correlation_Id": "08a46b91-40a8-4c2f-90bc-355a5ca00b63",
            "Client_Identification": "PRODCREF",
            "System_Key": "5d9ce7f4fe098dab1884bba69c3b808278fb8b421dff7b950899c8ed2a3eceef",
            "Proc_Ts": "2020-03-13 10:40:51.805246",
            "Proc_Ts_Tz_Dst_Cd": "100",
            "Event_Ts": "2014-08-21 04:06:59.000",
            "Event_Ts_Tz_Dst_Cd": "105"
          }
        },
        {
          "DomainEventHeader": {
            "SOR_INGT_CRT_TS": "2020-03-13 10:40:51.805246",
            "SOR_TPIC_NM": "tc_id_65.ihl_dev_rm.reg.transportation.station-master.raw.v1",
            "DE_META": ""
          },
          "LocationConditionCreated": {
            "Domain_Event_Type_Key": "e3b61a2ebf5b23ed3fd8ff58d88a71874f646ec36a6e49d48b10b0c9e3100d05",
            "Location_Key": "dd44770440cf7554a87c5f66afaaaeafa12a11ecae95568953bec70641cc6513",
            "ConditionCharacteristics": [
              {
                "Condition_Characteristic_Key": "4a4d3bbd406b0ec857bfdeccc2cf6dd035cd98070cb5b639acbf1d87e5e170f1",
                "Characteristic_Type_Key": "507c151192205a8a1f991beda19bcbdbc613f5f81652bac1536f8a39d275791d",
                "Characteristic_Value": "19971207"
              },
              {
                "Condition_Characteristic_Key": "3a4f1344f1b45bdfe23ced67d1d8034630f9a07c9a7141dd0c3b6976265ffbe0",
                "Characteristic_Type_Key": "a81a7bb99afc4e23aef8fb2c7192c65ad501d5c7bf5b99bc3bffe46bcbfe5b96",
                "Characteristic_Value": "20991231"
              }
            ],
            "Domain_Event_Key": "47fabc6f636d9984c211e87a85eb89ccd6c19e646cf396c88fe52bac8ccd265d",
            "Correlation_Id": "08a46b91-40a8-4c2f-90bc-355a5ca00b62",
            "Client_Identification": "PRODCREF",
            "System_Key": "5d9ce7f4fe098dab1884bba69c3b808278fb8b421dff7b950899c8ed2a3eceef",
            "Proc_Ts": "2020-03-13 10:40:51.805246",
            "Proc_Ts_Tz_Dst_Cd": "100",
            "Event_Ts": "2014-08-21 04:06:59.000",
            "Event_Ts_Tz_Dst_Cd": "105"
          }
        }
      ]
    },
    {
      "name": "tc_id_65.ihl_dev_rm.reg.tm.prepared.locAsct.v1",
      "data": [
        {
          "DomainEventHeader": {
            "SOR_INGT_CRT_TS": "2020-03-13 10:40:51.805246",
            "SOR_TPIC_NM": "tc_id_65.ihl_dev_rm.reg.transportation.station-master.raw.v1",
            "DE_META": ""
          },
          "LocationAssociated": {
            "Primary_Object_Key": "fcd7ce969d79228b270ff759dc2ec4ca097a8ea69a91c3eda4e1a5b7a7951ceb",
            "Domain_Event_Type_Key": "c7881817d6d6fabbc8c8be4c1a5310d4b02d506473e08a55032dedde16c0b3fa",
            "Association_Key": "Not Applicable",
            "Association_Type_Key": "826ba51f5be2a0b22c54d45f1914ec6841ece8bbc4a114b967cab30f86aaeaa7",
            "Location_Key": "Not Applicable",
            "Location_Type_Key": "Not Applicable",
            "Associated_Object_Key": "Not Applicable",
            "Associated_Object_Type_Key": "Not Applicable",
            "Domain_Event_Key": "cbb28383b3f16fc97d56e04c015bf27007e21b380fa38c99096016784af8e532",
            "Correlation_Id": "08a46b91-40a8-4c2f-90bc-355a5ca00b63",
            "Client_Identification": "PRODCREF",
            "System_Key": "5d9ce7f4fe098dab1884bba69c3b808278fb8b421dff7b950899c8ed2a3eceef",
            "Proc_Ts": "2020-03-13 10:40:51.805246",
            "Proc_Ts_Tz_Dst_Cd": "100",
            "Event_Ts": "2014-08-21 04:06:59.000",
            "Event_Ts_Tz_Dst_Cd": "105"
          }
        },
        {
          "DomainEventHeader": {
            "SOR_INGT_CRT_TS": "2020-03-13 10:40:51.805246",
            "SOR_TPIC_NM": "tc_id_65.ihl_dev_rm.reg.transportation.station-master.raw.v1",
            "DE_META": ""
          },
          "LocationAssociated": {
            "Primary_Object_Key": "dd44770440cf7554a87c5f66afaaaeafa12a11ecae95568953bec70641cc6513",
            "Domain_Event_Type_Key": "8eb3e769649d98d5e896398ded3b7bdb63bdaf6d53f440f4b9a8da51e8f74f40",
            "Association_Key": "58569d63a01028e37b99ace12b9425d1d3733d48bdae97044f0a9696148b649b",
            "Association_Type_Key": "826ba51f5be2a0b22c54d45f1914ec6841ece8bbc4a114b967cab30f86aaeaa7",
            "Location_Key": "f62ef353d06d35a8367ac27e495f4610ec139e167aa001039acdc25cbaeb2c55",
            "Location_Type_Key": "3243be7c53d81a4ed2e0224d66e8452715f18aaefb95df70de85575b6b070306",
            "Associated_Object_Key": "dd44770440cf7554a87c5f66afaaaeafa12a11ecae95568953bec70641cc6513",
            "Associated_Object_Type_Key": "3243be7c53d81a4ed2e0224d66e8452715f18aaefb95df70de85575b6b070306",
            "Domain_Event_Key": "83cbb600619cd5c7574f6a5c28118f28dc16cc0297af0814b939da0338527b84",
            "Correlation_Id": "08a46b91-40a8-4c2f-90bc-355a5ca00b62",
            "Client_Identification": "PRODCREF",
            "System_Key": "5d9ce7f4fe098dab1884bba69c3b808278fb8b421dff7b950899c8ed2a3eceef",
            "Proc_Ts": "2020-03-13 10:40:51.805246",
            "Proc_Ts_Tz_Dst_Cd": "100",
            "Event_Ts": "2014-08-21 04:06:59.000",
            "Event_Ts_Tz_Dst_Cd": "105"
          }
        },
        {
          "DomainEventHeader": {
            "SOR_INGT_CRT_TS": "2020-03-13 10:40:51.805246",
            "SOR_TPIC_NM": "tc_id_65.ihl_dev_rm.reg.transportation.station-master.raw.v1",
            "DE_META": ""
          },
          "LocationAssociated": {
            "Primary_Object_Key": "dd44770440cf7554a87c5f66afaaaeafa12a11ecae95568953bec70641cc6513",
            "Domain_Event_Type_Key": "8eb3e769649d98d5e896398ded3b7bdb63bdaf6d53f440f4b9a8da51e8f74f40",
            "Association_Key": "b14bfbac57f1d8232ebac7418fd0bfc555d262f3f629d607435c30a81f28fd92",
            "Association_Type_Key": "826ba51f5be2a0b22c54d45f1914ec6841ece8bbc4a114b967cab30f86aaeaa7",
            "Location_Key": "30945e8611252c05097b4e4bc732b623a67037b473b6c35bc9eb4e06c151f0e3",
            "Location_Type_Key": "3243be7c53d81a4ed2e0224d66e8452715f18aaefb95df70de85575b6b070306",
            "Associated_Object_Key": "dd44770440cf7554a87c5f66afaaaeafa12a11ecae95568953bec70641cc6513",
            "Associated_Object_Type_Key": "3243be7c53d81a4ed2e0224d66e8452715f18aaefb95df70de85575b6b070306",
            "Domain_Event_Key": "3ae4d6a73390515640254aee82386f3a048d13ca915731d836efc4fa643f2c87",
            "Correlation_Id": "08a46b91-40a8-4c2f-90bc-355a5ca00b62",
            "Client_Identification": "PRODCREF",
            "System_Key": "5d9ce7f4fe098dab1884bba69c3b808278fb8b421dff7b950899c8ed2a3eceef",
            "Proc_Ts": "2020-03-13 10:40:51.805246",
            "Proc_Ts_Tz_Dst_Cd": "100",
            "Event_Ts": "2014-08-21 04:06:59.000",
            "Event_Ts_Tz_Dst_Cd": "105"
          }
        }
      ]
    },
    {
      "name": "tc_id_65.ihl_dev_rm.reg.transportation.location-removed.prepared.v1",
      "data": [
        {
          "DomainEventHeader": {
            "SOR_INGT_CRT_TS": "2020-03-13 10:40:51.805246",
            "SOR_TPIC_NM": "tc_id_65.ihl_dev_rm.reg.transportation.station-master.raw.v1",
            "DE_META": ""
          },
          "LocationRemoved": {
            "Domain_Event_Type_Key": "a16c5ba057628866b318f709f5496a7b5e7cc21c1c098ca136e257faab49e0d8",
            "Location_Key": "fcd7ce969d79228b270ff759dc2ec4ca097a8ea69a91c3eda4e1a5b7a7951ceb",
            "Location_Type_Key": "3243be7c53d81a4ed2e0224d66e8452715f18aaefb95df70de85575b6b070306",
            "Identification_Type_Key": "1db4fbc26159da59569835df63f77bfa1dc6db646f2a649d119d8bd4ddbf8caa",
            "Identification_Value": "CN92872",
            "Domain_Event_Key": "888bde1d64d03aab1cf7acdfaf13a0be5aaf6c4e3c6dea7c2c436af175e46a2e",
            "Correlation_Id": "08a46b91-40a8-4c2f-90bc-355a5ca00b63",
            "Client_Identification": "PRODCREF",
            "System_Key": "5d9ce7f4fe098dab1884bba69c3b808278fb8b421dff7b950899c8ed2a3eceef",
            "Proc_Ts": "2020-03-13 10:40:51.805246",
            "Proc_Ts_Tz_Dst_Cd": "100",
            "Event_Ts": "2014-08-21 04:06:59.000",
            "Event_Ts_Tz_Dst_Cd": "105"
          }
        }
      ]
    },
    {
      "name": "tc_id_65.ihl_dev_rm.reg.tm.prepared.rteErr.v1",
      "data": [
        {
          "IngestionHeader": {
            "ING_CRT_TS": null,
            "PRODUCT_ID": "A189 Corp-Ind Loc",
            "UUID": null,
            "FORMAT": "JSON"
          },
          "Station": {
            "STN_333": "ABBOTSFOR",
            "STN_ST": "BC",
            "STN_NME": "ABBOTSFORD         ",
            "STNUM": null,
            "SPLC": "93526 ",
            "CAR_DSTR_REGN": "0",
            "CAR_DSTR_ZN": "0",
            "TSO_333": "THOLINCON",
            "TSO_ST": "BC",
            "TIME_ZONE": -3,
            "STN_CNTY": "CANADA                   ",
            "MSS_NUMB": "  ",
            "SLS_AGCY_NUMB": "  ",
            "STN_ABBR": "ABBFRD",
            "BAR_CD_ABBR": "  ",
            "JCT_260": "     ",
            "CAR_CLSTR_333": "         ",
            "CAR_CLSTR_ST": "  ",
            "RAMP_CD": " ",
            "YD_SCALE_CD": " ",
            "GRN_INSP_FLG": "N",
            "PPSI_SVC_FLG": "N",
            "CREW_LOC_FLG": "N",
            "LOCO_FUEL_FLG": "N",
            "LOCO_RPR_FLG": "N",
            "AAR_BNDRY_FLG": " ",
            "TEAMS_FLG": " ",
            "TEMP_STN_FLG": " ",
            "DUP_333_FLG": " ",
            "EMBRG_FLG": "N",
            "YD_BLK_FLG": "N",
            "VEH_LDG_FLG": "N",
            "EFF_DT": "19971207",
            "EXP_DT": "20991231",
            "MECH_AREA_CD": "       ",
            "VAN_SCALE_FLG": "N",
            "VAN_LS_FLG": "N",
            "TRK_WRNT_FLG": " ",
            "SDIV_NUMB": "901 ",
            "DFO_333": "EDMWAYCEN",
            "DFO_ST": "AB",
            "DIV_NUMB": "3 ",
            "SYS_BLK": "58000",
            "DSSA_GRP_NBR": "  ",
            "STN_2ABBR": "  ",
            "SPLC_SFX": "0  ",
            "STN_CLS_LVL": "4",
            "SUPT_TERR_NBR": "99",
            "CUTOVER_CD": "1",
            "CRT_ID": "PRODOPER",
            "UPD_ID": "PRODCREF",
            "CRT_DT": "1997-12-10",
            "CRT_TM": "16:46:26",
            "UPD_DT": null,
            "UPD_TM": null,
            "STLIT_STNUM": "64345 ",
            "AAR_REGN_CD": "15",
            "SUB_DIST_ID": "34",
            "MAX_CAR_CPTY": 0,
            "MAX_FRT_TRN_CPTY": 0,
            "MAX_PSGR_TRN_CPTY": 0,
            "MAX_HUMP_CPTY": 0,
            "TRK_OWN_SCAC": "CPRS",
            "EQP_AAR_INV_CD": "SH",
            "INV_CD_GRP_IND": " ",
            "OSW_TM_RPT_IND": " ",
            "STN_SHRT_ABBR": "   ",
            "OPER_GNRL_MGR_ID": "9 ",
            "CAR_MGMT_STN_OWN": "N",
            "CORP_CO_ABR": "CN  ",
            "IBMSNAP_COMMITSEQ": {
              "bytes": "\u0000\u0000\u0000\u0000\u0000\u0000\u0000\u0001"
            },
            "IBMSNAP_INTENTSEQ": {
              "bytes": "\u0000\u0000\u0000\u0000\u0000\u0000\u0000\u0001"
            },
            "IBMSNAP_OPERATION": "I",
            "IBMSNAP_LOGMARKER": "2020-03-10 14:30:23.887528"
          },
          "LogHeader": {
            "ERROR_TO_DE": "record.IngestionHeader.ING_CRT_TS is NULL and STNUM is NULL and record.IngestionHeader.UUID is NULL and UPD_DT is NULL and UPD_TM is NULL",
            "RAW_KAFKA_QUEUE_NAME": "tc_id_65.ihl_dev_rm.reg.transportation.station-master.raw.v1",
            "SPARK_JOB_NAME": "StationDomainFeed"
          }
        }
      ]
    }
  ]
}