{
  "Kafka_Output": [
    {
      "name": "tc_id_101.ihl_dev_rm.reg.transportation.conveyor-composite-created.prepared.v1",
      "data": [
        {
          "DomainEventHeader": {
            "SOR_INGT_CRT_TS": "2021-04-05T00:01:10.953Z",
            "SOR_TPIC_NM": "tc_id_101.ihl_dev_rm.reg.transportation.stop-order.raw.v1",
            "DE_META": ""
          },
          "ConveyorCompositeCreated": {
            "Primary_Object_Key": "Not Applicable",
            "Domain_Event_Type_Key": "c7881817d6d6fabbc8c8be4c1a5310d4b02d506473e08a55032dedde16c0b3fa",
            "Conveyor_Composite_Key": "8b5349d3fef7f4b26ec8dea3555804ea34a3c9b8c6f50364c2de1317223d4f9a",
            "Conveyor_Composite_Type_Key": "Not Applicable",
            "Conveyor_Key": "Not Applicable",
            "Conveyor_Type_Key": "Not Applicable",
            "Composite_Key": "Not Applicable",
            "Composite_Type_Key": "Not Applicable",
            "Identification_Type_Key": "Not Applicable",
            "Identification_Value": "Not Applicable",
            "Domain_Event_Key": "e8a6558498b762cd979cc41f15e2de592b4a9aff81cb1ba100b793de8cc1c4dc",
            "Correlation_Id": "5f0dd7da-109e-4501-942d-0e900c07f884",
            "Client_Identification": "SRS-IM",
            "System_Key": "ea040811b4e08ab97f7af0971223713a9dc11d6b30bcc906cd8ec7c2b0b38817",
            "Proc_Ts": "2021-04-05T00:01:10.953Z",
            "Proc_Ts_Tz_Dst_Cd": "100",
            "Event_Ts": "2021-04-05T00:01:10.953Z",
            "Event_Ts_Tz_Dst_Cd": "100"
          }
        },
        {
          "DomainEventHeader": {
            "SOR_INGT_CRT_TS": "2021-04-05T00:01:10.953Z",
            "SOR_TPIC_NM": "tc_id_101.ihl_dev_rm.reg.transportation.stop-order.raw.v1",
            "DE_META": ""
          },
          "ConveyorCompositeCreated": {
            "Primary_Object_Key": "c4a6e933711aa321690c6ba7772b6dae19b3b06b6b4a2896c3f2c1e9a108ae90",
            "Domain_Event_Type_Key": "e3b61a2ebf5b23ed3fd8ff58d88a71874f646ec36a6e49d48b10b0c9e3100d05",
            "Conveyor_Composite_Key": "8b5349d3fef7f4b26ec8dea3555804ea34a3c9b8c6f50364c2de1317223d4f9a",
            "Conveyor_Composite_Type_Key": "d7cd65078ac119c66041926ff2612b6612994a6a4d583ae8401b54ad0f71edfa",
            "Conveyor_Key": "84fa17468b3caae5e716caf41575418f8cf6c4b95588e0aef754c1e5b59e0c5a",
            "Conveyor_Type_Key": "20ba3d6edbfbaab0653bd3314bf4ec3a1f6049daa8ab757fd2c8621944a3f4cf",
            "Composite_Key": "623157d3f8e4fc4fd0c26e78d9bc3d8162ffbc9765cf68fe7945a048776a4ca3",
            "Composite_Type_Key": "8a1fc39c22a0805d16433aa203bafe186dc94ab184a8cfa89bf435413378097e",
            "Identification_Type_Key": "d0ebd974ad38156bd02718eca18126c620c7dd61a4806b4407e7418785bbc39e",
            "Identification_Value": "1357-11-20 17:33:43.042019Stop Order",
            "Domain_Event_Key": "ed63410bd96da4c1d6e3660b5ac04d350a0a9065907d5ac7a966ae2009fe28e2",
            "Correlation_Id": "6f0dd7da-109e-4501-942d-0e900c07f884",
            "Client_Identification": "SRS-IM",
            "System_Key": "ea040811b4e08ab97f7af0971223713a9dc11d6b30bcc906cd8ec7c2b0b38817",
            "Proc_Ts": "2021-04-05T00:01:10.953Z",
            "Proc_Ts_Tz_Dst_Cd": "100",
            "Event_Ts": "2021-04-05T00:01:10.953Z",
            "Event_Ts_Tz_Dst_Cd": "100"
          }
        }
      ]
    },
    {
      "name": "tc_id_101.ihl_dev_rm.reg.transportation.conveyor-composite-described.prepared.v1",
      "data": [
        {
          "DomainEventHeader": {
            "SOR_INGT_CRT_TS": "2021-04-05T00:01:10.953Z",
            "SOR_TPIC_NM": "tc_id_101.ihl_dev_rm.reg.transportation.stop-order.raw.v1",
            "DE_META": ""
          },
          "ConveyorCompositeDescribed": {
            "Primary_Object_Key": "c4a6e933711aa321690c6ba7772b6dae19b3b06b6b4a2896c3f2c1e9a108ae90",
            "Domain_Event_Type_Key": "e3b61a2ebf5b23ed3fd8ff58d88a71874f646ec36a6e49d48b10b0c9e3100d05",
            "Conveyor_Composite_Key": "8b5349d3fef7f4b26ec8dea3555804ea34a3c9b8c6f50364c2de1317223d4f9a",
            "ConveyorCompositeCharacteristics": [
              {
                "Conveyor_Composite_Characteristic_Key": "f34e326474a03ec734d8e00cd0cfc4af9da5b9cf546be4d585585b423fcfea03",
                "Characteristic_Type_Key": "e5bf5ce4bc7e098e49fbb150fdab84e15d0a99d5a7b2d2ad181d1dbf29de8ae4",
                "Characteristic_Value": "0747-02-07-09.40.16.012001"
              },
              {
                "Conveyor_Composite_Characteristic_Key": "3538bed86d76ab9e1f041e931d3de98fdc81aeeda71cd0dac6559abc9608b67d",
                "Characteristic_Type_Key": "4ad95d606bc09078d5afe687ceeed40922882091d5217ca5ad6db6830ab0ffd5",
                "Characteristic_Value": "OG"
              },
              {
                "Conveyor_Composite_Characteristic_Key": "2d006098d5208c8bd07701f0ce78570d9b15f79f1033737c9d83ac5303c15f49",
                "Characteristic_Type_Key": "f6a3666dbab11aaa7f61e54e1222dfe392265fc46eb02187850d9fb1cafb0c57",
                "Characteristic_Value": "OG"
              },
              {
                "Conveyor_Composite_Characteristic_Key": "12fcfe0ccae305856e6c4d44d8c4d7c10dc11e0d07f6462e57d4d86ec5c07a65",
                "Characteristic_Type_Key": "5e277e8bd6c4650f7033b8508988daeca410ad333ecc50f8c69af9495eb85b83",
                "Characteristic_Value": "43788"
              },
              {
                "Conveyor_Composite_Characteristic_Key": "23e7103543e14ededf8d11c43c9576b1fe42d86f5fdd97489619bdc7e4477b96",
                "Characteristic_Type_Key": "910ee27c39cb4ef85a3d1c911bfd73f48182610c0be33184e393d55af0a31070",
                "Characteristic_Value": "17:57:00"
              },
              {
                "Conveyor_Composite_Characteristic_Key": "15bf35baeaa22b2d198a03132c822b753ca8264e8ac553bfad59975e77129bb7",
                "Characteristic_Type_Key": "a5ed7afff2e29e812aa79b76c07d1b77c0d66041ea22fa73d8c0b717a67daf55",
                "Characteristic_Value": "ZZNOBILL"
              },
              {
                "Conveyor_Composite_Characteristic_Key": "e8d66ebd2b55befd67f7f4fa4d71375aa5fd0ce91b294f98d2d8c06170a3c652",
                "Characteristic_Type_Key": "6a893fc8b0a1078047f331f41db33c62a07b2de72abd5ec67a0747bc255fdada",
                "Characteristic_Value": "HOLD - ZZNOBILL (FROM ADVAN)"
              },
              {
                "Conveyor_Composite_Characteristic_Key": "612d6972e7f209c5d84041ed57f0070aa949793eb8c7c38752257a83d8b3b7b6",
                "Characteristic_Type_Key": "9be425472b2b74c235ed35efeed2a5230297a586251e22da6dda44ac4b33e439",
                "Characteristic_Value": "1357-11-20 17:33:43.042019"
              },
              {
                "Conveyor_Composite_Characteristic_Key": "07f0884fefe3b1b6e4eab7a459621c08497731ae6933ae2d90a48f28647cba2e",
                "Characteristic_Type_Key": "3c04d59a598d39884140c517cb5e745750a3c073bbacedf41d764d572c3fc172",
                "Characteristic_Value": "BRAINTTER"
              },
              {
                "Conveyor_Composite_Characteristic_Key": "3bf7b90af6f5d4120daba17c1391859e1208a81f64347b5f9e27f7ff0e1f335b",
                "Characteristic_Type_Key": "dcbaa7568f47ca675f8716f409c2425285f3f86ba172cdac1cf736db50070c6d",
                "Characteristic_Value": "ON"
              },
              {
                "Conveyor_Composite_Characteristic_Key": "2941dbcaa498ec54a55a17c443c89a2caa5b4c0bc105835ba99d7ce7d2b062ea",
                "Characteristic_Type_Key": "74c9f9b9a92dd37961cb4ed43c425d37f0c757d9f7ce71188a701b194a75d4b1",
                "Characteristic_Value": "CN"
              }
            ],
            "Domain_Event_Key": "ed63410bd96da4c1d6e3660b5ac04d350a0a9065907d5ac7a966ae2009fe28e2",
            "Correlation_Id": "6f0dd7da-109e-4501-942d-0e900c07f884",
            "Client_Identification": "SRS-IM",
            "System_Key": "ea040811b4e08ab97f7af0971223713a9dc11d6b30bcc906cd8ec7c2b0b38817",
            "Proc_Ts": "2021-04-05T00:01:10.953Z",
            "Proc_Ts_Tz_Dst_Cd": "100",
            "Event_Ts": "2021-04-05T00:01:10.953Z",
            "Event_Ts_Tz_Dst_Cd": "100"
          }
        }
      ]
    },
    {
      "name": "tc_id_101.ihl_dev_rm.reg.tm.prepared.rteErr.v1",
      "data": [
        {
          "IngestionHeader": {
            "ING_CRT_TS": "2021-04-05T00:01:10.953Z",
            "PRODUCT_ID": "A195",
            "UUID": null,
            "FORMAT": "JSON"
          },
          "StopOrder": {
            "CANC_AUTH": "OVERRIDE    ",
            "CAR_KND_ABBR": "U",
            "CLOSE_DT": "43800",
            "CLOSE_LATA": "SRSPNAT ",
            "CLOSE_REAS": "CHASSIS                                          ",
            "CLOSE_TM": "10:50:01",
            "CYCL_ID": "0747-02-07-09.40.16.012001",
            "EQP_INIT": "NONC",
            "EQP_NUMB": "164",
            "EVT_CD": "OG",
            "GEN_EVT_CD": "OG",
            "GRP_USER_ID": "124282B ",
            "LATA": "124282B ",
            "OVR_EVT_CD": "OG",
            "PGM_DT": "43788",
            "PGM_TM": "17:57:00",
            "PRINTED_IND": "",
            "SEQ_NUMB": "1",
            "STN_333": "BRAINTTER",
            "STN_ST": "ON",
            "STP_AUTH": "ZZNOBILL    ",
            "STP_ORD": "HOLD - ZZNOBILL (FROM ADVAN)                     ",
            "STP_TMSTP": "1357-11-20 17:33:43.042019",
            "USER_ID": "124282B ",
            "USER_ID_CLOSE": "EVEREST ",
            "USER_NME": "TAGGART, Dave       ",
            "USER_NME_CLOSE": "FROM AGS            ",
            "WB_ID": "6521-11-20 17:33:42.992019",
            "WB_VRSN": "1",
            "IBMSNAP_OPERATION": "D",
            "IBMSNAP_LOGMARKER": "2021-04-09 20:15:04.280804",
            "IBMSNAP_INTENTSEQ": "00  d9  8a  37  4c  d1  eb  71  12  00  00  00  00  00  00  01  ",
            "IBMSNAP_COMMITSEQ": "00  d9  8a  37  4d  27  ae  4e  80  00  00  00  00  00  00  01  "
          },
          "LogHeader": {
            "ERROR_TO_DE": "Correlation_Id is NULL",
            "RAW_KAFKA_QUEUE_NAME": "tc_id_101.ihl_dev_rm.reg.transportation.stop-order.raw.v1",
            "SPARK_JOB_NAME": "StopOrderDomainFeed"
          }
        }
      ]
    }
  ]
}