{
  "Kafka_Output": [
    {
      "name": "tc_id_56.ihl_dev_rm.reg.tm.prepared.cnvyCrt.v1",
      "data": [
        {
          "DomainEventHeader": {
            "SOR_INGT_CRT_TS": "2020-09-23T12:42:46.191Z",
            "SOR_TPIC_NM": "tc_id_56.ihl_dev_rm.reg.transportation.system-equipment-extracted.raw.v1",
            "DE_META": ""
          },
          "ConveyorCreated": {
            "Domain_Event_Type_Key": "e3b61a2ebf5b23ed3fd8ff58d88a71874f646ec36a6e49d48b10b0c9e3100d05",
            "Conveyor_Key": "611b313a71df753fd90916954c9d49c1100b8ea0c4fa331503dc0d6d72fb4ce4",
            "Conveyor_Type_Key": "8d8e33739978092cfc719dd0996498c1b1fb334c3b75d98fe6c73e8fb767a91a",
            "Identification_Type_Key": "c1c8e7db99830745a07071cef772ba98c30b1219c81c8e3f502ce6674cb02ce3",
            "Identification_Value": "CNRU1",
            "Domain_Event_Key": "a554bc68d6c41115337d5601b4c522b31712fadc2efbb40a1525f41f9a9a8a1b",
            "Correlation_Id": "123e4567-e89b-12d3-a456-556642440000",
            "Client_Identification": "PRODSSRS",
            "System_Key": "79060a749b1cef11e7c1ab30abe8c9f353a8d154bfd824485fb115b83f49abd5",
            "Proc_Ts": "2020-09-23T12:42:46.191Z",
            "Proc_Ts_Tz_Dst_Cd": "100",
            "Event_Ts": "2020-09-23T12:42:46.191Z",
            "Event_Ts_Tz_Dst_Cd": "100"
          }
        }
      ]
    },
    {
      "name": "tc_id_56.ihl_dev_rm.reg.tm.prepared.cnvyDsc.v1",
      "data": [
        {
          "DomainEventHeader": {
            "SOR_INGT_CRT_TS": "2020-09-23T12:42:46.191Z",
            "SOR_TPIC_NM": "tc_id_56.ihl_dev_rm.reg.transportation.system-equipment-extracted.raw.v1",
            "DE_META": ""
          },
          "ConveyorDescribed": {
            "Domain_Event_Type_Key": "e3b61a2ebf5b23ed3fd8ff58d88a71874f646ec36a6e49d48b10b0c9e3100d05",
            "Conveyor_Key": "611b313a71df753fd90916954c9d49c1100b8ea0c4fa331503dc0d6d72fb4ce4",
            "ConveyorCharacteristics": [
              {
                "Conveyor_Characteristic_Key": "8b12572a8c68b87915535258ae65ec53db7131be06ec53072247548fe0bfd77c",
                "Characteristic_Type_Key": "53223cc5252d3111a784717f660a45a277a813430ed44561fc46bd7028fc6836",
                "Characteristic_Value": "CNRU"
              },
              {
                "Conveyor_Characteristic_Key": "4847308b22bbd3d02c63b1cf1fa383c7971f7d3741f572b0f30477cb4270d1d9",
                "Characteristic_Type_Key": "4b784c8ef416376b15dcc4a491e6fefe7f994d1da63a1729d18e793799de3b86",
                "Characteristic_Value": "1"
              },
              {
                "Conveyor_Characteristic_Key": "3f065dd29b512651eddbe06baa8bf87aaebaf170dfe27eb3bda8360c884dcf13",
                "Characteristic_Type_Key": "dfdd3aa142b76224ee103bf8ad2cbe50d4bdd1add774d8c3506bd64febbd0ae8",
                "Characteristic_Value": "KC7"
              },
              {
                "Conveyor_Characteristic_Key": "9c47e44d34dfb9032fb81c546e01cff16550f3e12bd541ed4f866bab3099a2b8",
                "Characteristic_Type_Key": "bdca8e60f7f01693e7e6fba9f7e3168dcf16a9d4910424ef8da9664058d3a408",
                "Characteristic_Value": "U287"
              },
              {
                "Conveyor_Characteristic_Key": "90ec9ec40bd03cbaa6d49a833cad54247adc9b6ad058c6199cffc8a0fc80654d",
                "Characteristic_Type_Key": "f49d12114258c1c62ec26c7d9be537d35935a60a6cbacea03ec85a7e9840d58c",
                "Characteristic_Value": "CN"
              },
              {
                "Conveyor_Characteristic_Key": "7e639ee538b57bea984374dbdedaf631c258b8a4693c650309d962b18c6c9d30",
                "Characteristic_Type_Key": "dc23513cbf0d471a266e718926c895ed1a595d88fecdb50e9859c0f7ba2b9689",
                "Characteristic_Value": "636.0"
              },
              {
                "Conveyor_Characteristic_Key": "f7c18f7532547a11154e673baa8d3722652faa33e985894c863d080533f6e891",
                "Characteristic_Type_Key": "2e4fc829cfb1341196e0929d07c5b8d35f13189f378d158a2db2d065420abf09",
                "Characteristic_Value": "IN"
              },
              {
                "Conveyor_Characteristic_Key": "851d3581708055060d6db841a68025e0592814b7944453096684b19871b4ccc4",
                "Characteristic_Type_Key": "6bf5e3e7a05ded0ea72ad57eb1108975154a2b86caa56287ffa56843ef0080db",
                "Characteristic_Value": "114.0"
              },
              {
                "Conveyor_Characteristic_Key": "182933184c8f26e707fe11f71fe9b8736ad9e509ff4d0024462f74c081dbc349",
                "Characteristic_Type_Key": "833f18b3c9725e2cf31506243664eff543b45a581a856dde03715719f42c2d40",
                "Characteristic_Value": "IN"
              },
              {
                "Conveyor_Characteristic_Key": "125d261d9d3606cc466e63fd09bf90e130293f3980bca12654fc787df3eaf5a8",
                "Characteristic_Type_Key": "35027e17d1a5e6658f564a8ab453c13daccdc61de50b2d82ba2cf954ea607d3b",
                "Characteristic_Value": "102.0"
              },
              {
                "Conveyor_Characteristic_Key": "54d3ef98649e48caaf54058783dd8615b3a0d49b6ba699903e38994a454ecdf1",
                "Characteristic_Type_Key": "7ea1dde1cecbdb08f19882bbcd27f8580bc49b38c81344cdc3e6de83f93f4b70",
                "Characteristic_Value": "IN"
              },
              {
                "Conveyor_Characteristic_Key": "1b233dcfc8e50b4cf732a7665d672acc46c3a4766ea431328bd33d4c5dbfa909",
                "Characteristic_Type_Key": "9d97a921289d9d757a7e1474b05c117d6c096bafd43f1b70755f395d24c652f6",
                "Characteristic_Value": "628.0"
              },
              {
                "Conveyor_Characteristic_Key": "6a63e05d4815db116aab48b8b7e9fd8526be53778b05b1587ae4fdddab9c1e50",
                "Characteristic_Type_Key": "ff07561c81d58f77f9ed7dd7e5245769a04f4cd790948cdba6e80c4379ff1a06",
                "Characteristic_Value": "IN"
              },
              {
                "Conveyor_Characteristic_Key": "ef7a9236c6f210a956a6f0f0aabe871e6ad7d1821fb6fa93390924e959518f29",
                "Characteristic_Type_Key": "b77e4642d3015352b103a72840f609697a0e43b27909144f8b7c6bf69f8b211c",
                "Characteristic_Value": "109.0"
              },
              {
                "Conveyor_Characteristic_Key": "89a17133504ba64b4c3726e8b961083d31dfc09945e136cadfa6fa629cc13922",
                "Characteristic_Type_Key": "2f7eea35a7d94142a22e72b25ec088d92e308e32471004230b6ea9256b350468",
                "Characteristic_Value": "IN"
              },
              {
                "Conveyor_Characteristic_Key": "90ed90234297ddd14e8303e7834332898d40a1fd4687d195678cf3fd2d0ae52c",
                "Characteristic_Type_Key": "9c4d2036bbce7c47203e1d5a3edd7fa6e847978b7d4f169fa2197de62a117945",
                "Characteristic_Value": "98.0"
              },
              {
                "Conveyor_Characteristic_Key": "b5023753fc4dda3d3c928617934f3ab520c347035c62f56dad0a96844836094f",
                "Characteristic_Type_Key": "94feccc71da599488ef4bf2c4bb226d74ced3acbc0afb315630ae7dbd388719b",
                "Characteristic_Value": "IN"
              },
              {
                "Conveyor_Characteristic_Key": "89e4bbfb6db76c42c5f5662226a315f0be251464bc2d4620256575c156fe102a",
                "Characteristic_Type_Key": "c967d446753c893cfa066af2c7412a5e95f554d4db8d18c750d5f906f433dc56",
                "Characteristic_Value": "0"
              },
              {
                "Conveyor_Characteristic_Key": "58180d75bbbe22df75664f16094f3bd62ea4b031d0a94f76ba9ef295deaf0bd8",
                "Characteristic_Type_Key": "973765df118e9eacda521593ab76b350c989190284385018dc848884d80c0687",
                "Characteristic_Value": "11500"
              },
              {
                "Conveyor_Characteristic_Key": "bfe19159b360f6816cb0ef8b64047369de1707200f2c537909d59819874e2ffc",
                "Characteristic_Type_Key": "164641ffb7cf512d11a7f63a2e4d30d1d23c13266189a81c6eb2594fca0e0bfc",
                "Characteristic_Value": "LB"
              },
              {
                "Conveyor_Characteristic_Key": "8151de7e583b170923ea53f91e03a5fef0372214d3b21e0680599654f6794e7e",
                "Characteristic_Type_Key": "88e1c02ec20c72583b22209c290d71221b4a13ba15b98d0decd1fa382f0e5f24",
                "Characteristic_Value": "65000"
              },
              {
                "Conveyor_Characteristic_Key": "6c600285c169da9b2d9f14c2de45ca34e9667332d48950d38b9938427d2e0e28",
                "Characteristic_Type_Key": "a3a0d2a760b030f680eb77cd7e7a1c2210b15fac3553f1ca6129f5f37714e9e0",
                "Characteristic_Value": "LB"
              },
              {
                "Conveyor_Characteristic_Key": "b976a5859a9946a188c599fb33e67fda6311b71f6165f37dcc097820eadc5d3a",
                "Characteristic_Type_Key": "b30e11fde4593bbdca4fdd002dc86948e7843b31e4e51816ed96dc0ac4fa94d7",
                "Characteristic_Value": ""
              },
              {
                "Conveyor_Characteristic_Key": "264ded4d6bc30e347ccf8d49b806b0b6f45df963e0ecc38e431a427c2c47ec34",
                "Characteristic_Type_Key": "e240fdb8f949decac34760c21db562e28b8ae61a19c2cd5574d6cf8b7dfb61fd",
                "Characteristic_Value": "0"
              },
              {
                "Conveyor_Characteristic_Key": "941f726d1d07aced3783bdab1c763eb75b6c4bf741e42eb96b20e44c0127a502",
                "Characteristic_Type_Key": "3ffdff0330a992b161ebdec1fb0d409a1160673a7d29ccc0092c20a4272bc2d3",
                "Characteristic_Value": ""
              }
            ],
            "Domain_Event_Key": "a554bc68d6c41115337d5601b4c522b31712fadc2efbb40a1525f41f9a9a8a1b",
            "Correlation_Id": "123e4567-e89b-12d3-a456-556642440000",
            "Client_Identification": "PRODSSRS",
            "System_Key": "79060a749b1cef11e7c1ab30abe8c9f353a8d154bfd824485fb115b83f49abd5",
            "Proc_Ts": "2020-09-23T12:42:46.191Z",
            "Proc_Ts_Tz_Dst_Cd": "100",
            "Event_Ts": "2020-09-23T12:42:46.191Z",
            "Event_Ts_Tz_Dst_Cd": "100"
          }
        },
        {
          "DomainEventHeader": {
            "SOR_INGT_CRT_TS": "2020-09-23T12:42:46.191Z",
            "SOR_TPIC_NM": "tc_id_56.ihl_dev_rm.reg.transportation.system-equipment-extracted.raw.v1",
            "DE_META": ""
          },
          "ConveyorDescribed": {
            "Domain_Event_Type_Key": "c7881817d6d6fabbc8c8be4c1a5310d4b02d506473e08a55032dedde16c0b3fa",
            "Conveyor_Key": "611b313a71df753fd90916954c9d49c1100b8ea0c4fa331503dc0d6d72fb4ce4",
            "ConveyorCharacteristics": [
              {}
            ],
            "Domain_Event_Key": "7ecb7c9d28a4966b48766ef9bd9a4a1a1197e8d2f37a12fb2bacde4ca277cc65",
            "Correlation_Id": "123e4567-e89b-12d3-a456-556642440000",
            "Client_Identification": "PRODSSRS",
            "System_Key": "79060a749b1cef11e7c1ab30abe8c9f353a8d154bfd824485fb115b83f49abd5",
            "Proc_Ts": "2020-09-23T12:42:46.191Z",
            "Proc_Ts_Tz_Dst_Cd": "100",
            "Event_Ts": "2020-09-23T12:42:46.191Z",
            "Event_Ts_Tz_Dst_Cd": "100"
          }
        }
      ]
    },
    {
      "name": "tc_id_56.ihl_dev_rm.reg.tm.prepared.cnvyRmv.v1",
      "data": [
        {
          "DomainEventHeader": {
            "SOR_INGT_CRT_TS": "2020-09-23T12:42:46.191Z",
            "SOR_TPIC_NM": "tc_id_56.ihl_dev_rm.reg.transportation.system-equipment-extracted.raw.v1",
            "DE_META": ""
          },
          "ConveyorRemoved": {
            "Domain_Event_Type_Key": "a16c5ba057628866b318f709f5496a7b5e7cc21c1c098ca136e257faab49e0d8",
            "Conveyor_Type_Key": "8d8e33739978092cfc719dd0996498c1b1fb334c3b75d98fe6c73e8fb767a91a",
            "Conveyor_Key": "611b313a71df753fd90916954c9d49c1100b8ea0c4fa331503dc0d6d72fb4ce4",
            "Domain_Event_Key": "447310f4051a28f1e61d373376f83c15013e17241718c792613e9c6ec9879d38",
            "Identification_Type_Key": "c1c8e7db99830745a07071cef772ba98c30b1219c81c8e3f502ce6674cb02ce3",
            "Identification_Value": "CNRU1",
            "Correlation_Id": "123e4567-e89b-12d3-a456-556642440000",
            "Client_Identification": "PRODSSRS",
            "System_Key": "79060a749b1cef11e7c1ab30abe8c9f353a8d154bfd824485fb115b83f49abd5",
            "Proc_Ts": "2020-09-23T12:42:46.191Z",
            "Proc_Ts_Tz_Dst_Cd": "100",
            "Event_Ts": "2020-09-23T12:42:46.191Z",
            "Event_Ts_Tz_Dst_Cd": "100"
          }
        }
      ]
    },
    {
      "name": "tc_id_56.ihl_dev_rm.reg.tm.prepared.rteErr.v1",
      "data": [
        {
          "IngestionHeader": {
            "ING_CRT_TS": null,
            "PRODUCT_ID": "A234",
            "UUID": "123e4567-e89b-12d3-a456-556642440000",
            "FORMAT": "JSON"
          },
          "SystemEquipment": {
            "EQP_INIT": null,
            "EQP_NUMB": null,
            "CAR_KIND": "KC7",
            "CAR_KIND_AAR": "U287",
            "EQP_INIT_OLD": "CNRU",
            "EQP_NUMB_OLD": "235302",
            "EQP_OWN_ABBR": "CN",
            "MFG_ABBR": "CIMC",
            "MFG_YR": "2003",
            "MFG_MO": "06",
            "EQP_ORG_COST": "13000.67",
            "DEPR_VAL": "100.25",
            "EQP_SERL_NBR": "XCMC85200031",
            "IMDL_LIC_ST": "",
            "IMDL_LIC_NUMB": "",
            "POOL_333": "",
            "POOL_ST": "",
            "POOL_ASGN_CD": "",
            "OS_LGTH_FT": "53",
            "OS_LGTH_IN": "0",
            "OS_HGTH_FT": "9",
            "OS_HGTH_IN": "6",
            "OS_WDTH_FT": "8",
            "OS_WDTH_IN": "6",
            "IS_LGTH_FT": "52",
            "IS_LGTH_IN": "4",
            "IS_HGTH_FT": "9",
            "IS_HGTH_IN": "1",
            "IS_WDTH_FT": "8",
            "IS_WDTH_IN": "2",
            "SD_WDTH_IN": "0",
            "SD_HGTH_IN": "0",
            "ED_WDTH_IN": "98",
            "ED_HGTH_IN": "109",
            "AXLE_LGTH_IN": "0",
            "AXLE_SPREAD_FT": "0",
            "AXLE_SPREAD_IN": "0",
            "KINGPIN": "0",
            "TRUE_KINGPIN": "0",
            "CAR_TARE_WGHT": "11500",
            "LD_LMT": "65000",
            "EQP_CUFT": "3901",
            "RFGR_POS": "",
            "EQP_REG_YRMO": "37773",
            "EQP_LSE_EFF": "NULL",
            "EQP_LSE_EXP": "NULL",
            "FHWA_INSP_YRMO": "NULL",
            "CHAS_TYP": "",
            "AXLE_TYP": "",
            "BOGIE_SPREAD_IN": "",
            "BOGIE_CD": "",
            "CHAS_EXT_CD": "",
            "LEAS_CITY_333": "VANCOUVER",
            "LEAS_ST": "BC",
            "LEAS_CD": "C",
            "LEAS_DLY_RT": "0.56",
            "PMA_INSP_DT": "2015-05-21",
            "PMC_INSP_DT": "2015-05-26",
            "AMIS_STUS_CD": "H",
            "AMIS_STUS_DT": "2015-05-24",
            "EQP_RFID_TAG": "",
            "BLD_LOT_CD": "RESTENCIL FOR TIRE PRGM",
            "BLD_CTRY_CD": "CA",
            "AUDT_CRT_TS": "2015-05-21 16:15:40.639438",
            "AUDT_CRT_USER_ID": "112605A",
            "AUDT_CRT_PGM_ID": "IEQPCEQP",
            "AUDT_UPD_TS": "2020-10-14 03:46:27.305096",
            "AUDT_UPD_USER_ID": "PRODSSRS",
            "AUDT_UPD_PGM_ID": "IMDBAMSR",
            "PMD_INSP_DT": "NULL",
            "IBMSNAP_COMMITSEQ": "00d88f9ebe22cbfcc600000000000001",
            "IBMSNAP_INTENTSEQ": "00d88f9ebdf0c5843000000000000001",
            "IBMSNAP_LOGMARKER": "2020-09-22 12:41:22.941119",
            "IBMSNAP_OPERATION": "U"
          },
          "LogHeader": {
            "ERROR_TO_DE": "record.SystemEquipment.EQP_INIT is NULL and record.SystemEquipment.EQP_NUMB is NULL and record.IngestionHeader.ING_CRT_TS is NULL",
            "RAW_KAFKA_QUEUE_NAME": "tc_id_56.ihl_dev_rm.reg.transportation.system-equipment-extracted.raw.v1",
            "SPARK_JOB_NAME": "SystemEquipmentDomainFeed"
          }
        }
      ]
    }
  ]
}