{
  "Kafka_Output": [
    {
      "name": "tc_id_30.ihl_dev_rm.reg.tm.prepared.trspEvtRpt.v1",
      "data": [
        {
          "DomainEventHeader": {
            "SOR_INGT_CRT_TS": "2021-02-17T07:34:38.910-05:00",
            "SOR_TPIC_NM": "tc_id_30.ihl_dev_rm.reg.tm.raw.srs.yardEvent.v3",
            "DE_META": ""
          },
          "TransportationEventReported": {
            "Primary_Object_Key": "f3ca9b7aeda18fcf89204a85f80b12f34355b49c149929df3f3337b2971352db",
            "Domain_Event_Type_Key": "e3b61a2ebf5b23ed3fd8ff58d88a71874f646ec36a6e49d48b10b0c9e3100d05",
            "Transportation_Event_Key": "f3ca9b7aeda18fcf89204a85f80b12f34355b49c149929df3f3337b2971352db",
            "Transportation_Event_Type_Key": "4aeabe3bb7b0b420c0322a7ef86fcb86e4d10b398940ea207ae6042b19db3f5d",
            "Domain_Event_Key": "8214efe0c2c4dd06ccdbe918901c9c1b64f7c0e6ff78eb56f5fec7725faf77f9",
            "Transportation_Event_Value": "Planned Ramp",
            "Correlation_Id": "8034c15a711c11eba2230a0d13360000",
            "Client_Identification": "XT25319",
            "System_Key": "ea040811b4e08ab97f7af0971223713a9dc11d6b30bcc906cd8ec7c2b0b38817",
            "Proc_Ts": "2021-02-17 12:34:38.768748",
            "Proc_Ts_Tz_Dst_Cd": "100",
            "Event_Ts": "2021-02-17 12:34:00.000",
            "Event_Ts_Tz_Dst_Cd": "106"
          }
        }
      ]
    },
    {
      "name": "tc_id_30.ihl_dev_rm.reg.tm.prepared.trspEvtDsc.v1",
      "data": [
        {
          "DomainEventHeader": {
            "SOR_INGT_CRT_TS": "2021-02-17T07:34:38.910-05:00",
            "SOR_TPIC_NM": "tc_id_30.ihl_dev_rm.reg.tm.raw.srs.yardEvent.v3",
            "DE_META": ""
          },
          "TransportationEventDescribed": {
            "Primary_Object_Key": "f3ca9b7aeda18fcf89204a85f80b12f34355b49c149929df3f3337b2971352db",
            "Domain_Event_Type_Key": "e3b61a2ebf5b23ed3fd8ff58d88a71874f646ec36a6e49d48b10b0c9e3100d05",
            "Transportation_Event_Key": "f3ca9b7aeda18fcf89204a85f80b12f34355b49c149929df3f3337b2971352db",
            "TransportationEventCharacteristics": [
              {
                "Transportation_Event_Characteristic_Key": "be375a2b295e8ea9f2173de7c03898cb42560d2285076313c146a0c6220373ce",
                "Characteristic_Type_Key": "4ad95d606bc09078d5afe687ceeed40922882091d5217ca5ad6db6830ab0ffd5",
                "Characteristic_Value": "AS"
              },
              {
                "Transportation_Event_Characteristic_Key": "90fe5f1ebd9a8f3c9990e36de98d07c07764e9d3a20702f62ad5e432ac561c84",
                "Characteristic_Type_Key": "be13cce607c7f6625ee06a56c916957daa6823c9ca1481d7ddd36d224929c84b",
                "Characteristic_Value": "OR"
              },
              {
                "Transportation_Event_Characteristic_Key": "d3872beeeb3208b94238162b02dbad61bf5fe1327a243328582e0c9c7a789d7e",
                "Characteristic_Type_Key": "ab003fb8d838bb009a23e10b96fdea5b5dbaa691dd6a658146851df3f7801130",
                "Characteristic_Value": "2021-02-17"
              },
              {
                "Transportation_Event_Characteristic_Key": "c1842cb7368931ae0f8d310bce5fdba2e9b0fdd4c922e4b2caf96e489fb67d23",
                "Characteristic_Type_Key": "f5b3a3d43967a9d40508621b349f54966f1babc8d8c6233efbcff57e41aed3fe",
                "Characteristic_Value": "07.34.00"
              },
              {
                "Transportation_Event_Characteristic_Key": "7b4c63d2f40e9318cd96f389e2df252a7500ca9b978aaa59f90db6bf510d0ca6",
                "Characteristic_Type_Key": "caad4c2079cc718e24db398aa4eb16a12260d49ca0963943b7bedd510c44869a",
                "Characteristic_Value": "N"
              }
            ],
            "Domain_Event_Key": "8214efe0c2c4dd06ccdbe918901c9c1b64f7c0e6ff78eb56f5fec7725faf77f9",
            "Correlation_Id": "8034c15a711c11eba2230a0d13360000",
            "Client_Identification": "XT25319",
            "System_Key": "ea040811b4e08ab97f7af0971223713a9dc11d6b30bcc906cd8ec7c2b0b38817",
            "Proc_Ts": "2021-02-17 12:34:38.768748",
            "Proc_Ts_Tz_Dst_Cd": "100",
            "Event_Ts": "2021-02-17 12:34:00.000",
            "Event_Ts_Tz_Dst_Cd": "106"
          }
        }
      ]
    },
    {
      "name": "tc_id_30.ihl_dev_rm.reg.tm.prepared.trspEvtAsct.v1",
      "data": [
        {
          "DomainEventHeader": {
            "SOR_INGT_CRT_TS": "2021-02-17T07:34:38.910-05:00",
            "SOR_TPIC_NM": "tc_id_30.ihl_dev_rm.reg.tm.raw.srs.yardEvent.v3",
            "DE_META": ""
          },
          "TransportationEventAssociated": {
            "Primary_Object_Key": "f3ca9b7aeda18fcf89204a85f80b12f34355b49c149929df3f3337b2971352db",
            "Domain_Event_Type_Key": "8eb3e769649d98d5e896398ded3b7bdb63bdaf6d53f440f4b9a8da51e8f74f40",
            "Association_Key": "b64aa9889e422e00e6e0a3da13bd69fe95340f1392228c3b63e0bad3a1f0a89e",
            "Association_Type_Key": "f14875e5d958c5950898070f62877f507b4fd345db9db5a46f0b5506943a62da",
            "Transportation_Event_Key": "f3ca9b7aeda18fcf89204a85f80b12f34355b49c149929df3f3337b2971352db",
            "Transportation_Event_Type_Key": "4aeabe3bb7b0b420c0322a7ef86fcb86e4d10b398940ea207ae6042b19db3f5d",
            "Associated_Object_Key": "70e4c8813b4d46608eb3c61f4c589a41fcf589b77d4366ffd063539e8b2e533c",
            "Associated_Object_Type_Key": "e358ab494eaca0075756bf892ddf66e2fb1c0f978be925fbf7dba419580dd547",
            "Domain_Event_Key": "064fc7d40cc20803806fafcdc0e671e03a548b02a7eb272336c164d3bf21d780",
            "Correlation_Id": "8034c15a711c11eba2230a0d13360000",
            "Client_Identification": "XT25319",
            "System_Key": "ea040811b4e08ab97f7af0971223713a9dc11d6b30bcc906cd8ec7c2b0b38817",
            "Proc_Ts": "2021-02-17 12:34:38.768748",
            "Proc_Ts_Tz_Dst_Cd": "100",
            "Event_Ts": "2021-02-17 12:34:00.000",
            "Event_Ts_Tz_Dst_Cd": "106"
          }
        },
        {
          "DomainEventHeader": {
            "SOR_INGT_CRT_TS": "2021-02-17T07:34:38.910-05:00",
            "SOR_TPIC_NM": "tc_id_30.ihl_dev_rm.reg.tm.raw.srs.yardEvent.v3",
            "DE_META": ""
          },
          "TransportationEventAssociated": {
            "Primary_Object_Key": "f3ca9b7aeda18fcf89204a85f80b12f34355b49c149929df3f3337b2971352db",
            "Domain_Event_Type_Key": "8eb3e769649d98d5e896398ded3b7bdb63bdaf6d53f440f4b9a8da51e8f74f40",
            "Association_Key": "aa317f874c3294c22237f0e5628bda84755b5aac1b85a8d66295c6262ac7e89c",
            "Association_Type_Key": "f14875e5d958c5950898070f62877f507b4fd345db9db5a46f0b5506943a62da",
            "Transportation_Event_Key": "f3ca9b7aeda18fcf89204a85f80b12f34355b49c149929df3f3337b2971352db",
            "Transportation_Event_Type_Key": "4aeabe3bb7b0b420c0322a7ef86fcb86e4d10b398940ea207ae6042b19db3f5d",
            "Associated_Object_Key": "70e4c8813b4d46608eb3c61f4c589a41fcf589b77d4366ffd063539e8b2e533c",
            "Associated_Object_Type_Key": "e358ab494eaca0075756bf892ddf66e2fb1c0f978be925fbf7dba419580dd547",
            "Domain_Event_Key": "392fdd93ec415f26bede46e15581b2d50d3cbc23fc521e257581745b3ef4f34e",
            "Correlation_Id": "8034c15a711c11eba2230a0d13360000",
            "Client_Identification": "XT25319",
            "System_Key": "ea040811b4e08ab97f7af0971223713a9dc11d6b30bcc906cd8ec7c2b0b38817",
            "Proc_Ts": "2021-02-17 12:34:38.768748",
            "Proc_Ts_Tz_Dst_Cd": "100",
            "Event_Ts": "2021-02-17 12:34:00.000",
            "Event_Ts_Tz_Dst_Cd": "106"
          }
        }
      ]
    },
    {
      "name": "tc_id_30.ihl_dev_rm.reg.tm.prepared.trspEvtAsctDsc.v1",
      "data": [
        {
          "DomainEventHeader": {
            "SOR_INGT_CRT_TS": "2021-02-17T07:34:38.910-05:00",
            "SOR_TPIC_NM": "tc_id_30.ihl_dev_rm.reg.tm.raw.srs.yardEvent.v3",
            "DE_META": ""
          },
          "TransportationEventAssociationDescribed": {
            "Primary_Object_Key": "f3ca9b7aeda18fcf89204a85f80b12f34355b49c149929df3f3337b2971352db",
            "Domain_Event_Type_Key": "e3b61a2ebf5b23ed3fd8ff58d88a71874f646ec36a6e49d48b10b0c9e3100d05",
            "Association_Key": "b64aa9889e422e00e6e0a3da13bd69fe95340f1392228c3b63e0bad3a1f0a89e",
            "AssociationCharacteristics": [
              {
                "Association_Characteristic_Key": "a103bb021bee19017e7f869b4da5cb4641f89985fb80bd56394d413e6b5007fa",
                "Characteristic_Type_Key": "79c4adcdef310fd2a104490f11dab857992fb6844f254351300f0750e2ac3fc7",
                "Characteristic_Value": "To"
              },
              {
                "Association_Characteristic_Key": "9f9f0b5eb00ef6ba544a2a10d2ac311713a366ffe3041b831523e5752102aa3c",
                "Characteristic_Type_Key": "a913300d0dbf79495451d2ea4ff71021738459abdb31da87723e56ee9359b63a",
                "Characteristic_Value": ""
              },
              {
                "Association_Characteristic_Key": "9086a700bfefa98d796df16e3f7dac5d7069d117329f2df37ad032fa8c4a0782",
                "Characteristic_Type_Key": "f1784606838b81580093cb6f4b1969dc9b0a72cbcc5764391eada3b939f47ce9",
                "Characteristic_Value": ""
              },
              {
                "Association_Characteristic_Key": "10a9904b8556dac2b12489280d02fde8dcddf5f5bfb4c5d4bdd66598f7049662",
                "Characteristic_Type_Key": "abd2b88bad43197bc61e99fdb72275fe0d0177e817dd46c899539ea832125e62",
                "Characteristic_Value": ""
              },
              {
                "Association_Characteristic_Key": "63abe42b6ccf554bed2b88e305339919e1bd6454b1efa843d36ddace755a02fc",
                "Characteristic_Type_Key": "cc4c37919716aee0b1985bb479b013c6da9b96e6bdbe8d4b2095a887cdde4401",
                "Characteristic_Value": ""
              },
              {
                "Association_Characteristic_Key": "a54f0270d47b5f46e66b2bebc55f058cf0843d23f6361b73e466da9ec82a567b",
                "Characteristic_Type_Key": "22fba95bb00160a504606f34b153dbd889ed746cc7d7f794472aa48b7bdbb41a",
                "Characteristic_Value": "HN01"
              },
              {
                "Association_Characteristic_Key": "b0a4d9f7660a1c3247787eab4a65607481bfb8e057fbf8f65fbdf8bcf8db5c60",
                "Characteristic_Type_Key": "a8ec4da50664ba5bff85ec9604f23efa6ef71e711d64527dc95da9d091118259",
                "Characteristic_Value": ""
              },
              {
                "Association_Characteristic_Key": "2b6c916795fb176a5e527e662dd2a58b9034b8f4dbd571726bcd3357e50e96d6",
                "Characteristic_Type_Key": "2b77baf8b844500829fffd11357d1e243ee020adec77ea2cdc4b2934d8577d2a",
                "Characteristic_Value": "CN"
              },
              {
                "Association_Characteristic_Key": "090b984c005ce6baa99f070d64bcde379aa5937a3356feb2fa976caacf7efc07",
                "Characteristic_Type_Key": "61d9f08af8e5f9cc63abd8d3d1b42f2e3d4933e41449815f3574673e10cfe1fa",
                "Characteristic_Value": "28770"
              }
            ],
            "Domain_Event_Key": "6c9aa7a2d58ec75d32b805fadf10a29bbb96f4330b30adac090c5f43dc59fbeb",
            "Correlation_Id": "8034c15a711c11eba2230a0d13360000",
            "Client_Identification": "XT25319",
            "System_Key": "ea040811b4e08ab97f7af0971223713a9dc11d6b30bcc906cd8ec7c2b0b38817",
            "Proc_Ts": "2021-02-17 12:34:38.768748",
            "Proc_Ts_Tz_Dst_Cd": "100",
            "Event_Ts": "2021-02-17 12:34:00.000",
            "Event_Ts_Tz_Dst_Cd": "106"
          }
        },
        {
          "DomainEventHeader": {
            "SOR_INGT_CRT_TS": "2021-02-17T07:34:38.910-05:00",
            "SOR_TPIC_NM": "tc_id_30.ihl_dev_rm.reg.tm.raw.srs.yardEvent.v3",
            "DE_META": ""
          },
          "TransportationEventAssociationDescribed": {
            "Primary_Object_Key": "f3ca9b7aeda18fcf89204a85f80b12f34355b49c149929df3f3337b2971352db",
            "Domain_Event_Type_Key": "e3b61a2ebf5b23ed3fd8ff58d88a71874f646ec36a6e49d48b10b0c9e3100d05",
            "Association_Key": "aa317f874c3294c22237f0e5628bda84755b5aac1b85a8d66295c6262ac7e89c",
            "AssociationCharacteristics": [
              {
                "Association_Characteristic_Key": "c58c783beb3911a45a944eefb991715f2f898701fc0a2b6f79cfe3c656b95995",
                "Characteristic_Type_Key": "79c4adcdef310fd2a104490f11dab857992fb6844f254351300f0750e2ac3fc7",
                "Characteristic_Value": "From"
              },
              {
                "Association_Characteristic_Key": "240e2bdd159c824186e82cce5af1770d22e4c99e783c9114b67db08f62cee266",
                "Characteristic_Type_Key": "a913300d0dbf79495451d2ea4ff71021738459abdb31da87723e56ee9359b63a",
                "Characteristic_Value": ""
              },
              {
                "Association_Characteristic_Key": "a9b52ccd13824c297d20011bd5ed8ad36b02e9ffe97ae8eedb5a24b1cf372ace",
                "Characteristic_Type_Key": "f1784606838b81580093cb6f4b1969dc9b0a72cbcc5764391eada3b939f47ce9",
                "Characteristic_Value": ""
              },
              {
                "Association_Characteristic_Key": "aefb65a3ef5d489d1935fec38706455dde54532239d1ed31cec85323253568df",
                "Characteristic_Type_Key": "abd2b88bad43197bc61e99fdb72275fe0d0177e817dd46c899539ea832125e62",
                "Characteristic_Value": ""
              },
              {
                "Association_Characteristic_Key": "84cb4e7551dbb7fd38cb39ea385cce5bfee54eb9d43896499646888010911f56",
                "Characteristic_Type_Key": "cc4c37919716aee0b1985bb479b013c6da9b96e6bdbe8d4b2095a887cdde4401",
                "Characteristic_Value": ""
              },
              {
                "Association_Characteristic_Key": "c15ee70c1c35cf5cdc57768b02a1c92b5cf4b6e774bff155999e1ae182fc14c4",
                "Characteristic_Type_Key": "22fba95bb00160a504606f34b153dbd889ed746cc7d7f794472aa48b7bdbb41a",
                "Characteristic_Value": ""
              },
              {
                "Association_Characteristic_Key": "8a6d515276a0b634647b124d3bbf4f86b76c5d830694f4457cf346a6a58fb6eb",
                "Characteristic_Type_Key": "a8ec4da50664ba5bff85ec9604f23efa6ef71e711d64527dc95da9d091118259",
                "Characteristic_Value": ""
              },
              {
                "Association_Characteristic_Key": "be0e1cc13ebdd66f3fb4923b28f40337c10f26f0be0b41e531593cfc27c90b6b",
                "Characteristic_Type_Key": "2b77baf8b844500829fffd11357d1e243ee020adec77ea2cdc4b2934d8577d2a",
                "Characteristic_Value": "CN"
              },
              {
                "Association_Characteristic_Key": "2e1bf701a8b41784af88321c834bb49a64ab7aeaf91a6eeb48f335076f1b3c6f",
                "Characteristic_Type_Key": "61d9f08af8e5f9cc63abd8d3d1b42f2e3d4933e41449815f3574673e10cfe1fa",
                "Characteristic_Value": "28770"
              }
            ],
            "Domain_Event_Key": "6c9aa7a2d58ec75d32b805fadf10a29bbb96f4330b30adac090c5f43dc59fbeb",
            "Correlation_Id": "8034c15a711c11eba2230a0d13360000",
            "Client_Identification": "XT25319",
            "System_Key": "ea040811b4e08ab97f7af0971223713a9dc11d6b30bcc906cd8ec7c2b0b38817",
            "Proc_Ts": "2021-02-17 12:34:38.768748",
            "Proc_Ts_Tz_Dst_Cd": "100",
            "Event_Ts": "2021-02-17 12:34:00.000",
            "Event_Ts_Tz_Dst_Cd": "106"
          }
        }
      ]
    },
    {
      "name": "tc_id_30.ihl_dev_rm.reg.tm.prepared.cnvyDsc.v1",
      "data": [
        {
          "DomainEventHeader": {
            "SOR_INGT_CRT_TS": "2021-02-17T07:34:38.910-05:00",
            "SOR_TPIC_NM": "tc_id_30.ihl_dev_rm.reg.tm.raw.srs.yardEvent.v3",
            "DE_META": ""
          },
          "ConveyorDescribed": {
            "Domain_Event_Type_Key": "e3b61a2ebf5b23ed3fd8ff58d88a71874f646ec36a6e49d48b10b0c9e3100d05",
            "Conveyor_Key": "f3ca9b7aeda18fcf89204a85f80b12f34355b49c149929df3f3337b2971352db",
            "ConveyorCharacteristics": [
              {
                "Conveyor_Characteristic_Key": "de65276d18d9096f5d88e6ad6d89bbdc3e0b5fe60560d00a57ba8beb65a2a51a",
                "Characteristic_Type_Key": "109bf075b3c8df3bb31aeeab84bd20f95cfd27d177fdebab4581732024e93b54",
                "Characteristic_Value": "I"
              }
            ],
            "Domain_Event_Key": "8214efe0c2c4dd06ccdbe918901c9c1b64f7c0e6ff78eb56f5fec7725faf77f9",
            "Correlation_Id": "8034c15a711c11eba2230a0d13360000",
            "Client_Identification": "XT25319",
            "System_Key": "ea040811b4e08ab97f7af0971223713a9dc11d6b30bcc906cd8ec7c2b0b38817",
            "Proc_Ts": "2021-02-17 12:34:38.768748",
            "Proc_Ts_Tz_Dst_Cd": "100",
            "Event_Ts": "2021-02-17 12:34:00.000",
            "Event_Ts_Tz_Dst_Cd": "106"
          }
        }
      ]
    },
    {
      "name": "tc_id_30.ihl_dev_rm.reg.tm.prepared.rteErr.v1",
      "data": [
        {
          "IngestionHeader": {
            "ING_CRT_TS": "2021-02-17T07:34:38.910-05:00",
            "PRODUCT_ID": "A195 SRS-IM",
            "UUID": null,
            "FORMAT": "JSON"
          },
          "WMBYARDEVENTV10": {
            "MSG_HEADER": {
              "HDR_MSG_TYPE": "SB-YardEvent",
              "HDR_MSG_SUBTYPE": "Planned Ramp",
              "HDR_ACTION_CD": "A",
              "HDR_SRCE_APPL": "SRS-IM",
              "HDR_ORIG_APPL": "SRS-IM",
              "HDR_TRGT_APPL": "",
              "HDR_MSG_VRSN": "1.0",
              "HDR_MSG_TS": "2021-02-17-12.34.38.768748"
            },
            "EQP_INFO": {
              "EQP_INIT": "TGHU",
              "EQP_NBR": "    700157",
              "EQP_CAR_KIND": "KC4",
              "EQP_OWNER_CD": "MS",
              "EQP_OWNER_TYPE": "I",
              "EQP_CN_EQP_IND": "N",
              "EQP_CYCL_ID": "0741-02-17-07.34.38.392021",
              "PLAN_CD": "85",
              "EVT_CD": "AS",
              "EVT_STUS_CD": "OR",
              "LOAD_EMPTY_CD": "L",
              "CURR_TRML_SCAC": "CN",
              "CURR_TRML_FSAC": "28770",
              "CURR_TRML_333": "HUNTINGDO",
              "CURR_TRML_PRST_CD": "PQ",
              "CURR_TRML_TZ": "ET",
              "EVT_DT": "2021-02-17",
              "EVT_TM": "07.34.00",
              "EVT_DST_FLAG": "N",
              "ORDER_CONF_NBR": "",
              "CNT_OBJ_ID": "610072261",
              "LIFT_SECTION_COUNT": {
                "LIFT_SECTION_COUNT_NUM": 2
              }
            },
            "LIFT_LIST": {
              "LIFT": [
                {
                  "LIFT_CD": "From",
                  "MOVEMENT": {
                    "GRND_OR_LOAD_CD": "G",
                    "CAR_PLFM_CD": "",
                    "CAR_PLFM_POS_CD": "",
                    "CAR_PLFM_POS_SUB_CD": "",
                    "CAR_SEQ_NBR": ""
                  },
                  "AREAC": {
                    "PARK_OR_TRK_CD": "",
                    "LOT": "",
                    "ROW": "",
                    "SPOT": "",
                    "TRK_NBR": "",
                    "TRK_AREA": ""
                  },
                  "CAR_EQUIPMENT": {
                    "CAR_EQP_INIT": "",
                    "CAR_EQP_NBR": ""
                  },
                  "CHASSIS_EQUIPMENT": {
                    "CHAS_EQP_INIT": "",
                    "CHAS_EQP_NBR": "",
                    "CHAS_CAR_KIND": "",
                    "CHAS_CN_EQP_IND": ""
                  },
                  "CHAS_CYCL_ID": ""
                },
                {
                  "LIFT_CD": "To",
                  "MOVEMENT": {
                    "GRND_OR_LOAD_CD": "L",
                    "CAR_PLFM_CD": "",
                    "CAR_PLFM_POS_CD": "B",
                    "CAR_PLFM_POS_SUB_CD": "1",
                    "CAR_SEQ_NBR": "1"
                  },
                  "AREAC": {
                    "PARK_OR_TRK_CD": "",
                    "LOT": "",
                    "ROW": "",
                    "SPOT": "",
                    "TRK_NBR": "HN01",
                    "TRK_AREA": ""
                  },
                  "CAR_EQUIPMENT": {
                    "CAR_EQP_INIT": "DTTX",
                    "CAR_EQP_NBR": "    646545"
                  },
                  "CHASSIS_EQUIPMENT": {
                    "CHAS_EQP_INIT": "",
                    "CHAS_EQP_NBR": "",
                    "CHAS_CAR_KIND": "",
                    "CHAS_CN_EQP_IND": ""
                  },
                  "CHAS_CYCL_ID": ""
                }
              ]
            },
            "MSG_FOOTER": {
              "FTR_AUDT_TYPE_CD": "Update",
              "FTR_AUDT_USER_ID": "XT25319",
              "FTR_AUDT_APPL_ID": "SRS-IM",
              "FTR_AUDT_PGM_ID": "ASGNXADD",
              "FTR_AUDT_TS": "2021-02-17-12.34.38.768748"
            }
          },
          "LogHeader": {
            "ERROR_TO_DE": "UUID is NULL",
            "RAW_KAFKA_QUEUE_NAME": "tc_id_30.ihl_dev_rm.reg.tm.raw.srs.yardEvent.v3",
            "SPARK_JOB_NAME": "TerminalEventDomainFeed"
          }
        }
      ]
    }
  ]
}