{
  "Kafka_Output": [
    {
      "name": "tc_id_31.ihl_dev_rm.reg.tm.prepared.planEvtRpt.v1",
      "data": [
        {
          "DomainEventHeader": {
            "SOR_INGT_CRT_TS": "2020-05-14T07:13:29.334-04:00",
            "SOR_TPIC_NM": "tc_id_31.ihl_dev_rm.reg.tm.raw.srs.trnConsist.v2",
            "DE_META": ""
          },
          "PlannedEventReported": {
            "Primary_Object_Key": "a3f64f31b01f2d55fd995e16e050381f5826eb39c2da7a2a6d0ffb8f7bac1f9e",
            "Domain_Event_Type_Key": "e3b61a2ebf5b23ed3fd8ff58d88a71874f646ec36a6e49d48b10b0c9e3100d05",
            "Planned_Event_Key": "a3f64f31b01f2d55fd995e16e050381f5826eb39c2da7a2a6d0ffb8f7bac1f9e",
            "Planned_Event_Type_Key": "533ee1768e00975f1aa57f8ae1f88de53018f3adc22d8c0d6c85e7cc73aa3a3f",
            "Planned_Event_Value": "Train Consist",
            "Domain_Event_Key": "54a106f71dc3c6c73c27e846f1a49bd01fc1a662048b5308e7ff73b4123ffe76",
            "Correlation_Id": "51c707de950811ea8c140a0d13360001",
            "Client_Identification": "SRS-YIT",
            "System_Key": "caf48af09f8e479707513247ae96fd6c8f0fd7649b682952115359e1a4ebab2d",
            "Proc_Ts": "2020-05-13 10:25:55.000",
            "Proc_Ts_Tz_Dst_Cd": "105",
            "Event_Ts": "2020-05-13 10:25:55.000",
            "Event_Ts_Tz_Dst_Cd": "102"
          }
        },
        {
          "DomainEventHeader": {
            "SOR_INGT_CRT_TS": "2020-05-13T07:13:29.334-04:00",
            "SOR_TPIC_NM": "tc_id_31.ihl_dev_rm.reg.tm.raw.srs.trnConsist.v2",
            "DE_META": ""
          },
          "PlannedEventReported": {
            "Primary_Object_Key": "a3f64f31b01f2d55fd995e16e050381f5826eb39c2da7a2a6d0ffb8f7bac1f9e",
            "Domain_Event_Type_Key": "e3b61a2ebf5b23ed3fd8ff58d88a71874f646ec36a6e49d48b10b0c9e3100d05",
            "Planned_Event_Key": "a3f64f31b01f2d55fd995e16e050381f5826eb39c2da7a2a6d0ffb8f7bac1f9e",
            "Planned_Event_Type_Key": "533ee1768e00975f1aa57f8ae1f88de53018f3adc22d8c0d6c85e7cc73aa3a3f",
            "Planned_Event_Value": "Train Consist",
            "Domain_Event_Key": "54a106f71dc3c6c73c27e846f1a49bd01fc1a662048b5308e7ff73b4123ffe76",
            "Correlation_Id": "50c707de950811ea8c140a0d13360001",
            "Client_Identification": "SRS-YIT",
            "System_Key": "caf48af09f8e479707513247ae96fd6c8f0fd7649b682952115359e1a4ebab2d",
            "Proc_Ts": "2020-05-13 10:25:55.000",
            "Proc_Ts_Tz_Dst_Cd": "105",
            "Event_Ts": "2020-05-13 10:25:55.000",
            "Event_Ts_Tz_Dst_Cd": "102"
          }
        }
      ]
    },
    {
      "name": "tc_id_31.ihl_dev_rm.reg.tm.prepared.planEvtRmv.v1",
      "data": [
        {
          "DomainEventHeader": {
            "SOR_INGT_CRT_TS": "2020-07-09T11:08:13.368-04:00",
            "SOR_TPIC_NM": "tc_id_31.ihl_dev_rm.reg.tm.raw.srs.trnConsist.v2",
            "DE_META": ""
          },
          "PlannedEventRemoved": {
            "Primary_Object_Key": "eade820dd0b431678fea625ecff01c80dd1e22f96ffe37bf6136645b5d42da08",
            "Domain_Event_Type_Key": "a16c5ba057628866b318f709f5496a7b5e7cc21c1c098ca136e257faab49e0d8",
            "Planned_Event_Key": "eade820dd0b431678fea625ecff01c80dd1e22f96ffe37bf6136645b5d42da08",
            "Planned_Event_Type_Key": "533ee1768e00975f1aa57f8ae1f88de53018f3adc22d8c0d6c85e7cc73aa3a3f",
            "Planned_Event_Value": "Train Consist",
            "Domain_Event_Key": "3bd13e3316b5ef71241af37e2aac68346fb685e3c8cf27684f45f1932a4e300b",
            "Correlation_Id": "0257fc82c1f611ea87250a0d13360000",
            "Client_Identification": "SRS-YIT",
            "System_Key": "caf48af09f8e479707513247ae96fd6c8f0fd7649b682952115359e1a4ebab2d",
            "Proc_Ts": "2020-07-09 15:08:13.000",
            "Proc_Ts_Tz_Dst_Cd": "105",
            "Event_Ts": "2020-07-09 15:08:13.000",
            "Event_Ts_Tz_Dst_Cd": "105"
          }
        }
      ]
    },
    {
      "name": "tc_id_31.ihl_dev_rm.reg.tm.prepared.planEvtDsc.v1",
      "data": [
        {
          "DomainEventHeader": {
            "SOR_INGT_CRT_TS": "2020-05-13T07:13:29.334-04:00",
            "SOR_TPIC_NM": "tc_id_31.ihl_dev_rm.reg.tm.raw.srs.trnConsist.v2",
            "DE_META": ""
          },
          "PlannedEventDescribed": {
            "Primary_Object_Key": "a3f64f31b01f2d55fd995e16e050381f5826eb39c2da7a2a6d0ffb8f7bac1f9e",
            "Domain_Event_Type_Key": "e3b61a2ebf5b23ed3fd8ff58d88a71874f646ec36a6e49d48b10b0c9e3100d05",
            "Planned_Event_Key": "a3f64f31b01f2d55fd995e16e050381f5826eb39c2da7a2a6d0ffb8f7bac1f9e",
            "PlannedEventCharacteristics": [
              {
                "Planned_Event_Characteristic_Key": "5bf2078a720b9baa26433faec37f27573e2196fb671937dad4c2647a06896519",
                "Characteristic_Type_Key": "e132cbd462163886412bd30aedc2e5d755deb097fc8fa192d5c9d458829688e2",
                "Characteristic_Value": "66"
              },
              {
                "Planned_Event_Characteristic_Key": "567f304e3b02aa5e452b2e36575a703857a1e96395aa753d74dbbf441384d403",
                "Characteristic_Type_Key": "d93535156c0b78ff02141c91fb26849a6963bb45758b233437ea86f3be30398f",
                "Characteristic_Value": "33"
              },
              {
                "Planned_Event_Characteristic_Key": "a7431c7b7c86d33689f720d20530aa3a420e2e6c98664c4cb9a3ca8230cde22e",
                "Characteristic_Type_Key": "41ddd7402a2472cad0b6934384b861f43129a26a4e7cfa63e99fb300beb4f7ed",
                "Characteristic_Value": "2641"
              },
              {
                "Planned_Event_Characteristic_Key": "98d6a405d4aaf7208a470e7c7a34adc12b90320670545cbeb4692be64433cb32",
                "Characteristic_Type_Key": "bad2b2df015349d823072064d2869157337a7b3222ccf19546d2adaebf0a1b0a",
                "Characteristic_Value": "S"
              },
              {
                "Planned_Event_Characteristic_Key": "5e134b9b862fa9c227c30657b8c73854268d91f4a7a53e4719bc587799b047ac",
                "Characteristic_Type_Key": "182bc50ebffede7cbc8df4849d9a17277b2026bbdea95bb2ef62bc5fd43dc4af",
                "Characteristic_Value": "5932"
              },
              {
                "Planned_Event_Characteristic_Key": "f0b6032025dda123db8ace4eaab5d127d100e003e658cc961c98ceadc3549afd",
                "Characteristic_Type_Key": "c6859585ea1959dbf9adb554b1062bc4e909eeed52b20c18b545d653f6e2e069",
                "Characteristic_Value": "F"
              },
              {
                "Planned_Event_Characteristic_Key": "587b768149f163df67f1ab65455c31764903b96c5a4c25c44298bdcfc7780f7e",
                "Characteristic_Type_Key": "390482c2fbb8f9dd6dd49a957cd3a25f6c49aaf414984c19234a2b943ac90aef",
                "Characteristic_Value": "0"
              },
              {
                "Planned_Event_Characteristic_Key": "b12099454fbe262fb24b59ad375070435d8a6e200a79e87b9217097edb1e46b1",
                "Characteristic_Type_Key": "2e00f00c58f672b78f74e65b79614235e0a217bbef364fbc728d09a8a9b54ed1",
                "Characteristic_Value": "S"
              },
              {
                "Planned_Event_Characteristic_Key": "a3f84ee5e6cbfbef9259f460c50bfd529e6a222c9abf87fc4bf6909a2510318e",
                "Characteristic_Type_Key": "2d391aceb762217ae2a8d75fde1a70979acba26c15f4f1d749d36125cd1b162c",
                "Characteristic_Value": "0"
              },
              {
                "Planned_Event_Characteristic_Key": "8ca3ae30e903c4207aa473670a72c1a1b3f3e7cc8eac3aec65f291cd917bd583",
                "Characteristic_Type_Key": "3b4223c02e1b029f187309c40e5024d91ea4025c1509d36604df8e8579468aaa",
                "Characteristic_Value": "F"
              },
              {
                "Planned_Event_Characteristic_Key": "400ae50fb4707f49e29abb8ef34c2835a7547a2fba0f7659a26fa7efccd8d074",
                "Characteristic_Type_Key": "9c0c00f6b30a3448e9b5292066bb75c2fe52fcea32bcf9c5473760c0076f86ef",
                "Characteristic_Value": "000.00"
              },
              {
                "Planned_Event_Characteristic_Key": "42246a34daafd827f55ba8a4296db5c9907163df2b9bd4679c3284470efc53de",
                "Characteristic_Type_Key": "204a12c85744c0b771c5eb3af9779ac9c8a15fd9d741310ba3a75ab26514fcac",
                "Characteristic_Value": "0"
              },
              {
                "Planned_Event_Characteristic_Key": "acecdcaea0abb76d57fe7966bdd83f436bb64ee566633f50e62ad75c58b28571",
                "Characteristic_Type_Key": "4787488a7ec010cbc36d8b35391dfdac4b7bb418bcfe3c948abfcf68fc20f2f5",
                "Characteristic_Value": "4"
              },
              {
                "Planned_Event_Characteristic_Key": "017079e64af9135f5b686643df5dc4249d78f155282b4c5617a64b76ff841949",
                "Characteristic_Type_Key": "2e3d1d5f788162a0ab4b985278dc943a1e4d87d8cc4008899ded121e8d14d42e",
                "Characteristic_Value": "0"
              },
              {
                "Planned_Event_Characteristic_Key": "d3e3aa4cb4ded91ff1dbf4202dd07323ec63e756ebf1a880886bf8a4d1fa6a8f",
                "Characteristic_Type_Key": "56cc92767a892912198c437b13804da91cdae5a925885d442a8610fa94904d12",
                "Characteristic_Value": "0"
              },
              {
                "Planned_Event_Characteristic_Key": "0bb7ace55f627308e1907a058f020f322c4bdcc19afc1e597d8978adefcf0da8",
                "Characteristic_Type_Key": "16c34f36b83c47e46291adaf576e7874bbcf940ee5b46a41d3de5c1bad3a9460",
                "Characteristic_Value": "0"
              },
              {
                "Planned_Event_Characteristic_Key": "3a16d54f3e9b0a2ad9aec6448d766bebd922175cf3f6568f023c31876f9ea3c1",
                "Characteristic_Type_Key": "0f34a175e4c1b6fe3b753990d524a17a664da38e2ae8008917f9d36fce0a8f23",
                "Characteristic_Value": "0"
              },
              {
                "Planned_Event_Characteristic_Key": "34bb76d50e6f2f0b8b1c132e7936c487396e0c42b483b9c35505a641e4ac266e",
                "Characteristic_Type_Key": "67426f9b79ccfe88c7997bee14f30f86f3b4cdbcb86bb92259ad8fe9421ee01b",
                "Characteristic_Value": "284"
              },
              {
                "Planned_Event_Characteristic_Key": "1fed284482e5a864f4de9e71a3933208540529b7a8de019a3790f59b350b79d6",
                "Characteristic_Type_Key": "367c0fb28d66baed71850b14e0580095547d45ebe4b01b0296b4ff1dd07d1e1f",
                "Characteristic_Value": "0"
              },
              {
                "Planned_Event_Characteristic_Key": "ffcb8f2a483fa0a26dc21c3bf5feef520ae66f68f32d6c77448419290f51ea92",
                "Characteristic_Type_Key": "23488a909995162e279a71f2d3db6bb9c7f4ec18cff29db15f6a905212f62bf5",
                "Characteristic_Value": "026.68"
              },
              {
                "Planned_Event_Characteristic_Key": "b6e99ebadd9db5a89f22bb1b3dc4808f2d320b9d080c2c0e1751af50584c67cf",
                "Characteristic_Type_Key": "efb4bc2b1012c763d9280bc998bed9386cb331b2a2be40a7eb73c67e5f6314a4",
                "Characteristic_Value": "000.00"
              },
              {
                "Planned_Event_Characteristic_Key": "d48c7f354ff7baf3cbca75908a52b487854d9ad4895cc5103badcd46306e6249",
                "Characteristic_Type_Key": "3876a68b5be0f2d1fa529f278d4f5443d5d73e432f7600a953798b392a6dcaf6",
                "Characteristic_Value": "0"
              },
              {
                "Planned_Event_Characteristic_Key": "7598d0bbd91560dc65259043b6c70366345a9783e3af10fbb012b208b6905f14",
                "Characteristic_Type_Key": "a5c72173eee7783fd5dcc7b9335e2490a2fd4aa092115a9e4d96cdd62b7982da",
                "Characteristic_Value": "0"
              },
              {
                "Planned_Event_Characteristic_Key": "b8d53d4e607a4b83f4e1930c818bf1dc1f7129fd8b62c3bdd700c0a4dc9c9a4e",
                "Characteristic_Type_Key": "fbd84ea4d4c6e4671b99a4191677b53cc1fb789842b5879ac3fb6de0df696988",
                "Characteristic_Value": "0.00"
              },
              {
                "Planned_Event_Characteristic_Key": "7963859bc49dbbe778db90a6ad80721856b5334e6d5ac3f21df11da1a58da9da",
                "Characteristic_Type_Key": "88b31f7479f5452bdc55938b6afa0bb33519801668d44ad63ede9fbc2990987f",
                "Characteristic_Value": "N"
              },
              {
                "Planned_Event_Characteristic_Key": "16303a08739a700cb09a415ff218d28a855f50a33cbe2746bac91aa8b02a91b3",
                "Characteristic_Type_Key": "9ed03ae0bbab0ff9fe8bed9bc38bf93475a14e42a173b3aa2188a5579c08111b",
                "Characteristic_Value": "RX"
              },
              {
                "Planned_Event_Characteristic_Key": "4574cbd9e7c148d4ec67ecd370c5005086a31a1b1d4739f061615993247e9647",
                "Characteristic_Type_Key": "ea6d6264f9aae1e6fac3f741c5a3eddd9d777df639828149c562ef8d451b142f",
                "Characteristic_Value": ""
              },
              {
                "Planned_Event_Characteristic_Key": "c0df7ca5ad6e9f2eae6bc86194840cd220549baba7085f78b6b04d1e1759340f",
                "Characteristic_Type_Key": "82c43a2db8a57033d09d05b74a4ed82db9c25728d8d99b7e60dd2ed2723bd72c",
                "Characteristic_Value": "00.00.00"
              },
              {
                "Planned_Event_Characteristic_Key": "b2d19c29bb0573dc176f01254afc34c5b976177f2658911123963a5d2952e6aa",
                "Characteristic_Type_Key": "9a5cd524cd89d84dc4ee9738871d6176cad76899aa60e72a5dfdcde8e07be590",
                "Characteristic_Value": "N"
              },
              {
                "Planned_Event_Characteristic_Key": "b20c46a8fa73de44892f32ee3997f80ee381195ccf8793a1af8bf1dcd5166216",
                "Characteristic_Type_Key": "2b77baf8b844500829fffd11357d1e243ee020adec77ea2cdc4b2934d8577d2a",
                "Characteristic_Value": "CN"
              },
              {
                "Planned_Event_Characteristic_Key": "dc53a75cb1055057e53bff422e2e068dc9e9bb8cd56bd1784ce4b55fb7023ee0",
                "Characteristic_Type_Key": "61d9f08af8e5f9cc63abd8d3d1b42f2e3d4933e41449815f3574673e10cfe1fa",
                "Characteristic_Value": "14521"
              },
              {
                "Planned_Event_Characteristic_Key": "d81f39b02365900b5a7fe17f2126ceaa036fc7a8288ec4d73a5b1ccaf72549be",
                "Characteristic_Type_Key": "a4a7f99206741fbff8e56a0d3d32b2881ce75a59728c8aaa64c36918d0e40609",
                "Characteristic_Value": "2020-05-13-04.03.07.847484"
              }
            ],
            "Domain_Event_Key": "54a106f71dc3c6c73c27e846f1a49bd01fc1a662048b5308e7ff73b4123ffe76",
            "Correlation_Id": "50c707de950811ea8c140a0d13360001",
            "Client_Identification": "SRS-YIT",
            "System_Key": "caf48af09f8e479707513247ae96fd6c8f0fd7649b682952115359e1a4ebab2d",
            "Proc_Ts": "2020-05-13 10:25:55.000",
            "Proc_Ts_Tz_Dst_Cd": "105",
            "Event_Ts": "2020-05-13 10:25:55.000",
            "Event_Ts_Tz_Dst_Cd": "102"
          }
        },
        {
          "DomainEventHeader": {
            "SOR_INGT_CRT_TS": "2020-05-14T07:13:29.334-04:00",
            "SOR_TPIC_NM": "tc_id_31.ihl_dev_rm.reg.tm.raw.srs.trnConsist.v2",
            "DE_META": ""
          },
          "PlannedEventDescribed": {
            "Primary_Object_Key": "a3f64f31b01f2d55fd995e16e050381f5826eb39c2da7a2a6d0ffb8f7bac1f9e",
            "Domain_Event_Type_Key": "e3b61a2ebf5b23ed3fd8ff58d88a71874f646ec36a6e49d48b10b0c9e3100d05",
            "Planned_Event_Key": "a3f64f31b01f2d55fd995e16e050381f5826eb39c2da7a2a6d0ffb8f7bac1f9e",
            "PlannedEventCharacteristics": [
              {
                "Planned_Event_Characteristic_Key": "5bf2078a720b9baa26433faec37f27573e2196fb671937dad4c2647a06896519",
                "Characteristic_Type_Key": "e132cbd462163886412bd30aedc2e5d755deb097fc8fa192d5c9d458829688e2",
                "Characteristic_Value": ""
              },
              {
                "Planned_Event_Characteristic_Key": "567f304e3b02aa5e452b2e36575a703857a1e96395aa753d74dbbf441384d403",
                "Characteristic_Type_Key": "d93535156c0b78ff02141c91fb26849a6963bb45758b233437ea86f3be30398f",
                "Characteristic_Value": ""
              },
              {
                "Planned_Event_Characteristic_Key": "a7431c7b7c86d33689f720d20530aa3a420e2e6c98664c4cb9a3ca8230cde22e",
                "Characteristic_Type_Key": "41ddd7402a2472cad0b6934384b861f43129a26a4e7cfa63e99fb300beb4f7ed",
                "Characteristic_Value": ""
              },
              {
                "Planned_Event_Characteristic_Key": "98d6a405d4aaf7208a470e7c7a34adc12b90320670545cbeb4692be64433cb32",
                "Characteristic_Type_Key": "bad2b2df015349d823072064d2869157337a7b3222ccf19546d2adaebf0a1b0a",
                "Characteristic_Value": ""
              },
              {
                "Planned_Event_Characteristic_Key": "5e134b9b862fa9c227c30657b8c73854268d91f4a7a53e4719bc587799b047ac",
                "Characteristic_Type_Key": "182bc50ebffede7cbc8df4849d9a17277b2026bbdea95bb2ef62bc5fd43dc4af",
                "Characteristic_Value": ""
              },
              {
                "Planned_Event_Characteristic_Key": "f0b6032025dda123db8ace4eaab5d127d100e003e658cc961c98ceadc3549afd",
                "Characteristic_Type_Key": "c6859585ea1959dbf9adb554b1062bc4e909eeed52b20c18b545d653f6e2e069",
                "Characteristic_Value": ""
              },
              {
                "Planned_Event_Characteristic_Key": "587b768149f163df67f1ab65455c31764903b96c5a4c25c44298bdcfc7780f7e",
                "Characteristic_Type_Key": "390482c2fbb8f9dd6dd49a957cd3a25f6c49aaf414984c19234a2b943ac90aef",
                "Characteristic_Value": ""
              },
              {
                "Planned_Event_Characteristic_Key": "b12099454fbe262fb24b59ad375070435d8a6e200a79e87b9217097edb1e46b1",
                "Characteristic_Type_Key": "2e00f00c58f672b78f74e65b79614235e0a217bbef364fbc728d09a8a9b54ed1",
                "Characteristic_Value": ""
              },
              {
                "Planned_Event_Characteristic_Key": "a3f84ee5e6cbfbef9259f460c50bfd529e6a222c9abf87fc4bf6909a2510318e",
                "Characteristic_Type_Key": "2d391aceb762217ae2a8d75fde1a70979acba26c15f4f1d749d36125cd1b162c",
                "Characteristic_Value": ""
              },
              {
                "Planned_Event_Characteristic_Key": "8ca3ae30e903c4207aa473670a72c1a1b3f3e7cc8eac3aec65f291cd917bd583",
                "Characteristic_Type_Key": "3b4223c02e1b029f187309c40e5024d91ea4025c1509d36604df8e8579468aaa",
                "Characteristic_Value": ""
              },
              {
                "Planned_Event_Characteristic_Key": "400ae50fb4707f49e29abb8ef34c2835a7547a2fba0f7659a26fa7efccd8d074",
                "Characteristic_Type_Key": "9c0c00f6b30a3448e9b5292066bb75c2fe52fcea32bcf9c5473760c0076f86ef",
                "Characteristic_Value": ""
              },
              {
                "Planned_Event_Characteristic_Key": "42246a34daafd827f55ba8a4296db5c9907163df2b9bd4679c3284470efc53de",
                "Characteristic_Type_Key": "204a12c85744c0b771c5eb3af9779ac9c8a15fd9d741310ba3a75ab26514fcac",
                "Characteristic_Value": ""
              },
              {
                "Planned_Event_Characteristic_Key": "acecdcaea0abb76d57fe7966bdd83f436bb64ee566633f50e62ad75c58b28571",
                "Characteristic_Type_Key": "4787488a7ec010cbc36d8b35391dfdac4b7bb418bcfe3c948abfcf68fc20f2f5",
                "Characteristic_Value": ""
              },
              {
                "Planned_Event_Characteristic_Key": "017079e64af9135f5b686643df5dc4249d78f155282b4c5617a64b76ff841949",
                "Characteristic_Type_Key": "2e3d1d5f788162a0ab4b985278dc943a1e4d87d8cc4008899ded121e8d14d42e",
                "Characteristic_Value": ""
              },
              {
                "Planned_Event_Characteristic_Key": "d3e3aa4cb4ded91ff1dbf4202dd07323ec63e756ebf1a880886bf8a4d1fa6a8f",
                "Characteristic_Type_Key": "56cc92767a892912198c437b13804da91cdae5a925885d442a8610fa94904d12",
                "Characteristic_Value": ""
              },
              {
                "Planned_Event_Characteristic_Key": "0bb7ace55f627308e1907a058f020f322c4bdcc19afc1e597d8978adefcf0da8",
                "Characteristic_Type_Key": "16c34f36b83c47e46291adaf576e7874bbcf940ee5b46a41d3de5c1bad3a9460",
                "Characteristic_Value": ""
              },
              {
                "Planned_Event_Characteristic_Key": "3a16d54f3e9b0a2ad9aec6448d766bebd922175cf3f6568f023c31876f9ea3c1",
                "Characteristic_Type_Key": "0f34a175e4c1b6fe3b753990d524a17a664da38e2ae8008917f9d36fce0a8f23",
                "Characteristic_Value": ""
              },
              {
                "Planned_Event_Characteristic_Key": "34bb76d50e6f2f0b8b1c132e7936c487396e0c42b483b9c35505a641e4ac266e",
                "Characteristic_Type_Key": "67426f9b79ccfe88c7997bee14f30f86f3b4cdbcb86bb92259ad8fe9421ee01b",
                "Characteristic_Value": ""
              },
              {
                "Planned_Event_Characteristic_Key": "1fed284482e5a864f4de9e71a3933208540529b7a8de019a3790f59b350b79d6",
                "Characteristic_Type_Key": "367c0fb28d66baed71850b14e0580095547d45ebe4b01b0296b4ff1dd07d1e1f",
                "Characteristic_Value": ""
              },
              {
                "Planned_Event_Characteristic_Key": "ffcb8f2a483fa0a26dc21c3bf5feef520ae66f68f32d6c77448419290f51ea92",
                "Characteristic_Type_Key": "23488a909995162e279a71f2d3db6bb9c7f4ec18cff29db15f6a905212f62bf5",
                "Characteristic_Value": ""
              },
              {
                "Planned_Event_Characteristic_Key": "b6e99ebadd9db5a89f22bb1b3dc4808f2d320b9d080c2c0e1751af50584c67cf",
                "Characteristic_Type_Key": "efb4bc2b1012c763d9280bc998bed9386cb331b2a2be40a7eb73c67e5f6314a4",
                "Characteristic_Value": ""
              },
              {
                "Planned_Event_Characteristic_Key": "d48c7f354ff7baf3cbca75908a52b487854d9ad4895cc5103badcd46306e6249",
                "Characteristic_Type_Key": "3876a68b5be0f2d1fa529f278d4f5443d5d73e432f7600a953798b392a6dcaf6",
                "Characteristic_Value": ""
              },
              {
                "Planned_Event_Characteristic_Key": "7598d0bbd91560dc65259043b6c70366345a9783e3af10fbb012b208b6905f14",
                "Characteristic_Type_Key": "a5c72173eee7783fd5dcc7b9335e2490a2fd4aa092115a9e4d96cdd62b7982da",
                "Characteristic_Value": ""
              },
              {
                "Planned_Event_Characteristic_Key": "b8d53d4e607a4b83f4e1930c818bf1dc1f7129fd8b62c3bdd700c0a4dc9c9a4e",
                "Characteristic_Type_Key": "fbd84ea4d4c6e4671b99a4191677b53cc1fb789842b5879ac3fb6de0df696988",
                "Characteristic_Value": ""
              },
              {
                "Planned_Event_Characteristic_Key": "7963859bc49dbbe778db90a6ad80721856b5334e6d5ac3f21df11da1a58da9da",
                "Characteristic_Type_Key": "88b31f7479f5452bdc55938b6afa0bb33519801668d44ad63ede9fbc2990987f",
                "Characteristic_Value": ""
              },
              {
                "Planned_Event_Characteristic_Key": "16303a08739a700cb09a415ff218d28a855f50a33cbe2746bac91aa8b02a91b3",
                "Characteristic_Type_Key": "9ed03ae0bbab0ff9fe8bed9bc38bf93475a14e42a173b3aa2188a5579c08111b",
                "Characteristic_Value": ""
              },
              {
                "Planned_Event_Characteristic_Key": "4574cbd9e7c148d4ec67ecd370c5005086a31a1b1d4739f061615993247e9647",
                "Characteristic_Type_Key": "ea6d6264f9aae1e6fac3f741c5a3eddd9d777df639828149c562ef8d451b142f",
                "Characteristic_Value": ""
              },
              {
                "Planned_Event_Characteristic_Key": "c0df7ca5ad6e9f2eae6bc86194840cd220549baba7085f78b6b04d1e1759340f",
                "Characteristic_Type_Key": "82c43a2db8a57033d09d05b74a4ed82db9c25728d8d99b7e60dd2ed2723bd72c",
                "Characteristic_Value": "00.00.00"
              },
              {
                "Planned_Event_Characteristic_Key": "b2d19c29bb0573dc176f01254afc34c5b976177f2658911123963a5d2952e6aa",
                "Characteristic_Type_Key": "9a5cd524cd89d84dc4ee9738871d6176cad76899aa60e72a5dfdcde8e07be590",
                "Characteristic_Value": ""
              },
              {
                "Planned_Event_Characteristic_Key": "b20c46a8fa73de44892f32ee3997f80ee381195ccf8793a1af8bf1dcd5166216",
                "Characteristic_Type_Key": "2b77baf8b844500829fffd11357d1e243ee020adec77ea2cdc4b2934d8577d2a",
                "Characteristic_Value": "CN"
              },
              {
                "Planned_Event_Characteristic_Key": "dc53a75cb1055057e53bff422e2e068dc9e9bb8cd56bd1784ce4b55fb7023ee0",
                "Characteristic_Type_Key": "61d9f08af8e5f9cc63abd8d3d1b42f2e3d4933e41449815f3574673e10cfe1fa",
                "Characteristic_Value": "14521"
              },
              {
                "Planned_Event_Characteristic_Key": "d81f39b02365900b5a7fe17f2126ceaa036fc7a8288ec4d73a5b1ccaf72549be",
                "Characteristic_Type_Key": "a4a7f99206741fbff8e56a0d3d32b2881ce75a59728c8aaa64c36918d0e40609",
                "Characteristic_Value": "2020-05-13-04.03.07.847484"
              }
            ],
            "Domain_Event_Key": "54a106f71dc3c6c73c27e846f1a49bd01fc1a662048b5308e7ff73b4123ffe76",
            "Correlation_Id": "51c707de950811ea8c140a0d13360001",
            "Client_Identification": "SRS-YIT",
            "System_Key": "caf48af09f8e479707513247ae96fd6c8f0fd7649b682952115359e1a4ebab2d",
            "Proc_Ts": "2020-05-13 10:25:55.000",
            "Proc_Ts_Tz_Dst_Cd": "105",
            "Event_Ts": "2020-05-13 10:25:55.000",
            "Event_Ts_Tz_Dst_Cd": "102"
          }
        },
        {
          "DomainEventHeader": {
            "SOR_INGT_CRT_TS": "2020-07-09T11:08:13.368-04:00",
            "SOR_TPIC_NM": "tc_id_31.ihl_dev_rm.reg.tm.raw.srs.trnConsist.v2",
            "DE_META": ""
          },
          "PlannedEventDescribed": {
            "Primary_Object_Key": "eade820dd0b431678fea625ecff01c80dd1e22f96ffe37bf6136645b5d42da08",
            "Domain_Event_Type_Key": "c7881817d6d6fabbc8c8be4c1a5310d4b02d506473e08a55032dedde16c0b3fa",
            "Planned_Event_Key": "",
            "PlannedEventCharacteristics": [
              {}
            ],
            "Domain_Event_Key": "65f05293f3a505f197f6c4ed76e1165bb1ae83c2cbf7b4d63b848ccb77b3aafc",
            "Correlation_Id": "0257fc82c1f611ea87250a0d13360000",
            "Client_Identification": "SRS-YIT",
            "System_Key": "caf48af09f8e479707513247ae96fd6c8f0fd7649b682952115359e1a4ebab2d",
            "Proc_Ts": "2020-07-09 15:08:13.000",
            "Proc_Ts_Tz_Dst_Cd": "105",
            "Event_Ts": "2020-07-09 15:08:13.000",
            "Event_Ts_Tz_Dst_Cd": "105"
          }
        }
      ]
    },
    {
      "name": "tc_id_31.ihl_dev_rm.reg.tm.prepared.cnvyAsct.v1",
      "data": [
        {
          "DomainEventHeader": {
            "SOR_INGT_CRT_TS": "2020-05-13T07:13:29.334-04:00",
            "SOR_TPIC_NM": "tc_id_31.ihl_dev_rm.reg.tm.raw.srs.trnConsist.v2",
            "DE_META": ""
          },
          "ConveyorAssociated": {
            "Primary_Object_Key": "a3f64f31b01f2d55fd995e16e050381f5826eb39c2da7a2a6d0ffb8f7bac1f9e",
            "Domain_Event_Type_Key": "8eb3e769649d98d5e896398ded3b7bdb63bdaf6d53f440f4b9a8da51e8f74f40",
            "Association_Key": "d6bc356548997d023dc7d29503a2239528fe040461e0df3b9b3ba724d8cfd3b5",
            "Association_Type_Key": "7aa9ffe162c44c9b7ff9e7997ed4fbd19a28099461affe038b50a46ff0609f10",
            "Conveyor_Key": "6176a61ca938d8dde71f656766dca941aa11f8de893351d34b95d6b727190505",
            "Conveyor_Type_Key": "394db0bfdc21ee000a3a1d6fa3b05e99a8d76301862a9c9c866c9305136246d9",
            "Associated_Object_Key": "a3f64f31b01f2d55fd995e16e050381f5826eb39c2da7a2a6d0ffb8f7bac1f9e",
            "Associated_Object_Type_Key": "533ee1768e00975f1aa57f8ae1f88de53018f3adc22d8c0d6c85e7cc73aa3a3f",
            "Domain_Event_Key": "372bdde9cc58ee1a9f8a20314346ae5f09662c328faef7ad82762993caa492f5",
            "Correlation_Id": "50c707de950811ea8c140a0d13360001",
            "Client_Identification": "SRS-YIT",
            "System_Key": "caf48af09f8e479707513247ae96fd6c8f0fd7649b682952115359e1a4ebab2d",
            "Proc_Ts": "2020-05-13 10:25:55.000",
            "Proc_Ts_Tz_Dst_Cd": "105",
            "Event_Ts": "2020-05-13 10:25:55.000",
            "Event_Ts_Tz_Dst_Cd": "102"
          }
        },
        {
          "DomainEventHeader": {
            "SOR_INGT_CRT_TS": "2020-05-13T07:13:29.334-04:00",
            "SOR_TPIC_NM": "tc_id_31.ihl_dev_rm.reg.tm.raw.srs.trnConsist.v2",
            "DE_META": ""
          },
          "ConveyorAssociated": {
            "Primary_Object_Key": "a3f64f31b01f2d55fd995e16e050381f5826eb39c2da7a2a6d0ffb8f7bac1f9e",
            "Domain_Event_Type_Key": "c7881817d6d6fabbc8c8be4c1a5310d4b02d506473e08a55032dedde16c0b3fa",
            "Association_Key": "Not Applicable",
            "Association_Type_Key": "7aa9ffe162c44c9b7ff9e7997ed4fbd19a28099461affe038b50a46ff0609f10",
            "Conveyor_Key": "Not Applicable",
            "Conveyor_Type_Key": "Not Applicable",
            "Associated_Object_Key": "Not Applicable",
            "Associated_Object_Type_Key": "Not Applicable",
            "Domain_Event_Key": "14aed6d055abc66748ed42a42d9e9642a76fad2c1618d5ac816c6ccadb110b56",
            "Correlation_Id": "50c707de950811ea8c140a0d13360001",
            "Client_Identification": "SRS-YIT",
            "System_Key": "caf48af09f8e479707513247ae96fd6c8f0fd7649b682952115359e1a4ebab2d",
            "Proc_Ts": "2020-05-13 10:25:55.000",
            "Proc_Ts_Tz_Dst_Cd": "105",
            "Event_Ts": "2020-05-13 10:25:55.000",
            "Event_Ts_Tz_Dst_Cd": "102"
          }
        },
        {
          "DomainEventHeader": {
            "SOR_INGT_CRT_TS": "2020-05-13T07:13:29.334-04:00",
            "SOR_TPIC_NM": "tc_id_31.ihl_dev_rm.reg.tm.raw.srs.trnConsist.v2",
            "DE_META": ""
          },
          "ConveyorAssociated": {
            "Primary_Object_Key": "a3f64f31b01f2d55fd995e16e050381f5826eb39c2da7a2a6d0ffb8f7bac1f9e",
            "Domain_Event_Type_Key": "8eb3e769649d98d5e896398ded3b7bdb63bdaf6d53f440f4b9a8da51e8f74f40",
            "Association_Key": "677d5127a5f813e5152d12b3379c50ef98e4a756ba0d34ffa73eb6df488afbf2",
            "Association_Type_Key": "7aa9ffe162c44c9b7ff9e7997ed4fbd19a28099461affe038b50a46ff0609f10",
            "Conveyor_Key": "0054502784b10f3c93f87f84eea40065ae52916be73281cd995d29a56636288e",
            "Conveyor_Type_Key": "c023d1e31b043d79fc8fd5c7f1c3080812fc64f40cf15e7f2fdbf9a27ea15698",
            "Associated_Object_Key": "a3f64f31b01f2d55fd995e16e050381f5826eb39c2da7a2a6d0ffb8f7bac1f9e",
            "Associated_Object_Type_Key": "533ee1768e00975f1aa57f8ae1f88de53018f3adc22d8c0d6c85e7cc73aa3a3f",
            "Domain_Event_Key": "d90f9ad6c4186b6b0fd126f5c7370ce3cdf77bad49d873cfb33800c805609d8b",
            "Correlation_Id": "50c707de950811ea8c140a0d13360001",
            "Client_Identification": "SRS-YIT",
            "System_Key": "caf48af09f8e479707513247ae96fd6c8f0fd7649b682952115359e1a4ebab2d",
            "Proc_Ts": "2020-05-13 10:25:55.000",
            "Proc_Ts_Tz_Dst_Cd": "105",
            "Event_Ts": "2020-05-13 10:25:55.000",
            "Event_Ts_Tz_Dst_Cd": "102"
          }
        },
        {
          "DomainEventHeader": {
            "SOR_INGT_CRT_TS": "2020-05-14T07:13:29.334-04:00",
            "SOR_TPIC_NM": "tc_id_31.ihl_dev_rm.reg.tm.raw.srs.trnConsist.v2",
            "DE_META": ""
          },
          "ConveyorAssociated": {
            "Primary_Object_Key": "a3f64f31b01f2d55fd995e16e050381f5826eb39c2da7a2a6d0ffb8f7bac1f9e",
            "Domain_Event_Type_Key": "8eb3e769649d98d5e896398ded3b7bdb63bdaf6d53f440f4b9a8da51e8f74f40",
            "Association_Key": "d6bc356548997d023dc7d29503a2239528fe040461e0df3b9b3ba724d8cfd3b5",
            "Association_Type_Key": "7aa9ffe162c44c9b7ff9e7997ed4fbd19a28099461affe038b50a46ff0609f10",
            "Conveyor_Key": "6176a61ca938d8dde71f656766dca941aa11f8de893351d34b95d6b727190505",
            "Conveyor_Type_Key": "394db0bfdc21ee000a3a1d6fa3b05e99a8d76301862a9c9c866c9305136246d9",
            "Associated_Object_Key": "a3f64f31b01f2d55fd995e16e050381f5826eb39c2da7a2a6d0ffb8f7bac1f9e",
            "Associated_Object_Type_Key": "533ee1768e00975f1aa57f8ae1f88de53018f3adc22d8c0d6c85e7cc73aa3a3f",
            "Domain_Event_Key": "372bdde9cc58ee1a9f8a20314346ae5f09662c328faef7ad82762993caa492f5",
            "Correlation_Id": "51c707de950811ea8c140a0d13360001",
            "Client_Identification": "SRS-YIT",
            "System_Key": "caf48af09f8e479707513247ae96fd6c8f0fd7649b682952115359e1a4ebab2d",
            "Proc_Ts": "2020-05-13 10:25:55.000",
            "Proc_Ts_Tz_Dst_Cd": "105",
            "Event_Ts": "2020-05-13 10:25:55.000",
            "Event_Ts_Tz_Dst_Cd": "102"
          }
        },
        {
          "DomainEventHeader": {
            "SOR_INGT_CRT_TS": "2020-05-14T07:13:29.334-04:00",
            "SOR_TPIC_NM": "tc_id_31.ihl_dev_rm.reg.tm.raw.srs.trnConsist.v2",
            "DE_META": ""
          },
          "ConveyorAssociated": {
            "Primary_Object_Key": "a3f64f31b01f2d55fd995e16e050381f5826eb39c2da7a2a6d0ffb8f7bac1f9e",
            "Domain_Event_Type_Key": "c7881817d6d6fabbc8c8be4c1a5310d4b02d506473e08a55032dedde16c0b3fa",
            "Association_Key": "Not Applicable",
            "Association_Type_Key": "7aa9ffe162c44c9b7ff9e7997ed4fbd19a28099461affe038b50a46ff0609f10",
            "Conveyor_Key": "Not Applicable",
            "Conveyor_Type_Key": "Not Applicable",
            "Associated_Object_Key": "Not Applicable",
            "Associated_Object_Type_Key": "Not Applicable",
            "Domain_Event_Key": "14aed6d055abc66748ed42a42d9e9642a76fad2c1618d5ac816c6ccadb110b56",
            "Correlation_Id": "51c707de950811ea8c140a0d13360001",
            "Client_Identification": "SRS-YIT",
            "System_Key": "caf48af09f8e479707513247ae96fd6c8f0fd7649b682952115359e1a4ebab2d",
            "Proc_Ts": "2020-05-13 10:25:55.000",
            "Proc_Ts_Tz_Dst_Cd": "105",
            "Event_Ts": "2020-05-13 10:25:55.000",
            "Event_Ts_Tz_Dst_Cd": "102"
          }
        },
        {
          "DomainEventHeader": {
            "SOR_INGT_CRT_TS": "2020-05-14T07:13:29.334-04:00",
            "SOR_TPIC_NM": "tc_id_31.ihl_dev_rm.reg.tm.raw.srs.trnConsist.v2",
            "DE_META": ""
          },
          "ConveyorAssociated": {
            "Primary_Object_Key": "a3f64f31b01f2d55fd995e16e050381f5826eb39c2da7a2a6d0ffb8f7bac1f9e",
            "Domain_Event_Type_Key": "8eb3e769649d98d5e896398ded3b7bdb63bdaf6d53f440f4b9a8da51e8f74f40",
            "Association_Key": "677d5127a5f813e5152d12b3379c50ef98e4a756ba0d34ffa73eb6df488afbf2",
            "Association_Type_Key": "7aa9ffe162c44c9b7ff9e7997ed4fbd19a28099461affe038b50a46ff0609f10",
            "Conveyor_Key": "0054502784b10f3c93f87f84eea40065ae52916be73281cd995d29a56636288e",
            "Conveyor_Type_Key": "c023d1e31b043d79fc8fd5c7f1c3080812fc64f40cf15e7f2fdbf9a27ea15698",
            "Associated_Object_Key": "a3f64f31b01f2d55fd995e16e050381f5826eb39c2da7a2a6d0ffb8f7bac1f9e",
            "Associated_Object_Type_Key": "533ee1768e00975f1aa57f8ae1f88de53018f3adc22d8c0d6c85e7cc73aa3a3f",
            "Domain_Event_Key": "d90f9ad6c4186b6b0fd126f5c7370ce3cdf77bad49d873cfb33800c805609d8b",
            "Correlation_Id": "51c707de950811ea8c140a0d13360001",
            "Client_Identification": "SRS-YIT",
            "System_Key": "caf48af09f8e479707513247ae96fd6c8f0fd7649b682952115359e1a4ebab2d",
            "Proc_Ts": "2020-05-13 10:25:55.000",
            "Proc_Ts_Tz_Dst_Cd": "105",
            "Event_Ts": "2020-05-13 10:25:55.000",
            "Event_Ts_Tz_Dst_Cd": "102"
          }
        },
        {
          "DomainEventHeader": {
            "SOR_INGT_CRT_TS": "2020-07-09T11:08:13.368-04:00",
            "SOR_TPIC_NM": "tc_id_31.ihl_dev_rm.reg.tm.raw.srs.trnConsist.v2",
            "DE_META": ""
          },
          "ConveyorAssociated": {
            "Primary_Object_Key": "eade820dd0b431678fea625ecff01c80dd1e22f96ffe37bf6136645b5d42da08",
            "Domain_Event_Type_Key": "c7881817d6d6fabbc8c8be4c1a5310d4b02d506473e08a55032dedde16c0b3fa",
            "Association_Key": "Not Applicable",
            "Association_Type_Key": "7aa9ffe162c44c9b7ff9e7997ed4fbd19a28099461affe038b50a46ff0609f10",
            "Conveyor_Key": "Not Applicable",
            "Conveyor_Type_Key": "Not Applicable",
            "Associated_Object_Key": "Not Applicable",
            "Associated_Object_Type_Key": "Not Applicable",
            "Domain_Event_Key": "65f05293f3a505f197f6c4ed76e1165bb1ae83c2cbf7b4d63b848ccb77b3aafc",
            "Correlation_Id": "0257fc82c1f611ea87250a0d13360000",
            "Client_Identification": "SRS-YIT",
            "System_Key": "caf48af09f8e479707513247ae96fd6c8f0fd7649b682952115359e1a4ebab2d",
            "Proc_Ts": "2020-07-09 15:08:13.000",
            "Proc_Ts_Tz_Dst_Cd": "105",
            "Event_Ts": "2020-07-09 15:08:13.000",
            "Event_Ts_Tz_Dst_Cd": "105"
          }
        }
      ]
    },
    {
      "name": "tc_id_31.ihl_dev_rm.reg.tm.prepared.cnvyAsctDsc.v1",
      "data": [
        {
          "DomainEventHeader": {
            "SOR_INGT_CRT_TS": "2020-05-13T07:13:29.334-04:00",
            "SOR_TPIC_NM": "tc_id_31.ihl_dev_rm.reg.tm.raw.srs.trnConsist.v2",
            "DE_META": ""
          },
          "ConveyorAssociationDescribed": {
            "Domain_Event_Type_Key": "e3b61a2ebf5b23ed3fd8ff58d88a71874f646ec36a6e49d48b10b0c9e3100d05",
            "Association_Key": "d6bc356548997d023dc7d29503a2239528fe040461e0df3b9b3ba724d8cfd3b5",
            "AssociationCharacteristics": [
              {
                "Association_Characteristic_Key": "264793c253ac9fd48f1a65e6d6e41bbbe4f7f4f035cbbda11b4ce1267ad10c0e",
                "Characteristic_Type_Key": "95ccdcb58bb4ac8f4fc9f3b43e2b4adb07d60b06b7add7a2fa2f007aef2c69fd",
                "Characteristic_Value": "1"
              },
              {
                "Association_Characteristic_Key": "01691e6135f44870dde0601d56809e0c0d2f810021aa32c81cad8060d004ce8d",
                "Characteristic_Type_Key": "396f160ccca4c0973c2a510d02f8c3f39ac174efd837c5cb0447eeff6d670197",
                "Characteristic_Value": ""
              },
              {
                "Association_Characteristic_Key": "92ae9d0bc0f5dd2f6cf6c448008fa8e441f7ff818f01e6e0d490d2e691556617",
                "Characteristic_Type_Key": "89f3304297ecf2e451d9cf200e1bcd000ee50b285c1161588aadf98a78540317",
                "Characteristic_Value": ""
              },
              {
                "Association_Characteristic_Key": "f0f85f4763ef5f0414d1e43446210ecd369f898bfaf74ebd66081e93a39ae3fb",
                "Characteristic_Type_Key": "733dd78301b5ebdebf7fe1c6f48b2ad30ab62155ae541ce829b1649def745d32",
                "Characteristic_Value": "0001-01-01-00.00.00.000000"
              },
              {
                "Association_Characteristic_Key": "b805560da5b6f4d4f63e49d24e8c30587b60c890655331ef8392159a900d40d2",
                "Characteristic_Type_Key": "b74c5a5d0cba22b60a4af2a72b7c7d0cf78e4d826b7263a936b9bbd6f958ac73",
                "Characteristic_Value": "Y"
              },
              {
                "Association_Characteristic_Key": "39c34c2eeac50511580b0bc11815e9f62116f258992a037eee6d27dc24a3eb0e",
                "Characteristic_Type_Key": "a56c0d09fe0f1f86b221fe2240abc3e77aef74d38abdc959541cc895275ec51b",
                "Characteristic_Value": "N"
              },
              {
                "Association_Characteristic_Key": "43d44c60a86b09ec9fb9a9eb8c6018695c78c12d27cb726a423b09896f967c6d",
                "Characteristic_Type_Key": "69264883256e9f30fdd8794ac41da91856710a769564d609467b14fa8e3bd7ab",
                "Characteristic_Value": ""
              },
              {
                "Association_Characteristic_Key": "af2ec7f86ac1668d64a731bdc4ee19817d6d3aaf98922f28cf32b3fde9db7d11",
                "Characteristic_Type_Key": "6d7e3fa25f30594c3e4a1816eff30b86a810857504aacd41b46dff47a18bd832",
                "Characteristic_Value": "N"
              },
              {
                "Association_Characteristic_Key": "9e9491bab9d4340a6308b7d426b62633ee2cd5484d1795cb6810fdc6f33d4b65",
                "Characteristic_Type_Key": "8ec8b6f3342c04b405cff03d407820aec5fad4e1594052b1a5649e6a034e99c8",
                "Characteristic_Value": "N"
              },
              {
                "Association_Characteristic_Key": "cb85332ead441bf1c4326b4d5e7629983e239745bf9a612ab78f60efd4dfdaec",
                "Characteristic_Type_Key": "0799c6fbedd1fda8dceb2f8f01377b2f1952efd75cc103829fea47b3a285f267",
                "Characteristic_Value": "N"
              },
              {
                "Association_Characteristic_Key": "dfe300d96575a74ee03ce181afc2b1f3c30ebb046cc6aac06b07dcce3631dc5a",
                "Characteristic_Type_Key": "d4b8325d2c2b40f699e4d4db0386af9ebc3e08d94e6f231dcd65bc82a79a1109",
                "Characteristic_Value": "N"
              },
              {
                "Association_Characteristic_Key": "c4e3a6ddb8fc6da7e158fc0b6c55f89245ef1274e98fcb146783f29ec6d569ff",
                "Characteristic_Type_Key": "1f30a3df5abd23b48382a9eb3f125fed842609638338e4cb5da161336a0dd395",
                "Characteristic_Value": "N"
              }
            ],
            "Primary_Object_Key": "a3f64f31b01f2d55fd995e16e050381f5826eb39c2da7a2a6d0ffb8f7bac1f9e",
            "Domain_Event_Key": "ae217b2a5232d4242a057f2103eb573b841368fd8e1b2f993b2e5b8cf2789a88",
            "Correlation_Id": "50c707de950811ea8c140a0d13360001",
            "Client_Identification": "SRS-YIT",
            "System_Key": "caf48af09f8e479707513247ae96fd6c8f0fd7649b682952115359e1a4ebab2d",
            "Proc_Ts": "2020-05-13 10:25:55.000",
            "Proc_Ts_Tz_Dst_Cd": "105",
            "Event_Ts": "2020-05-13 10:25:55.000",
            "Event_Ts_Tz_Dst_Cd": "102"
          }
        },
        {
          "DomainEventHeader": {
            "SOR_INGT_CRT_TS": "2020-05-14T07:13:29.334-04:00",
            "SOR_TPIC_NM": "tc_id_31.ihl_dev_rm.reg.tm.raw.srs.trnConsist.v2",
            "DE_META": ""
          },
          "ConveyorAssociationDescribed": {
            "Domain_Event_Type_Key": "e3b61a2ebf5b23ed3fd8ff58d88a71874f646ec36a6e49d48b10b0c9e3100d05",
            "Association_Key": "d6bc356548997d023dc7d29503a2239528fe040461e0df3b9b3ba724d8cfd3b5",
            "AssociationCharacteristics": [
              {
                "Association_Characteristic_Key": "264793c253ac9fd48f1a65e6d6e41bbbe4f7f4f035cbbda11b4ce1267ad10c0e",
                "Characteristic_Type_Key": "95ccdcb58bb4ac8f4fc9f3b43e2b4adb07d60b06b7add7a2fa2f007aef2c69fd",
                "Characteristic_Value": "1"
              },
              {
                "Association_Characteristic_Key": "01691e6135f44870dde0601d56809e0c0d2f810021aa32c81cad8060d004ce8d",
                "Characteristic_Type_Key": "396f160ccca4c0973c2a510d02f8c3f39ac174efd837c5cb0447eeff6d670197",
                "Characteristic_Value": ""
              },
              {
                "Association_Characteristic_Key": "92ae9d0bc0f5dd2f6cf6c448008fa8e441f7ff818f01e6e0d490d2e691556617",
                "Characteristic_Type_Key": "89f3304297ecf2e451d9cf200e1bcd000ee50b285c1161588aadf98a78540317",
                "Characteristic_Value": ""
              },
              {
                "Association_Characteristic_Key": "f0f85f4763ef5f0414d1e43446210ecd369f898bfaf74ebd66081e93a39ae3fb",
                "Characteristic_Type_Key": "733dd78301b5ebdebf7fe1c6f48b2ad30ab62155ae541ce829b1649def745d32",
                "Characteristic_Value": ""
              },
              {
                "Association_Characteristic_Key": "b805560da5b6f4d4f63e49d24e8c30587b60c890655331ef8392159a900d40d2",
                "Characteristic_Type_Key": "b74c5a5d0cba22b60a4af2a72b7c7d0cf78e4d826b7263a936b9bbd6f958ac73",
                "Characteristic_Value": ""
              },
              {
                "Association_Characteristic_Key": "39c34c2eeac50511580b0bc11815e9f62116f258992a037eee6d27dc24a3eb0e",
                "Characteristic_Type_Key": "a56c0d09fe0f1f86b221fe2240abc3e77aef74d38abdc959541cc895275ec51b",
                "Characteristic_Value": ""
              },
              {
                "Association_Characteristic_Key": "43d44c60a86b09ec9fb9a9eb8c6018695c78c12d27cb726a423b09896f967c6d",
                "Characteristic_Type_Key": "69264883256e9f30fdd8794ac41da91856710a769564d609467b14fa8e3bd7ab",
                "Characteristic_Value": ""
              },
              {
                "Association_Characteristic_Key": "af2ec7f86ac1668d64a731bdc4ee19817d6d3aaf98922f28cf32b3fde9db7d11",
                "Characteristic_Type_Key": "6d7e3fa25f30594c3e4a1816eff30b86a810857504aacd41b46dff47a18bd832",
                "Characteristic_Value": ""
              },
              {
                "Association_Characteristic_Key": "9e9491bab9d4340a6308b7d426b62633ee2cd5484d1795cb6810fdc6f33d4b65",
                "Characteristic_Type_Key": "8ec8b6f3342c04b405cff03d407820aec5fad4e1594052b1a5649e6a034e99c8",
                "Characteristic_Value": ""
              },
              {
                "Association_Characteristic_Key": "cb85332ead441bf1c4326b4d5e7629983e239745bf9a612ab78f60efd4dfdaec",
                "Characteristic_Type_Key": "0799c6fbedd1fda8dceb2f8f01377b2f1952efd75cc103829fea47b3a285f267",
                "Characteristic_Value": ""
              },
              {
                "Association_Characteristic_Key": "dfe300d96575a74ee03ce181afc2b1f3c30ebb046cc6aac06b07dcce3631dc5a",
                "Characteristic_Type_Key": "d4b8325d2c2b40f699e4d4db0386af9ebc3e08d94e6f231dcd65bc82a79a1109",
                "Characteristic_Value": ""
              },
              {
                "Association_Characteristic_Key": "c4e3a6ddb8fc6da7e158fc0b6c55f89245ef1274e98fcb146783f29ec6d569ff",
                "Characteristic_Type_Key": "1f30a3df5abd23b48382a9eb3f125fed842609638338e4cb5da161336a0dd395",
                "Characteristic_Value": ""
              }
            ],
            "Primary_Object_Key": "a3f64f31b01f2d55fd995e16e050381f5826eb39c2da7a2a6d0ffb8f7bac1f9e",
            "Domain_Event_Key": "ae217b2a5232d4242a057f2103eb573b841368fd8e1b2f993b2e5b8cf2789a88",
            "Correlation_Id": "51c707de950811ea8c140a0d13360001",
            "Client_Identification": "SRS-YIT",
            "System_Key": "caf48af09f8e479707513247ae96fd6c8f0fd7649b682952115359e1a4ebab2d",
            "Proc_Ts": "2020-05-13 10:25:55.000",
            "Proc_Ts_Tz_Dst_Cd": "105",
            "Event_Ts": "2020-05-13 10:25:55.000",
            "Event_Ts_Tz_Dst_Cd": "102"
          }
        },
        {
          "DomainEventHeader": {
            "SOR_INGT_CRT_TS": "2020-07-09T11:08:13.368-04:00",
            "SOR_TPIC_NM": "tc_id_31.ihl_dev_rm.reg.tm.raw.srs.trnConsist.v2",
            "DE_META": ""
          },
          "ConveyorAssociationDescribed": {
            "Domain_Event_Type_Key": "c7881817d6d6fabbc8c8be4c1a5310d4b02d506473e08a55032dedde16c0b3fa",
            "Association_Key": "",
            "AssociationCharacteristics": [
              {}
            ],
            "Primary_Object_Key": "eade820dd0b431678fea625ecff01c80dd1e22f96ffe37bf6136645b5d42da08",
            "Domain_Event_Key": "65f05293f3a505f197f6c4ed76e1165bb1ae83c2cbf7b4d63b848ccb77b3aafc",
            "Correlation_Id": "0257fc82c1f611ea87250a0d13360000",
            "Client_Identification": "SRS-YIT",
            "System_Key": "caf48af09f8e479707513247ae96fd6c8f0fd7649b682952115359e1a4ebab2d",
            "Proc_Ts": "2020-07-09 15:08:13.000",
            "Proc_Ts_Tz_Dst_Cd": "105",
            "Event_Ts": "2020-07-09 15:08:13.000",
            "Event_Ts_Tz_Dst_Cd": "105"
          }
        },
        {
          "DomainEventHeader": {
            "SOR_INGT_CRT_TS": "2020-05-13T07:13:29.334-04:00",
            "SOR_TPIC_NM": "tc_id_31.ihl_dev_rm.reg.tm.raw.srs.trnConsist.v2",
            "DE_META": ""
          },
          "ConveyorAssociationDescribed": {
            "Domain_Event_Type_Key": "c7881817d6d6fabbc8c8be4c1a5310d4b02d506473e08a55032dedde16c0b3fa",
            "Association_Key": "",
            "AssociationCharacteristics": [
              {}
            ],
            "Primary_Object_Key": "a3f64f31b01f2d55fd995e16e050381f5826eb39c2da7a2a6d0ffb8f7bac1f9e",
            "Domain_Event_Key": "14aed6d055abc66748ed42a42d9e9642a76fad2c1618d5ac816c6ccadb110b56",
            "Correlation_Id": "50c707de950811ea8c140a0d13360001",
            "Client_Identification": "SRS-YIT",
            "System_Key": "caf48af09f8e479707513247ae96fd6c8f0fd7649b682952115359e1a4ebab2d",
            "Proc_Ts": "2020-05-13 10:25:55.000",
            "Proc_Ts_Tz_Dst_Cd": "105",
            "Event_Ts": "2020-05-13 10:25:55.000",
            "Event_Ts_Tz_Dst_Cd": "102"
          }
        },
        {
          "DomainEventHeader": {
            "SOR_INGT_CRT_TS": "2020-05-14T07:13:29.334-04:00",
            "SOR_TPIC_NM": "tc_id_31.ihl_dev_rm.reg.tm.raw.srs.trnConsist.v2",
            "DE_META": ""
          },
          "ConveyorAssociationDescribed": {
            "Domain_Event_Type_Key": "c7881817d6d6fabbc8c8be4c1a5310d4b02d506473e08a55032dedde16c0b3fa",
            "Association_Key": "",
            "AssociationCharacteristics": [
              {}
            ],
            "Primary_Object_Key": "a3f64f31b01f2d55fd995e16e050381f5826eb39c2da7a2a6d0ffb8f7bac1f9e",
            "Domain_Event_Key": "14aed6d055abc66748ed42a42d9e9642a76fad2c1618d5ac816c6ccadb110b56",
            "Correlation_Id": "51c707de950811ea8c140a0d13360001",
            "Client_Identification": "SRS-YIT",
            "System_Key": "caf48af09f8e479707513247ae96fd6c8f0fd7649b682952115359e1a4ebab2d",
            "Proc_Ts": "2020-05-13 10:25:55.000",
            "Proc_Ts_Tz_Dst_Cd": "105",
            "Event_Ts": "2020-05-13 10:25:55.000",
            "Event_Ts_Tz_Dst_Cd": "102"
          }
        }
      ]
    },
    {
      "name": "tc_id_31.ihl_dev_rm.reg.tm.prepared.asetAsct.v1",
      "data": [
        {
          "DomainEventHeader": {
            "SOR_INGT_CRT_TS": "2020-05-13T07:13:29.334-04:00",
            "SOR_TPIC_NM": "tc_id_31.ihl_dev_rm.reg.tm.raw.srs.trnConsist.v2",
            "DE_META": ""
          },
          "AssetAssociated": {
            "Primary_Object_Key": "a3f64f31b01f2d55fd995e16e050381f5826eb39c2da7a2a6d0ffb8f7bac1f9e",
            "Domain_Event_Type_Key": "8eb3e769649d98d5e896398ded3b7bdb63bdaf6d53f440f4b9a8da51e8f74f40",
            "Association_Key": "b9e51b2ce865c12591264b2a1443aac255be3c4ad20d914deb09dc222a6c887a",
            "Association_Type_Key": "2969646982dbc2eff78e85a376ba534762b0d65f1d128792fd898a674a64ea4b",
            "Asset_Key": "617151724523612db0e7ab14a01810bd0c9a8a92a81225a51928e71fbd23ea31",
            "Asset_Type_Key": "08e8d3db4a88f4048af2d4afa8e241965560177eeaa88d8f5eab57e9641c2249",
            "Associated_Object_Key": "a3f64f31b01f2d55fd995e16e050381f5826eb39c2da7a2a6d0ffb8f7bac1f9e",
            "Associated_Object_Type_Key": "533ee1768e00975f1aa57f8ae1f88de53018f3adc22d8c0d6c85e7cc73aa3a3f",
            "Domain_Event_Key": "ade01d4d744f6080435eaf747ccac6fc4c3362abff7700d90cb645a1d601d12d",
            "Correlation_Id": "50c707de950811ea8c140a0d13360001",
            "Client_Identification": "SRS-YIT",
            "System_Key": "caf48af09f8e479707513247ae96fd6c8f0fd7649b682952115359e1a4ebab2d",
            "Proc_Ts": "2020-05-13 10:25:55.000",
            "Proc_Ts_Tz_Dst_Cd": "105",
            "Event_Ts": "2020-05-13 10:25:55.000",
            "Event_Ts_Tz_Dst_Cd": "102"
          }
        },
        {
          "DomainEventHeader": {
            "SOR_INGT_CRT_TS": "2020-05-13T07:13:29.334-04:00",
            "SOR_TPIC_NM": "tc_id_31.ihl_dev_rm.reg.tm.raw.srs.trnConsist.v2",
            "DE_META": ""
          },
          "AssetAssociated": {
            "Primary_Object_Key": "a3f64f31b01f2d55fd995e16e050381f5826eb39c2da7a2a6d0ffb8f7bac1f9e",
            "Domain_Event_Type_Key": "c7881817d6d6fabbc8c8be4c1a5310d4b02d506473e08a55032dedde16c0b3fa",
            "Association_Key": "Not Applicable",
            "Association_Type_Key": "2969646982dbc2eff78e85a376ba534762b0d65f1d128792fd898a674a64ea4b",
            "Asset_Key": "Not Applicable",
            "Asset_Type_Key": "Not Applicable",
            "Associated_Object_Key": "Not Applicable",
            "Associated_Object_Type_Key": "Not Applicable",
            "Domain_Event_Key": "14aed6d055abc66748ed42a42d9e9642a76fad2c1618d5ac816c6ccadb110b56",
            "Correlation_Id": "50c707de950811ea8c140a0d13360001",
            "Client_Identification": "SRS-YIT",
            "System_Key": "caf48af09f8e479707513247ae96fd6c8f0fd7649b682952115359e1a4ebab2d",
            "Proc_Ts": "2020-05-13 10:25:55.000",
            "Proc_Ts_Tz_Dst_Cd": "105",
            "Event_Ts": "2020-05-13 10:25:55.000",
            "Event_Ts_Tz_Dst_Cd": "102"
          }
        },
        {
          "DomainEventHeader": {
            "SOR_INGT_CRT_TS": "2020-07-09T11:08:13.368-04:00",
            "SOR_TPIC_NM": "tc_id_31.ihl_dev_rm.reg.tm.raw.srs.trnConsist.v2",
            "DE_META": ""
          },
          "AssetAssociated": {
            "Primary_Object_Key": "eade820dd0b431678fea625ecff01c80dd1e22f96ffe37bf6136645b5d42da08",
            "Domain_Event_Type_Key": "c7881817d6d6fabbc8c8be4c1a5310d4b02d506473e08a55032dedde16c0b3fa",
            "Association_Key": "Not Applicable",
            "Association_Type_Key": "2969646982dbc2eff78e85a376ba534762b0d65f1d128792fd898a674a64ea4b",
            "Asset_Key": "Not Applicable",
            "Asset_Type_Key": "Not Applicable",
            "Associated_Object_Key": "Not Applicable",
            "Associated_Object_Type_Key": "Not Applicable",
            "Domain_Event_Key": "65f05293f3a505f197f6c4ed76e1165bb1ae83c2cbf7b4d63b848ccb77b3aafc",
            "Correlation_Id": "0257fc82c1f611ea87250a0d13360000",
            "Client_Identification": "SRS-YIT",
            "System_Key": "caf48af09f8e479707513247ae96fd6c8f0fd7649b682952115359e1a4ebab2d",
            "Proc_Ts": "2020-07-09 15:08:13.000",
            "Proc_Ts_Tz_Dst_Cd": "105",
            "Event_Ts": "2020-07-09 15:08:13.000",
            "Event_Ts_Tz_Dst_Cd": "105"
          }
        },
        {
          "DomainEventHeader": {
            "SOR_INGT_CRT_TS": "2020-05-14T07:13:29.334-04:00",
            "SOR_TPIC_NM": "tc_id_31.ihl_dev_rm.reg.tm.raw.srs.trnConsist.v2",
            "DE_META": ""
          },
          "AssetAssociated": {
            "Primary_Object_Key": "a3f64f31b01f2d55fd995e16e050381f5826eb39c2da7a2a6d0ffb8f7bac1f9e",
            "Domain_Event_Type_Key": "8eb3e769649d98d5e896398ded3b7bdb63bdaf6d53f440f4b9a8da51e8f74f40",
            "Association_Key": "b9e51b2ce865c12591264b2a1443aac255be3c4ad20d914deb09dc222a6c887a",
            "Association_Type_Key": "2969646982dbc2eff78e85a376ba534762b0d65f1d128792fd898a674a64ea4b",
            "Asset_Key": "617151724523612db0e7ab14a01810bd0c9a8a92a81225a51928e71fbd23ea31",
            "Asset_Type_Key": "08e8d3db4a88f4048af2d4afa8e241965560177eeaa88d8f5eab57e9641c2249",
            "Associated_Object_Key": "a3f64f31b01f2d55fd995e16e050381f5826eb39c2da7a2a6d0ffb8f7bac1f9e",
            "Associated_Object_Type_Key": "533ee1768e00975f1aa57f8ae1f88de53018f3adc22d8c0d6c85e7cc73aa3a3f",
            "Domain_Event_Key": "ade01d4d744f6080435eaf747ccac6fc4c3362abff7700d90cb645a1d601d12d",
            "Correlation_Id": "51c707de950811ea8c140a0d13360001",
            "Client_Identification": "SRS-YIT",
            "System_Key": "caf48af09f8e479707513247ae96fd6c8f0fd7649b682952115359e1a4ebab2d",
            "Proc_Ts": "2020-05-13 10:25:55.000",
            "Proc_Ts_Tz_Dst_Cd": "105",
            "Event_Ts": "2020-05-13 10:25:55.000",
            "Event_Ts_Tz_Dst_Cd": "102"
          }
        },
        {
          "DomainEventHeader": {
            "SOR_INGT_CRT_TS": "2020-05-14T07:13:29.334-04:00",
            "SOR_TPIC_NM": "tc_id_31.ihl_dev_rm.reg.tm.raw.srs.trnConsist.v2",
            "DE_META": ""
          },
          "AssetAssociated": {
            "Primary_Object_Key": "a3f64f31b01f2d55fd995e16e050381f5826eb39c2da7a2a6d0ffb8f7bac1f9e",
            "Domain_Event_Type_Key": "c7881817d6d6fabbc8c8be4c1a5310d4b02d506473e08a55032dedde16c0b3fa",
            "Association_Key": "Not Applicable",
            "Association_Type_Key": "2969646982dbc2eff78e85a376ba534762b0d65f1d128792fd898a674a64ea4b",
            "Asset_Key": "Not Applicable",
            "Asset_Type_Key": "Not Applicable",
            "Associated_Object_Key": "Not Applicable",
            "Associated_Object_Type_Key": "Not Applicable",
            "Domain_Event_Key": "14aed6d055abc66748ed42a42d9e9642a76fad2c1618d5ac816c6ccadb110b56",
            "Correlation_Id": "51c707de950811ea8c140a0d13360001",
            "Client_Identification": "SRS-YIT",
            "System_Key": "caf48af09f8e479707513247ae96fd6c8f0fd7649b682952115359e1a4ebab2d",
            "Proc_Ts": "2020-05-13 10:25:55.000",
            "Proc_Ts_Tz_Dst_Cd": "105",
            "Event_Ts": "2020-05-13 10:25:55.000",
            "Event_Ts_Tz_Dst_Cd": "102"
          }
        }
      ]
    },
    {
      "name": "tc_id_31.ihl_dev_rm.reg.tm.prepared.asetAsctDsc.v1",
      "data": [
        {
          "DomainEventHeader": {
            "SOR_INGT_CRT_TS": "2020-05-14T07:13:29.334-04:00",
            "SOR_TPIC_NM": "tc_id_31.ihl_dev_rm.reg.tm.raw.srs.trnConsist.v2",
            "DE_META": ""
          },
          "AssetAssociationDescribed": {
            "Domain_Event_Type_Key": "e3b61a2ebf5b23ed3fd8ff58d88a71874f646ec36a6e49d48b10b0c9e3100d05",
            "Association_Key": "b9e51b2ce865c12591264b2a1443aac255be3c4ad20d914deb09dc222a6c887a",
            "AssociationCharacteristics": [
              {
                "Association_Characteristic_Key": "eb19b5e1800c2f315890ee1c36ff61be93524db23c1868d65c971b51e9f3a39a",
                "Characteristic_Type_Key": "b15471c6d48ed7ac98908ec48bc34eaa4cbc267bf2cc52ed6ab87287dc44f24d",
                "Characteristic_Value": "1"
              },
              {
                "Association_Characteristic_Key": "07f2da3993de02eeccd292461d80133f6f91e86f8f00c8712715fac8548600ca",
                "Characteristic_Type_Key": "cf18908878415d881a95c1eadfd31dc34f691bd017e43103fa5f1426d589d873",
                "Characteristic_Value": ""
              }
            ],
            "Primary_Object_Key": "a3f64f31b01f2d55fd995e16e050381f5826eb39c2da7a2a6d0ffb8f7bac1f9e",
            "Domain_Event_Key": "d12642c811599c34dd9792201ab5f387c4c3cbe23f4e2d51b4bd506e2f7b56e3",
            "Correlation_Id": "51c707de950811ea8c140a0d13360001",
            "Client_Identification": "SRS-YIT",
            "System_Key": "caf48af09f8e479707513247ae96fd6c8f0fd7649b682952115359e1a4ebab2d",
            "Proc_Ts": "2020-05-13 10:25:55.000",
            "Proc_Ts_Tz_Dst_Cd": "105",
            "Event_Ts": "2020-05-13 10:25:55.000",
            "Event_Ts_Tz_Dst_Cd": "102"
          }
        },
        {
          "DomainEventHeader": {
            "SOR_INGT_CRT_TS": "2020-07-09T11:08:13.368-04:00",
            "SOR_TPIC_NM": "tc_id_31.ihl_dev_rm.reg.tm.raw.srs.trnConsist.v2",
            "DE_META": ""
          },
          "AssetAssociationDescribed": {
            "Primary_Object_Key": "eade820dd0b431678fea625ecff01c80dd1e22f96ffe37bf6136645b5d42da08",
            "Domain_Event_Type_Key": "c7881817d6d6fabbc8c8be4c1a5310d4b02d506473e08a55032dedde16c0b3fa",
            "Association_Key": "",
            "AssociationCharacteristics": [
              {}
            ],
            "Domain_Event_Key": "65f05293f3a505f197f6c4ed76e1165bb1ae83c2cbf7b4d63b848ccb77b3aafc",
            "Correlation_Id": "0257fc82c1f611ea87250a0d13360000",
            "Client_Identification": "SRS-YIT",
            "System_Key": "caf48af09f8e479707513247ae96fd6c8f0fd7649b682952115359e1a4ebab2d",
            "Proc_Ts": "2020-07-09 15:08:13.000",
            "Proc_Ts_Tz_Dst_Cd": "105",
            "Event_Ts": "2020-07-09 15:08:13.000",
            "Event_Ts_Tz_Dst_Cd": "105"
          }
        },
        {
          "DomainEventHeader": {
            "SOR_INGT_CRT_TS": "2020-05-14T07:13:29.334-04:00",
            "SOR_TPIC_NM": "tc_id_31.ihl_dev_rm.reg.tm.raw.srs.trnConsist.v2",
            "DE_META": ""
          },
          "AssetAssociationDescribed": {
            "Primary_Object_Key": "a3f64f31b01f2d55fd995e16e050381f5826eb39c2da7a2a6d0ffb8f7bac1f9e",
            "Domain_Event_Type_Key": "c7881817d6d6fabbc8c8be4c1a5310d4b02d506473e08a55032dedde16c0b3fa",
            "Association_Key": "",
            "AssociationCharacteristics": [
              {}
            ],
            "Domain_Event_Key": "14aed6d055abc66748ed42a42d9e9642a76fad2c1618d5ac816c6ccadb110b56",
            "Correlation_Id": "51c707de950811ea8c140a0d13360001",
            "Client_Identification": "SRS-YIT",
            "System_Key": "caf48af09f8e479707513247ae96fd6c8f0fd7649b682952115359e1a4ebab2d",
            "Proc_Ts": "2020-05-13 10:25:55.000",
            "Proc_Ts_Tz_Dst_Cd": "105",
            "Event_Ts": "2020-05-13 10:25:55.000",
            "Event_Ts_Tz_Dst_Cd": "102"
          }
        },
        {
          "DomainEventHeader": {
            "SOR_INGT_CRT_TS": "2020-05-13T07:13:29.334-04:00",
            "SOR_TPIC_NM": "tc_id_31.ihl_dev_rm.reg.tm.raw.srs.trnConsist.v2",
            "DE_META": ""
          },
          "AssetAssociationDescribed": {
            "Domain_Event_Type_Key": "e3b61a2ebf5b23ed3fd8ff58d88a71874f646ec36a6e49d48b10b0c9e3100d05",
            "Association_Key": "b9e51b2ce865c12591264b2a1443aac255be3c4ad20d914deb09dc222a6c887a",
            "AssociationCharacteristics": [
              {
                "Association_Characteristic_Key": "eb19b5e1800c2f315890ee1c36ff61be93524db23c1868d65c971b51e9f3a39a",
                "Characteristic_Type_Key": "b15471c6d48ed7ac98908ec48bc34eaa4cbc267bf2cc52ed6ab87287dc44f24d",
                "Characteristic_Value": "1"
              },
              {
                "Association_Characteristic_Key": "07f2da3993de02eeccd292461d80133f6f91e86f8f00c8712715fac8548600ca",
                "Characteristic_Type_Key": "cf18908878415d881a95c1eadfd31dc34f691bd017e43103fa5f1426d589d873",
                "Characteristic_Value": "LN"
              }
            ],
            "Primary_Object_Key": "a3f64f31b01f2d55fd995e16e050381f5826eb39c2da7a2a6d0ffb8f7bac1f9e",
            "Domain_Event_Key": "d12642c811599c34dd9792201ab5f387c4c3cbe23f4e2d51b4bd506e2f7b56e3",
            "Correlation_Id": "50c707de950811ea8c140a0d13360001",
            "Client_Identification": "SRS-YIT",
            "System_Key": "caf48af09f8e479707513247ae96fd6c8f0fd7649b682952115359e1a4ebab2d",
            "Proc_Ts": "2020-05-13 10:25:55.000",
            "Proc_Ts_Tz_Dst_Cd": "105",
            "Event_Ts": "2020-05-13 10:25:55.000",
            "Event_Ts_Tz_Dst_Cd": "102"
          }
        },
        {
          "DomainEventHeader": {
            "SOR_INGT_CRT_TS": "2020-05-13T07:13:29.334-04:00",
            "SOR_TPIC_NM": "tc_id_31.ihl_dev_rm.reg.tm.raw.srs.trnConsist.v2",
            "DE_META": ""
          },
          "AssetAssociationDescribed": {
            "Primary_Object_Key": "a3f64f31b01f2d55fd995e16e050381f5826eb39c2da7a2a6d0ffb8f7bac1f9e",
            "Domain_Event_Type_Key": "c7881817d6d6fabbc8c8be4c1a5310d4b02d506473e08a55032dedde16c0b3fa",
            "Association_Key": "",
            "AssociationCharacteristics": [
              {}
            ],
            "Domain_Event_Key": "14aed6d055abc66748ed42a42d9e9642a76fad2c1618d5ac816c6ccadb110b56",
            "Correlation_Id": "50c707de950811ea8c140a0d13360001",
            "Client_Identification": "SRS-YIT",
            "System_Key": "caf48af09f8e479707513247ae96fd6c8f0fd7649b682952115359e1a4ebab2d",
            "Proc_Ts": "2020-05-13 10:25:55.000",
            "Proc_Ts_Tz_Dst_Cd": "105",
            "Event_Ts": "2020-05-13 10:25:55.000",
            "Event_Ts_Tz_Dst_Cd": "102"
          }
        }
      ]
    },
    {
      "name": "tc_id_31.ihl_dev_rm.reg.tm.prepared.rteErr.v1",
      "data": [
        {
          "IngestionHeader": {
            "ING_CRT_TS": "2020-05-13T06:50:30.738-04:00",
            "PRODUCT_ID": "A107 SRS-YIT",
            "UUID": null,
            "FORMAT": "JSON"
          },
          "TrainConsistMessage": {
            "HeaderSection": {
              "TMS_HDR_MESS_ID": "TRNCON  ",
              "TMS_HDR_MESS_VRSN": "001",
              "TMS_HDR_TRN_TYPE": "Q",
              "TMS_HDR_TRN_SYM": "1204",
              "TMS_HDR_TRN_SECT": "9",
              "TMS_HDR_TRN_DAY": "13",
              "TMS_HDR_TMS": "2020-05-13-10.50.30.700752",
              "TMS_HDR_SEQ_NUMB": "0011854368",
              "TMS_ACTION_CODE": "A"
            },
            "EventSection": {
              "TRN_TYPE": null,
              "TRN_SYM": null,
              "TRN_SECT": null,
              "TRN_DAY": "13",
              "TRN_SCH_DPT_DT": null,
              "EVT_STN_CARR_ABBR": "CN  ",
              "EVT_STN_FSAC_N": null,
              "EVT_STN_333": "BRAINTTER",
              "EVT_STN_ST": "ON",
              "EVT_STN_NME": "BRAMPTON INTER TERM",
              "EVT_STN_TS": null,
              "EVT_STN_SEQ_NBR": "00010",
              "EVT_STN_TIMEZONE": null,
              "PROCESS_DT": null,
              "PROCESS_TM": null,
              "PROC_DT_DL_SAVING_FLG": null,
              "EVT_DT": null,
              "EVT_TM": null,
              "EVT_DT_DL_SAVING_FLG": null,
              "EVT_CD": null,
              "EVT_ST": null,
              "SCH_DEV_CD": " ",
              "SCH_DEV_MIN": "00.00.00",
              "TRN_DISTR_POWER": "N",
              "EVT_STN_TYPE_CD": "O",
              "MSG_SOURCE": null
            },
            "LocoSection": [
              {
                "LOCO_INIT": null,
                "LOCO_NUMB": null,
                "TRN_SEQ_NUMB_N": 1,
                "LOCO_DIR_CD": "F",
                "LOCO_OP_CD": "LN",
                "LOCO_UNT_WGHT_N": 376000,
                "LOCO_WGHT_UOM": "L",
                "OS_LGTH_FT_N": 69,
                "LOCO_LEN_UOM": "F",
                "AVL_HPT_N": 16,
                "FUEL_VOL_N": 0,
                "FUEL_UNIT": "L",
                "LOCO_AXLE_CNT": "6",
                "SETOUT_CARR_ABBR": "CN  ",
                "SETOUT_STN_FSAC_N": 33273,
                "SETOUT_STN_333": "MONTASYAR",
                "SETOUT_STN_ST": "PQ",
                "SETOUT_STN_TS": "2020-05-13-02.54.55.499780",
                "SETOUT_STN_SEQ_NUMB_N": 660,
                "LOCO_AVL_HP_N": 3000,
                "LOCO_THRL_POS_ENG": "                    ",
                "LOCO_PICKUP_FLAG": "Y",
                "LOCO_SETOUT_FLAG": "N",
                "LOCO_LATE_REPORTING_FLAG": "N"
              }
            ],
            "CarSection": [
              {
                "Car": {
                  "CAR_INIT": null,
                  "CAR_NUMB": null,
                  "TRN_SEQ_NUMB_N": null,
                  "BO_CD": "  ",
                  "MECH_STAT_CD1": "  ",
                  "MECH_STAT_CD2": "  ",
                  "MECH_STAT_CD3": "  ",
                  "TRN_BLK": "     ",
                  "YD_BLK": "VITINT",
                  "SPD_RESTR_CD_N": 0,
                  "SETOUT_CARR_ABBR": "CN  ",
                  "SETOUT_STN_FSAC_N": 0,
                  "SETOUT_STN_333": "         ",
                  "SETOUT_STN_ST": "  ",
                  "SETOUT_STN_SEQ_TS": "0001-01-01-00.00.00.000000",
                  "SETOUT_STN_SEQ_NUMB_N": 0,
                  "SETOUT_TRACK": "    ",
                  "TRACK_SEQUENCE_NUMBER": "   ",
                  "PICKUP_FLAG": "Y",
                  "SETOUT_FLAG": "N",
                  "WB_ID": "2972-05-13-05.12.40.552020",
                  "WB_VRSN_N": 1,
                  "WB_NUMB_N": "      ",
                  "WB_DT": "2020-05-13",
                  "OP_CITY_CARR_ABBR": "CN  ",
                  "OP_CITY_STN_FSAC_N": 93111,
                  "OP_STN_333": "VANINTTER",
                  "OP_STN_ST": "BC",
                  "OP_RAJP": "    ",
                  "OP_ZTS": "PV03  ",
                  "STCC_NUMBER_N": 0,
                  "LOAD_EMPTY": "E",
                  "GRS_TONS_N": 26,
                  "WEIGHT_UOM": "S",
                  "OS_LGTH_FT_N": 76,
                  "OS_LGTH_FT_UOM": "F",
                  "OS_LGTH_IN_N": 6,
                  "OS_LGTH_IN_UOM": "I",
                  "AXLE_COUNT": "04",
                  "LSAM_FLG": "L",
                  "EOC_FLG": " ",
                  "CAR_RESIDUE_FLG": "N",
                  "DANG_LOAD_FLG": "N",
                  "SPL_DANG_LOAD_FLG": "N",
                  "HEAVY_AXLE_FLG": "N",
                  "DIMENSIONAL_FLG": "N",
                  "LATE_RPT_FLAG": "N",
                  "CAR_KIND": "PS3 "
                }
              }
            ],
            "TrainSummarySection": {
              "LOADED_CAR_CNT": 0,
              "EMPTY_CAR_CNT": 1,
              "WEIGHT_N": 26,
              "WEIGHT_UOM": "S",
              "LENGTH_N": 77,
              "LENGTH_UOM": "F",
              "TOT_LOCO_WGHT": 0,
              "TOT_LOCO_WGHT_UOM": "S",
              "TOT_LOCO_LEN": 0,
              "TOT_LOCO_LEN_UOM": "F",
              "AVL_HPT": "000.00",
              "EMPTY_RES_CNT": 0,
              "DIM_LOAD_CNT": 0,
              "SPEED_RESTR_CNT": 0,
              "DANG_LOAD_CNT": 0,
              "SP_DANG_LOAD_CNT": 0,
              "HEAVY_AXLE_CAR_CNT": 0,
              "CAR_AXLE_CNT": 4,
              "LOCO_AXLE_CNT": 0,
              "TONS_PER_OB": "026.00",
              "HEAVY_AXLE_PERCENT": "000.00",
              "MAX_SPD_RESTR_N": 0,
              "TOT_NBR_AVL_HP_N": 0,
              "HPTA": "0.00",
              "KEY_TRAIN_INDICATOR": "N",
              "MOST_RESTR_DIM_CD": "  ",
              "CONSIST_CHG_FLG": "Y ",
              "CURR_CONSIST_FLG": "Y ",
              "NBR_OPER_BRAK": 1,
              "TRN_CTGR_CD": "I"
            }
          },
          "LogHeader": {
            "ERROR_TO_DE": "record.IngestionHeader.UUID is NULL and record.TrainConsistMessage.EventSection.EVT_CD is NULL and record.TrainConsistMessage.EventSection.EVT_ST is NULL and record.TrainConsistMessage.EventSection.PROCESS_DT is NULL and record.TrainConsistMessage.EventSection.PROCESS_TM is NULL and record.TrainConsistMessage.EventSection.EVT_DT is NULL and record.TrainConsistMessage.EventSection.EVT_TM is NULL and record.TrainConsistMessage.EventSection.EVT_STN_TIMEZONE is NULL and record.TrainConsistMessage.EventSection.TRN_TYPE is NULL and record.TrainConsistMessage.EventSection.TRN_SYM is NULL and record.TrainConsistMessage.EventSection.TRN_SECT is NULL and record.TrainConsistMessage.EventSection.TRN_SCH_DPT_DT is NULL and record.TrainConsistMessage.EventSection.EVT_STN_TS is NULL and record.TrainConsistMessage.EventSection.EVT_STN_FSAC_N is NULL and record.TrainConsistMessage.EventSection.PROC_DT_DL_SAVING_FLG is NULL and record.TrainConsistMessage.EventSection.EVT_DT_DL_SAVING_FLG is NULL",
            "RAW_KAFKA_QUEUE_NAME": "tc_id_31.ihl_dev_rm.reg.tm.raw.srs.trnConsist.v2",
            "SPARK_JOB_NAME": "TrainConsistDomainFeed"
          }
        }
      ]
    }
  ]
}