{
  "Kafka_Output": [
    {
      "name": "tc_id_40.ihl_dev_rm.reg.tm.prepared.dhPGLogs.v1",
      "data": [
        {
          "DomainEventHeader": {
            "SOR_INGT_CRT_TS": "2020-04-05T10:48:03.968-04:00",
            "SOR_READ_TS": "2020-06-04 07:23:48.128",
            "DE_CRT_TS": "2020-06-04 11:24:04",
            "SOR_TPIC_NM": "reg.tm.raw.srs.gateEvts.v2",
            "DE_META": ""
          },
          "TransportationEventRemoved": {
            "Primary_Object_Key": "43e02a4a6633033e3c00bd75804cc33d9f2d3a596252657630f26aac4c7b926b",
            "Domain_Event_Type_Key": "a16c5ba057628866b318f709f5496a7b5e7cc21c1c098ca136e257faab49e0d8",
            "Transportation_Event_Key": "c3eabbffe6ec2ccdf81c0ba199335a18332454a841e13affd0d400cec406677c",
            "Transportation_Event_Type_Key": "39400f13998b7afa63866d1ec56a6aa9bb812868420a44ad78f046a4a52797fc",
            "Transportation_Event_Value": "Ingate",
            "Domain_Event_Key": "7583ccbd8d9917e81800ba8f977e553198f34795238cab71f6d8fe66cf8fcde7",
            "Correlation_Id": "743d1f0c774c11eabcf40a0d13360000",
            "Client_Identification": "112 1'3 1A",
            "System_Key": "ea040811b4e08ab97f7af0971223713a9dc11d6b30bcc906cd8ec7c2b0b38817",
            "Proc_Ts": "2020-04-05 14:48:03.883283",
            "Proc_Ts_Tz_Dst_Cd": "100",
            "Event_Ts": "2020-04-05 14:47:01.000",
            "Event_Ts_Tz_Dst_Cd": "109"
          },
          "LogHeader": {
            "ERROR_TO_DE": "ERROR: duplicate key value violates unique constraint xak1transportation_event_domain_event Detail: Key domn_evt_key sor_proc_ts x37353833636362643864393931376538313830306261386639373765353533313938663334373935323338636162373166366438666536366366386663646537 2020 04 05 14:48:03.883283 already exists.",
            "RAW_KAFKA_QUEUE_NAME": "tc_id_40.ihl_dev_rm.reg.tm.prepared.trspEvtRmv.v1",
            "SPARK_JOB_NAME": "TransportationEventRemovedLoad"
          }
        }
      ]
    }
  ],
  "PostgreSQL_Output": [
    {
      "name": "dh_trsp_evt_domn_evt",
      "data": [
        {
          "domn_evt_key": "7583ccbd8d9917e81800ba8f977e553198f34795238cab71f6d8fe66cf8fcde7",
          "domn_evt_type_key": "a16c5ba057628866b318f709f5496a7b5e7cc21c1c098ca136e257faab49e0d8",
          "trsp_evt_key": "c3eabbffe6ec2ccdf81c0ba199335a18332454a841e13affd0d400cec406677c",
          "trsp_evt_type_key": "39400f13998b7afa63866d1ec56a6aa9bb812868420a44ad78f046a4a52797fc",
          "trsp_evt_val": "Ingate",
          "sor_crlt_id": "743d1f0c774c11eabcf40a0d13360000",
          "sys_key": "ea040811b4e08ab97f7af0971223713a9dc11d6b30bcc906cd8ec7c2b0b38817",
          "clnt_id": "112 1'3 1A",
          "sor_proc_ts": "2020-04-05 14:48:03.883283",
          "sor_evt_ts": "2020-04-05 14:47:01",
          "sor_ingt_crt_ts": "2020-04-05 14:48:03.968000",
          "sor_read_ts": "2020-06-04 07:23:48.128000",
          "domn_evt_crt_ts": "2020-06-04 11:24:04",
          "sor_tpic_nm": "reg.tm.raw.srs.gateEvts.v2",
          "domn_evt_meta": "",
          "sor_evt_ts_tz_dst_cd": 109,
          "sor_proc_ts_tz_dst_cd": 100,
          "prim_obj_key": "43e02a4a6633033e3c00bd75804cc33d9f2d3a596252657630f26aac4c7b926b"
        }
      ]
    },
    {
      "name": "dh_trsp_evt",
      "data": [
        {
          "trsp_evt_key": "c3eabbffe6ec2ccdf81c0ba199335a18332454a841e13affd0d400cec406677c",
          "trsp_evt_type_key": "39400f13998b7afa63866d1ec56a6aa9bb812868420a44ad78f046a4a52797fc",
          "trsp_evt_val": "Ingate",
          "act_stus_ind": 0,
          "sor_crlt_id": "743d1f0c774c11eabcf40a0d13360000",
          "sys_key": "ea040811b4e08ab97f7af0971223713a9dc11d6b30bcc906cd8ec7c2b0b38817",
          "rpt_clnt_id": null,
          "rpt_sor_proc_ts": null,
          "sor_evt_ts": "2020-04-05 14:47:01",
          "rmv_clnt_id": "112 1'3 1A",
          "rmv_sor_proc_ts": "2020-04-05 14:48:03.883283",
          "sor_ingt_crt_ts": "2020-04-05 14:48:03.968000",
          "sor_read_ts": "2020-06-04 07:23:48.128000",
          "domn_evt_crt_ts": "2020-06-04 11:24:04",
          "sor_tpic_nm": "reg.tm.raw.srs.gateEvts.v2",
          "domn_evt_meta": "",
          "prim_obj_key": "43e02a4a6633033e3c00bd75804cc33d9f2d3a596252657630f26aac4c7b926b",
          "sor_evt_ts_tz_dst_cd": 109,
          "sor_proc_ts_tz_dst_cd": 100
        }
      ]
    }
  ]
}