{
  "Kafka_Output": [
    {
      "name": "tc_id_35.ihl_dev_rm.reg.tm.prepared.dhPGLogs.v1",
      "data": [
        {
          "DomainEventHeader": {
            "SOR_INGT_CRT_TS": "2020-05-07T13:12:46.618-04:00",
            "SOR_READ_TS": "2020-05-13 17:55:00.566",
            "DE_CRT_TS": "2020-05-13 17:55:04",
            "SOR_TPIC_NM": "reg.tm.raw.srs.gateEvts.v2",
            "DE_META": ""
          },
          "TransportationEventReported": {
            "Primary_Object_Key": "43e02a4a6633033e3c00bd75804cc33d9f2d3a596252657630f26aac4c7b926b",
            "Domain_Event_Type_Key": "e3b61a2ebf5b23ed3fd8ff58d88a71874f646ec36a6e49d48b10b0c9e3100d05",
            "Transportation_Event_Key": "209aa74b4795de2da11be0446c4186b01959723f6f952ecb74b623504c9aa7b2",
            "Transportation_Event_Type_Key": "39400f13998b7afa63866d1ec56a6aa9bb812868420a44ad78f046a4a52797fc",
            "Transportation_Event_Value": "Ingate",
            "Domain_Event_Key": "dcdb2a6258c83372b0085679e9090b980d0d04d364ac6c77d972459397bf5928",
            "Correlation_Id": "f8b90834908511eaba540a0d13360000",
            "Client_Identification": "112 1'3 1A",
            "System_Key": "ea040811b4e08ab97f7af0971223713a9dc11d6b30bcc906cd8ec7c2b0b38817",
            "Proc_Ts": "2020-02-09 15:04:58.680926",
            "Proc_Ts_Tz_Dst_Cd": "100",
            "Event_Ts": "2020-02-09 15:04:58.680926",
            "Event_Ts_Tz_Dst_Cd": "100"
          },
          "LogHeader": {
            "ERROR_TO_DE": "ERROR: duplicate key value violates unique constraint xak1transportation_event_domain_event Detail: Key domn_evt_key sor_proc_ts x64636462326136323538633833333732623030383536373965393039306239383064306430346433363461633663373764393732343539333937626635393238 2020 02 09 15:04:58.680926 already exists.",
            "RAW_KAFKA_QUEUE_NAME": "tc_id_35.ihl_dev_rm.reg.tm.prepared.trspEvtRpt.v1",
            "SPARK_JOB_NAME": "TransportationReportedLoad"
          }
        }
      ]
    }
  ],
  "PostgreSQL_Output": [
    {
      "name": "dh_trsp_evt_domn_evt",
      "data": [
        {
          "domn_evt_key": "dcdb2a6258c83372b0085679e9090b980d0d04d364ac6c77d972459397bf5928",
          "domn_evt_type_key": "e3b61a2ebf5b23ed3fd8ff58d88a71874f646ec36a6e49d48b10b0c9e3100d05",
          "trsp_evt_key": "209aa74b4795de2da11be0446c4186b01959723f6f952ecb74b623504c9aa7b2",
          "trsp_evt_type_key": "39400f13998b7afa63866d1ec56a6aa9bb812868420a44ad78f046a4a52797fc",
          "trsp_evt_val": "Ingate",
          "sor_crlt_id": "f8b90834908511eaba540a0d13360000",
          "sys_key": "ea040811b4e08ab97f7af0971223713a9dc11d6b30bcc906cd8ec7c2b0b38817",
          "clnt_id": "112 1'3 1A",
          "sor_proc_ts": "2020-02-09 15:04:58.680926",
          "sor_evt_ts": "2020-02-09 15:04:58.680926",
          "sor_ingt_crt_ts": "2020-05-07 17:12:46.618000",
          "sor_read_ts": "2020-05-13 17:55:00.566000",
          "domn_evt_crt_ts": "2020-05-13 17:55:04",
          "sor_tpic_nm": "reg.tm.raw.srs.gateEvts.v2",
          "domn_evt_meta": "",
          "sor_evt_ts_tz_dst_cd": 100,
          "sor_proc_ts_tz_dst_cd": 100,
          "prim_obj_key": "43e02a4a6633033e3c00bd75804cc33d9f2d3a596252657630f26aac4c7b926b"
        }
      ]
    },
    {
      "name": "dh_trsp_evt",
      "data": [
        {
          "trsp_evt_key": "209aa74b4795de2da11be0446c4186b01959723f6f952ecb74b623504c9aa7b2",
          "trsp_evt_type_key": "39400f13998b7afa63866d1ec56a6aa9bb812868420a44ad78f046a4a52797fc",
          "trsp_evt_val": "Ingate",
          "act_stus_ind": 1,
          "sor_crlt_id": "f8b90834908511eaba540a0d13360000",
          "sys_key": "ea040811b4e08ab97f7af0971223713a9dc11d6b30bcc906cd8ec7c2b0b38817",
          "rpt_clnt_id": "112 1'3 1A",
          "rpt_sor_proc_ts": "2020-02-09 15:04:58.680926",
          "sor_evt_ts": "2020-02-09 15:04:58.680926",
          "rmv_clnt_id": null,
          "rmv_sor_proc_ts": null,
          "sor_ingt_crt_ts": "2020-05-07 17:12:46.618000",
          "sor_read_ts": "2020-05-13 17:55:00.566000",
          "domn_evt_crt_ts": "2020-05-13 17:55:04",
          "sor_tpic_nm": "reg.tm.raw.srs.gateEvts.v2",
          "domn_evt_meta": "",
          "prim_obj_key": "43e02a4a6633033e3c00bd75804cc33d9f2d3a596252657630f26aac4c7b926b",
          "sor_evt_ts_tz_dst_cd": 100,
          "sor_proc_ts_tz_dst_cd": 100
        }
      ]
    }
  ]
}