{
  "Kafka_Output": [
    {
      "name": "tc_id_34.ihl_dev_rm.reg.tm.prepared.dhPGLogs.v1",
      "data": [
        {
          "DomainEventHeader": {
            "SOR_INGT_CRT_TS": "2020-05-07T13:31:42.046-04:00",
            "SOR_READ_TS": "2020-05-13 17:55:00.566",
            "DE_CRT_TS": "2020-05-13 17:55:06",
            "SOR_TPIC_NM": "reg.tm.raw.srs.gateEvts.v2",
            "DE_META": ""
          },
          "TransportationEventDescribed": {
            "Primary_Object_Key": "43e02a4a6633033e3c00bd75804cc33d9f2d3a596252657630f26aac4c7b926b",
            "Domain_Event_Type_Key": "e3b61a2ebf5b23ed3fd8ff58d88a71874f646ec36a6e49d48b10b0c9e3100d05",
            "Transportation_Event_Key": "3621bc1c8e22e7133f3e6bef894812b8a5fbc1e24f6f36ab9de0e404d7840007",
            "TransportationEventCharacteristics": [
              {
                "Transportation_Event_Characteristic_Key": "a9ce167215301e4d6bbffa980005a4fe6bbd8d57449d3146598b76e871e4267f",
                "Characteristic_Type_Key": "4ad95d606bc09078d5afe687ceeed40922882091d5217ca5ad6db6830ab0ffd5",
                "Characteristic_Value": "IG"
              },
              {
                "Transportation_Event_Characteristic_Key": "320142d0595a8936392b26769e11cae531eccc6f640e1843d3ca38998761597d",
                "Characteristic_Type_Key": "be13cce607c7f6625ee06a56c916957daa6823c9ca1481d7ddd36d224929c84b",
                "Characteristic_Value": "OW"
              },
              {
                "Transportation_Event_Characteristic_Key": "e66ba7b8bd5cde5889a49e5e6401723786b1a79d4c3b5d182da12852a5030c66",
                "Characteristic_Type_Key": "4505fc6a790815abebdd9f1dde52249744102df52c6b95c9d319d6ed52310ec9",
                "Characteristic_Value": "0000663421"
              },
              {
                "Transportation_Event_Characteristic_Key": "2717107ddd7abc20b85fd41baf824fa39dc2534655132af8496d692290ba70f0",
                "Characteristic_Type_Key": "60ddfa81716be5e99f7b4d6d363d1d22a27c20fce102a0771dbfaa230fd3270a",
                "Characteristic_Value": "100286"
              }
            ],
            "Domain_Event_Key": "d3cc9d460afdb1ac07e6e79fa3d10df52918bf59e385f2ab10a3bb79bb0d6df7",
            "Correlation_Id": "9d7d98b0908811eaba540a0d13360000",
            "Client_Identification": "112 1'3 1A",
            "System_Key": "ea040811b4e08ab97f7af0971223713a9dc11d6b30bcc906cd8ec7c2b0b38817",
            "Proc_Ts": "2020-02-09 15:04:58.680926",
            "Proc_Ts_Tz_Dst_Cd": "100",
            "Event_Ts": "2020-02-09 15:04:58.680926",
            "Event_Ts_Tz_Dst_Cd": "100"
          },
          "LogHeader": {
            "ERROR_TO_DE": "ERROR: duplicate key value violates unique constraint xak1transportation_event_characteristic_domain_event Detail: Key domn_evt_key trsp_evt_char_key sor_proc_ts x64336363396434363061666462316163303765366537396661336431306466353239313862663539653338356632616231306133626237396262306436646637 x65363662613762386264356364653538383961343965356536343031373233373836623161373964346333623564313832646131323835326135303330633636 2020 02 09 15:04:58.680926 already exists.",
            "RAW_KAFKA_QUEUE_NAME": "tc_id_34.ihl_dev_rm.reg.tm.prepared.trspEvtDsc.v1",
            "SPARK_JOB_NAME": "TransportationEventDescribedLoad"
          }
        },
        {
          "DomainEventHeader": {
            "SOR_INGT_CRT_TS": "2020-05-07T13:31:42.046-04:00",
            "SOR_READ_TS": "2020-05-13 17:55:00.566",
            "DE_CRT_TS": "2020-05-13 17:55:06",
            "SOR_TPIC_NM": "reg.tm.raw.srs.gateEvts.v2",
            "DE_META": ""
          },
          "TransportationEventDescribed": {
            "Primary_Object_Key": "43e02a4a6633033e3c00bd75804cc33d9f2d3a596252657630f26aac4c7b926b",
            "Domain_Event_Type_Key": "e3b61a2ebf5b23ed3fd8ff58d88a71874f646ec36a6e49d48b10b0c9e3100d05",
            "Transportation_Event_Key": "3621bc1c8e22e7133f3e6bef894812b8a5fbc1e24f6f36ab9de0e404d7840007",
            "TransportationEventCharacteristics": [
              {
                "Transportation_Event_Characteristic_Key": "a9ce167215301e4d6bbffa980005a4fe6bbd8d57449d3146598b76e871e4267f",
                "Characteristic_Type_Key": "4ad95d606bc09078d5afe687ceeed40922882091d5217ca5ad6db6830ab0ffd5",
                "Characteristic_Value": "IG"
              },
              {
                "Transportation_Event_Characteristic_Key": "320142d0595a8936392b26769e11cae531eccc6f640e1843d3ca38998761597d",
                "Characteristic_Type_Key": "be13cce607c7f6625ee06a56c916957daa6823c9ca1481d7ddd36d224929c84b",
                "Characteristic_Value": "OW"
              },
              {
                "Transportation_Event_Characteristic_Key": "e66ba7b8bd5cde5889a49e5e6401723786b1a79d4c3b5d182da12852a5030c66",
                "Characteristic_Type_Key": "4505fc6a790815abebdd9f1dde52249744102df52c6b95c9d319d6ed52310ec9",
                "Characteristic_Value": "0000663421"
              },
              {
                "Transportation_Event_Characteristic_Key": "2717107ddd7abc20b85fd41baf824fa39dc2534655132af8496d692290ba70f0",
                "Characteristic_Type_Key": "60ddfa81716be5e99f7b4d6d363d1d22a27c20fce102a0771dbfaa230fd3270a",
                "Characteristic_Value": "100286"
              }
            ],
            "Domain_Event_Key": "d3cc9d460afdb1ac07e6e79fa3d10df52918bf59e385f2ab10a3bb79bb0d6df7",
            "Correlation_Id": "9d7d98b0908811eaba540a0d13360000",
            "Client_Identification": "112 1'3 1A",
            "System_Key": "ea040811b4e08ab97f7af0971223713a9dc11d6b30bcc906cd8ec7c2b0b38817",
            "Proc_Ts": "2020-02-09 15:04:58.680926",
            "Proc_Ts_Tz_Dst_Cd": "100",
            "Event_Ts": "2020-02-09 15:04:58.680926",
            "Event_Ts_Tz_Dst_Cd": "100"
          },
          "LogHeader": {
            "ERROR_TO_DE": "ERROR: duplicate key value violates unique constraint xak1transportation_event_characteristic_domain_event Detail: Key domn_evt_key trsp_evt_char_key sor_proc_ts x64336363396434363061666462316163303765366537396661336431306466353239313862663539653338356632616231306133626237396262306436646637 x33323031343264303539356138393336333932623236373639653131636165353331656363633666363430653138343364336361333839393837363135393764 2020 02 09 15:04:58.680926 already exists.",
            "RAW_KAFKA_QUEUE_NAME": "tc_id_34.ihl_dev_rm.reg.tm.prepared.trspEvtDsc.v1",
            "SPARK_JOB_NAME": "TransportationEventDescribedLoad"
          }
        },
        {
          "DomainEventHeader": {
            "SOR_INGT_CRT_TS": "2020-05-07T13:31:42.046-04:00",
            "SOR_READ_TS": "2020-05-13 17:55:00.566",
            "DE_CRT_TS": "2020-05-13 17:55:06",
            "SOR_TPIC_NM": "reg.tm.raw.srs.gateEvts.v2",
            "DE_META": ""
          },
          "TransportationEventDescribed": {
            "Primary_Object_Key": "43e02a4a6633033e3c00bd75804cc33d9f2d3a596252657630f26aac4c7b926b",
            "Domain_Event_Type_Key": "e3b61a2ebf5b23ed3fd8ff58d88a71874f646ec36a6e49d48b10b0c9e3100d05",
            "Transportation_Event_Key": "3621bc1c8e22e7133f3e6bef894812b8a5fbc1e24f6f36ab9de0e404d7840007",
            "TransportationEventCharacteristics": [
              {
                "Transportation_Event_Characteristic_Key": "a9ce167215301e4d6bbffa980005a4fe6bbd8d57449d3146598b76e871e4267f",
                "Characteristic_Type_Key": "4ad95d606bc09078d5afe687ceeed40922882091d5217ca5ad6db6830ab0ffd5",
                "Characteristic_Value": "IG"
              },
              {
                "Transportation_Event_Characteristic_Key": "320142d0595a8936392b26769e11cae531eccc6f640e1843d3ca38998761597d",
                "Characteristic_Type_Key": "be13cce607c7f6625ee06a56c916957daa6823c9ca1481d7ddd36d224929c84b",
                "Characteristic_Value": "OW"
              },
              {
                "Transportation_Event_Characteristic_Key": "e66ba7b8bd5cde5889a49e5e6401723786b1a79d4c3b5d182da12852a5030c66",
                "Characteristic_Type_Key": "4505fc6a790815abebdd9f1dde52249744102df52c6b95c9d319d6ed52310ec9",
                "Characteristic_Value": "0000663421"
              },
              {
                "Transportation_Event_Characteristic_Key": "2717107ddd7abc20b85fd41baf824fa39dc2534655132af8496d692290ba70f0",
                "Characteristic_Type_Key": "60ddfa81716be5e99f7b4d6d363d1d22a27c20fce102a0771dbfaa230fd3270a",
                "Characteristic_Value": "100286"
              }
            ],
            "Domain_Event_Key": "d3cc9d460afdb1ac07e6e79fa3d10df52918bf59e385f2ab10a3bb79bb0d6df7",
            "Correlation_Id": "9d7d98b0908811eaba540a0d13360000",
            "Client_Identification": "112 1'3 1A",
            "System_Key": "ea040811b4e08ab97f7af0971223713a9dc11d6b30bcc906cd8ec7c2b0b38817",
            "Proc_Ts": "2020-02-09 15:04:58.680926",
            "Proc_Ts_Tz_Dst_Cd": "100",
            "Event_Ts": "2020-02-09 15:04:58.680926",
            "Event_Ts_Tz_Dst_Cd": "100"
          },
          "LogHeader": {
            "ERROR_TO_DE": "ERROR: duplicate key value violates unique constraint xak1transportation_event_characteristic_domain_event Detail: Key domn_evt_key trsp_evt_char_key sor_proc_ts x64336363396434363061666462316163303765366537396661336431306466353239313862663539653338356632616231306133626237396262306436646637 x61396365313637323135333031653464366262666661393830303035613466653662626438643537343439643331343635393862373665383731653432363766 2020 02 09 15:04:58.680926 already exists.",
            "RAW_KAFKA_QUEUE_NAME": "tc_id_34.ihl_dev_rm.reg.tm.prepared.trspEvtDsc.v1",
            "SPARK_JOB_NAME": "TransportationEventDescribedLoad"
          }
        },
        {
          "DomainEventHeader": {
            "SOR_INGT_CRT_TS": "2020-05-07T13:31:42.046-04:00",
            "SOR_READ_TS": "2020-05-13 17:55:00.566",
            "DE_CRT_TS": "2020-05-13 17:55:06",
            "SOR_TPIC_NM": "reg.tm.raw.srs.gateEvts.v2",
            "DE_META": ""
          },
          "TransportationEventDescribed": {
            "Primary_Object_Key": "43e02a4a6633033e3c00bd75804cc33d9f2d3a596252657630f26aac4c7b926b",
            "Domain_Event_Type_Key": "e3b61a2ebf5b23ed3fd8ff58d88a71874f646ec36a6e49d48b10b0c9e3100d05",
            "Transportation_Event_Key": "3621bc1c8e22e7133f3e6bef894812b8a5fbc1e24f6f36ab9de0e404d7840007",
            "TransportationEventCharacteristics": [
              {
                "Transportation_Event_Characteristic_Key": "a9ce167215301e4d6bbffa980005a4fe6bbd8d57449d3146598b76e871e4267f",
                "Characteristic_Type_Key": "4ad95d606bc09078d5afe687ceeed40922882091d5217ca5ad6db6830ab0ffd5",
                "Characteristic_Value": "IG"
              },
              {
                "Transportation_Event_Characteristic_Key": "320142d0595a8936392b26769e11cae531eccc6f640e1843d3ca38998761597d",
                "Characteristic_Type_Key": "be13cce607c7f6625ee06a56c916957daa6823c9ca1481d7ddd36d224929c84b",
                "Characteristic_Value": "OW"
              },
              {
                "Transportation_Event_Characteristic_Key": "e66ba7b8bd5cde5889a49e5e6401723786b1a79d4c3b5d182da12852a5030c66",
                "Characteristic_Type_Key": "4505fc6a790815abebdd9f1dde52249744102df52c6b95c9d319d6ed52310ec9",
                "Characteristic_Value": "0000663421"
              },
              {
                "Transportation_Event_Characteristic_Key": "2717107ddd7abc20b85fd41baf824fa39dc2534655132af8496d692290ba70f0",
                "Characteristic_Type_Key": "60ddfa81716be5e99f7b4d6d363d1d22a27c20fce102a0771dbfaa230fd3270a",
                "Characteristic_Value": "100286"
              }
            ],
            "Domain_Event_Key": "d3cc9d460afdb1ac07e6e79fa3d10df52918bf59e385f2ab10a3bb79bb0d6df7",
            "Correlation_Id": "9d7d98b0908811eaba540a0d13360000",
            "Client_Identification": "112 1'3 1A",
            "System_Key": "ea040811b4e08ab97f7af0971223713a9dc11d6b30bcc906cd8ec7c2b0b38817",
            "Proc_Ts": "2020-02-09 15:04:58.680926",
            "Proc_Ts_Tz_Dst_Cd": "100",
            "Event_Ts": "2020-02-09 15:04:58.680926",
            "Event_Ts_Tz_Dst_Cd": "100"
          },
          "LogHeader": {
            "ERROR_TO_DE": "ERROR: duplicate key value violates unique constraint xak1transportation_event_characteristic_domain_event Detail: Key domn_evt_key trsp_evt_char_key sor_proc_ts x64336363396434363061666462316163303765366537396661336431306466353239313862663539653338356632616231306133626237396262306436646637 x32373137313037646464376162633230623835666434316261663832346661333964633235333436353531333261663834393664363932323930626137306630 2020 02 09 15:04:58.680926 already exists.",
            "RAW_KAFKA_QUEUE_NAME": "tc_id_34.ihl_dev_rm.reg.tm.prepared.trspEvtDsc.v1",
            "SPARK_JOB_NAME": "TransportationEventDescribedLoad"
          }
        }
      ]
    }
  ],
  "PostgreSQL_Output": [
    {
      "name": "dh_trsp_evt_char_domn_evt",
      "data": [
        {
          "domn_evt_key": "d3cc9d460afdb1ac07e6e79fa3d10df52918bf59e385f2ab10a3bb79bb0d6df7",
          "trsp_evt_char_key": "a9ce167215301e4d6bbffa980005a4fe6bbd8d57449d3146598b76e871e4267f",
          "domn_evt_type_key": "e3b61a2ebf5b23ed3fd8ff58d88a71874f646ec36a6e49d48b10b0c9e3100d05",
          "trsp_evt_key": "3621bc1c8e22e7133f3e6bef894812b8a5fbc1e24f6f36ab9de0e404d7840007",
          "char_type_key": "4ad95d606bc09078d5afe687ceeed40922882091d5217ca5ad6db6830ab0ffd5",
          "char_val": "IG",
          "sor_crlt_id": "9d7d98b0908811eaba540a0d13360000",
          "sys_key": "ea040811b4e08ab97f7af0971223713a9dc11d6b30bcc906cd8ec7c2b0b38817",
          "clnt_id": "112 1'3 1A",
          "sor_proc_ts": "2020-02-09 15:04:58.680926",
          "sor_evt_ts": "2020-02-09 15:04:58.680926",
          "sor_ingt_crt_ts": "2020-05-07 17:31:42.046000",
          "sor_read_ts": "2020-05-13 17:55:00.566000",
          "domn_evt_crt_ts": "2020-05-13 17:55:06",
          "sor_tpic_nm": "reg.tm.raw.srs.gateEvts.v2",
          "domn_evt_meta": "",
          "sor_evt_ts_tz_dst_cd": 100,
          "sor_proc_ts_tz_dst_cd": 100,
          "prim_obj_key": "43e02a4a6633033e3c00bd75804cc33d9f2d3a596252657630f26aac4c7b926b"
        },
        {
          "domn_evt_key": "d3cc9d460afdb1ac07e6e79fa3d10df52918bf59e385f2ab10a3bb79bb0d6df7",
          "trsp_evt_char_key": "320142d0595a8936392b26769e11cae531eccc6f640e1843d3ca38998761597d",
          "domn_evt_type_key": "e3b61a2ebf5b23ed3fd8ff58d88a71874f646ec36a6e49d48b10b0c9e3100d05",
          "trsp_evt_key": "3621bc1c8e22e7133f3e6bef894812b8a5fbc1e24f6f36ab9de0e404d7840007",
          "char_type_key": "be13cce607c7f6625ee06a56c916957daa6823c9ca1481d7ddd36d224929c84b",
          "char_val": "OW",
          "sor_crlt_id": "9d7d98b0908811eaba540a0d13360000",
          "sys_key": "ea040811b4e08ab97f7af0971223713a9dc11d6b30bcc906cd8ec7c2b0b38817",
          "clnt_id": "112 1'3 1A",
          "sor_proc_ts": "2020-02-09 15:04:58.680926",
          "sor_evt_ts": "2020-02-09 15:04:58.680926",
          "sor_ingt_crt_ts": "2020-05-07 17:31:42.046000",
          "sor_read_ts": "2020-05-13 17:55:00.566000",
          "domn_evt_crt_ts": "2020-05-13 17:55:06",
          "sor_tpic_nm": "reg.tm.raw.srs.gateEvts.v2",
          "domn_evt_meta": "",
          "sor_evt_ts_tz_dst_cd": 100,
          "sor_proc_ts_tz_dst_cd": 100,
          "prim_obj_key": "43e02a4a6633033e3c00bd75804cc33d9f2d3a596252657630f26aac4c7b926b"
        },
        {
          "domn_evt_key": "d3cc9d460afdb1ac07e6e79fa3d10df52918bf59e385f2ab10a3bb79bb0d6df7",
          "trsp_evt_char_key": "e66ba7b8bd5cde5889a49e5e6401723786b1a79d4c3b5d182da12852a5030c66",
          "domn_evt_type_key": "e3b61a2ebf5b23ed3fd8ff58d88a71874f646ec36a6e49d48b10b0c9e3100d05",
          "trsp_evt_key": "3621bc1c8e22e7133f3e6bef894812b8a5fbc1e24f6f36ab9de0e404d7840007",
          "char_type_key": "4505fc6a790815abebdd9f1dde52249744102df52c6b95c9d319d6ed52310ec9",
          "char_val": "0000663421",
          "sor_crlt_id": "9d7d98b0908811eaba540a0d13360000",
          "sys_key": "ea040811b4e08ab97f7af0971223713a9dc11d6b30bcc906cd8ec7c2b0b38817",
          "clnt_id": "112 1'3 1A",
          "sor_proc_ts": "2020-02-09 15:04:58.680926",
          "sor_evt_ts": "2020-02-09 15:04:58.680926",
          "sor_ingt_crt_ts": "2020-05-07 17:31:42.046000",
          "sor_read_ts": "2020-05-13 17:55:00.566000",
          "domn_evt_crt_ts": "2020-05-13 17:55:06",
          "sor_tpic_nm": "reg.tm.raw.srs.gateEvts.v2",
          "domn_evt_meta": "",
          "sor_evt_ts_tz_dst_cd": 100,
          "sor_proc_ts_tz_dst_cd": 100,
          "prim_obj_key": "43e02a4a6633033e3c00bd75804cc33d9f2d3a596252657630f26aac4c7b926b"
        },
        {
          "domn_evt_key": "d3cc9d460afdb1ac07e6e79fa3d10df52918bf59e385f2ab10a3bb79bb0d6df7",
          "trsp_evt_char_key": "2717107ddd7abc20b85fd41baf824fa39dc2534655132af8496d692290ba70f0",
          "domn_evt_type_key": "e3b61a2ebf5b23ed3fd8ff58d88a71874f646ec36a6e49d48b10b0c9e3100d05",
          "trsp_evt_key": "3621bc1c8e22e7133f3e6bef894812b8a5fbc1e24f6f36ab9de0e404d7840007",
          "char_type_key": "60ddfa81716be5e99f7b4d6d363d1d22a27c20fce102a0771dbfaa230fd3270a",
          "char_val": "100286",
          "sor_crlt_id": "9d7d98b0908811eaba540a0d13360000",
          "sys_key": "ea040811b4e08ab97f7af0971223713a9dc11d6b30bcc906cd8ec7c2b0b38817",
          "clnt_id": "112 1'3 1A",
          "sor_proc_ts": "2020-02-09 15:04:58.680926",
          "sor_evt_ts": "2020-02-09 15:04:58.680926",
          "sor_ingt_crt_ts": "2020-05-07 17:31:42.046000",
          "sor_read_ts": "2020-05-13 17:55:00.566000",
          "domn_evt_crt_ts": "2020-05-13 17:55:06",
          "sor_tpic_nm": "reg.tm.raw.srs.gateEvts.v2",
          "domn_evt_meta": "",
          "sor_evt_ts_tz_dst_cd": 100,
          "sor_proc_ts_tz_dst_cd": 100,
          "prim_obj_key": "43e02a4a6633033e3c00bd75804cc33d9f2d3a596252657630f26aac4c7b926b"
        }
      ]
    },
    {
      "name": "dh_trsp_evt_char",
      "data": [
        {
          "trsp_evt_key": "3621bc1c8e22e7133f3e6bef894812b8a5fbc1e24f6f36ab9de0e404d7840007",
          "char_type_key": "4ad95d606bc09078d5afe687ceeed40922882091d5217ca5ad6db6830ab0ffd5",
          "char_val": "IG",
          "act_stus_ind": 1,
          "sor_crlt_id": "9d7d98b0908811eaba540a0d13360000",
          "sys_key": "ea040811b4e08ab97f7af0971223713a9dc11d6b30bcc906cd8ec7c2b0b38817",
          "rpt_clnt_id": "112 1'3 1A",
          "rpt_sor_proc_ts": "2020-02-09 15:04:58.680926",
          "sor_evt_ts": "2020-02-09 15:04:58.680926",
          "rmv_clnt_id": null,
          "rmv_sor_proc_ts": null,
          "sor_ingt_crt_ts": "2020-05-07 13:31:42.046000",
          "sor_read_ts": "2020-05-13 17:55:00.566000",
          "domn_evt_crt_ts": "2020-05-13 17:55:06",
          "sor_tpic_nm": "reg.tm.raw.srs.gateEvts.v2",
          "domn_evt_meta": "",
          "prim_obj_key": "43e02a4a6633033e3c00bd75804cc33d9f2d3a596252657630f26aac4c7b926b",
          "sor_evt_ts_tz_dst_cd": 100,
          "sor_proc_ts_tz_dst_cd": 100
        },
        {
          "trsp_evt_key": "3621bc1c8e22e7133f3e6bef894812b8a5fbc1e24f6f36ab9de0e404d7840007",
          "char_type_key": "be13cce607c7f6625ee06a56c916957daa6823c9ca1481d7ddd36d224929c84b",
          "char_val": "OW",
          "act_stus_ind": 1,
          "sor_crlt_id": "9d7d98b0908811eaba540a0d13360000",
          "sys_key": "ea040811b4e08ab97f7af0971223713a9dc11d6b30bcc906cd8ec7c2b0b38817",
          "rpt_clnt_id": "112 1'3 1A",
          "rpt_sor_proc_ts": "2020-02-09 15:04:58.680926",
          "sor_evt_ts": "2020-02-09 15:04:58.680926",
          "rmv_clnt_id": null,
          "rmv_sor_proc_ts": null,
          "sor_ingt_crt_ts": "2020-05-07 13:31:42.046000",
          "sor_read_ts": "2020-05-13 17:55:00.566000",
          "domn_evt_crt_ts": "2020-05-13 17:55:06",
          "sor_tpic_nm": "reg.tm.raw.srs.gateEvts.v2",
          "domn_evt_meta": "",
          "prim_obj_key": "43e02a4a6633033e3c00bd75804cc33d9f2d3a596252657630f26aac4c7b926b",
          "sor_evt_ts_tz_dst_cd": 100,
          "sor_proc_ts_tz_dst_cd": 100
        },
        {
          "trsp_evt_key": "3621bc1c8e22e7133f3e6bef894812b8a5fbc1e24f6f36ab9de0e404d7840007",
          "char_type_key": "4505fc6a790815abebdd9f1dde52249744102df52c6b95c9d319d6ed52310ec9",
          "char_val": "0000663421",
          "act_stus_ind": 1,
          "sor_crlt_id": "9d7d98b0908811eaba540a0d13360000",
          "sys_key": "ea040811b4e08ab97f7af0971223713a9dc11d6b30bcc906cd8ec7c2b0b38817",
          "rpt_clnt_id": "112 1'3 1A",
          "rpt_sor_proc_ts": "2020-02-09 15:04:58.680926",
          "sor_evt_ts": "2020-02-09 15:04:58.680926",
          "rmv_clnt_id": null,
          "rmv_sor_proc_ts": null,
          "sor_ingt_crt_ts": "2020-05-07 13:31:42.046000",
          "sor_read_ts": "2020-05-13 17:55:00.566000",
          "domn_evt_crt_ts": "2020-05-13 17:55:06",
          "sor_tpic_nm": "reg.tm.raw.srs.gateEvts.v2",
          "domn_evt_meta": "",
          "prim_obj_key": "43e02a4a6633033e3c00bd75804cc33d9f2d3a596252657630f26aac4c7b926b",
          "sor_evt_ts_tz_dst_cd": 100,
          "sor_proc_ts_tz_dst_cd": 100
        },
        {
          "trsp_evt_key": "3621bc1c8e22e7133f3e6bef894812b8a5fbc1e24f6f36ab9de0e404d7840007",
          "char_type_key": "60ddfa81716be5e99f7b4d6d363d1d22a27c20fce102a0771dbfaa230fd3270a",
          "char_val": "100286",
          "act_stus_ind": 1,
          "sor_crlt_id": "9d7d98b0908811eaba540a0d13360000",
          "sys_key": "ea040811b4e08ab97f7af0971223713a9dc11d6b30bcc906cd8ec7c2b0b38817",
          "rpt_clnt_id": "112 1'3 1A",
          "rpt_sor_proc_ts": "2020-02-09 15:04:58.680926",
          "sor_evt_ts": "2020-02-09 15:04:58.680926",
          "rmv_clnt_id": null,
          "rmv_sor_proc_ts": null,
          "sor_ingt_crt_ts": "2020-05-07 13:31:42.046000",
          "sor_read_ts": "2020-05-13 17:55:00.566000",
          "domn_evt_crt_ts": "2020-05-13 17:55:06",
          "sor_tpic_nm": "reg.tm.raw.srs.gateEvts.v2",
          "domn_evt_meta": "",
          "prim_obj_key": "43e02a4a6633033e3c00bd75804cc33d9f2d3a596252657630f26aac4c7b926b",
          "sor_evt_ts_tz_dst_cd": 100,
          "sor_proc_ts_tz_dst_cd": 100
        }
      ]
    }
  ]
}