{
  "Kafka_Output": [
    {
      "name": "tc_id_32.ihl_dev_rm.reg.tm.prepared.dhPGLogs.v1",
      "data": [
        {
          "DomainEventHeader": {
            "SOR_INGT_CRT_TS": "2020-05-07T13:56:10.660-04:00",
            "SOR_READ_TS": "2020-05-13 17:55:00.649",
            "DE_CRT_TS": "2020-05-13 17:55:05",
            "SOR_TPIC_NM": "reg.tm.raw.srs.gateEvts.v2",
            "DE_META": ""
          },
          "TransportationEventAssociated": {
            "Primary_Object_Key": "43e02a4a6633033e3c00bd75804cc33d9f2d3a596252657630f26aac4c7b926b",
            "Domain_Event_Type_Key": "8eb3e769649d98d5e896398ded3b7bdb63bdaf6d53f440f4b9a8da51e8f74f40",
            "Transportation_Event_Key": "2ad85d8e25330548a697707f2445bd76dc9c1c667b4464f98cc0f314f134763d",
            "Transportation_Event_Type_Key": "39400f13998b7afa63866d1ec56a6aa9bb812868420a44ad78f046a4a52797fc",
            "Associated_Object_Key": "16b06962ca9559f370e7c973ea1e9c9e7534f20b2e90eaf3074a24298477d2f4",
            "Associated_Object_Type_Key": "e358ab494eaca0075756bf892ddf66e2fb1c0f978be925fbf7dba419580dd547",
            "Association_Key": "e295211408cb369e812d838e458dc59ce25ab903be815864c0f853a63b37b0af",
            "Association_Type_Key": "f14875e5d958c5950898070f62877f507b4fd345db9db5a46f0b5506943a62da",
            "Domain_Event_Key": "122fdb445d2ac9410a43e032a4a9d46f8ab9e23b0898cfa742c262022c6827f5",
            "Correlation_Id": "08da5e9c908c11eaba540a0d13360000",
            "Client_Identification": "112 1'3 1A",
            "System_Key": "ea040811b4e08ab97f7af0971223713a9dc11d6b30bcc906cd8ec7c2b0b38817",
            "Proc_Ts": "2020-02-09 15:04:58.680926",
            "Proc_Ts_Tz_Dst_Cd": "100",
            "Event_Ts": "2020-02-09 15:04:58.680926",
            "Event_Ts_Tz_Dst_Cd": "100"
          },
          "LogHeader": {
            "ERROR_TO_DE": "ERROR: duplicate key value violates unique constraint xak1transportation_event_association_domain_event Detail: Key domn_evt_key sor_proc_ts x31323266646234343564326163393431306134336530333261346139643436663861623965323362303839386366613734326332363230323263363832376635 2020 02 09 15:04:58.680926 already exists.",
            "RAW_KAFKA_QUEUE_NAME": "tc_id_32.ihl_dev_rm.reg.tm.prepared.trspEvtAsct.v1",
            "SPARK_JOB_NAME": "TransportationEventAssociatedLoad"
          }
        }
      ]
    }
  ],
  "PostgreSQL_Output": [
    {
      "name": "dh_trsp_evt_asct_domn_evt",
      "data": [
        {
          "domn_evt_key": "122fdb445d2ac9410a43e032a4a9d46f8ab9e23b0898cfa742c262022c6827f5",
          "domn_evt_type_key": "8eb3e769649d98d5e896398ded3b7bdb63bdaf6d53f440f4b9a8da51e8f74f40",
          "trsp_evt_key": "2ad85d8e25330548a697707f2445bd76dc9c1c667b4464f98cc0f314f134763d",
          "trsp_evt_type_key": "39400f13998b7afa63866d1ec56a6aa9bb812868420a44ad78f046a4a52797fc",
          "asct_key": "e295211408cb369e812d838e458dc59ce25ab903be815864c0f853a63b37b0af",
          "asct_type_key": "f14875e5d958c5950898070f62877f507b4fd345db9db5a46f0b5506943a62da",
          "asct_obj_key": "16b06962ca9559f370e7c973ea1e9c9e7534f20b2e90eaf3074a24298477d2f4",
          "asct_obj_type_key": "e358ab494eaca0075756bf892ddf66e2fb1c0f978be925fbf7dba419580dd547",
          "sor_crlt_id": "08da5e9c908c11eaba540a0d13360000",
          "sys_key": "ea040811b4e08ab97f7af0971223713a9dc11d6b30bcc906cd8ec7c2b0b38817",
          "clnt_id": "112 1'3 1A",
          "sor_proc_ts": "2020-02-09 15:04:58.680926",
          "sor_evt_ts": "2020-02-09 15:04:58.680926",
          "sor_ingt_crt_ts": "2020-05-07 17:56:10.660000",
          "sor_read_ts": "2020-05-13 17:55:00.649000",
          "domn_evt_crt_ts": "2020-05-13 17:55:05",
          "sor_tpic_nm": "reg.tm.raw.srs.gateEvts.v2",
          "domn_evt_meta": "",
          "sor_evt_ts_tz_dst_cd": 100,
          "sor_proc_ts_tz_dst_cd": 100,
          "prim_obj_key": "43e02a4a6633033e3c00bd75804cc33d9f2d3a596252657630f26aac4c7b926b"
        }
      ]
    },
    {
      "name": "dh_trsp_evt_asct",
      "data": [
        {
          "asct_key": "e295211408cb369e812d838e458dc59ce25ab903be815864c0f853a63b37b0af",
          "trsp_evt_key": "2ad85d8e25330548a697707f2445bd76dc9c1c667b4464f98cc0f314f134763d",
          "asct_obj_key": "16b06962ca9559f370e7c973ea1e9c9e7534f20b2e90eaf3074a24298477d2f4",
          "act_stus_ind": 1,
          "asct_type_key": "f14875e5d958c5950898070f62877f507b4fd345db9db5a46f0b5506943a62da",
          "trsp_evt_type_key": "39400f13998b7afa63866d1ec56a6aa9bb812868420a44ad78f046a4a52797fc",
          "asct_obj_type_key": "e358ab494eaca0075756bf892ddf66e2fb1c0f978be925fbf7dba419580dd547",
          "sor_crlt_id": "08da5e9c908c11eaba540a0d13360000",
          "sys_key": "ea040811b4e08ab97f7af0971223713a9dc11d6b30bcc906cd8ec7c2b0b38817",
          "asct_clnt_id": "112 1'3 1A",
          "asct_sor_proc_ts": "2020-02-09 15:04:58.680926",
          "sor_proc_ts": "2020-02-09 15:04:58.680926",
          "dasc_clnt_id": null,
          "dasc_sor_proc_ts": null,
          "sor_evt_ts": "2020-02-09 15:04:58.680926",
          "sor_ingt_crt_ts": "2020-05-07 17:56:10.660000",
          "sor_read_ts": "2020-05-13 17:55:00.649000",
          "domn_evt_crt_ts": "2020-05-13 17:55:05",
          "sor_tpic_nm": "reg.tm.raw.srs.gateEvts.v2",
          "domn_evt_meta": "",
          "prim_obj_key": "43e02a4a6633033e3c00bd75804cc33d9f2d3a596252657630f26aac4c7b926b",
          "sor_evt_ts_tz_dst_cd": 100,
          "sor_proc_ts_tz_dst_cd": 100
        }
      ]
    }
  ]
}