{
  "Kafka_Output": [
    {
      "name": "tc_id_33.ihl_dev_rm.reg.tm.prepared.dhPGLogs.v1",
      "data": [
        {
          "DomainEventHeader": {
            "SOR_INGT_CRT_TS": "2020-04-30 19:48:18.711",
            "SOR_READ_TS": "2020-05-15 18:30:37.29",
            "DE_CRT_TS": "2020-05-15 18:30:50",
            "SOR_TPIC_NM": "reg.tm.raw.srs.carInventory.v1",
            "DE_META": ""
          },
          "TransportationEventAssociationDescribed": {
            "Primary_Object_Key": "43e02a4a6633033e3c00bd75804cc33d9f2d3a596252657630f26aac4c7b926b",
            "Domain_Event_Type_Key": "e3b61a2ebf5b23ed3fd8ff58d88a71874f646ec36a6e49d48b10b0c9e3100d05",
            "Association_Key": "13c6409e4f320f49f8121d1ae109988f05fae252a0b4050f78a6ff694bd051d9",
            "AssociationCharacteristics": [
              {
                "Association_Characteristic_Key": "c439c9a08adc81f004559a229c7f75e809e622d6c764b9dad46d63ec09980fee",
                "Characteristic_Type_Key": "22fba95bb00160a504606f34b153dbd889ed746cc7d7f794472aa48b7bdbb41a",
                "Characteristic_Value": "KS20"
              },
              {
                "Association_Characteristic_Key": "d66c700aa1b58dc7b21e64da72d50111b7f0aadaccc8a39536cb3fe4984b0862",
                "Characteristic_Type_Key": "a83fa7f14d9937952df568bcfb79fb3516b4f847ecb90799dd431c0c25215af9",
                "Characteristic_Value": "130"
              },
              {
                "Association_Characteristic_Key": "7d197390c605bf02a763c35c47fe694037d0aec51ca75981b1f6fe822a8d9c8b",
                "Characteristic_Type_Key": "4d22a567d1055951004f888db2dd262d966078ccadc2b560356bd30effa624df",
                "Characteristic_Value": "  "
              }
            ],
            "Domain_Event_Key": "ca08d1628d237ad59725cc05b841903443213e530286872cbf91366fa678ef4f",
            "Correlation_Id": "b697b084-f702-4c3e-a1df-047646326fa0",
            "Client_Identification": "121058C",
            "System_Key": "caf48af09f8e479707513247ae96fd6c8f0fd7649b682952115359e1a4ebab2d",
            "Proc_Ts": "2020-02-09 15:04:58.680926",
            "Proc_Ts_Tz_Dst_Cd": "100",
            "Event_Ts": "2020-02-09 15:04:58.680926",
            "Event_Ts_Tz_Dst_Cd": "100"
          },
          "LogHeader": {
            "ERROR_TO_DE": "ERROR: relation daas_tm_regression.dh_trsp_evt_asct_char does not exist Position: 13",
            "RAW_KAFKA_QUEUE_NAME": "tc_id_33.ihl_dev_rm.reg.tm.prepared.trspEvtAsctDsc.v1",
            "SPARK_JOB_NAME": "TransportationEventAssociationDescribedLoad"
          }
        },
        {
          "DomainEventHeader": {
            "SOR_INGT_CRT_TS": "2020-04-30 19:48:18.711",
            "SOR_READ_TS": "2020-05-15 18:30:37.29",
            "DE_CRT_TS": "2020-05-15 18:30:50",
            "SOR_TPIC_NM": "reg.tm.raw.srs.carInventory.v1",
            "DE_META": ""
          },
          "TransportationEventAssociationDescribed": {
            "Primary_Object_Key": "43e02a4a6633033e3c00bd75804cc33d9f2d3a596252657630f26aac4c7b926b",
            "Domain_Event_Type_Key": "e3b61a2ebf5b23ed3fd8ff58d88a71874f646ec36a6e49d48b10b0c9e3100d05",
            "Association_Key": "13c6409e4f320f49f8121d1ae109988f05fae252a0b4050f78a6ff694bd051d9",
            "AssociationCharacteristics": [
              {
                "Association_Characteristic_Key": "c439c9a08adc81f004559a229c7f75e809e622d6c764b9dad46d63ec09980fee",
                "Characteristic_Type_Key": "22fba95bb00160a504606f34b153dbd889ed746cc7d7f794472aa48b7bdbb41a",
                "Characteristic_Value": "KS20"
              },
              {
                "Association_Characteristic_Key": "d66c700aa1b58dc7b21e64da72d50111b7f0aadaccc8a39536cb3fe4984b0862",
                "Characteristic_Type_Key": "a83fa7f14d9937952df568bcfb79fb3516b4f847ecb90799dd431c0c25215af9",
                "Characteristic_Value": "130"
              },
              {
                "Association_Characteristic_Key": "7d197390c605bf02a763c35c47fe694037d0aec51ca75981b1f6fe822a8d9c8b",
                "Characteristic_Type_Key": "4d22a567d1055951004f888db2dd262d966078ccadc2b560356bd30effa624df",
                "Characteristic_Value": "  "
              }
            ],
            "Domain_Event_Key": "ca08d1628d237ad59725cc05b841903443213e530286872cbf91366fa678ef4f",
            "Correlation_Id": "b697b084-f702-4c3e-a1df-047646326fa0",
            "Client_Identification": "121058C",
            "System_Key": "caf48af09f8e479707513247ae96fd6c8f0fd7649b682952115359e1a4ebab2d",
            "Proc_Ts": "2020-02-09 15:04:58.680926",
            "Proc_Ts_Tz_Dst_Cd": "100",
            "Event_Ts": "2020-02-09 15:04:58.680926",
            "Event_Ts_Tz_Dst_Cd": "100"
          },
          "LogHeader": {
            "ERROR_TO_DE": "ERROR: duplicate key value violates unique constraint xak1transportation_event_association_characteristic_domain_even Detail: Key domn_evt_key asct_char_key sor_proc_ts x63613038643136323864323337616435393732356363303562383431393033343433323133653533303238363837326362663931333636666136373865663466 x63343339633961303861646338316630303435353961323239633766373565383039653632326436633736346239646164343664363365633039393830666565 2020 02 09 15:04:58.680926 already exists.",
            "RAW_KAFKA_QUEUE_NAME": "tc_id_33.ihl_dev_rm.reg.tm.prepared.trspEvtAsctDsc.v1",
            "SPARK_JOB_NAME": "TransportationEventAssociationDescribedLoad"
          }
        },
        {
          "DomainEventHeader": {
            "SOR_INGT_CRT_TS": "2020-04-30 19:48:18.711",
            "SOR_READ_TS": "2020-05-15 18:30:37.29",
            "DE_CRT_TS": "2020-05-15 18:30:50",
            "SOR_TPIC_NM": "reg.tm.raw.srs.carInventory.v1",
            "DE_META": ""
          },
          "TransportationEventAssociationDescribed": {
            "Primary_Object_Key": "43e02a4a6633033e3c00bd75804cc33d9f2d3a596252657630f26aac4c7b926b",
            "Domain_Event_Type_Key": "e3b61a2ebf5b23ed3fd8ff58d88a71874f646ec36a6e49d48b10b0c9e3100d05",
            "Association_Key": "13c6409e4f320f49f8121d1ae109988f05fae252a0b4050f78a6ff694bd051d9",
            "AssociationCharacteristics": [
              {
                "Association_Characteristic_Key": "c439c9a08adc81f004559a229c7f75e809e622d6c764b9dad46d63ec09980fee",
                "Characteristic_Type_Key": "22fba95bb00160a504606f34b153dbd889ed746cc7d7f794472aa48b7bdbb41a",
                "Characteristic_Value": "KS20"
              },
              {
                "Association_Characteristic_Key": "d66c700aa1b58dc7b21e64da72d50111b7f0aadaccc8a39536cb3fe4984b0862",
                "Characteristic_Type_Key": "a83fa7f14d9937952df568bcfb79fb3516b4f847ecb90799dd431c0c25215af9",
                "Characteristic_Value": "130"
              },
              {
                "Association_Characteristic_Key": "7d197390c605bf02a763c35c47fe694037d0aec51ca75981b1f6fe822a8d9c8b",
                "Characteristic_Type_Key": "4d22a567d1055951004f888db2dd262d966078ccadc2b560356bd30effa624df",
                "Characteristic_Value": "  "
              }
            ],
            "Domain_Event_Key": "ca08d1628d237ad59725cc05b841903443213e530286872cbf91366fa678ef4f",
            "Correlation_Id": "b697b084-f702-4c3e-a1df-047646326fa0",
            "Client_Identification": "121058C",
            "System_Key": "caf48af09f8e479707513247ae96fd6c8f0fd7649b682952115359e1a4ebab2d",
            "Proc_Ts": "2020-02-09 15:04:58.680926",
            "Proc_Ts_Tz_Dst_Cd": "100",
            "Event_Ts": "2020-02-09 15:04:58.680926",
            "Event_Ts_Tz_Dst_Cd": "100"
          },
          "LogHeader": {
            "ERROR_TO_DE": "ERROR: relation daas_tm_regression.dh_trsp_evt_asct_char does not exist Position: 13",
            "RAW_KAFKA_QUEUE_NAME": "tc_id_33.ihl_dev_rm.reg.tm.prepared.trspEvtAsctDsc.v1",
            "SPARK_JOB_NAME": "TransportationEventAssociationDescribedLoad"
          }
        },
        {
          "DomainEventHeader": {
            "SOR_INGT_CRT_TS": "2020-04-30 19:48:18.711",
            "SOR_READ_TS": "2020-05-15 18:30:37.29",
            "DE_CRT_TS": "2020-05-15 18:30:50",
            "SOR_TPIC_NM": "reg.tm.raw.srs.carInventory.v1",
            "DE_META": ""
          },
          "TransportationEventAssociationDescribed": {
            "Primary_Object_Key": "43e02a4a6633033e3c00bd75804cc33d9f2d3a596252657630f26aac4c7b926b",
            "Domain_Event_Type_Key": "e3b61a2ebf5b23ed3fd8ff58d88a71874f646ec36a6e49d48b10b0c9e3100d05",
            "Association_Key": "13c6409e4f320f49f8121d1ae109988f05fae252a0b4050f78a6ff694bd051d9",
            "AssociationCharacteristics": [
              {
                "Association_Characteristic_Key": "c439c9a08adc81f004559a229c7f75e809e622d6c764b9dad46d63ec09980fee",
                "Characteristic_Type_Key": "22fba95bb00160a504606f34b153dbd889ed746cc7d7f794472aa48b7bdbb41a",
                "Characteristic_Value": "KS20"
              },
              {
                "Association_Characteristic_Key": "d66c700aa1b58dc7b21e64da72d50111b7f0aadaccc8a39536cb3fe4984b0862",
                "Characteristic_Type_Key": "a83fa7f14d9937952df568bcfb79fb3516b4f847ecb90799dd431c0c25215af9",
                "Characteristic_Value": "130"
              },
              {
                "Association_Characteristic_Key": "7d197390c605bf02a763c35c47fe694037d0aec51ca75981b1f6fe822a8d9c8b",
                "Characteristic_Type_Key": "4d22a567d1055951004f888db2dd262d966078ccadc2b560356bd30effa624df",
                "Characteristic_Value": "  "
              }
            ],
            "Domain_Event_Key": "ca08d1628d237ad59725cc05b841903443213e530286872cbf91366fa678ef4f",
            "Correlation_Id": "b697b084-f702-4c3e-a1df-047646326fa0",
            "Client_Identification": "121058C",
            "System_Key": "caf48af09f8e479707513247ae96fd6c8f0fd7649b682952115359e1a4ebab2d",
            "Proc_Ts": "2020-02-09 15:04:58.680926",
            "Proc_Ts_Tz_Dst_Cd": "100",
            "Event_Ts": "2020-02-09 15:04:58.680926",
            "Event_Ts_Tz_Dst_Cd": "100"
          },
          "LogHeader": {
            "ERROR_TO_DE": "ERROR: relation daas_tm_regression.dh_trsp_evt_asct_char does not exist Position: 13",
            "RAW_KAFKA_QUEUE_NAME": "tc_id_33.ihl_dev_rm.reg.tm.prepared.trspEvtAsctDsc.v1",
            "SPARK_JOB_NAME": "TransportationEventAssociationDescribedLoad"
          }
        },
        {
          "DomainEventHeader": {
            "SOR_INGT_CRT_TS": "2020-04-30 19:48:18.711",
            "SOR_READ_TS": "2020-05-15 18:30:37.29",
            "DE_CRT_TS": "2020-05-15 18:30:50",
            "SOR_TPIC_NM": "reg.tm.raw.srs.carInventory.v1",
            "DE_META": ""
          },
          "TransportationEventAssociationDescribed": {
            "Primary_Object_Key": "43e02a4a6633033e3c00bd75804cc33d9f2d3a596252657630f26aac4c7b926b",
            "Domain_Event_Type_Key": "e3b61a2ebf5b23ed3fd8ff58d88a71874f646ec36a6e49d48b10b0c9e3100d05",
            "Association_Key": "13c6409e4f320f49f8121d1ae109988f05fae252a0b4050f78a6ff694bd051d9",
            "AssociationCharacteristics": [
              {
                "Association_Characteristic_Key": "c439c9a08adc81f004559a229c7f75e809e622d6c764b9dad46d63ec09980fee",
                "Characteristic_Type_Key": "22fba95bb00160a504606f34b153dbd889ed746cc7d7f794472aa48b7bdbb41a",
                "Characteristic_Value": "KS20"
              },
              {
                "Association_Characteristic_Key": "d66c700aa1b58dc7b21e64da72d50111b7f0aadaccc8a39536cb3fe4984b0862",
                "Characteristic_Type_Key": "a83fa7f14d9937952df568bcfb79fb3516b4f847ecb90799dd431c0c25215af9",
                "Characteristic_Value": "130"
              },
              {
                "Association_Characteristic_Key": "7d197390c605bf02a763c35c47fe694037d0aec51ca75981b1f6fe822a8d9c8b",
                "Characteristic_Type_Key": "4d22a567d1055951004f888db2dd262d966078ccadc2b560356bd30effa624df",
                "Characteristic_Value": "  "
              }
            ],
            "Domain_Event_Key": "ca08d1628d237ad59725cc05b841903443213e530286872cbf91366fa678ef4f",
            "Correlation_Id": "b697b084-f702-4c3e-a1df-047646326fa0",
            "Client_Identification": "121058C",
            "System_Key": "caf48af09f8e479707513247ae96fd6c8f0fd7649b682952115359e1a4ebab2d",
            "Proc_Ts": "2020-02-09 15:04:58.680926",
            "Proc_Ts_Tz_Dst_Cd": "100",
            "Event_Ts": "2020-02-09 15:04:58.680926",
            "Event_Ts_Tz_Dst_Cd": "100"
          },
          "LogHeader": {
            "ERROR_TO_DE": "ERROR: relation daas_tm_regression.dh_trsp_evt_asct_char does not exist Position: 13",
            "RAW_KAFKA_QUEUE_NAME": "tc_id_33.ihl_dev_rm.reg.tm.prepared.trspEvtAsctDsc.v1",
            "SPARK_JOB_NAME": "TransportationEventAssociationDescribedLoad"
          }
        },
        {
          "DomainEventHeader": {
            "SOR_INGT_CRT_TS": "2020-04-30 19:48:18.711",
            "SOR_READ_TS": "2020-05-15 18:30:37.29",
            "DE_CRT_TS": "2020-05-15 18:30:50",
            "SOR_TPIC_NM": "reg.tm.raw.srs.carInventory.v1",
            "DE_META": ""
          },
          "TransportationEventAssociationDescribed": {
            "Primary_Object_Key": "43e02a4a6633033e3c00bd75804cc33d9f2d3a596252657630f26aac4c7b926b",
            "Domain_Event_Type_Key": "e3b61a2ebf5b23ed3fd8ff58d88a71874f646ec36a6e49d48b10b0c9e3100d05",
            "Association_Key": "13c6409e4f320f49f8121d1ae109988f05fae252a0b4050f78a6ff694bd051d9",
            "AssociationCharacteristics": [
              {
                "Association_Characteristic_Key": "c439c9a08adc81f004559a229c7f75e809e622d6c764b9dad46d63ec09980fee",
                "Characteristic_Type_Key": "22fba95bb00160a504606f34b153dbd889ed746cc7d7f794472aa48b7bdbb41a",
                "Characteristic_Value": "KS20"
              },
              {
                "Association_Characteristic_Key": "d66c700aa1b58dc7b21e64da72d50111b7f0aadaccc8a39536cb3fe4984b0862",
                "Characteristic_Type_Key": "a83fa7f14d9937952df568bcfb79fb3516b4f847ecb90799dd431c0c25215af9",
                "Characteristic_Value": "130"
              },
              {
                "Association_Characteristic_Key": "7d197390c605bf02a763c35c47fe694037d0aec51ca75981b1f6fe822a8d9c8b",
                "Characteristic_Type_Key": "4d22a567d1055951004f888db2dd262d966078ccadc2b560356bd30effa624df",
                "Characteristic_Value": "  "
              }
            ],
            "Domain_Event_Key": "ca08d1628d237ad59725cc05b841903443213e530286872cbf91366fa678ef4f",
            "Correlation_Id": "b697b084-f702-4c3e-a1df-047646326fa0",
            "Client_Identification": "121058C",
            "System_Key": "caf48af09f8e479707513247ae96fd6c8f0fd7649b682952115359e1a4ebab2d",
            "Proc_Ts": "2020-02-09 15:04:58.680926",
            "Proc_Ts_Tz_Dst_Cd": "100",
            "Event_Ts": "2020-02-09 15:04:58.680926",
            "Event_Ts_Tz_Dst_Cd": "100"
          },
          "LogHeader": {
            "ERROR_TO_DE": "ERROR: duplicate key value violates unique constraint xak1transportation_event_association_characteristic_domain_even Detail: Key domn_evt_key asct_char_key sor_proc_ts x63613038643136323864323337616435393732356363303562383431393033343433323133653533303238363837326362663931333636666136373865663466 x37643139373339306336303562663032613736336333356334376665363934303337643061656335316361373539383162316636666538323261386439633862 2020 02 09 15:04:58.680926 already exists.",
            "RAW_KAFKA_QUEUE_NAME": "tc_id_33.ihl_dev_rm.reg.tm.prepared.trspEvtAsctDsc.v1",
            "SPARK_JOB_NAME": "TransportationEventAssociationDescribedLoad"
          }
        },
        {
          "DomainEventHeader": {
            "SOR_INGT_CRT_TS": "2020-04-30 19:48:18.711",
            "SOR_READ_TS": "2020-05-15 18:30:37.29",
            "DE_CRT_TS": "2020-05-15 18:30:50",
            "SOR_TPIC_NM": "reg.tm.raw.srs.carInventory.v1",
            "DE_META": ""
          },
          "TransportationEventAssociationDescribed": {
            "Primary_Object_Key": "43e02a4a6633033e3c00bd75804cc33d9f2d3a596252657630f26aac4c7b926b",
            "Domain_Event_Type_Key": "e3b61a2ebf5b23ed3fd8ff58d88a71874f646ec36a6e49d48b10b0c9e3100d05",
            "Association_Key": "13c6409e4f320f49f8121d1ae109988f05fae252a0b4050f78a6ff694bd051d9",
            "AssociationCharacteristics": [
              {
                "Association_Characteristic_Key": "c439c9a08adc81f004559a229c7f75e809e622d6c764b9dad46d63ec09980fee",
                "Characteristic_Type_Key": "22fba95bb00160a504606f34b153dbd889ed746cc7d7f794472aa48b7bdbb41a",
                "Characteristic_Value": "KS20"
              },
              {
                "Association_Characteristic_Key": "d66c700aa1b58dc7b21e64da72d50111b7f0aadaccc8a39536cb3fe4984b0862",
                "Characteristic_Type_Key": "a83fa7f14d9937952df568bcfb79fb3516b4f847ecb90799dd431c0c25215af9",
                "Characteristic_Value": "130"
              },
              {
                "Association_Characteristic_Key": "7d197390c605bf02a763c35c47fe694037d0aec51ca75981b1f6fe822a8d9c8b",
                "Characteristic_Type_Key": "4d22a567d1055951004f888db2dd262d966078ccadc2b560356bd30effa624df",
                "Characteristic_Value": "  "
              }
            ],
            "Domain_Event_Key": "ca08d1628d237ad59725cc05b841903443213e530286872cbf91366fa678ef4f",
            "Correlation_Id": "b697b084-f702-4c3e-a1df-047646326fa0",
            "Client_Identification": "121058C",
            "System_Key": "caf48af09f8e479707513247ae96fd6c8f0fd7649b682952115359e1a4ebab2d",
            "Proc_Ts": "2020-02-09 15:04:58.680926",
            "Proc_Ts_Tz_Dst_Cd": "100",
            "Event_Ts": "2020-02-09 15:04:58.680926",
            "Event_Ts_Tz_Dst_Cd": "100"
          },
          "LogHeader": {
            "ERROR_TO_DE": "ERROR: relation daas_tm_regression.dh_trsp_evt_asct_char does not exist Position: 13",
            "RAW_KAFKA_QUEUE_NAME": "tc_id_33.ihl_dev_rm.reg.tm.prepared.trspEvtAsctDsc.v1",
            "SPARK_JOB_NAME": "TransportationEventAssociationDescribedLoad"
          }
        },
        {
          "DomainEventHeader": {
            "SOR_INGT_CRT_TS": "2020-04-30 19:48:18.711",
            "SOR_READ_TS": "2020-05-15 18:30:37.29",
            "DE_CRT_TS": "2020-05-15 18:30:50",
            "SOR_TPIC_NM": "reg.tm.raw.srs.carInventory.v1",
            "DE_META": ""
          },
          "TransportationEventAssociationDescribed": {
            "Primary_Object_Key": "43e02a4a6633033e3c00bd75804cc33d9f2d3a596252657630f26aac4c7b926b",
            "Domain_Event_Type_Key": "e3b61a2ebf5b23ed3fd8ff58d88a71874f646ec36a6e49d48b10b0c9e3100d05",
            "Association_Key": "13c6409e4f320f49f8121d1ae109988f05fae252a0b4050f78a6ff694bd051d9",
            "AssociationCharacteristics": [
              {
                "Association_Characteristic_Key": "c439c9a08adc81f004559a229c7f75e809e622d6c764b9dad46d63ec09980fee",
                "Characteristic_Type_Key": "22fba95bb00160a504606f34b153dbd889ed746cc7d7f794472aa48b7bdbb41a",
                "Characteristic_Value": "KS20"
              },
              {
                "Association_Characteristic_Key": "d66c700aa1b58dc7b21e64da72d50111b7f0aadaccc8a39536cb3fe4984b0862",
                "Characteristic_Type_Key": "a83fa7f14d9937952df568bcfb79fb3516b4f847ecb90799dd431c0c25215af9",
                "Characteristic_Value": "130"
              },
              {
                "Association_Characteristic_Key": "7d197390c605bf02a763c35c47fe694037d0aec51ca75981b1f6fe822a8d9c8b",
                "Characteristic_Type_Key": "4d22a567d1055951004f888db2dd262d966078ccadc2b560356bd30effa624df",
                "Characteristic_Value": "  "
              }
            ],
            "Domain_Event_Key": "ca08d1628d237ad59725cc05b841903443213e530286872cbf91366fa678ef4f",
            "Correlation_Id": "b697b084-f702-4c3e-a1df-047646326fa0",
            "Client_Identification": "121058C",
            "System_Key": "caf48af09f8e479707513247ae96fd6c8f0fd7649b682952115359e1a4ebab2d",
            "Proc_Ts": "2020-02-09 15:04:58.680926",
            "Proc_Ts_Tz_Dst_Cd": "100",
            "Event_Ts": "2020-02-09 15:04:58.680926",
            "Event_Ts_Tz_Dst_Cd": "100"
          },
          "LogHeader": {
            "ERROR_TO_DE": "ERROR: duplicate key value violates unique constraint xak1transportation_event_association_characteristic_domain_even Detail: Key domn_evt_key asct_char_key sor_proc_ts x63613038643136323864323337616435393732356363303562383431393033343433323133653533303238363837326362663931333636666136373865663466 x64363663373030616131623538646337623231653634646137326435303131316237663061616461636363386133393533366362336665343938346230383632 2020 02 09 15:04:58.680926 already exists.",
            "RAW_KAFKA_QUEUE_NAME": "tc_id_33.ihl_dev_rm.reg.tm.prepared.trspEvtAsctDsc.v1",
            "SPARK_JOB_NAME": "TransportationEventAssociationDescribedLoad"
          }
        },
        {
          "DomainEventHeader": {
            "SOR_INGT_CRT_TS": "2020-04-30 19:48:18.711",
            "SOR_READ_TS": "2020-05-15 18:30:37.29",
            "DE_CRT_TS": "2020-05-15 18:30:50",
            "SOR_TPIC_NM": "reg.tm.raw.srs.carInventory.v1",
            "DE_META": ""
          },
          "TransportationEventAssociationDescribed": {
            "Primary_Object_Key": "43e02a4a6633033e3c00bd75804cc33d9f2d3a596252657630f26aac4c7b926b",
            "Domain_Event_Type_Key": "e3b61a2ebf5b23ed3fd8ff58d88a71874f646ec36a6e49d48b10b0c9e3100d05",
            "Association_Key": "13c6409e4f320f49f8121d1ae109988f05fae252a0b4050f78a6ff694bd051d9",
            "AssociationCharacteristics": [
              {
                "Association_Characteristic_Key": "c439c9a08adc81f004559a229c7f75e809e622d6c764b9dad46d63ec09980fee",
                "Characteristic_Type_Key": "22fba95bb00160a504606f34b153dbd889ed746cc7d7f794472aa48b7bdbb41a",
                "Characteristic_Value": "KS20"
              },
              {
                "Association_Characteristic_Key": "d66c700aa1b58dc7b21e64da72d50111b7f0aadaccc8a39536cb3fe4984b0862",
                "Characteristic_Type_Key": "a83fa7f14d9937952df568bcfb79fb3516b4f847ecb90799dd431c0c25215af9",
                "Characteristic_Value": "130"
              },
              {
                "Association_Characteristic_Key": "7d197390c605bf02a763c35c47fe694037d0aec51ca75981b1f6fe822a8d9c8b",
                "Characteristic_Type_Key": "4d22a567d1055951004f888db2dd262d966078ccadc2b560356bd30effa624df",
                "Characteristic_Value": "  "
              }
            ],
            "Domain_Event_Key": "ca08d1628d237ad59725cc05b841903443213e530286872cbf91366fa678ef4f",
            "Correlation_Id": "b697b084-f702-4c3e-a1df-047646326fa0",
            "Client_Identification": "121058C",
            "System_Key": "caf48af09f8e479707513247ae96fd6c8f0fd7649b682952115359e1a4ebab2d",
            "Proc_Ts": "2020-02-09 15:04:58.680926",
            "Proc_Ts_Tz_Dst_Cd": "100",
            "Event_Ts": "2020-02-09 15:04:58.680926",
            "Event_Ts_Tz_Dst_Cd": "100"
          },
          "LogHeader": {
            "ERROR_TO_DE": "ERROR: relation daas_tm_regression.dh_trsp_evt_asct_char does not exist Position: 13",
            "RAW_KAFKA_QUEUE_NAME": "tc_id_33.ihl_dev_rm.reg.tm.prepared.trspEvtAsctDsc.v1",
            "SPARK_JOB_NAME": "TransportationEventAssociationDescribedLoad"
          }
        }
      ]
    }
  ],
  "PostgreSQL_Output": [
    {
      "name": "dh_trsp_evt_asct_char_domn_evt",
      "data": [
        {
          "domn_evt_key": "ca08d1628d237ad59725cc05b841903443213e530286872cbf91366fa678ef4f",
          "asct_char_key": "c439c9a08adc81f004559a229c7f75e809e622d6c764b9dad46d63ec09980fee",
          "domn_evt_type_key": "e3b61a2ebf5b23ed3fd8ff58d88a71874f646ec36a6e49d48b10b0c9e3100d05",
          "asct_key": "13c6409e4f320f49f8121d1ae109988f05fae252a0b4050f78a6ff694bd051d9",
          "char_type_key": "22fba95bb00160a504606f34b153dbd889ed746cc7d7f794472aa48b7bdbb41a",
          "char_val": "KS20",
          "sor_crlt_id": "b697b084-f702-4c3e-a1df-047646326fa0",
          "sys_key": "caf48af09f8e479707513247ae96fd6c8f0fd7649b682952115359e1a4ebab2d",
          "clnt_id": "121058C",
          "sor_proc_ts": "2020-02-09 15:04:58.680926",
          "sor_evt_ts": "2020-02-09 15:04:58.680926",
          "sor_ingt_crt_ts": "2020-04-30 19:48:18.711000",
          "sor_read_ts": "2020-05-15 18:30:37.290000",
          "domn_evt_crt_ts": "2020-05-15 18:30:50",
          "sor_tpic_nm": "reg.tm.raw.srs.carInventory.v1",
          "domn_evt_meta": "",
          "sor_evt_ts_tz_dst_cd": 100,
          "sor_proc_ts_tz_dst_cd": 100,
          "prim_obj_key": "43e02a4a6633033e3c00bd75804cc33d9f2d3a596252657630f26aac4c7b926b"
        },
        {
          "domn_evt_key": "ca08d1628d237ad59725cc05b841903443213e530286872cbf91366fa678ef4f",
          "asct_char_key": "d66c700aa1b58dc7b21e64da72d50111b7f0aadaccc8a39536cb3fe4984b0862",
          "domn_evt_type_key": "e3b61a2ebf5b23ed3fd8ff58d88a71874f646ec36a6e49d48b10b0c9e3100d05",
          "asct_key": "13c6409e4f320f49f8121d1ae109988f05fae252a0b4050f78a6ff694bd051d9",
          "char_type_key": "a83fa7f14d9937952df568bcfb79fb3516b4f847ecb90799dd431c0c25215af9",
          "char_val": "130",
          "sor_crlt_id": "b697b084-f702-4c3e-a1df-047646326fa0",
          "sys_key": "caf48af09f8e479707513247ae96fd6c8f0fd7649b682952115359e1a4ebab2d",
          "clnt_id": "121058C",
          "sor_proc_ts": "2020-02-09 15:04:58.680926",
          "sor_evt_ts": "2020-02-09 15:04:58.680926",
          "sor_ingt_crt_ts": "2020-04-30 19:48:18.711000",
          "sor_read_ts": "2020-05-15 18:30:37.290000",
          "domn_evt_crt_ts": "2020-05-15 18:30:50",
          "sor_tpic_nm": "reg.tm.raw.srs.carInventory.v1",
          "domn_evt_meta": "",
          "sor_evt_ts_tz_dst_cd": 100,
          "sor_proc_ts_tz_dst_cd": 100,
          "prim_obj_key": "43e02a4a6633033e3c00bd75804cc33d9f2d3a596252657630f26aac4c7b926b"
        },
        {
          "domn_evt_key": "ca08d1628d237ad59725cc05b841903443213e530286872cbf91366fa678ef4f",
          "asct_char_key": "7d197390c605bf02a763c35c47fe694037d0aec51ca75981b1f6fe822a8d9c8b",
          "domn_evt_type_key": "e3b61a2ebf5b23ed3fd8ff58d88a71874f646ec36a6e49d48b10b0c9e3100d05",
          "asct_key": "13c6409e4f320f49f8121d1ae109988f05fae252a0b4050f78a6ff694bd051d9",
          "char_type_key": "4d22a567d1055951004f888db2dd262d966078ccadc2b560356bd30effa624df",
          "char_val": "  ",
          "sor_crlt_id": "b697b084-f702-4c3e-a1df-047646326fa0",
          "sys_key": "caf48af09f8e479707513247ae96fd6c8f0fd7649b682952115359e1a4ebab2d",
          "clnt_id": "121058C",
          "sor_proc_ts": "2020-02-09 15:04:58.680926",
          "sor_evt_ts": "2020-02-09 15:04:58.680926",
          "sor_ingt_crt_ts": "2020-04-30 19:48:18.711000",
          "sor_read_ts": "2020-05-15 18:30:37.290000",
          "domn_evt_crt_ts": "2020-05-15 18:30:50",
          "sor_tpic_nm": "reg.tm.raw.srs.carInventory.v1",
          "domn_evt_meta": "",
          "sor_evt_ts_tz_dst_cd": 100,
          "sor_proc_ts_tz_dst_cd": 100,
          "prim_obj_key": "43e02a4a6633033e3c00bd75804cc33d9f2d3a596252657630f26aac4c7b926b"
        }
      ]
    }
  ]
}