{
  "Kafka_Output": [
    {
      "name": "tc_id_38.ihl_dev_rm.reg.tm.prepared.dhPGLogs.v1",
      "data": [
        {
          "DomainEventHeader": {
            "SOR_INGT_CRT_TS": "2020-04-30 19:48:18.711",
            "SOR_READ_TS": "2020-05-15 18:30:36.804",
            "DE_CRT_TS": "2020-05-15 18:31:01",
            "SOR_TPIC_NM": "reg.tm.raw.srs.carInventory.v1",
            "DE_META": ""
          },
          "TripAssociated": {
            "Domain_Event_Type_Key": "8eb3e769649d98d5e896398ded3b7bdb63bdaf6d53f440f4b9a8da51e8f74f40",
            "Association_Key": "515f45a52c73bce024dfeeb4e6e057c37687d0783a7d49c15fd0b6385d39c1fb",
            "Association_Type_Key": "a4f9c0d9202c98162dffb87113b251940eb6fd859da532634a9216e06813837a",
            "Trip_Key": "26eba5cec127d7f12df1ea85398cfdadbc16a2ce007de045d54b9f49560da2a8",
            "Trip_Type_Key": "b7069c4565f889e0fe7f67152ffa7b6be21ebfc86ab3daa96b373c62d79025f7",
            "Associated_Object_Key": "0b4adc68f08d935761c8b85bf0ab360c3019cf5f88cfe9ff27a32a29b3580bb2",
            "Associated_Object_Type_Key": "394db0bfdc21ee000a3a1d6fa3b05e99a8d76301862a9c9c866c9305136246d9",
            "Domain_Event_Key": "7ded77bb821e40e92a52fac67c3f775af3ccfdfe2661173c46e29f9509f31c6d",
            "Correlation_Id": "b697b084-f702-4c3e-a1df-047646326fa0",
            "Client_Identification": "121058C",
            "System_Key": "caf48af09f8e479707513247ae96fd6c8f0fd7649b682952115359e1a4ebab2d",
            "Proc_Ts": "2020-02-09 15:04:58.680926",
            "Proc_Ts_Tz_Dst_Cd": "100",
            "Event_Ts": "2020-02-09 15:04:58.680926",
            "Event_Ts_Tz_Dst_Cd": "100"
          },
          "LogHeader": {
            "ERROR_TO_DE": "ERROR: duplicate key value violates unique constraint dh_trip_asct_domn_evt_pkey Detail: Key domn_evt_key x37646564373762623832316534306539326135326661633637633366373735616633636366646665323636313137336334366532396639353039663331633664 already exists.",
            "RAW_KAFKA_QUEUE_NAME": "tc_id_38.ihl_dev_rm.reg.tm.prepared.tripAsct.v1",
            "SPARK_JOB_NAME": "TripAssociatedLoad",
            "ERROR_TS": "2020-06-04 21:07:32"
          }
        }
      ]
    }
  ],
  "PostgreSQL_Output": [
    {
      "name": "dh_trip_asct_domn_evt",
      "data": [
        {
          "domn_evt_key": "7ded77bb821e40e92a52fac67c3f775af3ccfdfe2661173c46e29f9509f31c6d",
          "domn_evt_type_key": "8eb3e769649d98d5e896398ded3b7bdb63bdaf6d53f440f4b9a8da51e8f74f40",
          "trip_key": "26eba5cec127d7f12df1ea85398cfdadbc16a2ce007de045d54b9f49560da2a8",
          "trip_type_key": "b7069c4565f889e0fe7f67152ffa7b6be21ebfc86ab3daa96b373c62d79025f7",
          "asct_key": "515f45a52c73bce024dfeeb4e6e057c37687d0783a7d49c15fd0b6385d39c1fb",
          "asct_type_key": "a4f9c0d9202c98162dffb87113b251940eb6fd859da532634a9216e06813837a",
          "asct_obj_key": "0b4adc68f08d935761c8b85bf0ab360c3019cf5f88cfe9ff27a32a29b3580bb2",
          "asct_obj_type_key": "394db0bfdc21ee000a3a1d6fa3b05e99a8d76301862a9c9c866c9305136246d9",
          "sor_crlt_id": "b697b084-f702-4c3e-a1df-047646326fa0",
          "sys_key": "caf48af09f8e479707513247ae96fd6c8f0fd7649b682952115359e1a4ebab2d",
          "clnt_id": "121058C",
          "sor_proc_ts": "2020-02-09 15:04:58.680926",
          "sor_evt_ts": "2020-02-09 15:04:58.680926",
          "sor_ingt_crt_ts": "2020-04-30 19:48:18.711000",
          "sor_read_ts": "2020-05-15 18:30:36.804000",
          "domn_evt_crt_ts": "2020-05-15 18:31:01",
          "domn_evt_read_ts": "2020-06-04 21:06:56.426000",
          "data_hub_crt_ts": "2020-06-04 21:07:32.288460",
          "sor_tpic_nm": "reg.tm.raw.srs.carInventory.v1",
          "domn_evt_meta": "",
          "sor_evt_ts_tz_dst_cd": 100,
          "sor_proc_ts_tz_dst_cd": 100
        }
      ]
    }
  ]
}