{
  "Kafka_Output": [
    {
      "name": "tc_id_67.ihl_dev_rm.reg.tm.prepared.cnvyCrt.v1",
      "data": [
        {
          "DomainEventHeader": {
            "SOR_INGT_CRT_TS": "2021-02-16 21:34:51.201",
            "SOR_TPIC_NM": "tc_id_67.ihl_dev_rm.reg.transportation.umler.raw.v1",
            "DE_META": ""
          },
          "ConveyorCreated": {
            "Domain_Event_Type_Key": "e3b61a2ebf5b23ed3fd8ff58d88a71874f646ec36a6e49d48b10b0c9e3100d05",
            "Conveyor_Key": "a566b381a0d2169251355f7a0f48f09a2bd39b19cf87333c020c04589799b0fc",
            "Conveyor_Type_Key": "394db0bfdc21ee000a3a1d6fa3b05e99a8d76301862a9c9c866c9305136246d9",
            "Identification_Type_Key": "c1c8e7db99830745a07071cef772ba98c30b1219c81c8e3f502ce6674cb02ce3",
            "Identification_Value": "ABOX52062",
            "Domain_Event_Key": "36d11ec0d759ac68769ae7e9ae0329a8eecc72a947ce96a1b9795723748952c5",
            "Correlation_Id": "9bc89972-a879-4ee6-b090-0c495e4ef064",
            "Client_Identification": "Corporate Equipment Data",
            "System_Key": "79060a749b1cef11e7c1ab30abe8c9f353a8d154bfd824485fb115b83f49abd5",
            "Proc_Ts": "2021-02-16 21:34:51.201",
            "Proc_Ts_Tz_Dst_Cd": "100",
            "Event_Ts": "2021-02-16 21:34:51.201",
            "Event_Ts_Tz_Dst_Cd": "100"
          }
        }
      ]
    },
    {
      "name": "tc_id_67.ihl_dev_rm.reg.tm.prepared.cnvyDsc.v1",
      "data": [
        {
          "DomainEventHeader": {
            "SOR_INGT_CRT_TS": "2021-02-16 21:34:51.201",
            "SOR_TPIC_NM": "tc_id_67.ihl_dev_rm.reg.transportation.umler.raw.v1",
            "DE_META": ""
          },
          "ConveyorDescribed": {
            "Domain_Event_Type_Key": "e3b61a2ebf5b23ed3fd8ff58d88a71874f646ec36a6e49d48b10b0c9e3100d05",
            "Conveyor_Key": "a566b381a0d2169251355f7a0f48f09a2bd39b19cf87333c020c04589799b0fc",
            "ConveyorCharacteristics": [
              {
                "Conveyor_Characteristic_Key": "942a47ebd6aa95c3de93b33acdbf182e73ef1f443a06e8aaa237c5e0568932b3",
                "Characteristic_Type_Key": "53223cc5252d3111a784717f660a45a277a813430ed44561fc46bd7028fc6836",
                "Characteristic_Value": "ABOX"
              },
              {
                "Conveyor_Characteristic_Key": "9ca367881b50eb624a77d26d93aeee4c1fdd789a26cc2794fce9320cba1c118b",
                "Characteristic_Type_Key": "4b784c8ef416376b15dcc4a491e6fefe7f994d1da63a1729d18e793799de3b86",
                "Characteristic_Value": "52062"
              },
              {
                "Conveyor_Characteristic_Key": "8466617b22fe987ab6caf63c6d9ce0a536403075bd64b49b2e40321484b29800",
                "Characteristic_Type_Key": "1ae8fb5cbd28e5f623cd12570bd61b83423714560a3e96340ad4eb2b3ee34f5a",
                "Characteristic_Value": "ABOX52062"
              },
              {
                "Conveyor_Characteristic_Key": "c0ce60ba8f03e583fca032007aff98e626c8d90b186c7213d9e738ac4644220b",
                "Characteristic_Type_Key": "dfdd3aa142b76224ee103bf8ad2cbe50d4bdd1add774d8c3506bd64febbd0ae8",
                "Characteristic_Value": "B24"
              },
              {
                "Conveyor_Characteristic_Key": "036bbf7e4a57f8f9d42e004fb7986f5a434609d5a52030d464ffb9bfd16e1e27",
                "Characteristic_Type_Key": "dc23513cbf0d471a266e718926c895ed1a595d88fecdb50e9859c0f7ba2b9689",
                "Characteristic_Value": "667"
              },
              {
                "Conveyor_Characteristic_Key": "c9020db60e9f58420fc48da21fc09f5cffb1211e624369c43184e1d6107799e6",
                "Characteristic_Type_Key": "2e4fc829cfb1341196e0929d07c5b8d35f13189f378d158a2db2d065420abf09",
                "Characteristic_Value": "IN"
              },
              {
                "Conveyor_Characteristic_Key": "eb7eadf90afffe06475f08afee31e00fe22985b898df6b42e22ef02d3f35e60d",
                "Characteristic_Type_Key": "6bf5e3e7a05ded0ea72ad57eb1108975154a2b86caa56287ffa56843ef0080db",
                "Characteristic_Value": "185"
              },
              {
                "Conveyor_Characteristic_Key": "df0c7cb0c57aa4897ce8188bfc149fe0b0f62e1e82775170a1958656365aa36d",
                "Characteristic_Type_Key": "833f18b3c9725e2cf31506243664eff543b45a581a856dde03715719f42c2d40",
                "Characteristic_Value": "IN"
              },
              {
                "Conveyor_Characteristic_Key": "86dbf89f495a97cd97e7b0ca25407c3b7d110a84f979bf5e4ca7e8672d23b1dc",
                "Characteristic_Type_Key": "35027e17d1a5e6658f564a8ab453c13daccdc61de50b2d82ba2cf954ea607d3b",
                "Characteristic_Value": "128"
              },
              {
                "Conveyor_Characteristic_Key": "6cc8df47969fa59fb8c4a5edf18f400afa93aa36038338cf2edcae9f83150ae3",
                "Characteristic_Type_Key": "7ea1dde1cecbdb08f19882bbcd27f8580bc49b38c81344cdc3e6de83f93f4b70",
                "Characteristic_Value": "IN"
              },
              {
                "Conveyor_Characteristic_Key": "d6d3db924ed3c0d0b2680a8115a7b40d2233077a5b65d681fd07971ba4811f38",
                "Characteristic_Type_Key": "cec6293fee578b4be058cbee8629c394891e36d5b6646732364d94f53c2fdb2c",
                "Characteristic_Value": "659"
              },
              {
                "Conveyor_Characteristic_Key": "fb72731a90224a801d03807badebb382a94bdc47f8eb473baa26e21aa0c99828",
                "Characteristic_Type_Key": "ea8abe9e7042a853855da0ca219fd0dfac044645185cef335ba5289fcf446de3",
                "Characteristic_Value": "LB"
              },
              {
                "Conveyor_Characteristic_Key": "705ea3d5883992f7f40eabf8cf122c557b4b7a21dae2691a71cf8830d1da9303",
                "Characteristic_Type_Key": "88e1c02ec20c72583b22209c290d71221b4a13ba15b98d0decd1fa382f0e5f24",
                "Characteristic_Value": "154100"
              },
              {
                "Conveyor_Characteristic_Key": "6964e07c2a4639967f36c78c813d8767960ac8645c2837eecdfd70de3b4cdecb",
                "Characteristic_Type_Key": "a3a0d2a760b030f680eb77cd7e7a1c2210b15fac3553f1ca6129f5f37714e9e0",
                "Characteristic_Value": "LB"
              },
              {
                "Conveyor_Characteristic_Key": "b0783b28a5c1d938d4b1ccd3449fd7ab78b6d9a717aaebe347fe71ae8ca9a4b9",
                "Characteristic_Type_Key": "4addbd39ea1293174d28bb859aca48bd0feb5a27786e2a84d6b196c4ca62a75c",
                "Characteristic_Value": "4"
              },
              {
                "Conveyor_Characteristic_Key": "46931a3640e36812f050d44e70b0dd4f9a1925bafbf4fb172fe6dcb665b2abec",
                "Characteristic_Type_Key": "3d5a2b2bcca87f6e81cf7dbbca8eb27736e33dc9174220509589d2f0a1438db1",
                "Characteristic_Value": "B5P"
              },
              {
                "Conveyor_Characteristic_Key": "42512f074382c8b715691f06a6a889ba358bad1653163ec37a2b38c6eaef14bc",
                "Characteristic_Type_Key": "1869eabfeea78c8a8a82cafcb95c9255652d59ce0e92950c8f827a29bf1702ea",
                "Characteristic_Value": "B357"
              },
              {
                "Conveyor_Characteristic_Key": "3d6c5d2d96541e2b27a9b90ab11125750e57e8cd4d908ec75c91d7d3bf5c8821",
                "Characteristic_Type_Key": "c5c4992cc8705d2bc9e776cdc4c5064afbd024231e26aac5f02655180ebc6137",
                "Characteristic_Value": "E"
              },
              {
                "Conveyor_Characteristic_Key": "24a29e2bc0bc4e4e30a43127a59155339c02111510a7093648820cf638f4ba27",
                "Characteristic_Type_Key": "e98d90411e4223dbec0c902749b86040b2843f8c705c83451752cd11de67f0b9",
                "Characteristic_Value": ""
              },
              {
                "Conveyor_Characteristic_Key": "b63131fafea92f0456ff1041c43060a51595fc304fa7b546ad352712486e7a2a",
                "Characteristic_Type_Key": "5a415d3b7a3558157981a50249536eb855f1bb8eef17e945818abf689df95984",
                "Characteristic_Value": "220"
              },
              {
                "Conveyor_Characteristic_Key": "c8cfd2cca0fee88ccfc72049b885ffa788058ddd414707fa75fcd64682dba060",
                "Characteristic_Type_Key": "bbd49adb525ff97d84eaac3cf2826b626a70ae035ed5629b3ae2a7271798efa3",
                "Characteristic_Value": "LB"
              },
              {
                "Conveyor_Characteristic_Key": "feeb670d35a5b25f9491d861311b0b2ef738213e85df2489bfbdd78d38e5e2cd",
                "Characteristic_Type_Key": "9d97a921289d9d757a7e1474b05c117d6c096bafd43f1b70755f395d24c652f6",
                "Characteristic_Value": "606.0"
              },
              {
                "Conveyor_Characteristic_Key": "a34a0cd405cea07ec9a6b14491311346538531c9d95260707787b2965de76043",
                "Characteristic_Type_Key": "ff07561c81d58f77f9ed7dd7e5245769a04f4cd790948cdba6e80c4379ff1a06",
                "Characteristic_Value": "IN"
              },
              {
                "Conveyor_Characteristic_Key": "37c4dadc17c8f3ba7aa7a766457450086b60c37c541a804989d9918695d8ee3f",
                "Characteristic_Type_Key": "a9ce945c5311fc17fd538371f0fd8330d7afa79cc74ed59ea8a1e0ef04c0d2e9",
                "Characteristic_Value": "0"
              },
              {
                "Conveyor_Characteristic_Key": "c4e7b8a838c801386952bd404fdc9adeb46ed31f2be94d1d2e15f65349d7b45d",
                "Characteristic_Type_Key": "d5725a9d97d45ff3387ca33b7b08ae9fd893ac44f7b794f340ac3dd50822f73d",
                "Characteristic_Value": "490.0"
              },
              {
                "Conveyor_Characteristic_Key": "f406016b6aae121b549a11c59d3a7bcc1b81f3d028b78a47f30bce20ab6f8359",
                "Characteristic_Type_Key": "4454aa23f8a312255ff20631e902d5240a022ef4c962b716b994ce71e45f849d",
                "Characteristic_Value": "IN"
              },
              {
                "Conveyor_Characteristic_Key": "bdb28af54119bdb9a95b5f83cacce2ff3f506efee56beef0474fa2729336e62c",
                "Characteristic_Type_Key": "76dbf9385dc439544613fb15914b8062453d35085df7c923c3b3447d62cd6ba7",
                "Characteristic_Value": "0"
              },
              {
                "Conveyor_Characteristic_Key": "53404335a5d23bcfda48c6f3a94b843db0f8968a56449e8ca9b49fa7f8182c52",
                "Characteristic_Type_Key": "d457ea76fbcaa5236945ebd4ad2dac740d1e1e0df1b8b2b02e887da8c7729c53",
                "Characteristic_Value": "LB"
              },
              {
                "Conveyor_Characteristic_Key": "92dea40937bf14f78350fefb6f035a9dbe88c2418d6bf76b64d07e7f278ea836",
                "Characteristic_Type_Key": "14880d718db32c63a5a79f7603153a350282ac42db01fe5c4bdd3c622bfa8521",
                "Characteristic_Value": "0"
              },
              {
                "Conveyor_Characteristic_Key": "6e2f2f4013b74909d2ad148a50540cb7f2d49b50bcf8c7394fc146c166927fed",
                "Characteristic_Type_Key": "83f9273a9618bbf545304689fab51e4591a52b3e94d9727fb9c2d904ecc77fcf",
                "Characteristic_Value": "LB"
              },
              {
                "Conveyor_Characteristic_Key": "06a25b2b5bc5cb544ec65112ce2368e7f83d54dd48ec4b63e7e91801fc1f75fb",
                "Characteristic_Type_Key": "bd4e86780d8419c120ea526bfb87e6cface5f24eb765a605ff5b140c76116f74",
                "Characteristic_Value": "0"
              },
              {
                "Conveyor_Characteristic_Key": "1db119db5491a65d44449a92ad9b9b19b8e700b4ff7f007cf0dbd367694748ca",
                "Characteristic_Type_Key": "7408995b240d5e5b8d601b31e9a16f3236856043548149f176594f28aba48588",
                "Characteristic_Value": "LB"
              },
              {
                "Conveyor_Characteristic_Key": "15e730bf9d44dcab31e50b2978c809108809e6b802e5cd15580819119117db5b",
                "Characteristic_Type_Key": "c8743b96a3c52a244e85aeb8bc4c04cf477cb1676f724995b41de016907cf087",
                "Characteristic_Value": "0"
              },
              {
                "Conveyor_Characteristic_Key": "26e873b3cb1309d282e3c8f47f2875aefe9c7831951acd8495cfc1784129342f",
                "Characteristic_Type_Key": "dbe85e7cbc7152d656277da4445f2d27b02ca63b3bccad688fe55b4747cc9436",
                "Characteristic_Value": "LB"
              },
              {
                "Conveyor_Characteristic_Key": "af8f4ac13f65863ee70df26851c6ba9d99fee00d435f70ccd66eb7cb82fd702d",
                "Characteristic_Type_Key": "751ef7c33edbd466d7d1e855a1f3df86e46a82da5fb397681084eb42a681cf8f",
                "Characteristic_Value": "0"
              },
              {
                "Conveyor_Characteristic_Key": "46e523d2f337510763edd098d256142bc2bef027d139849307b174dcc5773c2e",
                "Characteristic_Type_Key": "e1bc094d0a7c2f9db46bca3af5f26862d2b5aa7b39a7070488a54dbdf750204d",
                "Characteristic_Value": "LB"
              },
              {
                "Conveyor_Characteristic_Key": "002a8950846a305c2cfa9c1fce02f4386961ba9e83c2bdc4dd0f04dd198c0ebb",
                "Characteristic_Type_Key": "dbb5133b8d63336912ae5c745c9fb8458006dd4f0970b6a50b88ac708e583aac",
                "Characteristic_Value": "0"
              },
              {
                "Conveyor_Characteristic_Key": "19bc5eea0550f77321b09e5e8a0c0a8f83facee7b67401e45a463cfdd5e6279c",
                "Characteristic_Type_Key": "b5240bed2caa8393d81383779167d8b2054410e708dead0ad5e4fefe8d5abd68",
                "Characteristic_Value": "LB"
              },
              {
                "Conveyor_Characteristic_Key": "2add3f9b78f587b3f7687c7e591134aea5df9a636b736a9f497cfc8acf9700b1",
                "Characteristic_Type_Key": "da1220a51cea86752cfb2804c36832d36b9aed503f75917c7f6ad75fb05e0ba2",
                "Characteristic_Value": "0"
              },
              {
                "Conveyor_Characteristic_Key": "77dd39620c268737a1fc4d06e00990784416a127b8888a5ef88c63915ab3459e",
                "Characteristic_Type_Key": "14d71119d5455069dff1fbe3410b6c7f3aa9f13f7a590b8fc549c33028a5c092",
                "Characteristic_Value": "LB"
              },
              {
                "Conveyor_Characteristic_Key": "03431c7f147ee0ae7078cb84382e4e784aa2d373edfaa6625348e9d02f00002c",
                "Characteristic_Type_Key": "732100faf6912a84f882569d3e91430bced92837c13eacd6407a2156ccb3ed20",
                "Characteristic_Value": "0"
              },
              {
                "Conveyor_Characteristic_Key": "dcbcf469e5deeaad277b5f58f297ee0ca976a9d1ee4eb0912cfcd2db272f4040",
                "Characteristic_Type_Key": "b6c93b7ba5416a9e2378b75d9d44713c4fad1a3d44e8eecbe111f6be06cdf6ab",
                "Characteristic_Value": "LB"
              },
              {
                "Conveyor_Characteristic_Key": "fd90ff3dca2ed761173bb20ee2408680d30bc6ab3b9f233522383db7e62466a7",
                "Characteristic_Type_Key": "4b522eb4b43dc164cd77a940c563c150246df60d0c9fed2f864ff8a47fbfb6fc",
                "Characteristic_Value": "0"
              },
              {
                "Conveyor_Characteristic_Key": "576e72904959a0580c24a16f154ec59625e9286da612ad0608dbf0414b18d91b",
                "Characteristic_Type_Key": "3440b0b8b1158497b7332dea59f3b1b490ee372dc385fd506610b478cf024d8e",
                "Characteristic_Value": "LB"
              },
              {
                "Conveyor_Characteristic_Key": "1cea0131329f6bff53b0e6073e9fcfd5857af0a2d626d62c066984b76c54fb7d",
                "Characteristic_Type_Key": "2dc00abe6f89bef6d949dc0007244180c5cc10733296f36cdf57759b3bf716df",
                "Characteristic_Value": "0"
              },
              {
                "Conveyor_Characteristic_Key": "fc48450ee98fb5e7f562a76dfa906261f98ab278395f5ca5ab5882338b27dad6",
                "Characteristic_Type_Key": "b720d303a52341416558f91da4656b4bebca2b762e95eea58500b6ad7b1db86a",
                "Characteristic_Value": "LB"
              },
              {
                "Conveyor_Characteristic_Key": "918f35ca9c3a9a3560a53afd453b80c4623274bab048b1df5f4ec136e9d4f39c",
                "Characteristic_Type_Key": "92faaeff979e7c96502be600d29e74948e5da6754bae173c44d944c2ab5cd6c7",
                "Characteristic_Value": "0"
              },
              {
                "Conveyor_Characteristic_Key": "3b2a313e123d0188644774e8527e88c224fa231279d659f082be1f1cb5636925",
                "Characteristic_Type_Key": "e16128b4d142c2adad6d5bcb7ae4d71e596937db96988a9790c7eaad4b62ed34",
                "Characteristic_Value": "LB"
              },
              {
                "Conveyor_Characteristic_Key": "a6bcc7c27bb7f27eb0fd3241676d14e845b5412a8f4eafaaaee627324307169f",
                "Characteristic_Type_Key": "5937fb877392166a291caccbf5ad711bc82d9c91c23a0b60d1afc9556bb1ea2a",
                "Characteristic_Value": "0"
              },
              {
                "Conveyor_Characteristic_Key": "c6eae3e08f0e8c349251c1317097d497e622d102f6e1f6a5e3e68b99d710392c",
                "Characteristic_Type_Key": "286826380e37fa4e2d8f0e6dc3154c6a2518b4b9473caf1ef85db7439ed9afce",
                "Characteristic_Value": "LB"
              },
              {
                "Conveyor_Characteristic_Key": "f570f2c0d82a6bd2cb6437779a0155c1b64ed3957a3e544ef348ce3cbeac9695",
                "Characteristic_Type_Key": "feacc060c1ee3b2effb2b1ee180ac998c957fb7632d65ab6e3f680292ed11200",
                "Characteristic_Value": "0"
              },
              {
                "Conveyor_Characteristic_Key": "32f8405ed881fc47d0a4f19b5a9212622de1062ba2facdd47c85fce9a4402b4e",
                "Characteristic_Type_Key": "0c0df4d7ebb5774fc80b5cb68bc27f2894a975c8d2e9297c56a4e82875d5605a",
                "Characteristic_Value": "LB"
              },
              {
                "Conveyor_Characteristic_Key": "95b6d274dabbac63fa834f88bd24d2dc11f9b28e05eedf31b1019eecc8650ed2",
                "Characteristic_Type_Key": "1f59f0448445f634ce182b1a25f7b68d803b890a83772e6d26e92d421cdd1685",
                "Characteristic_Value": "0"
              },
              {
                "Conveyor_Characteristic_Key": "fd2a6675d17e0babf91a934d1f15eba8ab4938bea1b756dccfad91c27cfcae4b",
                "Characteristic_Type_Key": "38ff6d982dec64e7ad4a092ab80bbe8a3b69383e0166dcf8256fb1bee04b6cdb",
                "Characteristic_Value": "LB"
              },
              {
                "Conveyor_Characteristic_Key": "13ae61e6c026ef2eb9cd9eaaa733bcfff63fe4e8f206697b36e4ec249874d2f4",
                "Characteristic_Type_Key": "5b7e554e98ffadafa179a8613c818fec0706d00e427c6afd4868c57ddd6139a6",
                "Characteristic_Value": "0"
              },
              {
                "Conveyor_Characteristic_Key": "03efbbcc26e3587b289a93f164b3ff01198609953bb1d11c9848891a3bd8a6c8",
                "Characteristic_Type_Key": "1e5293657b6132dcd3dd373d6d5c9f4f03346d046432a8927b33791518100747",
                "Characteristic_Value": "LB"
              },
              {
                "Conveyor_Characteristic_Key": "a1217e0416c690185c72ab9790fae01d5254230d0335db58ab02f01a9a369554",
                "Characteristic_Type_Key": "3a666f800fdf1ee30183227058e117792ceb74bbe4ccbcc2fbe609c90b32b122",
                "Characteristic_Value": "0"
              },
              {
                "Conveyor_Characteristic_Key": "7e17517885f02d4f28fd4640bf1ce4fcc8882c3ce6ed2f1c72f594125b882008",
                "Characteristic_Type_Key": "7e0d2bdbc47fc49a84a3124ac437c777fde9d6c2883c9c4bf3137bc9e5a67322",
                "Characteristic_Value": "LB"
              },
              {
                "Conveyor_Characteristic_Key": "ddfa636f96015f32787264882adca08d081f9e6aba7bc31b04a62a60d698d81f",
                "Characteristic_Type_Key": "37ecfe910bebe1f3d6173e7053b2b45c803b63ee54ae4c18c89589abf9335b63",
                "Characteristic_Value": "0"
              },
              {
                "Conveyor_Characteristic_Key": "b3a74d6130d1e1746758dc901bd054e9249c420ddff754bcd4a010ffaf6a8f1e",
                "Characteristic_Type_Key": "7df9d4bd0d8217cc387623e020612a179e2be4ee584116f62a21931ccd6830e3",
                "Characteristic_Value": "LB"
              },
              {
                "Conveyor_Characteristic_Key": "50f3d60a70148474f5ae7bef6e1fc5f4148cc76ad4836222424c84d84fb7c7a4",
                "Characteristic_Type_Key": "b2f3276e0652ab780d028d19df2a2d66c953b342dc92b7bdbd8747120028ff1b",
                "Characteristic_Value": "0"
              },
              {
                "Conveyor_Characteristic_Key": "06fee3953623bbabcb97ebdcc51bc99206286e5c31ec3eba7fab20f5c7abb012",
                "Characteristic_Type_Key": "6b96d5cebe2981cfee3a0e224034bda3e5ec7e894c6c39e90909b10717d24b10",
                "Characteristic_Value": "LB"
              },
              {
                "Conveyor_Characteristic_Key": "1b1b05656f59428daa2001a7e633d0237beb68881f1f6916281463c56e5407f7",
                "Characteristic_Type_Key": "c8e98c938ae925f9faedbefbadca8fa4e668b761e211cada44a996f7655c0f9e",
                "Characteristic_Value": "0"
              },
              {
                "Conveyor_Characteristic_Key": "96083c1c3f9d8bf2f54194e1aa66fe9a3856fde975eca6fd029c4703378b2fe2",
                "Characteristic_Type_Key": "c2273ca8ca98d54778f3dad47ed3a6a1358ecb2ebbd9ddd19f73874e6a8cb64a",
                "Characteristic_Value": "LB"
              },
              {
                "Conveyor_Characteristic_Key": "200cedd480fe12bc2a23b9d46a3b21dca400faffa3212faccf46dd613995c06d",
                "Characteristic_Type_Key": "5389ffff0d4a33fd1c5cd917f405fd688e36e7528df64e7d9f941b0f619cb7b9",
                "Characteristic_Value": "0"
              },
              {
                "Conveyor_Characteristic_Key": "53ac3ba1b2a30c09d0648f2fa01fcbb6efa7d122813b9e6bf2c7c4c113f9757f",
                "Characteristic_Type_Key": "321622eae844c1b377630ce5be470ffa3469ff299419f9066039d236666e0bc4",
                "Characteristic_Value": "LB"
              },
              {
                "Conveyor_Characteristic_Key": "10e7f96f70ed6ac2d1bc3875fc0960d8caa9a390fc801a1e2ff6c99907efdee9",
                "Characteristic_Type_Key": "00b2e26883b62301ea88cb18d5e4f1fea59e3c76436bac0394a50ec2a329d360",
                "Characteristic_Value": ""
              },
              {
                "Conveyor_Characteristic_Key": "d8d83170bd566f2b302498ffb1a3a9a0b863bd7ca3ef9733e8cae3ea2cc0e8f8",
                "Characteristic_Type_Key": "f49d12114258c1c62ec26c7d9be537d35935a60a6cbacea03ec85a7e9840d58c",
                "Characteristic_Value": "TTX"
              },
              {
                "Conveyor_Characteristic_Key": "c43de76441d72b3c75e2ecd422b794082483fe1ef244344b0a9d801aa7550cee",
                "Characteristic_Type_Key": "43c68a213465184a5614506faf2ab33062706ec938d50a18880a3a649fb304cf",
                "Characteristic_Value": "B"
              },
              {
                "Conveyor_Characteristic_Key": "9c8d3dda77a7ed850f4cefcb2727121447e45fbe09c0f9796436850c6f4045b0",
                "Characteristic_Type_Key": "80b4b12f9208b81e1734d66e9529f703ac68cc471bdfe843ff84eafeb38fe641",
                "Characteristic_Value": "4"
              }
            ],
            "Domain_Event_Key": "36d11ec0d759ac68769ae7e9ae0329a8eecc72a947ce96a1b9795723748952c5",
            "Correlation_Id": "9bc89972-a879-4ee6-b090-0c495e4ef064",
            "Client_Identification": "Corporate Equipment Data",
            "System_Key": "79060a749b1cef11e7c1ab30abe8c9f353a8d154bfd824485fb115b83f49abd5",
            "Proc_Ts": "2021-02-16 21:34:51.201",
            "Proc_Ts_Tz_Dst_Cd": "100",
            "Event_Ts": "2021-02-16 21:34:51.201",
            "Event_Ts_Tz_Dst_Cd": "100"
          }
        }
      ]
    },
    {
      "name": "tc_id_67.ihl_dev_rm.reg.tm.prepared.cnvyCondCrt.v1",
      "data": [
        {
          "DomainEventHeader": {
            "SOR_INGT_CRT_TS": "2021-02-16 21:34:51.201",
            "SOR_TPIC_NM": "tc_id_67.ihl_dev_rm.reg.transportation.umler.raw.v1",
            "DE_META": ""
          },
          "ConveyorConditionCreated": {
            "Domain_Event_Type_Key": "e3b61a2ebf5b23ed3fd8ff58d88a71874f646ec36a6e49d48b10b0c9e3100d05",
            "Conveyor_Key": "a566b381a0d2169251355f7a0f48f09a2bd39b19cf87333c020c04589799b0fc",
            "ConditionCharacteristics": [
              {
                "Condition_Characteristic_Key": "f8e59e424ed545ebd1c5e1f6bc37edf867f266797e3cda32688fde34fa501b56",
                "Characteristic_Type_Key": "0f0cfaff4acf325a3407b96a0ef90378f6831929d513dcf6943f68e2dec87a84",
                "Characteristic_Value": ""
              }
            ],
            "Domain_Event_Key": "36d11ec0d759ac68769ae7e9ae0329a8eecc72a947ce96a1b9795723748952c5",
            "Correlation_Id": "9bc89972-a879-4ee6-b090-0c495e4ef064",
            "Client_Identification": "Corporate Equipment Data",
            "System_Key": "79060a749b1cef11e7c1ab30abe8c9f353a8d154bfd824485fb115b83f49abd5",
            "Proc_Ts": "2021-02-16 21:34:51.201",
            "Proc_Ts_Tz_Dst_Cd": "100",
            "Event_Ts": "2021-02-16 21:34:51.201",
            "Event_Ts_Tz_Dst_Cd": "100"
          }
        }
      ]
    },
    {
      "name": "tc_id_67.ihl_dev_rm.reg.tm.prepared.rteErr.v1",
      "data": [
        {
          "IngestionHeader": {
            "ING_CRT_TS": "2021-02-16 21:34:51.201",
            "PRODUCT_ID": "A234 Corporate Equipment",
            "UUID": null,
            "FORMAT": "JSON"
          },
          "Umler": {
            "NOM_CPTY": 154,
            "RATE_IND": "4",
            "CMPT_CNT": 0,
            "IBMSNAP_LOGMARKER": "1900-01-01 00:00:00",
            "IS_WDTH_FT": 9,
            "TARE_WGT": 659,
            "EQP_LSEE_ABBR": "    ",
            "OPER_BRAK": null,
            "PLATFORM_TARE_WEIGHT_3": 0,
            "PLATFORM_TARE_WEIGHT_2": 0,
            "PLATFORM_TARE_WEIGHT_1": 0,
            "PLATFORM_TARE_WEIGHT_7": 0,
            "EQP_INIT": "ABOX",
            "PLATFORM_TARE_WEIGHT_6": 0,
            "PLATFORM_TARE_WEIGHT_5": 0,
            "PLATFORM_TARE_WEIGHT_4": 0,
            "DU13_ABT_DUE_DT": "2008-07-01T00:00:00",
            "ACTL_TANK_CPTY": 0,
            "PLATFORM_TARE_WEIGHT_9": 0,
            "AAR_POOL_CD": 0,
            "PLATFORM_TARE_WEIGHT_8": 0,
            "RBLD_DT": "9999-12-31T00:00:00",
            "SIDE_DOOR_TYP": "09",
            "B204_JCKT_MATL_CTGY": " ",
            "IBMSNAP_COMMITSEQ": " ",
            "ERT_CD": "4",
            "TRSP_CD_TRUE": " ",
            "ERT_FPS_IND": "N",
            "B207_TANK_MJR_CLSS": "  ",
            "IS_LGTH_FT": 50,
            "TCPD34_RSTR_IND": " ",
            "IS_HGTH_IN": 0,
            "TANK_CPLC_IND": " ",
            "AAR_MECH_DSGN": "XM  ",
            "LDLT_LOAD_LMT": 154100,
            "DU58_ABT_DUE_DT": "2012-06-01T00:00:00",
            "EQP_NBR_SRS": "     52062",
            "XTRM_WDT": 1008,
            "PLATFORM_TARE_WEIGHT_10": 0,
            "EQP_NBR": "0052062",
            "TRCK_CTRLGT_IN": 10,
            "BLD_DT": "0001-01-01T00:00:00",
            "A266_TOT_WGT_RAIL": 220000,
            "B259_INLT_PROT_THC": 0,
            "XTRM_HGT": 1505,
            "CAR_GRD_CD": "A ",
            "BH_HGT_FT": null,
            "OSID_LGT": 5507,
            "LINING": "L",
            "FORMAT_TYP": "A",
            "STARRED": " ",
            "SIDE_DOOR_WDTH": 1600,
            "ERT_CD_TRUE": "4",
            "TRSP_COND_CD": " ",
            "SIDE_DOOR_H_FT": 10,
            "EFF_DT_YYMM": 811,
            "EQP_INIT_NBR": "ABOX0052062",
            "ABRK_TST_DT": "2012-01-26T00:00:00",
            "EQP_OWNR_CD": "B",
            "AAR_POOL_EW_IND": "N",
            "TCPD34_OWNID_IND": " ",
            "TRSP_CD_EW_IND": "N",
            "FLOOR_TYP": "3",
            "ROOF_TYP": " ",
            "PLATFORM_LOAD_LIMIT_9": 0,
            "IBMSNAP_OPERATION": "I",
            "CUFT_CPTY": 5290,
            "B203_TKHD_MATL_NORM_IND": " ",
            "GST_FPS_IND": "N",
            "PLATFORM_LOAD_LIMIT_3": 0,
            "PLATFORM_LOAD_LIMIT_4": 0,
            "PLATFORM_LOAD_LIMIT_1": 0,
            "PLATFORM_LOAD_LIMIT_2": 0,
            "PLATFORM_LOAD_LIMIT_7": 0,
            "PLATFORM_LOAD_LIMIT_8": 0,
            "TIME_CHRG": 0,
            "PLATFORM_LOAD_LIMIT_5": 0,
            "PLATFORM_LOAD_LIMIT_6": 0,
            "CAR_KIND": "B24",
            "EQP_TYP_AAR": "B357",
            "DRF_GEAR_CD": 88,
            "TRSP_COND_CD_TRUE": " ",
            "ARTICLTD": " ",
            "IS_HGTH_FT": 11,
            "LOAD_LMT": 1541,
            "EXT_SRVC_CD": "E",
            "ABRK_TST_RD": "CSXT",
            "IS_WDTH_IN": 6,
            "TRSP_COND_EW_IND": "N",
            "SHP_CONT_SPECS": "            ",
            "GST_CD_TRUE": "B5P",
            "XWDT_HGT": 1310,
            "AAR_POOL_CD_TRUE": 0,
            "TRAN_CD": " ",
            "A142_INLT_PROT_TYP": "  ",
            "TOT_WGT_RAIL": 220,
            "IBMSNAP_INTENTSEQ": " ",
            "IS_LGTH_IN": 6,
            "EQP_OWNR_ABBR": "TTX ",
            "SIDE_DOOR_H_IN": 4,
            "AXLES": "4",
            "BH_HGT_IN": null,
            "SURCHRG": 0,
            "A259_TARE_WGT": 65900,
            "AEI_CD": "71",
            "BRNG_CD": "E",
            "B078_END_SERV_DT": null,
            "B208_TKSH_MATL_NORM_IND": " ",
            "MLG_RT": 0,
            "A072_CONT_SPEC": "            ",
            "CLRC_CD": "C",
            "TRSP_CD": " ",
            "TRCK_CTRLGT_FT": 40,
            "B541_JCKT_THC": 0,
            "GST_CD": "B5P",
            "PLATFORM_LOAD_LIMIT_10": 0,
            "SPL_TRN_SVC_CD": "                  "
          },
          "LogHeader": {
            "ERROR_TO_DE": "Correlation_Id is NULL",
            "RAW_KAFKA_QUEUE_NAME": "tc_id_67.ihl_dev_rm.reg.transportation.umler.raw.v1",
            "SPARK_JOB_NAME": "UmlerDomainFeed"
          }
        }
      ]
    }
  ]
}