{
  "Kafka_Output": [
    {
      "name": "tc_id_92.ihl_dev_rm.reg.tm.prepared.cnvyCondCrt.v1",
      "data": [
        {
          "DomainEventHeader": {
            "SOR_INGT_CRT_TS": "2021-01-15T09:08:10.3600309Z",
            "SOR_TPIC_NM": "tc_id_92.ihl_dev_rm.reg.tm.raw.unit-location-updated.v1",
            "DE_META": ""
          },
          "ConveyorConditionCreated": {
            "Domain_Event_Type_Key": "e3b61a2ebf5b23ed3fd8ff58d88a71874f646ec36a6e49d48b10b0c9e3100d05",
            "Conveyor_Key": "6746c062b479bc02df64ea9477a85449d8331004b71ba935d681363cd1e2d112",
            "ConditionCharacteristics": [
              {
                "Condition_Characteristic_Key": "8ea630a262666c885c8279b2e4aa56f8a67ba01db25fa2e6c29a4714be2e1f70",
                "Characteristic_Type_Key": "9eb03ed3383487758d4e540ae5cfea5edfaf83b1bb1a7ea717d4312cc92082ab",
                "Characteristic_Value": ""
              },
              {
                "Condition_Characteristic_Key": "286b120570ee03c09d0cf1f7e44e860a02cc497c5211d026c744e25fccc5329a",
                "Characteristic_Type_Key": "2721330f6225c359e530c1c332da0e34900c9afff8354e0d22b8e264672caee9",
                "Characteristic_Value": ""
              },
              {
                "Condition_Characteristic_Key": "4b486dd1fedd5612bcdfbf98185132df9a2586c7e5e75e61fe38a21921b01218",
                "Characteristic_Type_Key": "182451c8276741dbde5f134623e946880bf1de912be2e0360e00580763769433",
                "Characteristic_Value": ""
              },
              {
                "Condition_Characteristic_Key": "161a6effd7fe05632925202bdc9bacb2d71cba843f99c057bf72d7f324a9850c",
                "Characteristic_Type_Key": "abd2b88bad43197bc61e99fdb72275fe0d0177e817dd46c899539ea832125e62",
                "Characteristic_Value": ""
              },
              {
                "Condition_Characteristic_Key": "f66a5d11cf00b281ce1d7d1bd6b60fa7f0a5ab2feae02daa350894fca53d7339",
                "Characteristic_Type_Key": "cc4c37919716aee0b1985bb479b013c6da9b96e6bdbe8d4b2095a887cdde4401",
                "Characteristic_Value": ""
              }
            ],
            "Domain_Event_Key": "c0793d82f296d02cc5cd1bd5d63c4330a87d69caa3e89a192b5020e7472ad99a",
            "Correlation_Id": "57aa96a0-45b5-4ba9-80d5-aa032e97db09",
            "Client_Identification": "IPRO",
            "System_Key": "3c959b556df469c5f98d10b085b2d2f0bd7fe6f140c10e322569f81ea32c6598",
            "Proc_Ts": "",
            "Proc_Ts_Tz_Dst_Cd": "100",
            "Event_Ts": "",
            "Event_Ts_Tz_Dst_Cd": "100"
          }
        }
      ]
    },
    {
      "name": "tc_id_92.ihl_dev_rm.reg.tm.prepared.rteErr.v1",
      "data": [
        {
          "EventHeader": {
            "CRT_TS": "2021-01-15T09:08:10.3600309Z",
            "PRODUCT_ID": "IPROFacade",
            "UUID": null,
            "FORMAT": "JSON"
          },
          "UnitLocationUpdated": {
            "SentTimestampUtc": "",
            "TerminalID": "",
            "ContainerHandlingEquipmentID": "",
            "OperatorUserID": "",
            "EventDateTime": "",
            "UnitInit": "",
            "UnitNumber": 0,
            "ChassisInit": "TSXZ",
            "ChassisNumber": 123456,
            "TrainVoyage": "",
            "TrainID": ""
          },
          "PreviousLocation": {
            "ParkingTracksideIndicator": "",
            "LotTrackID": "",
            "RailcarInit": "",
            "RailcarNumber": 0,
            "HitchPosition1": "A",
            "HitchPosition2": "B",
            "HitchPosition3": "1",
            "Row": "",
            "Spot": "",
            "ChassisInit": "TSXZ",
            "ChassisNumber": 123456
          },
          "CurrentLocation": {
            "ParkingTracksideIndicator": "",
            "LotTrackID": "",
            "RailcarInit": "",
            "RailcarNumber": 0,
            "HitchPosition1": "",
            "HitchPosition2": "",
            "HitchPosition3": "",
            "Row": "",
            "Spot": "",
            "ChassisInit": "TSXZ",
            "ChassisNumber": 123456
          },
          "LogHeader": {
            "ERROR_TO_DE": "UUID is NULL",
            "RAW_KAFKA_QUEUE_NAME": "tc_id_92.ihl_dev_rm.reg.tm.raw.unit-location-updated.v1",
            "SPARK_JOB_NAME": "UnitLocationUpdateDomainFeed"
          }
        }
      ]
    }
  ]
}