{
  "Kafka_Output": [
    {
      "name": "tc_id_62.ihl_dev_rm.reg.tm.prepared.cnvyCrt.v1",
      "data": [
        {
          "DomainEventHeader": {
            "SOR_INGT_CRT_TS": "2021-02-11T21:30:05.029Z",
            "SOR_TPIC_NM": "tc_id_62.ihl_dev_rm.reg.tm.raw.vessel.v1",
            "DE_META": ""
          },
          "ConveyorCreated": {
            "Domain_Event_Type_Key": "e3b61a2ebf5b23ed3fd8ff58d88a71874f646ec36a6e49d48b10b0c9e3100d05",
            "Conveyor_Key": "d64930e2cc7dd9c7ece926bd0eb784b5cfa421a714a544b9e41fe8e7f5b6a181",
            "Conveyor_Type_Key": "5919fa9d7b96612183d1658bafa36eed27d732ee1b82527edea426ddc8e6fc62",
            "Identification_Type_Key": "89c7c81cfaf9ac3a559a1dc8cd3c68aabe0f0ee2a700b2b51f58b4dc64adc3a8",
            "Identification_Value": "9318060",
            "Domain_Event_Key": "84e378164116eb9645f29c0cbf8254212deae004228131689bfb6a9a4c8dd91d",
            "Correlation_Id": "f7816208-8c44-4913-b6f2-d8d0075a47f5",
            "Client_Identification": "156276A",
            "System_Key": "ea040811b4e08ab97f7af0971223713a9dc11d6b30bcc906cd8ec7c2b0b38817",
            "Proc_Ts": "2021-02-11T21:30:05.029Z",
            "Proc_Ts_Tz_Dst_Cd": "100",
            "Event_Ts": "2021-02-11T21:30:05.029Z",
            "Event_Ts_Tz_Dst_Cd": "100"
          }
        }
      ]
    },
    {
      "name": "tc_id_62.ihl_dev_rm.reg.tm.prepared.cnvyDsc.v1",
      "data": [
        {
          "DomainEventHeader": {
            "SOR_INGT_CRT_TS": "2021-02-11T21:30:05.029Z",
            "SOR_TPIC_NM": "tc_id_62.ihl_dev_rm.reg.tm.raw.vessel.v1",
            "DE_META": ""
          },
          "ConveyorDescribed": {
            "Domain_Event_Type_Key": "e3b61a2ebf5b23ed3fd8ff58d88a71874f646ec36a6e49d48b10b0c9e3100d05",
            "Conveyor_Key": "d64930e2cc7dd9c7ece926bd0eb784b5cfa421a714a544b9e41fe8e7f5b6a181",
            "ConveyorCharacteristics": [
              {
                "Conveyor_Characteristic_Key": "88dcb2e6b31a6b8cf91ee19f0954e800f6ccf452ac11f548091c63f341fe6318",
                "Characteristic_Type_Key": "b305623ff70c43803f6a8b40ae84626a574ecd37c82937faff9f2c21e803889e",
                "Characteristic_Value": "CMACGMAMELLC"
              },
              {
                "Conveyor_Characteristic_Key": "2ea0203592666fb9481b2d9e29e3e3f1aa20fb38179d4c3827fb41ec37263057",
                "Characteristic_Type_Key": "923bbadd3545994daaeaf56ca373c1e552e66b84231c596c67018ae3bed8a179",
                "Characteristic_Value": "BELITA"
              },
              {
                "Conveyor_Characteristic_Key": "8c40a323053599a361922d4c6f0e00fd859c3b8c12f5283efca55d30c857ba1f",
                "Characteristic_Type_Key": "fffde3e6f576ba58ce4a25d5c6bceb53435fea1d02df99f85ebbfcb0458d4b23",
                "Characteristic_Value": "N"
              }
            ],
            "Domain_Event_Key": "84e378164116eb9645f29c0cbf8254212deae004228131689bfb6a9a4c8dd91d",
            "Correlation_Id": "f7816208-8c44-4913-b6f2-d8d0075a47f5",
            "Client_Identification": "156276A",
            "System_Key": "ea040811b4e08ab97f7af0971223713a9dc11d6b30bcc906cd8ec7c2b0b38817",
            "Proc_Ts": "2021-02-11T21:30:05.029Z",
            "Proc_Ts_Tz_Dst_Cd": "100",
            "Event_Ts": "2021-02-11T21:30:05.029Z",
            "Event_Ts_Tz_Dst_Cd": "100"
          }
        }
      ]
    },
    {
      "name": "tc_id_62.ihl_dev_rm.reg.tm.prepared.rteErr.v1",
      "data": [
        {
          "IngestionHeader": {
            "ING_CRT_TS": "2021-02-11T21:30:05.029Z",
            "PRODUCT_ID": "A195",
            "UUID": null,
            "FORMAT": "JSON"
          },
          "Vessel": {
            "LLOYD_VES_ID": "9318060",
            "PRCS_TM": "16:25:05",
            "IBMSNAP_OPERATION": "I",
            "VES_OWNR_633": "CMACGMAMELLC",
            "IBMSNAP_LOGMARKER": "2021-02-11 16:25:25.462647",
            "VES_EDI_IND": "N",
            "PRCS_CD": "A",
            "USER_ID": "156276A ",
            "PRCS_DT": "2021-02-11",
            "IBMSNAP_INTENTSEQ": "00d942671299c5d29000000000000001",
            "IBMSNAP_COMMITSEQ": "00d94267129aa77f9200000000000001",
            "VES_NME": "BELITA                  "
          },
          "LogHeader": {
            "ERROR_TO_DE": "UUID is NULL",
            "RAW_KAFKA_QUEUE_NAME": "tc_id_62.ihl_dev_rm.reg.tm.raw.vessel.v1",
            "SPARK_JOB_NAME": "VesselDomainFeed"
          }
        }
      ]
    }
  ]
}