{
  "Kafka_Output": [
    {
      "name": "tc_id_44.ihl_dev_rm.reg.tm.prepared.planEvtRpt.v1",
      "data": [
        {
          "DomainEventHeader": {
            "SOR_INGT_CRT_TS": "2020-06-03 20:04:01.149000",
            "SOR_TPIC_NM": "tc_id_44.ihl_dev_rm.reg.tm.raw.voyageSeg.v1",
            "DE_META": ""
          },
          "PlannedEventReported": {
            "Primary_Object_Key": "ae89946214d83fd4c6db39d4af9a3d7678fcac6f0a31f96e7f5b533fd20f8c27",
            "Domain_Event_Type_Key": "e3b61a2ebf5b23ed3fd8ff58d88a71874f646ec36a6e49d48b10b0c9e3100d05",
            "Planned_Event_Key": "28c8fd38e4f9b75e5d5e04783420bf2e2d76dc0976d30a0492d1086bab3b1f75",
            "Planned_Event_Type_Key": "ff96c8c59fc6539352fd9fb7b89cb06396e2090234b4bd52017010ad72c58ce3",
            "Planned_Event_Value": "Arrival",
            "Domain_Event_Key": "833667f67842ac9f5e77700cafc70b5b9783d91b9c68d01ee6195eed0fcb9a66",
            "Correlation_Id": "123e4567-e89b-12d3-a456-556642440000",
            "Client_Identification": "SRS-IM",
            "System_Key": "ea040811b4e08ab97f7af0971223713a9dc11d6b30bcc906cd8ec7c2b0b38817",
            "Proc_Ts": "2020-06-03 20:04:01.149000",
            "Proc_Ts_Tz_Dst_Cd": "100",
            "Event_Ts": "2020-06-03 20:04:01.149000",
            "Event_Ts_Tz_Dst_Cd": "100"
          }
        },
        {
          "DomainEventHeader": {
            "SOR_INGT_CRT_TS": "2020-06-03 20:04:01.149000",
            "SOR_TPIC_NM": "tc_id_44.ihl_dev_rm.reg.tm.raw.voyageSeg.v1",
            "DE_META": ""
          },
          "PlannedEventReported": {
            "Primary_Object_Key": "ae89946214d83fd4c6db39d4af9a3d7678fcac6f0a31f96e7f5b533fd20f8c27",
            "Domain_Event_Type_Key": "e3b61a2ebf5b23ed3fd8ff58d88a71874f646ec36a6e49d48b10b0c9e3100d05",
            "Planned_Event_Key": "28c8fd38e4f9b75e5d5e04783420bf2e2d76dc0976d30a0492d1086bab3b1f75",
            "Planned_Event_Type_Key": "ff96c8c59fc6539352fd9fb7b89cb06396e2090234b4bd52017010ad72c58ce3",
            "Planned_Event_Value": "Arrival",
            "Domain_Event_Key": "833667f67842ac9f5e77700cafc70b5b9783d91b9c68d01ee6195eed0fcb9a66",
            "Correlation_Id": "123e4567-e89b-12d3-a456-556642440000",
            "Client_Identification": "SRS-IM",
            "System_Key": "ea040811b4e08ab97f7af0971223713a9dc11d6b30bcc906cd8ec7c2b0b38817",
            "Proc_Ts": "2020-06-03 20:04:01.149000",
            "Proc_Ts_Tz_Dst_Cd": "100",
            "Event_Ts": "2020-06-03 20:04:01.149000",
            "Event_Ts_Tz_Dst_Cd": "100"
          }
        }
      ]
    },
    {
      "name": "tc_id_44.ihl_dev_rm.reg.tm.prepared.planEvtDsc.v1",
      "data": [
        {
          "DomainEventHeader": {
            "SOR_INGT_CRT_TS": "2020-06-03 20:04:01.149000",
            "SOR_TPIC_NM": "tc_id_44.ihl_dev_rm.reg.tm.raw.voyageSeg.v1",
            "DE_META": ""
          },
          "PlannedEventDescribed": {
            "Domain_Event_Type_Key": "e3b61a2ebf5b23ed3fd8ff58d88a71874f646ec36a6e49d48b10b0c9e3100d05",
            "Planned_Event_Key": "28c8fd38e4f9b75e5d5e04783420bf2e2d76dc0976d30a0492d1086bab3b1f75",
            "PlannedEventCharacteristics": [
              {
                "Planned_Event_Characteristic_Key": "053a9ec2dbe69d7e26b0ee697511adac6b03f29c6261a605d71a784a81826aa6",
                "Characteristic_Type_Key": "547e657dbaed8f630e132742e5357373be4c5eebed7562d04c857233e44d6777",
                "Characteristic_Value": ""
              },
              {
                "Planned_Event_Characteristic_Key": "3d6524dfdf80a6c70a95be9ce19c7ea2e9ac44fd8aae8c7b111cc612a073efa0",
                "Characteristic_Type_Key": "15a594806e61a09dd297b07aa435511175fd06ed908e6b70c3b5b01c969341a3",
                "Characteristic_Value": "null"
              },
              {
                "Planned_Event_Characteristic_Key": "88399ee697284eb907295a2b93b45a50e51f946502d4712a1647b7e98cab37b7",
                "Characteristic_Type_Key": "e99d6d455406089ad5c177896b3ccb98b650f5847a780b917605fdcddcb7c427",
                "Characteristic_Value": ""
              },
              {
                "Planned_Event_Characteristic_Key": "6a06fa48aca0adaf95d639f8b646841fa095164789dbfd040564d69765aa291b",
                "Characteristic_Type_Key": "53fc5939064f70a426436f3525dfe7f9ac6145f9c0a2df5ea4eea017614ffcc5",
                "Characteristic_Value": "null"
              },
              {
                "Planned_Event_Characteristic_Key": "3bb4426c70d0541418690e196dd25cdfc8c858cc821d075527e7c3ac3275ea7c",
                "Characteristic_Type_Key": "a2e6aed9aef136e5990dea7f0b7d407f8129e3956df3890de5eb7d9756039281",
                "Characteristic_Value": ""
              },
              {
                "Planned_Event_Characteristic_Key": "c38888810778af34975873ac44a944c3a6f06c07173ef023856f0932fa96d698",
                "Characteristic_Type_Key": "209c4e9d6c2e8b9d639e7b797dd62a8867678b10095a97d71af36ef515972cd4",
                "Characteristic_Value": "null"
              },
              {
                "Planned_Event_Characteristic_Key": "697ac204f03a0a997b40c96f1ca48fbbe8f074e14094549a8a4cb797ab61e3f9",
                "Characteristic_Type_Key": "c5a5b88e0b7c38af442e9ba99062e840a492f19a7d4bbe34be4f42487995ad38",
                "Characteristic_Value": ""
              },
              {
                "Planned_Event_Characteristic_Key": "d83a94d7d35675363253208af02ad8d072196a790c4e39ca38178ebb98b18682",
                "Characteristic_Type_Key": "b8bb9175aaa3ed07ca0fb7ad8b1574f451474c6544e5169c392ca5a915534ad6",
                "Characteristic_Value": "null"
              }
            ],
            "Primary_Object_Key": "ae89946214d83fd4c6db39d4af9a3d7678fcac6f0a31f96e7f5b533fd20f8c27",
            "Domain_Event_Key": "833667f67842ac9f5e77700cafc70b5b9783d91b9c68d01ee6195eed0fcb9a66",
            "Correlation_Id": "123e4567-e89b-12d3-a456-556642440000",
            "Client_Identification": "SRS-IM",
            "System_Key": "ea040811b4e08ab97f7af0971223713a9dc11d6b30bcc906cd8ec7c2b0b38817",
            "Proc_Ts": "2020-06-03 20:04:01.149000",
            "Proc_Ts_Tz_Dst_Cd": "100",
            "Event_Ts": "2020-06-03 20:04:01.149000",
            "Event_Ts_Tz_Dst_Cd": "100"
          }
        },
        {
          "DomainEventHeader": {
            "SOR_INGT_CRT_TS": "2020-06-03 20:04:01.149000",
            "SOR_TPIC_NM": "tc_id_44.ihl_dev_rm.reg.tm.raw.voyageSeg.v1",
            "DE_META": ""
          },
          "PlannedEventDescribed": {
            "Primary_Object_Key": "",
            "Domain_Event_Type_Key": "c7881817d6d6fabbc8c8be4c1a5310d4b02d506473e08a55032dedde16c0b3fa",
            "Planned_Event_Key": "28c8fd38e4f9b75e5d5e04783420bf2e2d76dc0976d30a0492d1086bab3b1f75",
            "PlannedEventCharacteristics": [
              {}
            ],
            "Domain_Event_Key": "cf7e19433f378cc3133fc8b6913de003b11f1b6c227afc569bae2586715b8ba7",
            "Correlation_Id": "123e4567-e89b-12d3-a456-556642440000",
            "Client_Identification": "SRS-IM",
            "System_Key": "ea040811b4e08ab97f7af0971223713a9dc11d6b30bcc906cd8ec7c2b0b38817",
            "Proc_Ts": "2020-06-03 20:04:01.149000",
            "Proc_Ts_Tz_Dst_Cd": "100",
            "Event_Ts": "2020-06-03 20:04:01.149000",
            "Event_Ts_Tz_Dst_Cd": "100"
          }
        },
        {
          "DomainEventHeader": {
            "SOR_INGT_CRT_TS": "2020-06-03 20:04:01.149000",
            "SOR_TPIC_NM": "tc_id_44.ihl_dev_rm.reg.tm.raw.voyageSeg.v1",
            "DE_META": ""
          },
          "PlannedEventDescribed": {
            "Domain_Event_Type_Key": "e3b61a2ebf5b23ed3fd8ff58d88a71874f646ec36a6e49d48b10b0c9e3100d05",
            "Planned_Event_Key": "28c8fd38e4f9b75e5d5e04783420bf2e2d76dc0976d30a0492d1086bab3b1f75",
            "PlannedEventCharacteristics": [
              {
                "Planned_Event_Characteristic_Key": "053a9ec2dbe69d7e26b0ee697511adac6b03f29c6261a605d71a784a81826aa6",
                "Characteristic_Type_Key": "547e657dbaed8f630e132742e5357373be4c5eebed7562d04c857233e44d6777",
                "Characteristic_Value": ""
              },
              {
                "Planned_Event_Characteristic_Key": "3d6524dfdf80a6c70a95be9ce19c7ea2e9ac44fd8aae8c7b111cc612a073efa0",
                "Characteristic_Type_Key": "15a594806e61a09dd297b07aa435511175fd06ed908e6b70c3b5b01c969341a3",
                "Characteristic_Value": "null"
              },
              {
                "Planned_Event_Characteristic_Key": "88399ee697284eb907295a2b93b45a50e51f946502d4712a1647b7e98cab37b7",
                "Characteristic_Type_Key": "e99d6d455406089ad5c177896b3ccb98b650f5847a780b917605fdcddcb7c427",
                "Characteristic_Value": ""
              },
              {
                "Planned_Event_Characteristic_Key": "6a06fa48aca0adaf95d639f8b646841fa095164789dbfd040564d69765aa291b",
                "Characteristic_Type_Key": "53fc5939064f70a426436f3525dfe7f9ac6145f9c0a2df5ea4eea017614ffcc5",
                "Characteristic_Value": "null"
              },
              {
                "Planned_Event_Characteristic_Key": "3bb4426c70d0541418690e196dd25cdfc8c858cc821d075527e7c3ac3275ea7c",
                "Characteristic_Type_Key": "a2e6aed9aef136e5990dea7f0b7d407f8129e3956df3890de5eb7d9756039281",
                "Characteristic_Value": ""
              },
              {
                "Planned_Event_Characteristic_Key": "c38888810778af34975873ac44a944c3a6f06c07173ef023856f0932fa96d698",
                "Characteristic_Type_Key": "209c4e9d6c2e8b9d639e7b797dd62a8867678b10095a97d71af36ef515972cd4",
                "Characteristic_Value": "null"
              },
              {
                "Planned_Event_Characteristic_Key": "697ac204f03a0a997b40c96f1ca48fbbe8f074e14094549a8a4cb797ab61e3f9",
                "Characteristic_Type_Key": "c5a5b88e0b7c38af442e9ba99062e840a492f19a7d4bbe34be4f42487995ad38",
                "Characteristic_Value": ""
              },
              {
                "Planned_Event_Characteristic_Key": "d83a94d7d35675363253208af02ad8d072196a790c4e39ca38178ebb98b18682",
                "Characteristic_Type_Key": "b8bb9175aaa3ed07ca0fb7ad8b1574f451474c6544e5169c392ca5a915534ad6",
                "Characteristic_Value": "null"
              }
            ],
            "Primary_Object_Key": "ae89946214d83fd4c6db39d4af9a3d7678fcac6f0a31f96e7f5b533fd20f8c27",
            "Domain_Event_Key": "833667f67842ac9f5e77700cafc70b5b9783d91b9c68d01ee6195eed0fcb9a66",
            "Correlation_Id": "123e4567-e89b-12d3-a456-556642440000",
            "Client_Identification": "SRS-IM",
            "System_Key": "ea040811b4e08ab97f7af0971223713a9dc11d6b30bcc906cd8ec7c2b0b38817",
            "Proc_Ts": "2020-06-03 20:04:01.149000",
            "Proc_Ts_Tz_Dst_Cd": "100",
            "Event_Ts": "2020-06-03 20:04:01.149000",
            "Event_Ts_Tz_Dst_Cd": "100"
          }
        }
      ]
    },
    {
      "name": "tc_id_44.ihl_dev_rm.reg.tm.prepared.planEvtAsct.v1",
      "data": [
        {
          "DomainEventHeader": {
            "SOR_INGT_CRT_TS": "2020-06-03 20:04:01.149000",
            "SOR_TPIC_NM": "tc_id_44.ihl_dev_rm.reg.tm.raw.voyageSeg.v1",
            "DE_META": ""
          },
          "PlannedEventAssociated": {
            "Primary_Object_Key": "ae89946214d83fd4c6db39d4af9a3d7678fcac6f0a31f96e7f5b533fd20f8c27",
            "Domain_Event_Type_Key": "8eb3e769649d98d5e896398ded3b7bdb63bdaf6d53f440f4b9a8da51e8f74f40",
            "Association_Key": "053375a24964e84d5448647900e40b8a7c0e0aab94389304280558d7a1a29a71",
            "Association_Type_Key": "b3293bed343abbbf8008770a716c5f68fdc0c26cd416f7adab5da965d9409076",
            "Planned_Event_Key": "28c8fd38e4f9b75e5d5e04783420bf2e2d76dc0976d30a0492d1086bab3b1f75",
            "Planned_Event_Type_Key": "ff96c8c59fc6539352fd9fb7b89cb06396e2090234b4bd52017010ad72c58ce3",
            "Associated_Object_Key": "1092046cc0ab61846736a28c2ad5dbfcd6ed7a3162d7c13786643a98e911e649",
            "Associated_Object_Type_Key": "2e7511ebde345fade6957c5d2a07e826e100c7f436832f1aa4f2045881709876",
            "Domain_Event_Key": "b9b70112ea98e3ace1a3f30e1a5e4ee493302df299f2d4c2da5ea47d31789adc",
            "Correlation_Id": "123e4567-e89b-12d3-a456-556642440000",
            "Client_Identification": "SRS-IM",
            "System_Key": "ea040811b4e08ab97f7af0971223713a9dc11d6b30bcc906cd8ec7c2b0b38817",
            "Proc_Ts": "2020-06-03 20:04:01.149000",
            "Proc_Ts_Tz_Dst_Cd": "100",
            "Event_Ts": "2020-06-03 20:04:01.149000",
            "Event_Ts_Tz_Dst_Cd": "100"
          }
        },
        {
          "DomainEventHeader": {
            "SOR_INGT_CRT_TS": "2020-06-03 20:04:01.149000",
            "SOR_TPIC_NM": "tc_id_44.ihl_dev_rm.reg.tm.raw.voyageSeg.v1",
            "DE_META": ""
          },
          "PlannedEventAssociated": {
            "Primary_Object_Key": "ae89946214d83fd4c6db39d4af9a3d7678fcac6f0a31f96e7f5b533fd20f8c27",
            "Domain_Event_Type_Key": "8eb3e769649d98d5e896398ded3b7bdb63bdaf6d53f440f4b9a8da51e8f74f40",
            "Association_Key": "053375a24964e84d5448647900e40b8a7c0e0aab94389304280558d7a1a29a71",
            "Association_Type_Key": "b3293bed343abbbf8008770a716c5f68fdc0c26cd416f7adab5da965d9409076",
            "Planned_Event_Key": "28c8fd38e4f9b75e5d5e04783420bf2e2d76dc0976d30a0492d1086bab3b1f75",
            "Planned_Event_Type_Key": "ff96c8c59fc6539352fd9fb7b89cb06396e2090234b4bd52017010ad72c58ce3",
            "Associated_Object_Key": "1092046cc0ab61846736a28c2ad5dbfcd6ed7a3162d7c13786643a98e911e649",
            "Associated_Object_Type_Key": "2e7511ebde345fade6957c5d2a07e826e100c7f436832f1aa4f2045881709876",
            "Domain_Event_Key": "b9b70112ea98e3ace1a3f30e1a5e4ee493302df299f2d4c2da5ea47d31789adc",
            "Correlation_Id": "123e4567-e89b-12d3-a456-556642440000",
            "Client_Identification": "SRS-IM",
            "System_Key": "ea040811b4e08ab97f7af0971223713a9dc11d6b30bcc906cd8ec7c2b0b38817",
            "Proc_Ts": "2020-06-03 20:04:01.149000",
            "Proc_Ts_Tz_Dst_Cd": "100",
            "Event_Ts": "2020-06-03 20:04:01.149000",
            "Event_Ts_Tz_Dst_Cd": "100"
          }
        }
      ]
    },
    {
      "name": "tc_id_44.ihl_dev_rm.reg.tm.prepared.locAsct.v1",
      "data": [
        {
          "DomainEventHeader": {
            "SOR_INGT_CRT_TS": "2020-06-03 20:04:01.149000",
            "SOR_TPIC_NM": "tc_id_44.ihl_dev_rm.reg.tm.raw.voyageSeg.v1",
            "DE_META": ""
          },
          "LocationAssociated": {
            "Primary_Object_Key": "ae89946214d83fd4c6db39d4af9a3d7678fcac6f0a31f96e7f5b533fd20f8c27",
            "Domain_Event_Type_Key": "8eb3e769649d98d5e896398ded3b7bdb63bdaf6d53f440f4b9a8da51e8f74f40",
            "Association_Key": "1092046cc0ab61846736a28c2ad5dbfcd6ed7a3162d7c13786643a98e911e649",
            "Association_Type_Key": "993b8ceb34d2dc32047fccdc4bbf7b0bda96f433c87507dc6b2065c43115059a",
            "Location_Key": "a3fa76f6ce149ecd349521c2ec80153a4441be821cb46097dfce7eda78630876",
            "Location_Type_Key": "7f36ce580aeba7230ede0ca218053e18a528a0f6c123cf1c58ece0f8c1c5b04e",
            "Associated_Object_Key": "ae89946214d83fd4c6db39d4af9a3d7678fcac6f0a31f96e7f5b533fd20f8c27",
            "Associated_Object_Type_Key": "2e7511ebde345fade6957c5d2a07e826e100c7f436832f1aa4f2045881709876",
            "Domain_Event_Key": "01a756207e9c5d6d6b3e12b3e60e7d9677dda280c2dda11d0fb2da52ed99f2e3",
            "Correlation_Id": "123e4567-e89b-12d3-a456-556642440000",
            "Client_Identification": "SRS-IM",
            "System_Key": "ea040811b4e08ab97f7af0971223713a9dc11d6b30bcc906cd8ec7c2b0b38817",
            "Proc_Ts": "2020-06-03 20:04:01.149000",
            "Proc_Ts_Tz_Dst_Cd": "100",
            "Event_Ts": "2020-06-03 20:04:01.149000",
            "Event_Ts_Tz_Dst_Cd": "100"
          }
        },
        {
          "DomainEventHeader": {
            "SOR_INGT_CRT_TS": "2020-06-03 20:04:01.149000",
            "SOR_TPIC_NM": "tc_id_44.ihl_dev_rm.reg.tm.raw.voyageSeg.v1",
            "DE_META": ""
          },
          "LocationAssociated": {
            "Primary_Object_Key": "ae89946214d83fd4c6db39d4af9a3d7678fcac6f0a31f96e7f5b533fd20f8c27",
            "Domain_Event_Type_Key": "8eb3e769649d98d5e896398ded3b7bdb63bdaf6d53f440f4b9a8da51e8f74f40",
            "Association_Key": "1092046cc0ab61846736a28c2ad5dbfcd6ed7a3162d7c13786643a98e911e649",
            "Association_Type_Key": "993b8ceb34d2dc32047fccdc4bbf7b0bda96f433c87507dc6b2065c43115059a",
            "Location_Key": "a3fa76f6ce149ecd349521c2ec80153a4441be821cb46097dfce7eda78630876",
            "Location_Type_Key": "7f36ce580aeba7230ede0ca218053e18a528a0f6c123cf1c58ece0f8c1c5b04e",
            "Associated_Object_Key": "ae89946214d83fd4c6db39d4af9a3d7678fcac6f0a31f96e7f5b533fd20f8c27",
            "Associated_Object_Type_Key": "2e7511ebde345fade6957c5d2a07e826e100c7f436832f1aa4f2045881709876",
            "Domain_Event_Key": "01a756207e9c5d6d6b3e12b3e60e7d9677dda280c2dda11d0fb2da52ed99f2e3",
            "Correlation_Id": "123e4567-e89b-12d3-a456-556642440000",
            "Client_Identification": "SRS-IM",
            "System_Key": "ea040811b4e08ab97f7af0971223713a9dc11d6b30bcc906cd8ec7c2b0b38817",
            "Proc_Ts": "2020-06-03 20:04:01.149000",
            "Proc_Ts_Tz_Dst_Cd": "100",
            "Event_Ts": "2020-06-03 20:04:01.149000",
            "Event_Ts_Tz_Dst_Cd": "100"
          }
        }
      ]
    },
    {
      "name": "tc_id_44.ihl_dev_rm.reg.tm.prepared.cnvyAsct.v1",
      "data": [
        {
          "DomainEventHeader": {
            "SOR_INGT_CRT_TS": "2020-06-03 20:04:01.149000",
            "SOR_TPIC_NM": "tc_id_44.ihl_dev_rm.reg.tm.raw.voyageSeg.v1",
            "DE_META": ""
          },
          "ConveyorAssociated": {
            "Primary_Object_Key": "ae89946214d83fd4c6db39d4af9a3d7678fcac6f0a31f96e7f5b533fd20f8c27",
            "Domain_Event_Type_Key": "8eb3e769649d98d5e896398ded3b7bdb63bdaf6d53f440f4b9a8da51e8f74f40",
            "Association_Key": "84fb6b6f725c03a812910958cf949953ae3322debea8f84ad38abe9cc790f2e4",
            "Association_Type_Key": "2f622aab0a0f2a08fd6cb40c3bfa69dde5df09839314279a42931010c75fc02b",
            "Conveyor_Key": "d14c6bb2070b8bc5e931081c012f2da218efe9ee242f0e1fd6c801b7086d439e",
            "Conveyor_Type_Key": "5919fa9d7b96612183d1658bafa36eed27d732ee1b82527edea426ddc8e6fc62",
            "Associated_Object_Key": "ae89946214d83fd4c6db39d4af9a3d7678fcac6f0a31f96e7f5b533fd20f8c27",
            "Associated_Object_Type_Key": "2e7511ebde345fade6957c5d2a07e826e100c7f436832f1aa4f2045881709876",
            "Domain_Event_Key": "f7c7fc3326b0e9ab394e41a8647b3d89c3b09134f30367e929426becc1a3c878",
            "Correlation_Id": "123e4567-e89b-12d3-a456-556642440000",
            "Client_Identification": "SRS-IM",
            "System_Key": "ea040811b4e08ab97f7af0971223713a9dc11d6b30bcc906cd8ec7c2b0b38817",
            "Proc_Ts": "2020-06-03 20:04:01.149000",
            "Proc_Ts_Tz_Dst_Cd": "100",
            "Event_Ts": "2020-06-03 20:04:01.149000",
            "Event_Ts_Tz_Dst_Cd": "100"
          }
        },
        {
          "DomainEventHeader": {
            "SOR_INGT_CRT_TS": "2020-06-03 20:04:01.149000",
            "SOR_TPIC_NM": "tc_id_44.ihl_dev_rm.reg.tm.raw.voyageSeg.v1",
            "DE_META": ""
          },
          "ConveyorAssociated": {
            "Primary_Object_Key": "ae89946214d83fd4c6db39d4af9a3d7678fcac6f0a31f96e7f5b533fd20f8c27",
            "Domain_Event_Type_Key": "8eb3e769649d98d5e896398ded3b7bdb63bdaf6d53f440f4b9a8da51e8f74f40",
            "Association_Key": "84fb6b6f725c03a812910958cf949953ae3322debea8f84ad38abe9cc790f2e4",
            "Association_Type_Key": "2f622aab0a0f2a08fd6cb40c3bfa69dde5df09839314279a42931010c75fc02b",
            "Conveyor_Key": "d14c6bb2070b8bc5e931081c012f2da218efe9ee242f0e1fd6c801b7086d439e",
            "Conveyor_Type_Key": "5919fa9d7b96612183d1658bafa36eed27d732ee1b82527edea426ddc8e6fc62",
            "Associated_Object_Key": "ae89946214d83fd4c6db39d4af9a3d7678fcac6f0a31f96e7f5b533fd20f8c27",
            "Associated_Object_Type_Key": "2e7511ebde345fade6957c5d2a07e826e100c7f436832f1aa4f2045881709876",
            "Domain_Event_Key": "f7c7fc3326b0e9ab394e41a8647b3d89c3b09134f30367e929426becc1a3c878",
            "Correlation_Id": "123e4567-e89b-12d3-a456-556642440000",
            "Client_Identification": "SRS-IM",
            "System_Key": "ea040811b4e08ab97f7af0971223713a9dc11d6b30bcc906cd8ec7c2b0b38817",
            "Proc_Ts": "2020-06-03 20:04:01.149000",
            "Proc_Ts_Tz_Dst_Cd": "100",
            "Event_Ts": "2020-06-03 20:04:01.149000",
            "Event_Ts_Tz_Dst_Cd": "100"
          }
        }
      ]
    },
    {
      "name": "tc_id_44.ihl_dev_rm.reg.tm.prepared.cnvyAsctDsc.v1",
      "data": [
        {
          "DomainEventHeader": {
            "SOR_INGT_CRT_TS": "2020-06-03 20:04:01.149000",
            "SOR_TPIC_NM": "tc_id_44.ihl_dev_rm.reg.tm.raw.voyageSeg.v1",
            "DE_META": ""
          },
          "ConveyorAssociationDescribed": {
            "Primary_Object_Key": "ae89946214d83fd4c6db39d4af9a3d7678fcac6f0a31f96e7f5b533fd20f8c27",
            "Domain_Event_Type_Key": "e3b61a2ebf5b23ed3fd8ff58d88a71874f646ec36a6e49d48b10b0c9e3100d05",
            "Association_Key": "84fb6b6f725c03a812910958cf949953ae3322debea8f84ad38abe9cc790f2e4",
            "AssociationCharacteristics": [
              {
                "Association_Characteristic_Key": "3f00f869366e827df35ff667608cfe90a3a3aa82cd6eb2a1ce371778d2d28ca9",
                "Characteristic_Type_Key": "54b9a5ef9fd7cc59d2a056f81317ac008c60dd73f32abedd9f8446376f77f2a6",
                "Characteristic_Value": "AS PER MSK/ESEA    05/14 YK- SWITCHED PORT ROTATION"
              },
              {
                "Association_Characteristic_Key": "2184f2b270dcf6ebee682f2c4212fd0e5aa0bc57828be8946753727fcee16348",
                "Characteristic_Type_Key": "46c7dd267c4d3ab44b452074020555351102e566f22be1825bce808ec42614a5",
                "Characteristic_Value": "MMX"
              }
            ],
            "Domain_Event_Key": "7e55f9d3623018b37b46f32d3cb93455f28192c61d7b765b0be2e9e9e9882c7f",
            "Correlation_Id": "123e4567-e89b-12d3-a456-556642440000",
            "Client_Identification": "SRS-IM",
            "System_Key": "ea040811b4e08ab97f7af0971223713a9dc11d6b30bcc906cd8ec7c2b0b38817",
            "Proc_Ts": "2020-06-03 20:04:01.149000",
            "Proc_Ts_Tz_Dst_Cd": "100",
            "Event_Ts": "2020-06-03 20:04:01.149000",
            "Event_Ts_Tz_Dst_Cd": "100"
          }
        },
        {
          "DomainEventHeader": {
            "SOR_INGT_CRT_TS": "2020-06-03 20:04:01.149000",
            "SOR_TPIC_NM": "tc_id_44.ihl_dev_rm.reg.tm.raw.voyageSeg.v1",
            "DE_META": ""
          },
          "ConveyorAssociationDescribed": {
            "Primary_Object_Key": "ae89946214d83fd4c6db39d4af9a3d7678fcac6f0a31f96e7f5b533fd20f8c27",
            "Domain_Event_Type_Key": "e3b61a2ebf5b23ed3fd8ff58d88a71874f646ec36a6e49d48b10b0c9e3100d05",
            "Association_Key": "84fb6b6f725c03a812910958cf949953ae3322debea8f84ad38abe9cc790f2e4",
            "AssociationCharacteristics": [
              {
                "Association_Characteristic_Key": "3f00f869366e827df35ff667608cfe90a3a3aa82cd6eb2a1ce371778d2d28ca9",
                "Characteristic_Type_Key": "54b9a5ef9fd7cc59d2a056f81317ac008c60dd73f32abedd9f8446376f77f2a6",
                "Characteristic_Value": "AS PER MSK/ESEA    05/14 YK- SWITCHED PORT ROTATION"
              },
              {
                "Association_Characteristic_Key": "2184f2b270dcf6ebee682f2c4212fd0e5aa0bc57828be8946753727fcee16348",
                "Characteristic_Type_Key": "46c7dd267c4d3ab44b452074020555351102e566f22be1825bce808ec42614a5",
                "Characteristic_Value": "MMX"
              }
            ],
            "Domain_Event_Key": "7e55f9d3623018b37b46f32d3cb93455f28192c61d7b765b0be2e9e9e9882c7f",
            "Correlation_Id": "123e4567-e89b-12d3-a456-556642440000",
            "Client_Identification": "SRS-IM",
            "System_Key": "ea040811b4e08ab97f7af0971223713a9dc11d6b30bcc906cd8ec7c2b0b38817",
            "Proc_Ts": "2020-06-03 20:04:01.149000",
            "Proc_Ts_Tz_Dst_Cd": "100",
            "Event_Ts": "2020-06-03 20:04:01.149000",
            "Event_Ts_Tz_Dst_Cd": "100"
          }
        }
      ]
    },
    {
      "name": "tc_id_44.ihl_dev_rm.reg.tm.prepared.planEvtRmv.v1",
      "data": [
        {
          "DomainEventHeader": {
            "SOR_INGT_CRT_TS": "2020-06-03 20:04:01.149000",
            "SOR_TPIC_NM": "tc_id_44.ihl_dev_rm.reg.tm.raw.voyageSeg.v1",
            "DE_META": ""
          },
          "PlannedEventRemoved": {
            "Primary_Object_Key": "ae89946214d83fd4c6db39d4af9a3d7678fcac6f0a31f96e7f5b533fd20f8c27",
            "Domain_Event_Type_Key": "a16c5ba057628866b318f709f5496a7b5e7cc21c1c098ca136e257faab49e0d8",
            "Planned_Event_Key": "28c8fd38e4f9b75e5d5e04783420bf2e2d76dc0976d30a0492d1086bab3b1f75",
            "Planned_Event_Type_Key": "ff96c8c59fc6539352fd9fb7b89cb06396e2090234b4bd52017010ad72c58ce3",
            "Planned_Event_Value": "Arrival",
            "Domain_Event_Key": "152adab34eb2a258188e4f95637801d643dd5c274cdcc6f896d95f30cd72e0d0",
            "Correlation_Id": "123e4567-e89b-12d3-a456-556642440000",
            "Client_Identification": "SRS-IM",
            "System_Key": "ea040811b4e08ab97f7af0971223713a9dc11d6b30bcc906cd8ec7c2b0b38817",
            "Proc_Ts": "2020-06-03 20:04:01.149000",
            "Proc_Ts_Tz_Dst_Cd": "100",
            "Event_Ts": "2020-06-03 20:04:01.149000",
            "Event_Ts_Tz_Dst_Cd": "100"
          }
        }
      ]
    },
    {
      "name": "tc_id_44.ihl_dev_rm.reg.tm.prepared.planEvtDasc.v1",
      "data": [
        {
          "DomainEventHeader": {
            "SOR_INGT_CRT_TS": "2020-06-03 20:04:01.149000",
            "SOR_TPIC_NM": "tc_id_44.ihl_dev_rm.reg.tm.raw.voyageSeg.v1",
            "DE_META": ""
          },
          "PlannedEventDisassociated": {
            "Primary_Object_Key": "ae89946214d83fd4c6db39d4af9a3d7678fcac6f0a31f96e7f5b533fd20f8c27",
            "Domain_Event_Type_Key": "6507636563e2e4ffa97ea69a5b9fd2f2a80b36f429264e6db469c2da8c539f2c",
            "Association_Key": "053375a24964e84d5448647900e40b8a7c0e0aab94389304280558d7a1a29a71",
            "Association_Type_Key": "b3293bed343abbbf8008770a716c5f68fdc0c26cd416f7adab5da965d9409076",
            "Planned_Event_Key": "28c8fd38e4f9b75e5d5e04783420bf2e2d76dc0976d30a0492d1086bab3b1f75",
            "Planned_Event_Type_Key": "ff96c8c59fc6539352fd9fb7b89cb06396e2090234b4bd52017010ad72c58ce3",
            "Associated_Object_Key": "1092046cc0ab61846736a28c2ad5dbfcd6ed7a3162d7c13786643a98e911e649",
            "Associated_Object_Type_Key": "2e7511ebde345fade6957c5d2a07e826e100c7f436832f1aa4f2045881709876",
            "Domain_Event_Key": "fa9e549ca47af11f1bd56d468a3fe8935291e13fbf25ac4e7127058eca3bf195",
            "Correlation_Id": "123e4567-e89b-12d3-a456-556642440000",
            "Client_Identification": "SRS-IM",
            "System_Key": "ea040811b4e08ab97f7af0971223713a9dc11d6b30bcc906cd8ec7c2b0b38817",
            "Proc_Ts": "2020-06-03 20:04:01.149000",
            "Proc_Ts_Tz_Dst_Cd": "100",
            "Event_Ts": "2020-06-03 20:04:01.149000",
            "Event_Ts_Tz_Dst_Cd": "100"
          }
        }
      ]
    },
    {
      "name": "tc_id_44.ihl_dev_rm.reg.tm.prepared.rteErr.v1",
      "data": [
        {
          "IngestionHeader": {
            "ING_CRT_TS": "2020-06-03 20:04:01.149000",
            "PRODUCT_ID": "A195",
            "UUID": null,
            "FORMAT": "JSON"
          },
          "VoyageSegment": {
            "CUST_CITY_333": "ROBBANK ",
            "PORT_OPER_633": "DPWORLDCANAD",
            "CUST_ST": "LA",
            "VOYG_NBR": "RD023R    ",
            "LLOYD_VES_ID": "9329643",
            "SCH_ARR_DT": "2020-06-26",
            "SCH_ARR_TM": "18:00:00",
            "ORG_ARR_DT": "2020-06-26",
            "ORG_ARR_TM": "18:00:00",
            "SCH_SAIL_DT": "2020-06-26",
            "SCH_SAIL_TM": "23:00:00",
            "SERV_TYPE_CD": "MMX ",
            "VOYG_SEG_CMNT": "AS PER MSK/ESEA    05/14 YK- SWITCHED PORT ROTATION",
            "IBMSNAP_COMMITSEQ": {
              "bytes": "\u0000\u0000\u0000\u0000\u0000\u0000\u0000\u0001"
            },
            "IBMSNAP_INTENTSEQ": {
              "bytes": "\u0000\u0000\u0000\u0000\u0000\u0000\u0000\u0001"
            },
            "IBMSNAP_OPERATION": "U",
            "IBMSNAP_LOGMARKER": "2020-03-10 14:30:23.887528"
          },
          "LogHeader": {
            "ERROR_TO_DE": "record.IngestionHeader.UUID is NULL",
            "RAW_KAFKA_QUEUE_NAME": "tc_id_44.ihl_dev_rm.reg.tm.raw.voyageSeg.v1",
            "SPARK_JOB_NAME": "VoyageSegmentDomainFeed"
          }
        }
      ]
    }
  ]
}