{
  "Kafka_Output": [
    {
      "name": "tc_id_42.ihl_dev_rm.reg.tm.prepared.rtePlan.v1",
      "data": [
        {
          "DomainEventHeader": {
            "SOR_INGT_CRT_TS": "2020-06-04 20:04:01.149000",
            "SOR_READ_TS": "2020-12-02 13:00:44.557",
            "DE_CRT_TS": "2020-12-02 13:01:03",
            "SOR_TPIC_NM": "tc_id_42.ihl_dev_rm.reg.tm.raw.voyage.v1",
            "DE_META": ""
          },
          "RoutePlanned": {
            "Domain_Event_Type_Key": "e3b61a2ebf5b23ed3fd8ff58d88a71874f646ec36a6e49d48b10b0c9e3100d05",
            "Route_Key": "a8933042a16b534f6c205413f7741954e11294cb1a86c303b2052f2a5f343669",
            "Route_Type_Key": "2e7511ebde345fade6957c5d2a07e826e100c7f436832f1aa4f2045881709876",
            "Identification_Type_Key": "6b9fe412a09a9371bb7e52b5791a2cd7690eb172f5f7436aba8616a27d5edfe7",
            "Identification_Value": "104W9302074",
            "Domain_Event_Key": "67e6e2f84ea3e3dfd2ba6350d1e4db7bfdf10f6fc7003feca8e4cab1be84edd0",
            "Correlation_Id": "124e4567-e89b-12d3-a456-556642440000",
            "Client_Identification": "SRS-IM",
            "System_Key": "ea040811b4e08ab97f7af0971223713a9dc11d6b30bcc906cd8ec7c2b0b38817",
            "Proc_Ts": "2020-06-04 20:04:01.149000",
            "Proc_Ts_Tz_Dst_Cd": "100",
            "Event_Ts": "null",
            "Event_Ts_Tz_Dst_Cd": "106"
          }
        },
        {
          "DomainEventHeader": {
            "SOR_INGT_CRT_TS": "2020-06-03 20:04:01.149000",
            "SOR_READ_TS": "2020-12-02 13:00:44.557",
            "DE_CRT_TS": "2020-12-02 13:01:03",
            "SOR_TPIC_NM": "tc_id_42.ihl_dev_rm.reg.tm.raw.voyage.v1",
            "DE_META": ""
          },
          "RoutePlanned": {
            "Domain_Event_Type_Key": "e3b61a2ebf5b23ed3fd8ff58d88a71874f646ec36a6e49d48b10b0c9e3100d05",
            "Route_Key": "e77f83977240b9d94f5d89f99f36354aa6bc93848ebae16a5a06ea6cfe0a2aa5",
            "Route_Type_Key": "2e7511ebde345fade6957c5d2a07e826e100c7f436832f1aa4f2045881709876",
            "Identification_Type_Key": "6b9fe412a09a9371bb7e52b5791a2cd7690eb172f5f7436aba8616a27d5edfe7",
            "Identification_Value": "103W9302073",
            "Domain_Event_Key": "d1c04914e0acf8c5e740498bce87cca8bae11f3bbb0b5e24be85a27dab171d7e",
            "Correlation_Id": "123e4567-e89b-12d3-a456-556642440000",
            "Client_Identification": "SRS-IM",
            "System_Key": "ea040811b4e08ab97f7af0971223713a9dc11d6b30bcc906cd8ec7c2b0b38817",
            "Proc_Ts": "2020-06-03 20:04:01.149000",
            "Proc_Ts_Tz_Dst_Cd": "100",
            "Event_Ts": "null",
            "Event_Ts_Tz_Dst_Cd": "106"
          }
        }
      ]
    },
    {
      "name": "tc_id_42.ihl_dev_rm.reg.tm.prepared.rteDsc.v1",
      "data": [
        {
          "DomainEventHeader": {
            "SOR_INGT_CRT_TS": "2020-06-04 20:04:01.149000",
            "SOR_READ_TS": "2020-12-02 13:00:44.529",
            "DE_CRT_TS": "2020-12-02 13:01:06",
            "SOR_TPIC_NM": "tc_id_42.ihl_dev_rm.reg.tm.raw.voyage.v1",
            "DE_META": ""
          },
          "RouteDescribed": {
            "Domain_Event_Type_Key": "e3b61a2ebf5b23ed3fd8ff58d88a71874f646ec36a6e49d48b10b0c9e3100d05",
            "Route_Key": "a8933042a16b534f6c205413f7741954e11294cb1a86c303b2052f2a5f343669",
            "RouteCharacteristics": [
              {
                "Route_Characteristic_Key": "cc52f7fd9a998c00ad463bd1727b56ec653fb0f9752dcbb1d91a05ad62e4fe65",
                "Characteristic_Type_Key": "ecc6ce85b7917cc7452377d6aeaf6e83ac971f9dd8cced94a1fbef1b369a20ce",
                "Characteristic_Value": ""
              },
              {
                "Route_Characteristic_Key": "bd08fc0315acb5edf24f0cbfe899a0a3a3bdf9a2707c05f964865e8fea9bff92",
                "Characteristic_Type_Key": "9f228350a6eb570b6361ecbe10114e7cbbaa6562f5fe73d43e5d31a9a985cdcd",
                "Characteristic_Value": "104W"
              },
              {
                "Route_Characteristic_Key": "f269e8efa1311a8cb6802c93af507eb3fd7fbbd212ea254970879028fb97c33a",
                "Characteristic_Type_Key": "33b37227ce0b89435a341ef230a6d906a78656cf6d46f7342f24832157bae225",
                "Characteristic_Value": "9302074"
              }
            ],
            "Domain_Event_Key": "67e6e2f84ea3e3dfd2ba6350d1e4db7bfdf10f6fc7003feca8e4cab1be84edd0",
            "Correlation_Id": "124e4567-e89b-12d3-a456-556642440000",
            "Client_Identification": "SRS-IM",
            "System_Key": "ea040811b4e08ab97f7af0971223713a9dc11d6b30bcc906cd8ec7c2b0b38817",
            "Proc_Ts": "2020-06-04 20:04:01.149000",
            "Proc_Ts_Tz_Dst_Cd": "100",
            "Event_Ts": "null",
            "Event_Ts_Tz_Dst_Cd": "106"
          }
        },
        {
          "DomainEventHeader": {
            "SOR_INGT_CRT_TS": "2020-06-03 20:04:01.149000",
            "SOR_READ_TS": "2020-12-02 13:00:44.529",
            "DE_CRT_TS": "2020-12-02 13:01:06",
            "SOR_TPIC_NM": "tc_id_42.ihl_dev_rm.reg.tm.raw.voyage.v1",
            "DE_META": ""
          },
          "RouteDescribed": {
            "Domain_Event_Type_Key": "e3b61a2ebf5b23ed3fd8ff58d88a71874f646ec36a6e49d48b10b0c9e3100d05",
            "Route_Key": "e77f83977240b9d94f5d89f99f36354aa6bc93848ebae16a5a06ea6cfe0a2aa5",
            "RouteCharacteristics": [
              {
                "Route_Characteristic_Key": "73b2179f1c1df15041bade71821e76dd54813c5c4678ff2d93e3b0fd1328efa5",
                "Characteristic_Type_Key": "ecc6ce85b7917cc7452377d6aeaf6e83ac971f9dd8cced94a1fbef1b369a20ce",
                "Characteristic_Value": "W"
              },
              {
                "Route_Characteristic_Key": "51248076ab3042567cfda0471792dab5d66015c1412a03b63ec0720064894bb2",
                "Characteristic_Type_Key": "9f228350a6eb570b6361ecbe10114e7cbbaa6562f5fe73d43e5d31a9a985cdcd",
                "Characteristic_Value": "103W"
              },
              {
                "Route_Characteristic_Key": "adae92dfaea51845c9ddf01e875103f90d260b31e27f70b698087d7273804ddf",
                "Characteristic_Type_Key": "33b37227ce0b89435a341ef230a6d906a78656cf6d46f7342f24832157bae225",
                "Characteristic_Value": "9302073"
              }
            ],
            "Domain_Event_Key": "d1c04914e0acf8c5e740498bce87cca8bae11f3bbb0b5e24be85a27dab171d7e",
            "Correlation_Id": "123e4567-e89b-12d3-a456-556642440000",
            "Client_Identification": "SRS-IM",
            "System_Key": "ea040811b4e08ab97f7af0971223713a9dc11d6b30bcc906cd8ec7c2b0b38817",
            "Proc_Ts": "2020-06-03 20:04:01.149000",
            "Proc_Ts_Tz_Dst_Cd": "100",
            "Event_Ts": "null",
            "Event_Ts_Tz_Dst_Cd": "106"
          }
        },
        {
          "DomainEventHeader": {
            "SOR_INGT_CRT_TS": "2020-06-05 20:04:01.149000",
            "SOR_READ_TS": "2020-12-02 13:00:45.11",
            "DE_CRT_TS": "2020-12-02 13:01:07",
            "SOR_TPIC_NM": "tc_id_42.ihl_dev_rm.reg.tm.raw.voyage.v1",
            "DE_META": ""
          },
          "RouteDescribed": {
            "Domain_Event_Type_Key": "c7881817d6d6fabbc8c8be4c1a5310d4b02d506473e08a55032dedde16c0b3fa",
            "Route_Key": "6b8ce84486d267699f910ae775d8a1952eb9254bf7e49d6580de0c0f1def2bb5",
            "RouteCharacteristics": [
              {}
            ],
            "Domain_Event_Key": "62e4ca3d07826dcc30b9878518e5854c716960a568ffee283da0521d2933e951",
            "Correlation_Id": "125e4567-e89b-12d3-a456-556642440000",
            "Client_Identification": "SRS-IM",
            "System_Key": "ea040811b4e08ab97f7af0971223713a9dc11d6b30bcc906cd8ec7c2b0b38817",
            "Proc_Ts": "2020-06-05 20:04:01.149000",
            "Proc_Ts_Tz_Dst_Cd": "100",
            "Event_Ts": "null",
            "Event_Ts_Tz_Dst_Cd": "106"
          }
        }
      ]
    },
    {
      "name": "tc_id_42.ihl_dev_rm.reg.tm.prepared.rteCanc.v1",
      "data": [
        {
          "DomainEventHeader": {
            "SOR_INGT_CRT_TS": "2020-06-05 20:04:01.149000",
            "SOR_READ_TS": "2020-12-02 13:00:45.033",
            "DE_CRT_TS": "2020-12-02 13:01:05",
            "SOR_TPIC_NM": "tc_id_42.ihl_dev_rm.reg.tm.raw.voyage.v1",
            "DE_META": ""
          },
          "RouteCancelled": {
            "Domain_Event_Type_Key": "e3b61a2ebf5b23ed3fd8ff58d88a71874f646ec36a6e49d48b10b0c9e3100d05",
            "Route_Key": "6b8ce84486d267699f910ae775d8a1952eb9254bf7e49d6580de0c0f1def2bb5",
            "Route_Type_Key": "2e7511ebde345fade6957c5d2a07e826e100c7f436832f1aa4f2045881709876",
            "Identification_Type_Key": "6b9fe412a09a9371bb7e52b5791a2cd7690eb172f5f7436aba8616a27d5edfe7",
            "Identification_Value": "105W9302075",
            "Domain_Event_Key": "9f87925a42be3f6307235c697e738f32e9c6ad5f87a4af7d062858ecf0222656",
            "Correlation_Id": "125e4567-e89b-12d3-a456-556642440000",
            "Client_Identification": "SRS-IM",
            "System_Key": "ea040811b4e08ab97f7af0971223713a9dc11d6b30bcc906cd8ec7c2b0b38817",
            "Proc_Ts": "2020-06-05 20:04:01.149000",
            "Proc_Ts_Tz_Dst_Cd": "100",
            "Event_Ts": "null",
            "Event_Ts_Tz_Dst_Cd": "106"
          }
        }
      ]
    },
    {
      "name": "tc_id_42.ihl_dev_rm.reg.tm.prepared.rteErr.v1",
      "data": [
        {
          "IngestionHeader": {
            "ING_CRT_TS": null,
            "PRODUCT_ID": "TA108",
            "UUID": null,
            "FORMAT": "JSON"
          },
          "Voyage": {
            "VOYG_NBR": null,
            "LLOYD_VES_ID": null,
            "VOYG_DIR_CD": null,
            "VOYG_CANC_DT": "3/3/2009",
            "VOYG_CANC_TM": "3:23:53",
            "CRT_DT": "5/19/2020",
            "CRT_TM": "3:40:57",
            "CRT_ID": "156276B ",
            "UPD_DT": null,
            "UPD_TM": null,
            "UPD_ID": "156276B ",
            "IBMSNAP_COMMITSEQ": {
              "bytes": "\u0000\u0000\u0000\u0000\u0000\u0000\u0000\u0001"
            },
            "IBMSNAP_INTENTSEQ": {
              "bytes": "\u0000\u0000\u0000\u0000\u0000\u0000\u0000\u0001"
            },
            "IBMSNAP_OPERATION": "U",
            "IBMSNAP_LOGMARKER": "2020-03-10 14:30:23.887528"
          },
          "LogHeader": {
            "ERROR_TO_DE": "SOR_INGT_CRT_TS is NULL and VOYG_NBR is NULL and LLOYD_VES_ID is NULL and VOYG_DIR_CD is NULL and UPD_TM is NULL and UPD_DT is NULL and UUID is NULL",
            "RAW_KAFKA_QUEUE_NAME": "tc_id_42.ihl_dev_rm.reg.tm.raw.voyage.v1",
            "SPARK_JOB_NAME": "VoyageDomainFeed",
            "ERROR_TS": "2020-12-02 13:01:08"
          }
        }
      ]
    }
  ]
}