{
  "Kafka_Output": [
    {
      "name": "tc_id_90.ihl_dev_rm.reg.tm.prepared.shipDsc.v1",
      "data": [
        {
          "DomainEventHeader": {
            "SOR_INGT_CRT_TS": "2020-03-13 10:40:51.805246",
            "SOR_TPIC_NM": "tc_id_90.ihl_dev_rm.reg.transportation.waybill-fumigation.raw.v1",
            "DE_META": ""
          },
          "ShipmentDescribed": {
            "Domain_Event_Type_Key": "e3b61a2ebf5b23ed3fd8ff58d88a71874f646ec36a6e49d48b10b0c9e3100d05",
            "Primary_Object_Key": "e3084d21f3056ddda21385a22ba4acf57191bd112b17ea118817ab6919d37a74",
            "Shipment_Key": "e3084d21f3056ddda21385a22ba4acf57191bd112b17ea118817ab6919d37a74",
            "ShipmentCharacteristics": [
              {
                "Shipment_Characteristic_Key": "638eb8ace2c607ed26b1f2ba1494e4b59b0147eddd8afea805e6dd3af13d0c3a",
                "Characteristic_Type_Key": "a5df0d45b73551f001ab2e03a3518f944f7e2594c7375da521e6e4851d851095",
                "Characteristic_Value": "1"
              },
              {
                "Shipment_Characteristic_Key": "015fb9d8a641a55d458f311e2af3b97f62ed1c2da845bacd5d0e37f745015a84",
                "Characteristic_Type_Key": "6fb80e0f8f1edae306d055b33ec45c2b087cbd92dd1e0dbf46a5c0a7bc4f7fd6",
                "Characteristic_Value": "KG"
              },
              {
                "Shipment_Characteristic_Key": "0626f7c96440e90f4960bda5ce9f94445382ef8f03ca112efb94f3686f42817a",
                "Characteristic_Type_Key": "9e06ee5063a704cae25a51110da1cfdabc44e721e96c0b97983ca0ae1408c79e",
                "Characteristic_Value": "2017-06-30"
              },
              {
                "Shipment_Characteristic_Key": "2556d4026ab31f2515e24bc3d46f988fed0b574378092f295fbbf0bdb0c619f7",
                "Characteristic_Type_Key": "0ddbe18a113340da9e9c980fb314088fd18b726800aecca8e40c2a0ada703446",
                "Characteristic_Value": "(ALUMINUM PHOSPHIDE)"
              }
            ],
            "Domain_Event_Key": "84cff97f44d95b388980f8e26ce1f2932d8891f8d8620c38311b92b68dc0103d",
            "Correlation_Id": "9f491d1c-cd41-46a1-bdf7-473f244c885a",
            "Client_Identification": "SRS-WB",
            "System_Key": "e842426b7c8978fa9fb29dcf3f073f3c232f6cc1d62972e3d7dfe753cc314915",
            "Proc_Ts": "2020-03-13 10:40:51.805246",
            "Proc_Ts_Tz_Dst_Cd": "100",
            "Event_Ts": "2020-03-13 10:40:51.805246",
            "Event_Ts_Tz_Dst_Cd": "100"
          }
        }
      ]
    },
    {
      "name": "tc_id_90.ihl_dev_rm.reg.tm.prepared.shipDsc.v1",
      "data": [
        {
          "DomainEventHeader": {
            "SOR_INGT_CRT_TS": "2020-03-13 10:40:51.805246",
            "SOR_TPIC_NM": "tc_id_90.ihl_dev_rm.reg.transportation.waybill-fumigation.raw.v1",
            "DE_META": ""
          },
          "ShipmentDescribed": {
            "Domain_Event_Type_Key": "e3b61a2ebf5b23ed3fd8ff58d88a71874f646ec36a6e49d48b10b0c9e3100d05",
            "Primary_Object_Key": "e3084d21f3056ddda21385a22ba4acf57191bd112b17ea118817ab6919d37a74",
            "Shipment_Key": "e3084d21f3056ddda21385a22ba4acf57191bd112b17ea118817ab6919d37a74",
            "ShipmentCharacteristics": [
              {
                "Shipment_Characteristic_Key": "638eb8ace2c607ed26b1f2ba1494e4b59b0147eddd8afea805e6dd3af13d0c3a",
                "Characteristic_Type_Key": "a5df0d45b73551f001ab2e03a3518f944f7e2594c7375da521e6e4851d851095",
                "Characteristic_Value": "1"
              },
              {
                "Shipment_Characteristic_Key": "015fb9d8a641a55d458f311e2af3b97f62ed1c2da845bacd5d0e37f745015a84",
                "Characteristic_Type_Key": "6fb80e0f8f1edae306d055b33ec45c2b087cbd92dd1e0dbf46a5c0a7bc4f7fd6",
                "Characteristic_Value": "KG"
              },
              {
                "Shipment_Characteristic_Key": "0626f7c96440e90f4960bda5ce9f94445382ef8f03ca112efb94f3686f42817a",
                "Characteristic_Type_Key": "9e06ee5063a704cae25a51110da1cfdabc44e721e96c0b97983ca0ae1408c79e",
                "Characteristic_Value": "2017-06-30"
              },
              {
                "Shipment_Characteristic_Key": "2556d4026ab31f2515e24bc3d46f988fed0b574378092f295fbbf0bdb0c619f7",
                "Characteristic_Type_Key": "0ddbe18a113340da9e9c980fb314088fd18b726800aecca8e40c2a0ada703446",
                "Characteristic_Value": "(ALUMINUM PHOSPHIDE)"
              }
            ],
            "Domain_Event_Key": "84cff97f44d95b388980f8e26ce1f2932d8891f8d8620c38311b92b68dc0103d",
            "Correlation_Id": "9f491d1c-cd41-46a1-bdf7-473f244c885a",
            "Client_Identification": "SRS-WB",
            "System_Key": "e842426b7c8978fa9fb29dcf3f073f3c232f6cc1d62972e3d7dfe753cc314915",
            "Proc_Ts": "2020-03-13 10:40:51.805246",
            "Proc_Ts_Tz_Dst_Cd": "100",
            "Event_Ts": "2020-03-13 10:40:51.805246",
            "Event_Ts_Tz_Dst_Cd": "100"
          }
        }
      ]
    },
    {
      "name": "tc_id_90.ihl_dev_rm.reg.tm.prepared.rteErr.v1",
      "data": [
        {
          "IngestionHeader": {
            "ING_CRT_TS": "2020-03-13 10:40:51.805246",
            "PRODUCT_ID": "A059",
            "UUID": null,
            "FORMAT": "JSON"
          },
          "WaybillFumigation": {
            "WB_ID": null,
            "WB_VRSN": 2,
            "FGT_VOL": "1       ",
            "FGT_UOM_CD": "KG",
            "FGT_DT": "2017-06-30",
            "CRT_USER_ID": "PRODIMS ",
            "CRT_PGM_ID": "EWBSDANG",
            "CRT_TS": "2020-10-16 17:12:41.097392",
            "DSPS_RSDU_INSN": "(ALUMINUM PHOSPHIDE)",
            "IBMSNAP_COMMITSEQ": {
              "bytes": "\u0000\u0000\u0000\u0000\u0000\u0000\u0000\u0001"
            },
            "IBMSNAP_INTENTSEQ": {
              "bytes": "\u0000\u0000\u0000\u0000\u0000\u0000\u0000\u0001"
            },
            "IBMSNAP_OPERATION": "U",
            "IBMSNAP_LOGMARKER": "2020-03-10 14:30:23.887528"
          },
          "LogHeader": {
            "ERROR_TO_DE": "WB_ID is NULL and Correlation_Id is NULL",
            "RAW_KAFKA_QUEUE_NAME": "tc_id_90.ihl_dev_rm.reg.transportation.waybill-fumigation.raw.v1",
            "SPARK_JOB_NAME": "WaybillFumigationDomainFeed"
          }
        }
      ]
    }
  ]
}