{
  "Kafka_Output": [
    {
      "name": "tc_id_52.ihl_dev_rm.reg.tm.prepared.shipCmpCrt.v1",
      "data": [
        {
          "DomainEventHeader": {
            "SOR_INGT_CRT_TS": "2020-08-21T07:08:05.254Z",
            "SOR_TPIC_NM": "tc_id_52.ihl_dev_rm.reg.tm.raw.waybill-seal.v1",
            "DE_META": ""
          },
          "ShipmentCompositeCreated": {
            "Primary_Object_Key": "bb41af6f4fd8c0de80cccbc0bba12526da08f4fbb802ac5d96f96c9d765e2376",
            "Domain_Event_Type_Key": "e3b61a2ebf5b23ed3fd8ff58d88a71874f646ec36a6e49d48b10b0c9e3100d05",
            "Shipment_Composite_Key": "e492c3951485b775bc393328361620ab7a65bc033cb0017df00773d2ccd5ccd4",
            "Shipment_Composite_Type_Key": "f6d1c2ca1bba8cd0c7177a00218a3cf8cc43afc7dd37d542775d15a7a76eeebe",
            "Shipment_Key": "bb41af6f4fd8c0de80cccbc0bba12526da08f4fbb802ac5d96f96c9d765e2376",
            "Shipment_Type_Key": "d7b91437ff74a3bfd70ba3ebe8d16b8b5c2658cb589c7e5fa9d8f67d354e3b80",
            "Composite_Key": "2cdafcc85238eff3ca3821bbcd6e8e1db2c6158f21231a59d7bfbb181a8d9c92",
            "Composite_Type_Key": "43dc3cc5c9a6f413b035c8858809557a890a2831da95680067b8afa0d48aed04",
            "Identification_Type_Key": "446ae52175e4e4c8a02655d8902d82fdf72760784e27905ee2a4e90dcb3abe5d",
            "Identification_Value": "3.00",
            "Domain_Event_Key": "d8b056037d25ce78a8def2c3a15babc7126e790b4d47104b1b318b96b0e2a695",
            "Correlation_Id": "8ead69cc-1619-4336-899b-2e6f5b5eb9f1",
            "Client_Identification": "",
            "System_Key": "e842426b7c8978fa9fb29dcf3f073f3c232f6cc1d62972e3d7dfe753cc314915",
            "Proc_Ts": "2020-08-21T07:08:05.254Z",
            "Proc_Ts_Tz_Dst_Cd": "100",
            "Event_Ts": "2020-08-21T07:08:05.254Z",
            "Event_Ts_Tz_Dst_Cd": "100"
          }
        }
      ]
    },
    {
      "name": "tc_id_52.ihl_dev_rm.reg.tm.prepared.shipCmpDsc.v1",
      "data": [
        {
          "DomainEventHeader": {
            "SOR_INGT_CRT_TS": "2020-08-21T07:08:05.254Z",
            "SOR_TPIC_NM": "tc_id_52.ihl_dev_rm.reg.tm.raw.waybill-seal.v1",
            "DE_META": ""
          },
          "ShipmentCompositeDescribed": {
            "Primary_Object_Key": "",
            "Domain_Event_Type_Key": "c7881817d6d6fabbc8c8be4c1a5310d4b02d506473e08a55032dedde16c0b3fa",
            "Shipment_Composite_Key": "e492c3951485b775bc393328361620ab7a65bc033cb0017df00773d2ccd5ccd4",
            "ShipmentCompositeCharacteristics": [
              {}
            ],
            "Domain_Event_Key": "4c215c71374b08b4e7d4072a647336c3ed748e19d0f4f1abbe61f45e7bf34e7c",
            "Correlation_Id": "8ead69cc-1619-4336-899b-2e6f5b5eb9f1",
            "Client_Identification": "",
            "System_Key": "e842426b7c8978fa9fb29dcf3f073f3c232f6cc1d62972e3d7dfe753cc314915",
            "Proc_Ts": "2020-08-21T07:08:05.254Z",
            "Proc_Ts_Tz_Dst_Cd": "100",
            "Event_Ts": "2020-08-21T07:08:05.254Z",
            "Event_Ts_Tz_Dst_Cd": "100"
          }
        },
        {
          "DomainEventHeader": {
            "SOR_INGT_CRT_TS": "2020-08-21T07:08:05.254Z",
            "SOR_TPIC_NM": "tc_id_52.ihl_dev_rm.reg.tm.raw.waybill-seal.v1",
            "DE_META": ""
          },
          "ShipmentCompositeDescribed": {
            "Primary_Object_Key": "bb41af6f4fd8c0de80cccbc0bba12526da08f4fbb802ac5d96f96c9d765e2376",
            "Domain_Event_Type_Key": "e3b61a2ebf5b23ed3fd8ff58d88a71874f646ec36a6e49d48b10b0c9e3100d05",
            "Shipment_Composite_Key": "e492c3951485b775bc393328361620ab7a65bc033cb0017df00773d2ccd5ccd4",
            "ShipmentCompositeCharacteristics": [
              {
                "Shipment_Composite_Characteristic_Key": "b155391fd98c6fb5e8d1dfa2b6b7097b7d0b8a02996259947f0e62557af1fdce",
                "Characteristic_Type_Key": "b879af0fdce9f98bb4650d42ea2e2e07eee7202dcd9a02882217514a3367abe9",
                "Characteristic_Value": "31798"
              },
              {
                "Shipment_Composite_Characteristic_Key": "38b2be0c9f30ff84554bc2d5cbf531cd79b1dac9ad003597314c6294daf27988",
                "Characteristic_Type_Key": "6538d1ed951005a3972121f14ad984424729b83cfc650b56ad81b5ded4959061",
                "Characteristic_Value": ""
              }
            ],
            "Domain_Event_Key": "d8b056037d25ce78a8def2c3a15babc7126e790b4d47104b1b318b96b0e2a695",
            "Correlation_Id": "8ead69cc-1619-4336-899b-2e6f5b5eb9f1",
            "Client_Identification": "",
            "System_Key": "e842426b7c8978fa9fb29dcf3f073f3c232f6cc1d62972e3d7dfe753cc314915",
            "Proc_Ts": "2020-08-21T07:08:05.254Z",
            "Proc_Ts_Tz_Dst_Cd": "100",
            "Event_Ts": "2020-08-21T07:08:05.254Z",
            "Event_Ts_Tz_Dst_Cd": "100"
          }
        }
      ]
    },
    {
      "name": "tc_id_52.ihl_dev_rm.reg.tm.prepared.shipCmpRmv.v1",
      "data": [
        {
          "DomainEventHeader": {
            "SOR_INGT_CRT_TS": "2020-08-21T07:08:05.254Z",
            "SOR_TPIC_NM": "tc_id_52.ihl_dev_rm.reg.tm.raw.waybill-seal.v1",
            "DE_META": ""
          },
          "ShipmentCompositeRemoved": {
            "Primary_Object_Key": "bb41af6f4fd8c0de80cccbc0bba12526da08f4fbb802ac5d96f96c9d765e2376",
            "Domain_Event_Type_Key": "a16c5ba057628866b318f709f5496a7b5e7cc21c1c098ca136e257faab49e0d8",
            "Shipment_Composite_Key": "e492c3951485b775bc393328361620ab7a65bc033cb0017df00773d2ccd5ccd4",
            "Shipment_Composite_Type_Key": "f6d1c2ca1bba8cd0c7177a00218a3cf8cc43afc7dd37d542775d15a7a76eeebe",
            "Shipment_Key": "bb41af6f4fd8c0de80cccbc0bba12526da08f4fbb802ac5d96f96c9d765e2376",
            "Shipment_Type_Key": "d7b91437ff74a3bfd70ba3ebe8d16b8b5c2658cb589c7e5fa9d8f67d354e3b80",
            "Composite_Key": "2cdafcc85238eff3ca3821bbcd6e8e1db2c6158f21231a59d7bfbb181a8d9c92",
            "Composite_Type_Key": "43dc3cc5c9a6f413b035c8858809557a890a2831da95680067b8afa0d48aed04",
            "Identification_Type_Key": "446ae52175e4e4c8a02655d8902d82fdf72760784e27905ee2a4e90dcb3abe5d",
            "Identification_Value": "3.00",
            "Domain_Event_Key": "0ae537cacd44dd867b57d1c66e95c025fd50aae860d09eda413c36a60de68304",
            "Correlation_Id": "8ead69cc-1619-4336-899b-2e6f5b5eb9f1",
            "Client_Identification": "",
            "System_Key": "e842426b7c8978fa9fb29dcf3f073f3c232f6cc1d62972e3d7dfe753cc314915",
            "Proc_Ts": "2020-08-21T07:08:05.254Z",
            "Proc_Ts_Tz_Dst_Cd": "100",
            "Event_Ts": "2020-08-21T07:08:05.254Z",
            "Event_Ts_Tz_Dst_Cd": "100"
          }
        }
      ]
    },
    {
      "name": "tc_id_52.ihl_dev_rm.reg.tm.prepared.rteErr.v1",
      "data": [
        {
          "IngestionHeader": {
            "ING_CRT_TS": "2020-08-21T07:08:05.254Z",
            "PRODUCT_ID": "A059",
            "UUID": null,
            "FORMAT": "JSON"
          },
          "WayBillSEAL": {
            "LOG_ACTION": " ",
            "EQP_INIT": "TILX",
            "LOG_DATE": "2020-01-28",
            "SEAL_RNG_HI": "               ",
            "WB_ID": "7921-01-28 01:36:48.91202",
            "LOG_USER_NME": "                    ",
            "LOG_TIME": "01:36:49",
            "LOG_TID": "        ",
            "WB_VRSN": "2",
            "SEAL_RNG_LO": "31798          ",
            "WB_NUMB": "676138",
            "WB_DT": "2020-01-27",
            "TMSTP": "2020-01-28 01:36:49.079374",
            "LOG_USER": "        ",
            "SEQ_SORT": "3.00",
            "EQP_NUMB": "    725873",
            "LOG_COUNTER": "0",
            "IBMSNAP_COMMITSEQ": "",
            "IBMSNAP_INTENTSEQ": "",
            "IBMSNAP_OPERATION": "I",
            "IBMSNAP_LOGMARKER": "2020-08-28T16:03:12.800Z"
          },
          "LogHeader": {
            "ERROR_TO_DE": "Correlation_Id is NULL",
            "RAW_KAFKA_QUEUE_NAME": "tc_id_52.ihl_dev_rm.reg.tm.raw.waybill-seal.v1",
            "SPARK_JOB_NAME": "WaybillSealDomainFeed"
          }
        },
        {
          "IngestionHeader": {
            "ING_CRT_TS": "2020-08-21T07:08:05.254Z",
            "PRODUCT_ID": "A059",
            "UUID": null,
            "FORMAT": "JSON"
          },
          "WayBillSEAL": {
            "LOG_ACTION": " ",
            "EQP_INIT": "TILX",
            "LOG_DATE": "2020-01-28",
            "SEAL_RNG_HI": "               ",
            "WB_ID": "7921-01-28 01:36:48.91202",
            "LOG_USER_NME": "                    ",
            "LOG_TIME": "01:36:49",
            "LOG_TID": "        ",
            "WB_VRSN": "2",
            "SEAL_RNG_LO": "31798          ",
            "WB_NUMB": "676138",
            "WB_DT": "2020-01-27",
            "TMSTP": "2020-01-28 01:36:49.079374",
            "LOG_USER": "        ",
            "SEQ_SORT": "3.00",
            "EQP_NUMB": "    725873",
            "LOG_COUNTER": "0",
            "IBMSNAP_COMMITSEQ": "",
            "IBMSNAP_INTENTSEQ": "",
            "IBMSNAP_OPERATION": "I",
            "IBMSNAP_LOGMARKER": "2020-08-28T16:03:12.800Z"
          },
          "LogHeader": {
            "ERROR_TO_DE": "Correlation_Id is NULL",
            "RAW_KAFKA_QUEUE_NAME": "tc_id_52.ihl_dev_rm.reg.tm.raw.waybill-seal.v1",
            "SPARK_JOB_NAME": "WaybillSealDomainFeed"
          }
        }
      ]
    }
  ]
}