{
  "Kafka_Output": [
    {
      "name": "tc_id_47.ihl_dev_rm.reg.tm.prepared.shipCmpCrt.v1",
      "data": [
        {
          "DomainEventHeader": {
            "SOR_INGT_CRT_TS": "2021-02-23T18:21:02.136Z",
            "SOR_TPIC_NM": "tc_id_47.ihl_dev_rm.reg.tm.raw.waybill-vessel.v1",
            "DE_META": ""
          },
          "ShipmentCompositeCreated": {
            "Primary_Object_Key": "ce2807842a3b38b590f9561e7ce717a62716f14337b8e3902d84e1bcf30a323e",
            "Domain_Event_Type_Key": "e3b61a2ebf5b23ed3fd8ff58d88a71874f646ec36a6e49d48b10b0c9e3100d05",
            "Shipment_Composite_Key": "4938f11684ea5e4d558c77de63d957ee622ecf3b86c53b306f9a0685e5dc2cc7",
            "Shipment_Composite_Type_Key": "af82909b34df99ece8af4b140307841a3a899bac846f096ff2a3efcbed32f44c",
            "Shipment_Key": "ce2807842a3b38b590f9561e7ce717a62716f14337b8e3902d84e1bcf30a323e",
            "Shipment_Type_Key": "d7b91437ff74a3bfd70ba3ebe8d16b8b5c2658cb589c7e5fa9d8f67d354e3b80",
            "Composite_Key": "b68695f8c171d92e6fb9d97ffbd21bdefb9a9be5f8d8ccab67e7dcecc6a842fd",
            "Composite_Type_Key": "43011142362ffb4a83e9e397c080b36763142fa21c9ebaa9ca1bdd861197a7f9",
            "Identification_Type_Key": "0b57f6225be919ba8943b3f10cbff9067e865c01d5fb6e6d73846d67e3a0af3e",
            "Identification_Value": "1.00",
            "Domain_Event_Key": "ca4c58aea2eb32e2f49383f7b7a593e8ca659750c20accb34683950de6340099",
            "Correlation_Id": "ba73397d-2183-4d5c-ae42-78fe4141ea3b",
            "Client_Identification": "SRS-WB",
            "System_Key": "e842426b7c8978fa9fb29dcf3f073f3c232f6cc1d62972e3d7dfe753cc314915",
            "Proc_Ts": "2021-02-23T18:21:02.136Z",
            "Proc_Ts_Tz_Dst_Cd": "100",
            "Event_Ts": "2021-02-23T18:21:02.136Z",
            "Event_Ts_Tz_Dst_Cd": "100"
          }
        }
      ]
    },
    {
      "name": "tc_id_47.ihl_dev_rm.reg.tm.prepared.shipCmpDsc.v1",
      "data": [
        {
          "DomainEventHeader": {
            "SOR_INGT_CRT_TS": "2021-02-23T18:21:02.136Z",
            "SOR_TPIC_NM": "tc_id_47.ihl_dev_rm.reg.tm.raw.waybill-vessel.v1",
            "DE_META": ""
          },
          "ShipmentCompositeDescribed": {
            "Primary_Object_Key": "ce2807842a3b38b590f9561e7ce717a62716f14337b8e3902d84e1bcf30a323e",
            "Domain_Event_Type_Key": "e3b61a2ebf5b23ed3fd8ff58d88a71874f646ec36a6e49d48b10b0c9e3100d05",
            "Shipment_Composite_Key": "4938f11684ea5e4d558c77de63d957ee622ecf3b86c53b306f9a0685e5dc2cc7",
            "ShipmentCompositeCharacteristics": [
              {
                "Shipment_Composite_Characteristic_Key": "0ec335a9e33671b98ea16582fcf0abf6530e3ca3350710f0c1d4188abaa5b5b9",
                "Characteristic_Type_Key": "5b8d28544f7cd40381850b85ef5d786c84a27299041e02a4b15073af09a7732f",
                "Characteristic_Value": "O"
              },
              {
                "Shipment_Composite_Characteristic_Key": "b0dedb9cebd524c17cd16f53d2508ce663377fc8411620306cf9b689b77a4f9f",
                "Characteristic_Type_Key": "923bbadd3545994daaeaf56ca373c1e552e66b84231c596c67018ae3bed8a179",
                "Characteristic_Value": "ANL WARRNAMBOOL"
              },
              {
                "Shipment_Composite_Characteristic_Key": "d026bdb41d77509f6c19c68d35dd6361859c3cdc942ada402270d056c386aaef",
                "Characteristic_Type_Key": "8e5b39893a330daf12016b316af6f547f129d6f2e84219eee9fa1f2e3eb17617",
                "Characteristic_Value": ""
              },
              {
                "Shipment_Composite_Characteristic_Key": "627681c4cbcfdb8aa7df4a2b1b22d7385b3e2ed005c9eecacc1afacbaf783ddb",
                "Characteristic_Type_Key": "d5c9124093bf503f663021659fff417319db5e59a3309e9aab150615b4e25cb9",
                "Characteristic_Value": ""
              },
              {
                "Shipment_Composite_Characteristic_Key": "d83d02eb0eb6eb9ca9d93355bcf0ded6ad59778ea3b7491250126908a6b717fa",
                "Characteristic_Type_Key": "a2ee577b344627df839fe65c17bd040d84ab58eba77ce6a015004a616b94c084",
                "Characteristic_Value": "0Y162S1"
              },
              {
                "Shipment_Composite_Characteristic_Key": "e8364e313590bde2e8530c09d0fd0c8f302fb1a2673aa300f5a7ac68d2d1613b",
                "Characteristic_Type_Key": "41a5dc21024bcbbf15883c3e25fe580470ad6f7f2afe306a0c1b9781e5fb3f41",
                "Characteristic_Value": "L"
              },
              {
                "Shipment_Composite_Characteristic_Key": "e3bb7b3a773d036303658f75a10cf15c5676d7e53c83cb0bab29ae56d131b22d",
                "Characteristic_Type_Key": "1b42e2cd82075130462a2c4ed1d360e2abcfa1c3bac0b950e3e207d51ff2a177",
                "Characteristic_Value": "VANCOUVER, BC"
              },
              {
                "Shipment_Composite_Characteristic_Key": "a32b510c51b7417bb9ba30c01085a63d8d1efb997f7ea017315defe89ccac7cb",
                "Characteristic_Type_Key": "333e160bbeb91b67cdd9c4418c0c0b7559fc8734e4fe3bd697a419bdc31cdb9d",
                "Characteristic_Value": "USC0130173"
              },
              {
                "Shipment_Composite_Characteristic_Key": "2383eed98710b8f3e9a2b0a3f9eb3812d3ad546cdd9e68a404fc9c2ba0c666e1",
                "Characteristic_Type_Key": "234e0c4f71f86e3c5d55c4933c70ef1b185e9733f277253db00466e0b03ba85a",
                "Characteristic_Value": ""
              },
              {
                "Shipment_Composite_Characteristic_Key": "a217a42570402f7e5aab020e281c5ccb45656fc5b5536ddf2c21be1c5eb7c85c",
                "Characteristic_Type_Key": "22a1e91c50e4b8cd0f57c8d3dd2e8bb7574e730a9b7683e091387632a4f6c5b1",
                "Characteristic_Value": ""
              },
              {
                "Shipment_Composite_Characteristic_Key": "2c7b90389a7d49a95b902684b0f514ef2e5d6458b25354e539f234c23a9719d9",
                "Characteristic_Type_Key": "abf275be953f7237439a80eed07c47fb72c195e7e147a24276046fa8cde007bc",
                "Characteristic_Value": ""
              },
              {
                "Shipment_Composite_Characteristic_Key": "4ed714ff46a5300691fb8b7843bd079791cb728179f5046d3828bcb6c6e2c144",
                "Characteristic_Type_Key": "2ff65150a86b854f1c695edb82dd96ab928e360f04a0480c55672040e0a86c04",
                "Characteristic_Value": ""
              },
              {
                "Shipment_Composite_Characteristic_Key": "3fdc06c56eb4999af3b1bde127cbad53a81b5001f964f54dd1810599aa256bbb",
                "Characteristic_Type_Key": "ea8a75a8dde24c798f5386e319caa4dae7609279c31e43d0509e23db84ccc395",
                "Characteristic_Value": ""
              },
              {
                "Shipment_Composite_Characteristic_Key": "f18eef7a77b56dda927f96204877337b8e53e153a95fcdae0c89ee0bed40c390",
                "Characteristic_Type_Key": "9f7f4b7ee2f183606bad33b74692e2dc8b1b571463652e23d0a7c0c6e1203b36",
                "Characteristic_Value": ""
              },
              {
                "Shipment_Composite_Characteristic_Key": "bfb3a701b057f68b33e204bc0ac2d879c2b19bf792f71d511e2c955c765739cf",
                "Characteristic_Type_Key": "55a9e22507fd949935052908560678db334c315241e588426c970533932c8e22",
                "Characteristic_Value": ""
              },
              {
                "Shipment_Composite_Characteristic_Key": "d78663a9d28584ae4a599c77402e97dd0e61ba835c60e9977902dba61933eef9",
                "Characteristic_Type_Key": "6cb92562dc0a407baa3bf7c9f2e1e859da38f34ecc07e8901ed3017a57f25e8d",
                "Characteristic_Value": "0001-01-01"
              },
              {
                "Shipment_Composite_Characteristic_Key": "e54332ae5cfcd534ac12a46cc558a51176fb5d39c6beb307038abba7e23685cb",
                "Characteristic_Type_Key": "fd4ce4ccf575c24710ac0edb641a7481aea027e368b169639331e2199c8dc1ab",
                "Characteristic_Value": ""
              },
              {
                "Shipment_Composite_Characteristic_Key": "2c4ec6c62238f1b206bd51e2724c7ad88b0dd96af90facc664e6f1205e302e98",
                "Characteristic_Type_Key": "178a2189c0e956dcb0ca4c32f608bd291aa015be652a647cd80d73a509c8ea17",
                "Characteristic_Value": ""
              },
              {
                "Shipment_Composite_Characteristic_Key": "32edd24095d518e4f95f0e54757767682121acae3af08a1358165bbd99899404",
                "Characteristic_Type_Key": "4a810a350141c2de346ba146220e3629b163cdcfb90b6a60d00600a5d46038b4",
                "Characteristic_Value": ""
              },
              {
                "Shipment_Composite_Characteristic_Key": "595c92ce060c627fe0fd65a33d78cb75454a187ef0d3987138e415d4ade404da",
                "Characteristic_Type_Key": "33b37227ce0b89435a341ef230a6d906a78656cf6d46f7342f24832157bae225",
                "Characteristic_Value": ""
              }
            ],
            "Domain_Event_Key": "ca4c58aea2eb32e2f49383f7b7a593e8ca659750c20accb34683950de6340099",
            "Correlation_Id": "ba73397d-2183-4d5c-ae42-78fe4141ea3b",
            "Client_Identification": "SRS-WB",
            "System_Key": "e842426b7c8978fa9fb29dcf3f073f3c232f6cc1d62972e3d7dfe753cc314915",
            "Proc_Ts": "2021-02-23T18:21:02.136Z",
            "Proc_Ts_Tz_Dst_Cd": "100",
            "Event_Ts": "2021-02-23T18:21:02.136Z",
            "Event_Ts_Tz_Dst_Cd": "100"
          }
        },
        {
          "DomainEventHeader": {
            "SOR_INGT_CRT_TS": "2021-02-23T18:21:02.136Z",
            "SOR_TPIC_NM": "tc_id_47.ihl_dev_rm.reg.tm.raw.waybill-vessel.v1",
            "DE_META": ""
          },
          "ShipmentCompositeDescribed": {
            "Primary_Object_Key": "",
            "Domain_Event_Type_Key": "c7881817d6d6fabbc8c8be4c1a5310d4b02d506473e08a55032dedde16c0b3fa",
            "Shipment_Composite_Key": "4938f11684ea5e4d558c77de63d957ee622ecf3b86c53b306f9a0685e5dc2cc7",
            "ShipmentCompositeCharacteristics": [
              {}
            ],
            "Domain_Event_Key": "c2d3d6ed9a2362612836a2fc6fb212905e70894f94c43f6569dd43fbfff9669a",
            "Correlation_Id": "ba73397d-2183-4d5c-ae42-78fe4141ea3b",
            "Client_Identification": "SRS-WB",
            "System_Key": "e842426b7c8978fa9fb29dcf3f073f3c232f6cc1d62972e3d7dfe753cc314915",
            "Proc_Ts": "2021-02-23T18:21:02.136Z",
            "Proc_Ts_Tz_Dst_Cd": "100",
            "Event_Ts": "2021-02-23T18:21:02.136Z",
            "Event_Ts_Tz_Dst_Cd": "100"
          }
        }
      ]
    },
    {
      "name": "tc_id_47.ihl_dev_rm.reg.tm.prepared.shipCmpRmv.v1",
      "data": [
        {
          "DomainEventHeader": {
            "SOR_INGT_CRT_TS": "2021-02-23T18:21:02.136Z",
            "SOR_TPIC_NM": "tc_id_47.ihl_dev_rm.reg.tm.raw.waybill-vessel.v1",
            "DE_META": ""
          },
          "ShipmentCompositeRemoved": {
            "Primary_Object_Key": "ce2807842a3b38b590f9561e7ce717a62716f14337b8e3902d84e1bcf30a323e",
            "Domain_Event_Type_Key": "a16c5ba057628866b318f709f5496a7b5e7cc21c1c098ca136e257faab49e0d8",
            "Shipment_Composite_Key": "4938f11684ea5e4d558c77de63d957ee622ecf3b86c53b306f9a0685e5dc2cc7",
            "Shipment_Composite_Type_Key": "af82909b34df99ece8af4b140307841a3a899bac846f096ff2a3efcbed32f44c",
            "Shipment_Key": "ce2807842a3b38b590f9561e7ce717a62716f14337b8e3902d84e1bcf30a323e",
            "Shipment_Type_Key": "d7b91437ff74a3bfd70ba3ebe8d16b8b5c2658cb589c7e5fa9d8f67d354e3b80",
            "Composite_Key": "b68695f8c171d92e6fb9d97ffbd21bdefb9a9be5f8d8ccab67e7dcecc6a842fd",
            "Composite_Type_Key": "43011142362ffb4a83e9e397c080b36763142fa21c9ebaa9ca1bdd861197a7f9",
            "Identification_Type_Key": "0b57f6225be919ba8943b3f10cbff9067e865c01d5fb6e6d73846d67e3a0af3e",
            "Identification_Value": "1.00",
            "Domain_Event_Key": "2ba8e650ba7bb9391cf674224329ce9bb94961838a61db6341f13b1fe4e1cb0b",
            "Correlation_Id": "ba73397d-2183-4d5c-ae42-78fe4141ea3b",
            "Client_Identification": "SRS-WB",
            "System_Key": "e842426b7c8978fa9fb29dcf3f073f3c232f6cc1d62972e3d7dfe753cc314915",
            "Proc_Ts": "2021-02-23T18:21:02.136Z",
            "Proc_Ts_Tz_Dst_Cd": "100",
            "Event_Ts": "2021-02-23T18:21:02.136Z",
            "Event_Ts_Tz_Dst_Cd": "100"
          }
        }
      ]
    },
    {
      "name": "tc_id_47.ihl_dev_rm.reg.tm.prepared.rteErr.v1",
      "data": [
        {
          "IngestionHeader": {
            "ING_CRT_TS": "2021-02-23T18:21:02.136Z",
            "PRODUCT_ID": "A059",
            "UUID": null,
            "FORMAT": "JSON"
          },
          "WaybillVessel": {
            "LOG_DATE": "2021-02-23",
            "VESSEL_NME": "ANL WARRNAMBOOL             ",
            "IBMSNAP_OPERATION": "I",
            "MNFST_DT": "0001-01-01",
            "LOG_USER_NME": "                    ",
            "IBMSNAP_LOGMARKER": "2021-02-23 10:45:12.217442",
            "STATE": "  ",
            "WB_VRSN": "2",
            "IBMSNAP_INTENTSEQ": "00d9513168833f444200000000000001",
            "CARR_ABBR_CURR": "    ",
            "VOY_BKG_DT": null,
            "VOY_PORT_NME": "VANCOUVER, BC           ",
            "FLY_VOY_NBR": "0Y162S1   ",
            "LOG_ACTION": " ",
            "EQP_INIT": "TGHU",
            "WB_ID": "5826-02-23-10.45.12.032021",
            "SAIL_DT": null,
            "LOG_TIME": "10:45:12",
            "CNTRY_CD": "  ",
            "LOG_TID": "        ",
            "VOY_PORT_FUNC": "L",
            "WB_NUMB": "378161",
            "WB_DT": "2021-02-23",
            "CUST_BOOK_ID": null,
            "IBMSNAP_COMMITSEQ": "00d95131688c362ae200000000000001",
            "FLY_VOY_TERM": "                              ",
            "CARR_ABBR_PREV": "    ",
            "IBND_OBND_CD": "O",
            "TMSTP": "2021-02-23 10:45:12.180708",
            "LOG_USER": "        ",
            "PIER_NBR": "    ",
            "SEQ_SORT": "1.00",
            "VESSEL_DIR": " ",
            "EQP_NUMB": "    600252",
            "LOG_COUNTER": "0",
            "VOY_BKG_NBR": "USC0130173       ",
            "PIER_NME": "              ",
            "SAIL_TM": null
          },
          "LogHeader": {
            "ERROR_TO_DE": "record.IngestionHeader.UUID is NULL",
            "RAW_KAFKA_QUEUE_NAME": "tc_id_47.ihl_dev_rm.reg.tm.raw.waybill-vessel.v1",
            "SPARK_JOB_NAME": "WaybillVesselDomainFeed"
          }
        }
      ]
    }
  ]
}