{
  "Kafka_Output": [
    {
      "name": "tc_id_89.ihl_dev_rm.reg.tm.prepared.shipCmpCrt.v1",
      "data": [
        {
          "DomainEventHeader": {
            "SOR_INGT_CRT_TS": "2020-03-13 10:40:51.805246",
            "SOR_TPIC_NM": "tc_id_89.ihl_dev_rm.reg.transportation.waybill-special-condition-codes.raw.v1",
            "DE_META": ""
          },
          "ShipmentCompositeCreated": {
            "Primary_Object_Key": "23844d318c255883296271f7e45d2cf3ea086e18d660150fc1f96f0f58cfaad8",
            "Domain_Event_Type_Key": "e3b61a2ebf5b23ed3fd8ff58d88a71874f646ec36a6e49d48b10b0c9e3100d05",
            "Shipment_Composite_Key": "59c16d9275fbde1c651da6630d89b54187286d66f7d668aadc367d17883cdac7",
            "Shipment_Composite_Type_Key": "5a1657ef7783b6bd88b6402690f43339f455afaa73d1a197ecf94cbd91d3dcd2",
            "Shipment_Key": "23844d318c255883296271f7e45d2cf3ea086e18d660150fc1f96f0f58cfaad8",
            "Shipment_Type_Key": "d7b91437ff74a3bfd70ba3ebe8d16b8b5c2658cb589c7e5fa9d8f67d354e3b80",
            "Composite_Key": "d29763486fbf8e31eb525bfbcff8b71738d0847bc0730b99a26ba4ea709378bc",
            "Composite_Type_Key": "a6f8fb24fe91346ec1e64704cf4e92a40f8e616850e7e5f9ece8af1c9b10cadd",
            "Identification_Type_Key": "e10b3f65f28fbb1357b50e2b12b78403247116c4f64dd08427700b759d8a8ef5",
            "Identification_Value": "7",
            "Domain_Event_Key": "16178895ffbdac37ffdb1153c3c515557d335b5b0c930a36f7ecc07a4d9a3d7e",
            "Correlation_Id": "9f491d1c-cd41-46a1-bdf7-473f244c885a",
            "Client_Identification": "SRS-WB",
            "System_Key": "e842426b7c8978fa9fb29dcf3f073f3c232f6cc1d62972e3d7dfe753cc314915",
            "Proc_Ts": "2020-03-13 10:40:51.805246",
            "Proc_Ts_Tz_Dst_Cd": "100",
            "Event_Ts": "2020-03-13 10:40:51.805246",
            "Event_Ts_Tz_Dst_Cd": "100"
          }
        }
      ]
    },
    {
      "name": "tc_id_89.ihl_dev_rm.reg.tm.prepared.shipCmpDsc.v1",
      "data": [
        {
          "DomainEventHeader": {
            "SOR_INGT_CRT_TS": "2020-03-13 10:40:51.805246",
            "SOR_TPIC_NM": "tc_id_89.ihl_dev_rm.reg.transportation.waybill-special-condition-codes.raw.v1",
            "DE_META": ""
          },
          "ShipmentCompositeDescribed": {
            "Primary_Object_Key": "23844d318c255883296271f7e45d2cf3ea086e18d660150fc1f96f0f58cfaad8",
            "Domain_Event_Type_Key": "e3b61a2ebf5b23ed3fd8ff58d88a71874f646ec36a6e49d48b10b0c9e3100d05",
            "Shipment_Composite_Key": "59c16d9275fbde1c651da6630d89b54187286d66f7d668aadc367d17883cdac7",
            "ShipmentCompositeCharacteristics": [
              {
                "Shipment_Composite_Characteristic_Key": "73d6cefddc51da512311e6d5407a3fffdbab34119ea212e5fdc6c9d9f97b946f",
                "Characteristic_Type_Key": "f3c0d6f82e7737e9e08d2180b7c1203f442a37ca40669441a61565b2d480b81a",
                "Characteristic_Value": "AZ"
              }
            ],
            "Domain_Event_Key": "58156ea0ae8f617693e747c3a7a942845707b5a4953a561b00a65acf006b34ac",
            "Correlation_Id": "9f491d1c-cd41-46a1-bdf7-473f244c885a",
            "Client_Identification": "SRS-WB",
            "System_Key": "e842426b7c8978fa9fb29dcf3f073f3c232f6cc1d62972e3d7dfe753cc314915",
            "Proc_Ts": "2020-03-13 10:40:51.805246",
            "Proc_Ts_Tz_Dst_Cd": "100",
            "Event_Ts": "2020-03-13 10:40:51.805246",
            "Event_Ts_Tz_Dst_Cd": "100"
          }
        }
      ]
    },
    {
      "name": "tc_id_89.ihl_dev_rm.reg.tm.prepared.shipCmpRmv.v1",
      "data": []
    },
    {
      "name": "tc_id_89.ihl_dev_rm.reg.tm.prepared.rteErr.v1",
      "data": [
        {
          "IngestionHeader": {
            "ING_CRT_TS": "2020-03-13 10:40:51.805246",
            "PRODUCT_ID": "A059",
            "UUID": null,
            "FORMAT": "JSON"
          },
          "WaybillSpecialConditionCodes": {
            "WB_ID": "0002-05-11-10.22.16.302020",
            "WB_VRSN": "2",
            "SEQ_SORT": "7",
            "SPL_COND_CD": "AZ",
            "IBMSNAP_COMMITSEQ": {
              "bytes": "\u0000\u0000\u0000\u0000\u0000\u0000\u0000\u0001"
            },
            "IBMSNAP_INTENTSEQ": {
              "bytes": "\u0000\u0000\u0000\u0000\u0000\u0000\u0000\u0001"
            },
            "IBMSNAP_OPERATION": "U",
            "IBMSNAP_LOGMARKER": "2020-03-10 14:30:23.887528"
          },
          "LogHeader": {
            "ERROR_TO_DE": "UUID is NULL",
            "RAW_KAFKA_QUEUE_NAME": "tc_id_89.ihl_dev_rm.reg.transportation.waybill-special-condition-codes.raw.v1",
            "SPARK_JOB_NAME": "WaybillSpecialConditionCodesDomainFeed"
          }
        }
      ]
    }
  ]
}