{
  "Kafka_Output": [
    {
      "name": "tc_id_58.ihl_dev_rm.reg.tm.prepared.shipDsc.v1",
      "data": [
        {
          "DomainEventHeader": {
            "SOR_INGT_CRT_TS": "2021-01-29T12:54:00.136Z",
            "SOR_TPIC_NM": "tc_id_58.ihl_dev_rm.reg.tm.raw.waybill-reference.v1",
            "DE_META": ""
          },
          "ShipmentDescribed": {
            "Domain_Event_Type_Key": "e3b61a2ebf5b23ed3fd8ff58d88a71874f646ec36a6e49d48b10b0c9e3100d05",
            "Primary_Object_Key": "f9ad03a617332d6bd105757d7d22cc19a22a432f04b4c2a0dca9993cf074b48c",
            "Shipment_Key": "f9ad03a617332d6bd105757d7d22cc19a22a432f04b4c2a0dca9993cf074b48c",
            "ShipmentCharacteristics": [
              {
                "Shipment_Characteristic_Key": "3ae779c662891f74458165321e663f3f8fc9867675182e5eaed916c83c89faf3",
                "Characteristic_Type_Key": "06b9e55287bbe0ee3aec3cd75f3fbadd4d842f948c00188702eb0578f2310631",
                "Characteristic_Value": "RV"
              }
            ],
            "Domain_Event_Key": "f38ee761c0f2ba8a4bd7f41d9814051a37c18ff69a5eb802a74cd8fb1124d60d",
            "Correlation_Id": "9a1300e0-3169-44eb-a36f-2babdb508a8f",
            "Client_Identification": "SRS-WB",
            "System_Key": "e842426b7c8978fa9fb29dcf3f073f3c232f6cc1d62972e3d7dfe753cc314915",
            "Proc_Ts": "2021-01-29T12:54:00.136Z",
            "Proc_Ts_Tz_Dst_Cd": "100",
            "Event_Ts": "2021-01-29T12:54:00.136Z",
            "Event_Ts_Tz_Dst_Cd": "100"
          }
        },
        {
          "DomainEventHeader": {
            "SOR_INGT_CRT_TS": "2021-01-29T14:23:00.725Z",
            "SOR_TPIC_NM": "tc_id_58.ihl_dev_rm.reg.tm.raw.waybill-reference.v1",
            "DE_META": ""
          },
          "ShipmentDescribed": {
            "Domain_Event_Type_Key": "e3b61a2ebf5b23ed3fd8ff58d88a71874f646ec36a6e49d48b10b0c9e3100d05",
            "Primary_Object_Key": "6a2a78b8cd1bcafd12c51fce4d60e9772ec82fae4568881a89a095e59201aa20",
            "Shipment_Key": "6a2a78b8cd1bcafd12c51fce4d60e9772ec82fae4568881a89a095e59201aa20",
            "ShipmentCharacteristics": [
              {
                "Shipment_Characteristic_Key": "19bb5a3400c5676de114a84ae0142e5e581c455ff9107601a790dad1ef8d1f6a",
                "Characteristic_Type_Key": "06b9e55287bbe0ee3aec3cd75f3fbadd4d842f948c00188702eb0578f2310631",
                "Characteristic_Value": ""
              }
            ],
            "Domain_Event_Key": "3f7db513d51241e4902ad66438e0912bc9637403f73a3dc0f627e56f7184acce",
            "Correlation_Id": "1934ffc5-0e58-4f76-bb9d-2a530b6ad936",
            "Client_Identification": "SRS-WB",
            "System_Key": "e842426b7c8978fa9fb29dcf3f073f3c232f6cc1d62972e3d7dfe753cc314915",
            "Proc_Ts": "2021-01-29T14:23:00.725Z",
            "Proc_Ts_Tz_Dst_Cd": "100",
            "Event_Ts": "2021-01-29T14:23:00.725Z",
            "Event_Ts_Tz_Dst_Cd": "100"
          }
        }
      ]
    },
    {
      "name": "tc_id_58.ihl_dev_rm.reg.tm.prepared.rteErr.v1",
      "data": [
        {
          "IngestionHeader": {
            "ING_CRT_TS": "2021-01-29T12:54:00.136Z",
            "PRODUCT_ID": "A059",
            "UUID": null,
            "FORMAT": "JSON"
          },
          "WaybillReference": {
            "REF_NBR_DT": "2021-01-29",
            "EQP_INIT": "PLHU",
            "IBMSNAP_OPERATION": "U",
            "CUST_633": "            ",
            "WB_ID": "7672-01-21-10.37.28.772021",
            "CRT_TS": "2021-01-29 07:53:42.131986",
            "IBMSNAP_LOGMARKER": "2021-01-29 07:53:42.424051",
            "WB_VRSN": "1",
            "REF_KEY_ID": "S342628",
            "IBMSNAP_INTENTSEQ": "00d9319c72dff20ac000000000000001",
            "WB_NUMB": "373696",
            "WB_DT": "2021-01-11",
            "REF_NBR_FFRM": "                                             ",
            "IBMSNAP_COMMITSEQ": "00d9319c72e99f301600000000000001",
            "REF_NBR_TIME": "07:53:01",
            "REF_NBR_CD": "RV",
            "REF_NBR": "RV                            ",
            "SEQ_SORT": "9",
            "EQP_NUMB": "    677493",
            "CPLT_REF_NBR_CD": "   "
          },
          "LogHeader": {
            "ERROR_TO_DE": "Correlation_Id is NULL",
            "RAW_KAFKA_QUEUE_NAME": "tc_id_58.ihl_dev_rm.reg.tm.raw.waybill-reference.v1",
            "SPARK_JOB_NAME": "WaybillReferenceDomainFeed"
          }
        }
      ]
    }
  ]
}