{
  "Kafka_Output": [
    {
      "name": "tc_id_49.ihl_dev_rm.reg.tm.prepared.shipCmpCrt.v1",
      "data": [
        {
          "DomainEventHeader": {
            "SOR_INGT_CRT_TS": "2020-09-01T13:36:23.691Z",
            "SOR_TPIC_NM": "tc_id_49.ihl_dev_rm.reg.tm.raw.waybill-city-customer.v1",
            "DE_META": ""
          },
          "ShipmentCompositeCreated": {
            "Primary_Object_Key": "c39a2b452a4533015d57dd0c722a2630f765b5815f1ba56be9dfdb702c2ec2cd",
            "Domain_Event_Type_Key": "e3b61a2ebf5b23ed3fd8ff58d88a71874f646ec36a6e49d48b10b0c9e3100d05",
            "Shipment_Composite_Key": "77c53f6ad5d66efedeb7a13d83f422bdf310e320358e22a69a1e7f734113b27c",
            "Shipment_Composite_Type_Key": "dfc56ea5c196795b39bc98d884b2980bc99f6e259ebfb331f37fc7dbb7c7b34c",
            "Shipment_Key": "c39a2b452a4533015d57dd0c722a2630f765b5815f1ba56be9dfdb702c2ec2cd",
            "Shipment_Type_Key": "d7b91437ff74a3bfd70ba3ebe8d16b8b5c2658cb589c7e5fa9d8f67d354e3b80",
            "Composite_Key": "fc7bb950a8719182b3a8ac1eb2047df1a93e03accbe70ac43c9d014e22961d1f",
            "Composite_Type_Key": "17ba48a0c0c30dccff663424b794817396ee4cd3173a1152ecca3ee3a9f87e63",
            "Identification_Type_Key": "0da6b367be535ff480a461a0ddfac98d53635e128106bd40291b8147966a0435",
            "Identification_Value": "Paying Customer",
            "Domain_Event_Key": "5813af9b40cb98506ad0022956b102c8169c0f83e30bcacea75a7cf92d7529b6",
            "Correlation_Id": "8ead69cc-1619-4336-899b-2e6f5b5eb9f1",
            "Client_Identification": "SRS-WB",
            "System_Key": "e842426b7c8978fa9fb29dcf3f073f3c232f6cc1d62972e3d7dfe753cc314915",
            "Proc_Ts": "2020-09-01T13:36:23.691Z",
            "Proc_Ts_Tz_Dst_Cd": "100",
            "Event_Ts": "2020-09-01T13:36:23.691Z",
            "Event_Ts_Tz_Dst_Cd": "100"
          }
        }
      ]
    },
    {
      "name": "tc_id_49.ihl_dev_rm.reg.tm.prepared.shipCmpDsc.v1",
      "data": [
        {
          "DomainEventHeader": {
            "SOR_INGT_CRT_TS": "2020-09-01T13:36:23.691Z",
            "SOR_TPIC_NM": "tc_id_49.ihl_dev_rm.reg.tm.raw.waybill-city-customer.v1",
            "DE_META": ""
          },
          "ShipmentCompositeDescribed": {
            "Primary_Object_Key": "",
            "Domain_Event_Type_Key": "c7881817d6d6fabbc8c8be4c1a5310d4b02d506473e08a55032dedde16c0b3fa",
            "Shipment_Composite_Key": "25b20e2b60b528b56fa3e044cad887d0999798e11081c6609540579b0aa7ddf1",
            "ShipmentCompositeCharacteristics": [
              {}
            ],
            "Domain_Event_Key": "a335be886d6ef61f42c00068f86174c385a9548af6f4546636a71bb805442d70",
            "Correlation_Id": "8ead69cc-1619-4336-899b-2e6f5b5eb9f1",
            "Client_Identification": "SRS-WB",
            "System_Key": "e842426b7c8978fa9fb29dcf3f073f3c232f6cc1d62972e3d7dfe753cc314915",
            "Proc_Ts": "2020-09-01T13:36:23.691Z",
            "Proc_Ts_Tz_Dst_Cd": "100",
            "Event_Ts": "2020-09-01T13:36:23.691Z",
            "Event_Ts_Tz_Dst_Cd": "100"
          }
        },
        {
          "DomainEventHeader": {
            "SOR_INGT_CRT_TS": "2020-09-01T13:36:23.691Z",
            "SOR_TPIC_NM": "tc_id_49.ihl_dev_rm.reg.tm.raw.waybill-city-customer.v1",
            "DE_META": ""
          },
          "ShipmentCompositeDescribed": {
            "Primary_Object_Key": "c39a2b452a4533015d57dd0c722a2630f765b5815f1ba56be9dfdb702c2ec2cd",
            "Domain_Event_Type_Key": "e3b61a2ebf5b23ed3fd8ff58d88a71874f646ec36a6e49d48b10b0c9e3100d05",
            "Shipment_Composite_Key": "77c53f6ad5d66efedeb7a13d83f422bdf310e320358e22a69a1e7f734113b27c",
            "ShipmentCompositeCharacteristics": [
              {
                "Shipment_Composite_Characteristic_Key": "c601bcde4ff02d75452d645cc45aa2975ab6250bb345058aaa4fa0099c4ecbca",
                "Characteristic_Type_Key": "0b1821f40450113c8ce372b1cc14a2865520c66493a36d225a353a1f6bbbeb94",
                "Characteristic_Value": ""
              },
              {
                "Shipment_Composite_Characteristic_Key": "5a32b43aa9d9c2ad2d25bfc44c403c2f9868ecf03ff0f195a64553f18048efd8",
                "Characteristic_Type_Key": "8546e3dfa49300181d5491a0599b2703e11cce3b6ca4502c0b124f9d02e388e0",
                "Characteristic_Value": ""
              },
              {
                "Shipment_Composite_Characteristic_Key": "e5b6cc7010cc772340912a40f2d9401cf46b1da6e73362b6121ceb4f75c22a78",
                "Characteristic_Type_Key": "74c9f9b9a92dd37961cb4ed43c425d37f0c757d9f7ce71188a701b194a75d4b1",
                "Characteristic_Value": ""
              },
              {
                "Shipment_Composite_Characteristic_Key": "8b84cba7484edce75e9ce463363bbe2925fcf4cf123a56bf5e2bec3c8e888319",
                "Characteristic_Type_Key": "b9c7dee798cc41fa7b84d7d669cc777145514a64fb7fa5d87b2c08090f7e163c",
                "Characteristic_Value": ""
              },
              {
                "Shipment_Composite_Characteristic_Key": "5ef4245524de36f36c27e8b9281e8e35c8c8f3748afb64360d43545607cbc0e2",
                "Characteristic_Type_Key": "dd2a8b3f34c68f6e94e9178fc6fd67c80a03b238c72760807a73f8c09a010a55",
                "Characteristic_Value": ""
              },
              {
                "Shipment_Composite_Characteristic_Key": "a76dc25ef6cad4c4fc563d849a73be046f6891f07f2dfdb50acc541ba6ee5dc0",
                "Characteristic_Type_Key": "73f840ebda7254d5b8215cf633a9e6fc95a2e824e7e175f5bc5b7f0ed699afd3",
                "Characteristic_Value": ""
              },
              {
                "Shipment_Composite_Characteristic_Key": "a0c59ea2c4f5c0ec907ad08447c26b02388b9af8e4db0306a741020a8ea826df",
                "Characteristic_Type_Key": "a22902c4483e08f8b5aed795d536ca8c1a7344e77409a817268c1e233401eb34",
                "Characteristic_Value": ""
              },
              {
                "Shipment_Composite_Characteristic_Key": "ff94f134a3fc70b5fec38d3d9cb3f163a91cee84b3470284e3d9541f98b2d7d1",
                "Characteristic_Type_Key": "f7fea258257900efc47bfc66fd0a3cec16e032f5a50f164092a477f425ad8681",
                "Characteristic_Value": ""
              },
              {
                "Shipment_Composite_Characteristic_Key": "71596859ffa5c2ac819d1b999f1ad921b2a2beacb00c1ffacc6cf740446efb88",
                "Characteristic_Type_Key": "bd9dae217a0a467e1d4ab7e34974038e2001b9361a106a8a088debd5c5430e14",
                "Characteristic_Value": ""
              },
              {
                "Shipment_Composite_Characteristic_Key": "2b0930afb479b41000b38ab54f2abcf20e47c112ba2da09c1e91c0292e4ddf4b",
                "Characteristic_Type_Key": "28fa08b6d074f1abef54d8137ee775f0c86b5d3246929eb140b56e963c8263c6",
                "Characteristic_Value": ""
              }
            ],
            "Domain_Event_Key": "5813af9b40cb98506ad0022956b102c8169c0f83e30bcacea75a7cf92d7529b6",
            "Correlation_Id": "8ead69cc-1619-4336-899b-2e6f5b5eb9f1",
            "Client_Identification": "SRS-WB",
            "System_Key": "e842426b7c8978fa9fb29dcf3f073f3c232f6cc1d62972e3d7dfe753cc314915",
            "Proc_Ts": "2020-09-01T13:36:23.691Z",
            "Proc_Ts_Tz_Dst_Cd": "100",
            "Event_Ts": "2020-09-01T13:36:23.691Z",
            "Event_Ts_Tz_Dst_Cd": "100"
          }
        }
      ]
    },
    {
      "name": "tc_id_49.ihl_dev_rm.reg.tm.prepared.shipCmpRmv.v1",
      "data": [
        {
          "DomainEventHeader": {
            "SOR_INGT_CRT_TS": "2020-09-01T13:36:23.691Z",
            "SOR_TPIC_NM": "tc_id_49.ihl_dev_rm.reg.tm.raw.waybill-city-customer.v1",
            "DE_META": ""
          },
          "ShipmentCompositeRemoved": {
            "Primary_Object_Key": "c39a2b452a4533015d57dd0c722a2630f765b5815f1ba56be9dfdb702c2ec2cd",
            "Domain_Event_Type_Key": "a16c5ba057628866b318f709f5496a7b5e7cc21c1c098ca136e257faab49e0d8",
            "Shipment_Composite_Key": "25b20e2b60b528b56fa3e044cad887d0999798e11081c6609540579b0aa7ddf1",
            "Shipment_Composite_Type_Key": "dfc56ea5c196795b39bc98d884b2980bc99f6e259ebfb331f37fc7dbb7c7b34c",
            "Shipment_Key": "c39a2b452a4533015d57dd0c722a2630f765b5815f1ba56be9dfdb702c2ec2cd",
            "Shipment_Type_Key": "d7b91437ff74a3bfd70ba3ebe8d16b8b5c2658cb589c7e5fa9d8f67d354e3b80",
            "Composite_Key": "c1999c7c5d57274b99da8d847e19329f809e7c4b760a77f029608965d687d1e7",
            "Composite_Type_Key": "17ba48a0c0c30dccff663424b794817396ee4cd3173a1152ecca3ee3a9f87e63",
            "Identification_Type_Key": "0da6b367be535ff480a461a0ddfac98d53635e128106bd40291b8147966a0435",
            "Identification_Value": "Ship From",
            "Domain_Event_Key": "d4a99c0ac7f0cdb1c8c0ce354becf64c1219113abdfb2a0dd66d9cc81816cb76",
            "Correlation_Id": "8ead69cc-1619-4336-899b-2e6f5b5eb9f1",
            "Client_Identification": "SRS-WB",
            "System_Key": "e842426b7c8978fa9fb29dcf3f073f3c232f6cc1d62972e3d7dfe753cc314915",
            "Proc_Ts": "2020-09-01T13:36:23.691Z",
            "Proc_Ts_Tz_Dst_Cd": "100",
            "Event_Ts": "2020-09-01T13:36:23.691Z",
            "Event_Ts_Tz_Dst_Cd": "100"
          }
        }
      ]
    },
    {
      "name": "tc_id_49.ihl_dev_rm.reg.tm.prepared.rteErr.v1",
      "data": [
        {
          "IngestionHeader": {
            "ING_CRT_TS": "2020-09-01T13:36:23.691Z",
            "PRODUCT_ID": "A059",
            "UUID": null,
            "FORMAT": "JSON"
          },
          "WayBillCityCustomer": {
            "WB_ID": "2020-09-01T13:36:23.691Z",
            "WB_VRSN": 0,
            "CIT_CUS_CD": "PC",
            "CITY_333": "",
            "STATE": "",
            "CITY_NME": "",
            "FSAC": "",
            "SPLC": "",
            "ZIP": "",
            "CUST_633": "",
            "CUST_ADDR": "",
            "CUST_INFO": "",
            "PTRN_CD": "",
            "CUST_FULL": "",
            "CUST_SYN_633": "",
            "CUST_NOTF_TEL": "",
            "ZTS": "",
            "FRC_CUST_FLG": "",
            "CARR_ABBR": "",
            "SPLC_SFX": "",
            "CNTC_NME": "",
            "LOC_SEQ": 0,
            "CTY_CUST_CNTC_PROF": "",
            "LOG_ACTION": "",
            "LOG_COUNTER": 0,
            "LOG_DATE": "2020-09-08T12:19:29.885Z",
            "LOG_TID": "",
            "LOG_TIME": "2020-09-08T12:19:29.885Z",
            "LOG_USER": "",
            "LOG_USER_NME": "",
            "RULE_11_PROF": "",
            "SEQ_SORT": 0,
            "APPT_DT": "2020-09-01T13:36:23.693Z",
            "APPT_TM": "2020-09-01T13:36:23.693Z",
            "DROP_STAY_CD": "",
            "HLPR_CNT": 0,
            "PND_CMPL_FLG": "",
            "CIF_CUST_ID": "",
            "CIF_SUBL_ID": "",
            "IRF_CUST_LOCN_ID": 0,
            "ISO_CTRY_CD": "",
            "IBMSNAP_COMMITSEQ": "",
            "IBMSNAP_INTENTSEQ": "",
            "IBMSNAP_OPERATION": "I",
            "IBMSNAP_LOGMARKER": "2020-09-01T13:36:23.694Z"
          },
          "LogHeader": {
            "ERROR_TO_DE": "record.IngestionHeader.UUID is NULL",
            "RAW_KAFKA_QUEUE_NAME": "tc_id_49.ihl_dev_rm.reg.tm.raw.waybill-city-customer.v1",
            "SPARK_JOB_NAME": "WaybillCityCustomerDomainFeed"
          }
        }
      ]
    }
  ]
}