{
  "Kafka_Output": [
    {
      "name": "tc_id_37.ihl_dev_rm.reg.tm.prepared.shipCrt.v1",
      "data": [
        {
          "DomainEventHeader": {
            "SOR_INGT_CRT_TS": "2021-01-16 03:39:02.469",
            "SOR_TPIC_NM": "tc_id_37.ihl_dev_rm.reg.tm.raw.srs.wayBill.v3",
            "DE_META": ""
          },
          "ShipmentCreated": {
            "Domain_Event_Type_Key": "e3b61a2ebf5b23ed3fd8ff58d88a71874f646ec36a6e49d48b10b0c9e3100d05",
            "Primary_Object_Key": "c872b477bb561217cbaf2f825d17a41dd62faf8cbac91288bd229761c19ab3d7",
            "Shipment_Key": "c872b477bb561217cbaf2f825d17a41dd62faf8cbac91288bd229761c19ab3d7",
            "Shipment_Type_Key": "d7b91437ff74a3bfd70ba3ebe8d16b8b5c2658cb589c7e5fa9d8f67d354e3b80",
            "Identification_Type_Key": "7298781664f5e842924e72d536c608e61f267af09bf4b76e4244b9fed58bec77",
            "Identification_Value": "2259-05-24-12.46.09.512019",
            "Domain_Event_Key": "8ca532b0872dde04ec9b99ef7041f79a920f5801ea61c693a4812a420ceee444",
            "Correlation_Id": "61530fa6-ffc3-4a18-82ab-02768e991cd9",
            "Client_Identification": "XT24401",
            "System_Key": "e842426b7c8978fa9fb29dcf3f073f3c232f6cc1d62972e3d7dfe753cc314915",
            "Proc_Ts": "2021-01-16 03:39:02.469",
            "Proc_Ts_Tz_Dst_Cd": "100",
            "Event_Ts": "2021-01-10 01:28:08.000",
            "Event_Ts_Tz_Dst_Cd": "106"
          }
        },
        {
          "DomainEventHeader": {
            "SOR_INGT_CRT_TS": "2021-01-16 03:39:02.469",
            "SOR_TPIC_NM": "tc_id_37.ihl_dev_rm.reg.tm.raw.srs.wayBill.v3",
            "DE_META": ""
          },
          "ShipmentCreated": {
            "Domain_Event_Type_Key": "e3b61a2ebf5b23ed3fd8ff58d88a71874f646ec36a6e49d48b10b0c9e3100d05",
            "Primary_Object_Key": "c872b477bb561217cbaf2f825d17a41dd62faf8cbac91288bd229761c19ab3d7",
            "Shipment_Key": "c872b477bb561217cbaf2f825d17a41dd62faf8cbac91288bd229761c19ab3d7",
            "Shipment_Type_Key": "d7b91437ff74a3bfd70ba3ebe8d16b8b5c2658cb589c7e5fa9d8f67d354e3b80",
            "Identification_Type_Key": "7298781664f5e842924e72d536c608e61f267af09bf4b76e4244b9fed58bec77",
            "Identification_Value": "2259-05-24-12.46.09.512019",
            "Domain_Event_Key": "8ca532b0872dde04ec9b99ef7041f79a920f5801ea61c693a4812a420ceee444",
            "Correlation_Id": "61530fa6-ffc3-4a18-82ab-02768e991cd9",
            "Client_Identification": "XT24401",
            "System_Key": "e842426b7c8978fa9fb29dcf3f073f3c232f6cc1d62972e3d7dfe753cc314915",
            "Proc_Ts": "2021-01-16 03:39:02.469",
            "Proc_Ts_Tz_Dst_Cd": "100",
            "Event_Ts": "2021-01-10 01:28:08.000",
            "Event_Ts_Tz_Dst_Cd": "106"
          }
        }
      ]
    },
    {
      "name": "tc_id_37.ihl_dev_rm.reg.tm.prepared.shipDsc.v1",
      "data": [
        {
          "DomainEventHeader": {
            "SOR_INGT_CRT_TS": "2021-01-16 03:39:02.469",
            "SOR_TPIC_NM": "tc_id_37.ihl_dev_rm.reg.tm.raw.srs.wayBill.v3",
            "DE_META": ""
          },
          "ShipmentDescribed": {
            "Domain_Event_Type_Key": "e3b61a2ebf5b23ed3fd8ff58d88a71874f646ec36a6e49d48b10b0c9e3100d05",
            "Primary_Object_Key": "c872b477bb561217cbaf2f825d17a41dd62faf8cbac91288bd229761c19ab3d7",
            "Shipment_Key": "c872b477bb561217cbaf2f825d17a41dd62faf8cbac91288bd229761c19ab3d7",
            "ShipmentCharacteristics": [
              {
                "Shipment_Characteristic_Key": "c94da41f0bee885f1f4f33ce3c4b415c41868c0bc6ec99bcb5c6ce684e7810c6",
                "Characteristic_Type_Key": "31479967411e5e49ab3f8a29ec27b0374a2422ea101e2e872a6a4cddb36b4296",
                "Characteristic_Value": "DTTX759646"
              },
              {
                "Shipment_Characteristic_Key": "52daec512d80dd8c9444f5097060327243c1f56e9b4cc2eac8eca91a7044e533",
                "Characteristic_Type_Key": "8e84c3aded0761bb1ad23fdf33a9a5034d66956295218dc0b6def535530ac3f0",
                "Characteristic_Value": "      "
              },
              {
                "Shipment_Characteristic_Key": "03a65a69d23c822de3f3b04a2d085bc503631bcbf42eff1b400ce23a03befd82",
                "Characteristic_Type_Key": "7e9d9ab8b9ac6fbbaf5604cc0c0d7c781fa8fdaaa2dccd99c99f9d9a12ef7265",
                "Characteristic_Value": "2019-05-24"
              },
              {
                "Shipment_Characteristic_Key": "0ecf1a90b2fa79315cd29ee93c4822a6e9b29c1b7b2b68215366afdde75938eb",
                "Characteristic_Type_Key": "d594ad4351f69edc0bee8f5b1a30b629f669f7357995c6af8f02274f086c6af8",
                "Characteristic_Value": "188500"
              },
              {
                "Shipment_Characteristic_Key": "c24b7f0b600225fa0e06ced7f415d615d9d6b75e417b77457d78d34a4377a551",
                "Characteristic_Type_Key": "ecb89f1afe95004289b176856961cdce23b07b86a38a93a733885fbbafbf0d7e",
                "Characteristic_Value": "LB"
              },
              {
                "Shipment_Characteristic_Key": "c7bc0f006f9500b3b2f383a99b988926a631141b7dfdc9a7e37ae25b72874231",
                "Characteristic_Type_Key": "518c995d600d351b2a2864575edd35488e3820584428277f4ba4fc4756bd900b",
                "Characteristic_Value": ""
              },
              {
                "Shipment_Characteristic_Key": "46ed8c735026441d7fdcca4effd09044aa5f862e96e108d78cf71b947bdd5ded",
                "Characteristic_Type_Key": "d76e7dee4681929fd5c63d8144505244f3b94bbb571cd16d1e5d730fff5d5461",
                "Characteristic_Value": "LB"
              },
              {
                "Shipment_Characteristic_Key": "def47146b2ba4ae82f962737853d3dc32dbf3dabba92641653029c5d2036a56d",
                "Characteristic_Type_Key": "b04eb24fd99786dc3332441f8f3fbc7615dfd949aca0ba31b9b4738a97a2ea55",
                "Characteristic_Value": ""
              },
              {
                "Shipment_Characteristic_Key": "b93174fbae40313e5dd9b9b689153c5d2b0484457afdc1a4770adbbfa821a3f4",
                "Characteristic_Type_Key": "0c52146a527006d8224c17bbdf99dfd6ec913a321b43b4e120a4dd4082ee6832",
                "Characteristic_Value": "MPH"
              },
              {
                "Shipment_Characteristic_Key": "3c8deb3f0d07a05331335374452f2422f209cf133423d5ecbc42873360192b4c",
                "Characteristic_Type_Key": "3a9f322f4b24e387b16a0db7c8179ac56abf845da2c5df28c71e078cd590a44a",
                "Characteristic_Value": "MONINTTER"
              },
              {
                "Shipment_Characteristic_Key": "43c2e12d8a2acbddcd08e19f3d233df9b6266e27a36e3861747d3f6c60cf8ac4",
                "Characteristic_Type_Key": "6cf821f97510787756fc799271c87b0bfb5ac9c1f5bd8803f91de2102ef70820",
                "Characteristic_Value": "NB"
              },
              {
                "Shipment_Characteristic_Key": "9dec37aa7b5605b1a18b09cdbddf17c60e59f38133674e9a85d2cd8fd43c3946",
                "Characteristic_Type_Key": "0d8abf4e7a7525edd9b382a2bd46b4524c99b9ce611f3bb80343e0334954b7b8",
                "Characteristic_Value": "014521"
              },
              {
                "Shipment_Characteristic_Key": "9a76fada96d22a23067a5e25e5a525e0c1e55c530e4bd066a4ecb10d1d220fd6",
                "Characteristic_Type_Key": "3067bd6ca983d5bd1052c371c89ac8a7719c50739041c48e83d10c7f24813c51",
                "Characteristic_Value": "CN"
              },
              {
                "Shipment_Characteristic_Key": "6ce99d3057b283f53620ae1cf30b311e6cea7a81c8351e971b3ddbd82f906f5f",
                "Characteristic_Type_Key": "f2a44d3c1e8b393dab8f2381b59624c379071b7b4f63fcc2c1310953ff20c266",
                "Characteristic_Value": ""
              },
              {
                "Shipment_Characteristic_Key": "d0c44e498bc817846f0c607116c8befc9a880aae780b3886d24cdb3e62aec133",
                "Characteristic_Type_Key": "eceb85fd151b35ee1ec97e4d0f4b2c182bfbe67b3b6370074fa9fc63b1933de4",
                "Characteristic_Value": ""
              },
              {
                "Shipment_Characteristic_Key": "5625e47a1bb189142ed697268310033fd13d7e364b1a75f9c7a4552194ba1985",
                "Characteristic_Type_Key": "aeaab68eaf6770726a5de53313287d9289bbbedbab04881d73aa38682560e093",
                "Characteristic_Value": ""
              },
              {
                "Shipment_Characteristic_Key": "4a9e4377a256da12769694295a5f7d065c9dd50b34f4a8d0e600a859ffe535cf",
                "Characteristic_Type_Key": "2e8d62cc8b16618307f26b1e5dffb014467346002acacd47b003f9a913a0a9c5",
                "Characteristic_Value": "M"
              },
              {
                "Shipment_Characteristic_Key": "313df234fa99b399ce39d6d3045233e53478ed404ae274bf2e707454ac26876b",
                "Characteristic_Type_Key": "3a13f7317ba97521a50bf0b981f3f18293cfb27f0505649d65e1fdd03c4a9921",
                "Characteristic_Value": ""
              },
              {
                "Shipment_Characteristic_Key": "b33b6edf86cf84d60994acfc000d5b425bac814cf3e206d8def1ab7ad79b9666",
                "Characteristic_Type_Key": "e3bba6662ed808dbd8ebd0df5951857a27c438649d93584d2d2f5e868756c37c",
                "Characteristic_Value": ""
              },
              {
                "Shipment_Characteristic_Key": "a9cc44c737b3c5d4dbc9cf1dc73d1e30b50f8eb0d8ac235c01d6f235269f14b6",
                "Characteristic_Type_Key": "7f734da09a12c7f0d84871eb9ff793ee0e607936984431206a462214958708d1",
                "Characteristic_Value": ""
              },
              {
                "Shipment_Characteristic_Key": "6f94f96de54ff681325d27c3bb43255f92a479c5d962e3203de81503643cf475",
                "Characteristic_Type_Key": "eaaff6deb92dc7066b8e197484e1f4158ec4a297b126705078d348db52ded9e3",
                "Characteristic_Value": ""
              },
              {
                "Shipment_Characteristic_Key": "a73878237e3731eac00b48e5e1397b28ced4c9ea6c0d765b85d7516445146bc8",
                "Characteristic_Type_Key": "47315209be802f75a9e4e3f07baf68f4c82f572b32d5dcea9eda9fbc91a92f32",
                "Characteristic_Value": "2021-01-10 01:28:08.000"
              },
              {
                "Shipment_Characteristic_Key": "66a63ad1fb474a544cf43772a58a6838e5da1e142fd20a446fca0ab84d19fcf8",
                "Characteristic_Type_Key": "c71da5da8016df36dccaec39c1b3f07c3741d500ce2a95a780ee8ac05bb00fb7",
                "Characteristic_Value": "0"
              },
              {
                "Shipment_Characteristic_Key": "e706fe1e816a897507112522e3ed118bbc09a5f21331f57c60441d6cea44e646",
                "Characteristic_Type_Key": "d64c074c7a8c09552e0aaa06b4da22d7731c4a6012a69de9b4fa5b5e49d6ae3c",
                "Characteristic_Value": "LB"
              },
              {
                "Shipment_Characteristic_Key": "896102abcc64c6a3b43953b22b20f3a14e07bfa2dfd1c4c7f81baafad958a63c",
                "Characteristic_Type_Key": "bda1d6bb76976f3bc414ea485ef1a8925d1d8080cb56710e35856b23898fec84",
                "Characteristic_Value": "000000"
              },
              {
                "Shipment_Characteristic_Key": "accc7f28933fcb53aff39da4aeeafa5a02d56deeccca588ac1bfc213e4c9eb99",
                "Characteristic_Type_Key": "cd2c14709b744409e125373be38a091670a1aeb6e802d208aa4d3ff6c889cf62",
                "Characteristic_Value": "LB"
              },
              {
                "Shipment_Characteristic_Key": "6164d096ddff1b34443988e3c8b1dfc3d13e85467f202606bd729fc7bda19fc6",
                "Characteristic_Type_Key": "ee96300dc0403b9caab4ede5726b4c067c6bfd865aa7d9c7bfb805703062ee1c",
                "Characteristic_Value": "000000"
              },
              {
                "Shipment_Characteristic_Key": "362215ee0a84de23fb58021de867f2decd0a5905ef6b70eac624ab0e5c0661ff",
                "Characteristic_Type_Key": "2d23029861c7314974b03a56620dfa923eddd5bf138a4092f773c5db339d5175",
                "Characteristic_Value": "LB"
              },
              {
                "Shipment_Characteristic_Key": "be6b576dee90133104d73bfa5a0c5467f29f6f0e255b96484507246998e02e9c",
                "Characteristic_Type_Key": "ce2511b40491ec1d5b0bfb91f923a0c0682c9b2170c50d5083a95b21f8dbea02",
                "Characteristic_Value": " "
              },
              {
                "Shipment_Characteristic_Key": "2817380f650608191ed02b863da13c4f055f2e2bbb8d2f2d5ab261904fb24490",
                "Characteristic_Type_Key": "25b082700c6a14ede8d367eae096d4e3a0e0cbd4a9dfeee652645958834a912c",
                "Characteristic_Value": "E"
              },
              {
                "Shipment_Characteristic_Key": "0d7b35fc1f4de171cbfc49684ea408fcbb10f75fe4d02c7e77e36c2e0bdcfe7f",
                "Characteristic_Type_Key": "6a4311fe557c6c3b8f4bd1eb7c680ec845d557a1b0eb77fe9a8e5716ed0829e2",
                "Characteristic_Value": ""
              },
              {
                "Shipment_Characteristic_Key": "e5dbf6f9293291709c76a8eb8a9a20de5d33eb786b1da2dbed8d86f2c71d0495",
                "Characteristic_Type_Key": "795f267fa73d6f15f392bb68a13aa428ed521efd62c39a58d7e703fb06ae4af5",
                "Characteristic_Value": ""
              },
              {
                "Shipment_Characteristic_Key": "7337dfb6edd2c0aa1b48fd6052105fecd40dc85e871fb8a81113db68832e6afa",
                "Characteristic_Type_Key": "6bf172459aaede146dc20d54c082f14ba190ac439f7262632863181f498316c9",
                "Characteristic_Value": " "
              },
              {
                "Shipment_Characteristic_Key": "73644d81cd9579b707140a39b85e30332836660a9f81aab38a3b8de0b7dd96dc",
                "Characteristic_Type_Key": "f3fef2a5ac0433e51523fb2902015d19093325ef4b3a5e1a35919fe0cf341899",
                "Characteristic_Value": ""
              },
              {
                "Shipment_Characteristic_Key": "df628d2b1d0a7acf93bb06f78940dae62ef62706470633fbfe3994dca38984f9",
                "Characteristic_Type_Key": "e0a28b0e542009e081cd942ae2e075ac8b2e01116e686f7aed688b4e0de72ceb",
                "Characteristic_Value": ""
              },
              {
                "Shipment_Characteristic_Key": "301c05b91f334a16c9359e4b4448272339391b5d60e35856a4b657b085c191a8",
                "Characteristic_Type_Key": "a4c363585e9a7b6db4338fcf297685592477f1ada78847032596d8b4a7618662",
                "Characteristic_Value": ""
              },
              {
                "Shipment_Characteristic_Key": "1b893f3d3e863c68a86f87284c1f3cf75c048af0d4b0a4927335bdb4f9407280",
                "Characteristic_Type_Key": "219f1aa8e521df40653846add3c0a43fa9bac125e5d4c39cd5faf10b1f5d7cd0",
                "Characteristic_Value": ""
              },
              {
                "Shipment_Characteristic_Key": "69964bd163031b70da86426b988c97806476a48037ebedab29ce31ff88068a78",
                "Characteristic_Type_Key": "a5cfce8a5682d0bfe2040231664b2c51763615cbcc3434042fa39d33cee3a8d5",
                "Characteristic_Value": "BRAINTTER"
              },
              {
                "Shipment_Characteristic_Key": "bcb0d04251734cd4669975b7b15a73c7801370d51d10bf244af61b788d6bfcf2",
                "Characteristic_Type_Key": "d360fa092eb8c9bed4670403ccd38003d9f6099c2b84364016e673dfed24f799",
                "Characteristic_Value": "ON"
              },
              {
                "Shipment_Characteristic_Key": "202e1362a2c61c803afd61e1a2934dd87ed666cb73732641cc30427e7597ca9e",
                "Characteristic_Type_Key": "418b49a8156170759c643aec85b4227271b81e33b2a4d2125d92231b2906bc90",
                "Characteristic_Value": ""
              },
              {
                "Shipment_Characteristic_Key": "157a9a297700d8b6bbc3fca431e3364c685be3d1ebbc3d132a1a0ba1a290f396",
                "Characteristic_Type_Key": "d26dffdd39e95e5e82295e1b147a9a0d8ca065efe5366561a71b16be93d0da47",
                "Characteristic_Value": ""
              },
              {
                "Shipment_Characteristic_Key": "e1e26d07b60f8d267b70b095f20256147065760b0259dc7a998b0a09d123bad8",
                "Characteristic_Type_Key": "ef23067e7c17c130867280b9273daf68b8cd22b35ac716bff11498d6d8d1084c",
                "Characteristic_Value": "MONINTTER"
              },
              {
                "Shipment_Characteristic_Key": "286b0d3965fc18b7ed876c186a8e0543e7e2919d9827d9c53e56091b855684e8",
                "Characteristic_Type_Key": "37936728369fe8d9fe316801487ab5af8d25efef8494aa532860cdab3a12358e",
                "Characteristic_Value": "NB"
              },
              {
                "Shipment_Characteristic_Key": "8b507f9cba772099ac3ff5b70c74e3cad4f368f6f69daa018d46ad38bd83fa1b",
                "Characteristic_Type_Key": "04f5ad7f558c7ab45d77740dce23083158790a1ec16b18e494c0bb73dce38fe2",
                "Characteristic_Value": ""
              },
              {
                "Shipment_Characteristic_Key": "a87d6277c9cabc2f4e0bbbac9becc2f5a3d24dbdad9e664f85e96c22c707dac6",
                "Characteristic_Type_Key": "65a6ad67c240693169a75503981c2fbb3814ddebbab933926e63ced35a264034",
                "Characteristic_Value": ""
              },
              {
                "Shipment_Characteristic_Key": "6ca18fcc6259fe16787d4691042ade22aec8ea75572c019b10feedda23783ec0",
                "Characteristic_Type_Key": "0f1595614e90888423fb6deb98d0e2e1beb6c802171a99f300c7d18c25cc4724",
                "Characteristic_Value": ""
              },
              {
                "Shipment_Characteristic_Key": "85bd6b15c07de11ebfefae5e1a265e141f309270e1d685a0c4cad51738a15766",
                "Characteristic_Type_Key": "897396de662fb7e14d0996db576e4a27eda9cb72f6db19414204cda5ab9bf3bd",
                "Characteristic_Value": ""
              },
              {
                "Shipment_Characteristic_Key": "bc0c5d1f17f5f599bfbe4208f1fb05be0b121bdc4197efbe35522d2216ad51b3",
                "Characteristic_Type_Key": "3ce2d02968abe43c4b29442f5a336f6ed2bc47c810c10a3a2be555ea4711753c",
                "Characteristic_Value": "XT24401"
              },
              {
                "Shipment_Characteristic_Key": "b159bce8985898935200991c3ad60e6dc2b0765b3093f12586b1d76f142fa231",
                "Characteristic_Type_Key": "9ca433605d637909ec58c86c027a217addc2a3552265f1ea1708079193f78787",
                "Characteristic_Value": "LUXMI MENON"
              },
              {
                "Shipment_Characteristic_Key": "4052aed4c5d1242c920ac2d7cbf9182fb21397959921d3471087b3985c0f6738",
                "Characteristic_Type_Key": "04053e4635f90bd53269d4dd6789ec7cc3f3d7cfdc2c200a3a7611b66623c9c2",
                "Characteristic_Value": ""
              },
              {
                "Shipment_Characteristic_Key": "2c38042c0aad11c4b2a432cc122d58d7b3ae7dc9cd14e88443b69c1daa8bcc73",
                "Characteristic_Type_Key": "c57d0d67f26f0d7450d1962621fa4f9748b11258159649ab23de0e5c4d1f860a",
                "Characteristic_Value": ""
              },
              {
                "Shipment_Characteristic_Key": "92e1679d220455cbb05f71cad702a381ed847ec10a11e4a6ba84791f2687c95b",
                "Characteristic_Type_Key": "020f7b3e6f961923516edb7e3ddb60ec5f54d90c5e8ab57783d614a769f509c8",
                "Characteristic_Value": ""
              },
              {
                "Shipment_Characteristic_Key": "2fdfad954324b0d2016843cac0c117990e0870ea7587ec0b87e3357e37a4c575",
                "Characteristic_Type_Key": "42134f2f215aaf46254123464901b5a6ef83b7e2c42ddae0da261ea6a8f8fb74",
                "Characteristic_Value": ""
              },
              {
                "Shipment_Characteristic_Key": "f9f80711cee28d41f778140753a4f680e7fd228611ec58035f57b00064fb7ab6",
                "Characteristic_Type_Key": "9c9f814bff164f842d6fb8c112b2a0e1893643d5248750cbfac5b8acf888fd62",
                "Characteristic_Value": "CN"
              },
              {
                "Shipment_Characteristic_Key": "8f15e78505624e05c978284d82bf2a5b5a965faf3e032e8352cf077ef6062848",
                "Characteristic_Type_Key": "71359ccff20c8477c4dbc9439be4e42498720fb0e77863d5720fda35830ddae5",
                "Characteristic_Value": ""
              },
              {
                "Shipment_Characteristic_Key": "b1aa0a44c4717d5ff27376e4ff8a2f538f1c5815b84ce27663d808a5103058d0",
                "Characteristic_Type_Key": "7a44cf8df41f668d91f7ac8268f3a974f3f7e0723cf2602351294a47a44209e7",
                "Characteristic_Value": ""
              }
            ],
            "Domain_Event_Key": "8ca532b0872dde04ec9b99ef7041f79a920f5801ea61c693a4812a420ceee444",
            "Correlation_Id": "61530fa6-ffc3-4a18-82ab-02768e991cd9",
            "Client_Identification": "XT24401",
            "System_Key": "e842426b7c8978fa9fb29dcf3f073f3c232f6cc1d62972e3d7dfe753cc314915",
            "Proc_Ts": "2021-01-16 03:39:02.469",
            "Proc_Ts_Tz_Dst_Cd": "100",
            "Event_Ts": "2021-01-10 01:28:08.000",
            "Event_Ts_Tz_Dst_Cd": "106"
          }
        },
        {
          "DomainEventHeader": {
            "SOR_INGT_CRT_TS": "2021-01-16 03:39:02.469",
            "SOR_TPIC_NM": "tc_id_37.ihl_dev_rm.reg.tm.raw.srs.wayBill.v3",
            "DE_META": ""
          },
          "ShipmentDescribed": {
            "Domain_Event_Type_Key": "e3b61a2ebf5b23ed3fd8ff58d88a71874f646ec36a6e49d48b10b0c9e3100d05",
            "Primary_Object_Key": "c872b477bb561217cbaf2f825d17a41dd62faf8cbac91288bd229761c19ab3d7",
            "Shipment_Key": "c872b477bb561217cbaf2f825d17a41dd62faf8cbac91288bd229761c19ab3d7",
            "ShipmentCharacteristics": [
              {
                "Shipment_Characteristic_Key": "c94da41f0bee885f1f4f33ce3c4b415c41868c0bc6ec99bcb5c6ce684e7810c6",
                "Characteristic_Type_Key": "31479967411e5e49ab3f8a29ec27b0374a2422ea101e2e872a6a4cddb36b4296",
                "Characteristic_Value": "DTTX759646"
              },
              {
                "Shipment_Characteristic_Key": "52daec512d80dd8c9444f5097060327243c1f56e9b4cc2eac8eca91a7044e533",
                "Characteristic_Type_Key": "8e84c3aded0761bb1ad23fdf33a9a5034d66956295218dc0b6def535530ac3f0",
                "Characteristic_Value": "      "
              },
              {
                "Shipment_Characteristic_Key": "03a65a69d23c822de3f3b04a2d085bc503631bcbf42eff1b400ce23a03befd82",
                "Characteristic_Type_Key": "7e9d9ab8b9ac6fbbaf5604cc0c0d7c781fa8fdaaa2dccd99c99f9d9a12ef7265",
                "Characteristic_Value": "2019-05-24"
              },
              {
                "Shipment_Characteristic_Key": "0ecf1a90b2fa79315cd29ee93c4822a6e9b29c1b7b2b68215366afdde75938eb",
                "Characteristic_Type_Key": "d594ad4351f69edc0bee8f5b1a30b629f669f7357995c6af8f02274f086c6af8",
                "Characteristic_Value": "188500"
              },
              {
                "Shipment_Characteristic_Key": "c24b7f0b600225fa0e06ced7f415d615d9d6b75e417b77457d78d34a4377a551",
                "Characteristic_Type_Key": "ecb89f1afe95004289b176856961cdce23b07b86a38a93a733885fbbafbf0d7e",
                "Characteristic_Value": "LB"
              },
              {
                "Shipment_Characteristic_Key": "c7bc0f006f9500b3b2f383a99b988926a631141b7dfdc9a7e37ae25b72874231",
                "Characteristic_Type_Key": "518c995d600d351b2a2864575edd35488e3820584428277f4ba4fc4756bd900b",
                "Characteristic_Value": ""
              },
              {
                "Shipment_Characteristic_Key": "46ed8c735026441d7fdcca4effd09044aa5f862e96e108d78cf71b947bdd5ded",
                "Characteristic_Type_Key": "d76e7dee4681929fd5c63d8144505244f3b94bbb571cd16d1e5d730fff5d5461",
                "Characteristic_Value": "LB"
              },
              {
                "Shipment_Characteristic_Key": "def47146b2ba4ae82f962737853d3dc32dbf3dabba92641653029c5d2036a56d",
                "Characteristic_Type_Key": "b04eb24fd99786dc3332441f8f3fbc7615dfd949aca0ba31b9b4738a97a2ea55",
                "Characteristic_Value": ""
              },
              {
                "Shipment_Characteristic_Key": "b93174fbae40313e5dd9b9b689153c5d2b0484457afdc1a4770adbbfa821a3f4",
                "Characteristic_Type_Key": "0c52146a527006d8224c17bbdf99dfd6ec913a321b43b4e120a4dd4082ee6832",
                "Characteristic_Value": "MPH"
              },
              {
                "Shipment_Characteristic_Key": "3c8deb3f0d07a05331335374452f2422f209cf133423d5ecbc42873360192b4c",
                "Characteristic_Type_Key": "3a9f322f4b24e387b16a0db7c8179ac56abf845da2c5df28c71e078cd590a44a",
                "Characteristic_Value": "MONINTTER"
              },
              {
                "Shipment_Characteristic_Key": "43c2e12d8a2acbddcd08e19f3d233df9b6266e27a36e3861747d3f6c60cf8ac4",
                "Characteristic_Type_Key": "6cf821f97510787756fc799271c87b0bfb5ac9c1f5bd8803f91de2102ef70820",
                "Characteristic_Value": "NB"
              },
              {
                "Shipment_Characteristic_Key": "9dec37aa7b5605b1a18b09cdbddf17c60e59f38133674e9a85d2cd8fd43c3946",
                "Characteristic_Type_Key": "0d8abf4e7a7525edd9b382a2bd46b4524c99b9ce611f3bb80343e0334954b7b8",
                "Characteristic_Value": "014521"
              },
              {
                "Shipment_Characteristic_Key": "9a76fada96d22a23067a5e25e5a525e0c1e55c530e4bd066a4ecb10d1d220fd6",
                "Characteristic_Type_Key": "3067bd6ca983d5bd1052c371c89ac8a7719c50739041c48e83d10c7f24813c51",
                "Characteristic_Value": "CN"
              },
              {
                "Shipment_Characteristic_Key": "6ce99d3057b283f53620ae1cf30b311e6cea7a81c8351e971b3ddbd82f906f5f",
                "Characteristic_Type_Key": "f2a44d3c1e8b393dab8f2381b59624c379071b7b4f63fcc2c1310953ff20c266",
                "Characteristic_Value": ""
              },
              {
                "Shipment_Characteristic_Key": "d0c44e498bc817846f0c607116c8befc9a880aae780b3886d24cdb3e62aec133",
                "Characteristic_Type_Key": "eceb85fd151b35ee1ec97e4d0f4b2c182bfbe67b3b6370074fa9fc63b1933de4",
                "Characteristic_Value": ""
              },
              {
                "Shipment_Characteristic_Key": "5625e47a1bb189142ed697268310033fd13d7e364b1a75f9c7a4552194ba1985",
                "Characteristic_Type_Key": "aeaab68eaf6770726a5de53313287d9289bbbedbab04881d73aa38682560e093",
                "Characteristic_Value": ""
              },
              {
                "Shipment_Characteristic_Key": "4a9e4377a256da12769694295a5f7d065c9dd50b34f4a8d0e600a859ffe535cf",
                "Characteristic_Type_Key": "2e8d62cc8b16618307f26b1e5dffb014467346002acacd47b003f9a913a0a9c5",
                "Characteristic_Value": "M"
              },
              {
                "Shipment_Characteristic_Key": "313df234fa99b399ce39d6d3045233e53478ed404ae274bf2e707454ac26876b",
                "Characteristic_Type_Key": "3a13f7317ba97521a50bf0b981f3f18293cfb27f0505649d65e1fdd03c4a9921",
                "Characteristic_Value": ""
              },
              {
                "Shipment_Characteristic_Key": "b33b6edf86cf84d60994acfc000d5b425bac814cf3e206d8def1ab7ad79b9666",
                "Characteristic_Type_Key": "e3bba6662ed808dbd8ebd0df5951857a27c438649d93584d2d2f5e868756c37c",
                "Characteristic_Value": ""
              },
              {
                "Shipment_Characteristic_Key": "a9cc44c737b3c5d4dbc9cf1dc73d1e30b50f8eb0d8ac235c01d6f235269f14b6",
                "Characteristic_Type_Key": "7f734da09a12c7f0d84871eb9ff793ee0e607936984431206a462214958708d1",
                "Characteristic_Value": ""
              },
              {
                "Shipment_Characteristic_Key": "6f94f96de54ff681325d27c3bb43255f92a479c5d962e3203de81503643cf475",
                "Characteristic_Type_Key": "eaaff6deb92dc7066b8e197484e1f4158ec4a297b126705078d348db52ded9e3",
                "Characteristic_Value": ""
              },
              {
                "Shipment_Characteristic_Key": "a73878237e3731eac00b48e5e1397b28ced4c9ea6c0d765b85d7516445146bc8",
                "Characteristic_Type_Key": "47315209be802f75a9e4e3f07baf68f4c82f572b32d5dcea9eda9fbc91a92f32",
                "Characteristic_Value": "2021-01-10 01:28:08.000"
              },
              {
                "Shipment_Characteristic_Key": "66a63ad1fb474a544cf43772a58a6838e5da1e142fd20a446fca0ab84d19fcf8",
                "Characteristic_Type_Key": "c71da5da8016df36dccaec39c1b3f07c3741d500ce2a95a780ee8ac05bb00fb7",
                "Characteristic_Value": "0"
              },
              {
                "Shipment_Characteristic_Key": "e706fe1e816a897507112522e3ed118bbc09a5f21331f57c60441d6cea44e646",
                "Characteristic_Type_Key": "d64c074c7a8c09552e0aaa06b4da22d7731c4a6012a69de9b4fa5b5e49d6ae3c",
                "Characteristic_Value": "LB"
              },
              {
                "Shipment_Characteristic_Key": "896102abcc64c6a3b43953b22b20f3a14e07bfa2dfd1c4c7f81baafad958a63c",
                "Characteristic_Type_Key": "bda1d6bb76976f3bc414ea485ef1a8925d1d8080cb56710e35856b23898fec84",
                "Characteristic_Value": "000000"
              },
              {
                "Shipment_Characteristic_Key": "accc7f28933fcb53aff39da4aeeafa5a02d56deeccca588ac1bfc213e4c9eb99",
                "Characteristic_Type_Key": "cd2c14709b744409e125373be38a091670a1aeb6e802d208aa4d3ff6c889cf62",
                "Characteristic_Value": "LB"
              },
              {
                "Shipment_Characteristic_Key": "6164d096ddff1b34443988e3c8b1dfc3d13e85467f202606bd729fc7bda19fc6",
                "Characteristic_Type_Key": "ee96300dc0403b9caab4ede5726b4c067c6bfd865aa7d9c7bfb805703062ee1c",
                "Characteristic_Value": "000000"
              },
              {
                "Shipment_Characteristic_Key": "362215ee0a84de23fb58021de867f2decd0a5905ef6b70eac624ab0e5c0661ff",
                "Characteristic_Type_Key": "2d23029861c7314974b03a56620dfa923eddd5bf138a4092f773c5db339d5175",
                "Characteristic_Value": "LB"
              },
              {
                "Shipment_Characteristic_Key": "be6b576dee90133104d73bfa5a0c5467f29f6f0e255b96484507246998e02e9c",
                "Characteristic_Type_Key": "ce2511b40491ec1d5b0bfb91f923a0c0682c9b2170c50d5083a95b21f8dbea02",
                "Characteristic_Value": " "
              },
              {
                "Shipment_Characteristic_Key": "2817380f650608191ed02b863da13c4f055f2e2bbb8d2f2d5ab261904fb24490",
                "Characteristic_Type_Key": "25b082700c6a14ede8d367eae096d4e3a0e0cbd4a9dfeee652645958834a912c",
                "Characteristic_Value": "E"
              },
              {
                "Shipment_Characteristic_Key": "0d7b35fc1f4de171cbfc49684ea408fcbb10f75fe4d02c7e77e36c2e0bdcfe7f",
                "Characteristic_Type_Key": "6a4311fe557c6c3b8f4bd1eb7c680ec845d557a1b0eb77fe9a8e5716ed0829e2",
                "Characteristic_Value": ""
              },
              {
                "Shipment_Characteristic_Key": "e5dbf6f9293291709c76a8eb8a9a20de5d33eb786b1da2dbed8d86f2c71d0495",
                "Characteristic_Type_Key": "795f267fa73d6f15f392bb68a13aa428ed521efd62c39a58d7e703fb06ae4af5",
                "Characteristic_Value": ""
              },
              {
                "Shipment_Characteristic_Key": "7337dfb6edd2c0aa1b48fd6052105fecd40dc85e871fb8a81113db68832e6afa",
                "Characteristic_Type_Key": "6bf172459aaede146dc20d54c082f14ba190ac439f7262632863181f498316c9",
                "Characteristic_Value": " "
              },
              {
                "Shipment_Characteristic_Key": "73644d81cd9579b707140a39b85e30332836660a9f81aab38a3b8de0b7dd96dc",
                "Characteristic_Type_Key": "f3fef2a5ac0433e51523fb2902015d19093325ef4b3a5e1a35919fe0cf341899",
                "Characteristic_Value": ""
              },
              {
                "Shipment_Characteristic_Key": "df628d2b1d0a7acf93bb06f78940dae62ef62706470633fbfe3994dca38984f9",
                "Characteristic_Type_Key": "e0a28b0e542009e081cd942ae2e075ac8b2e01116e686f7aed688b4e0de72ceb",
                "Characteristic_Value": ""
              },
              {
                "Shipment_Characteristic_Key": "301c05b91f334a16c9359e4b4448272339391b5d60e35856a4b657b085c191a8",
                "Characteristic_Type_Key": "a4c363585e9a7b6db4338fcf297685592477f1ada78847032596d8b4a7618662",
                "Characteristic_Value": ""
              },
              {
                "Shipment_Characteristic_Key": "1b893f3d3e863c68a86f87284c1f3cf75c048af0d4b0a4927335bdb4f9407280",
                "Characteristic_Type_Key": "219f1aa8e521df40653846add3c0a43fa9bac125e5d4c39cd5faf10b1f5d7cd0",
                "Characteristic_Value": ""
              },
              {
                "Shipment_Characteristic_Key": "69964bd163031b70da86426b988c97806476a48037ebedab29ce31ff88068a78",
                "Characteristic_Type_Key": "a5cfce8a5682d0bfe2040231664b2c51763615cbcc3434042fa39d33cee3a8d5",
                "Characteristic_Value": "BRAINTTER"
              },
              {
                "Shipment_Characteristic_Key": "bcb0d04251734cd4669975b7b15a73c7801370d51d10bf244af61b788d6bfcf2",
                "Characteristic_Type_Key": "d360fa092eb8c9bed4670403ccd38003d9f6099c2b84364016e673dfed24f799",
                "Characteristic_Value": "ON"
              },
              {
                "Shipment_Characteristic_Key": "202e1362a2c61c803afd61e1a2934dd87ed666cb73732641cc30427e7597ca9e",
                "Characteristic_Type_Key": "418b49a8156170759c643aec85b4227271b81e33b2a4d2125d92231b2906bc90",
                "Characteristic_Value": ""
              },
              {
                "Shipment_Characteristic_Key": "157a9a297700d8b6bbc3fca431e3364c685be3d1ebbc3d132a1a0ba1a290f396",
                "Characteristic_Type_Key": "d26dffdd39e95e5e82295e1b147a9a0d8ca065efe5366561a71b16be93d0da47",
                "Characteristic_Value": ""
              },
              {
                "Shipment_Characteristic_Key": "e1e26d07b60f8d267b70b095f20256147065760b0259dc7a998b0a09d123bad8",
                "Characteristic_Type_Key": "ef23067e7c17c130867280b9273daf68b8cd22b35ac716bff11498d6d8d1084c",
                "Characteristic_Value": "MONINTTER"
              },
              {
                "Shipment_Characteristic_Key": "286b0d3965fc18b7ed876c186a8e0543e7e2919d9827d9c53e56091b855684e8",
                "Characteristic_Type_Key": "37936728369fe8d9fe316801487ab5af8d25efef8494aa532860cdab3a12358e",
                "Characteristic_Value": "NB"
              },
              {
                "Shipment_Characteristic_Key": "8b507f9cba772099ac3ff5b70c74e3cad4f368f6f69daa018d46ad38bd83fa1b",
                "Characteristic_Type_Key": "04f5ad7f558c7ab45d77740dce23083158790a1ec16b18e494c0bb73dce38fe2",
                "Characteristic_Value": ""
              },
              {
                "Shipment_Characteristic_Key": "a87d6277c9cabc2f4e0bbbac9becc2f5a3d24dbdad9e664f85e96c22c707dac6",
                "Characteristic_Type_Key": "65a6ad67c240693169a75503981c2fbb3814ddebbab933926e63ced35a264034",
                "Characteristic_Value": ""
              },
              {
                "Shipment_Characteristic_Key": "6ca18fcc6259fe16787d4691042ade22aec8ea75572c019b10feedda23783ec0",
                "Characteristic_Type_Key": "0f1595614e90888423fb6deb98d0e2e1beb6c802171a99f300c7d18c25cc4724",
                "Characteristic_Value": ""
              },
              {
                "Shipment_Characteristic_Key": "85bd6b15c07de11ebfefae5e1a265e141f309270e1d685a0c4cad51738a15766",
                "Characteristic_Type_Key": "897396de662fb7e14d0996db576e4a27eda9cb72f6db19414204cda5ab9bf3bd",
                "Characteristic_Value": ""
              },
              {
                "Shipment_Characteristic_Key": "bc0c5d1f17f5f599bfbe4208f1fb05be0b121bdc4197efbe35522d2216ad51b3",
                "Characteristic_Type_Key": "3ce2d02968abe43c4b29442f5a336f6ed2bc47c810c10a3a2be555ea4711753c",
                "Characteristic_Value": "XT24401"
              },
              {
                "Shipment_Characteristic_Key": "b159bce8985898935200991c3ad60e6dc2b0765b3093f12586b1d76f142fa231",
                "Characteristic_Type_Key": "9ca433605d637909ec58c86c027a217addc2a3552265f1ea1708079193f78787",
                "Characteristic_Value": "LUXMI MENON"
              },
              {
                "Shipment_Characteristic_Key": "4052aed4c5d1242c920ac2d7cbf9182fb21397959921d3471087b3985c0f6738",
                "Characteristic_Type_Key": "04053e4635f90bd53269d4dd6789ec7cc3f3d7cfdc2c200a3a7611b66623c9c2",
                "Characteristic_Value": ""
              },
              {
                "Shipment_Characteristic_Key": "2c38042c0aad11c4b2a432cc122d58d7b3ae7dc9cd14e88443b69c1daa8bcc73",
                "Characteristic_Type_Key": "c57d0d67f26f0d7450d1962621fa4f9748b11258159649ab23de0e5c4d1f860a",
                "Characteristic_Value": ""
              },
              {
                "Shipment_Characteristic_Key": "2fdfad954324b0d2016843cac0c117990e0870ea7587ec0b87e3357e37a4c575",
                "Characteristic_Type_Key": "42134f2f215aaf46254123464901b5a6ef83b7e2c42ddae0da261ea6a8f8fb74",
                "Characteristic_Value": ""
              },
              {
                "Shipment_Characteristic_Key": "f9f80711cee28d41f778140753a4f680e7fd228611ec58035f57b00064fb7ab6",
                "Characteristic_Type_Key": "9c9f814bff164f842d6fb8c112b2a0e1893643d5248750cbfac5b8acf888fd62",
                "Characteristic_Value": "CN"
              },
              {
                "Shipment_Characteristic_Key": "8f15e78505624e05c978284d82bf2a5b5a965faf3e032e8352cf077ef6062848",
                "Characteristic_Type_Key": "71359ccff20c8477c4dbc9439be4e42498720fb0e77863d5720fda35830ddae5",
                "Characteristic_Value": ""
              },
              {
                "Shipment_Characteristic_Key": "b1aa0a44c4717d5ff27376e4ff8a2f538f1c5815b84ce27663d808a5103058d0",
                "Characteristic_Type_Key": "7a44cf8df41f668d91f7ac8268f3a974f3f7e0723cf2602351294a47a44209e7",
                "Characteristic_Value": ""
              }
            ],
            "Domain_Event_Key": "8ca532b0872dde04ec9b99ef7041f79a920f5801ea61c693a4812a420ceee444",
            "Correlation_Id": "61530fa6-ffc3-4a18-82ab-02768e991cd9",
            "Client_Identification": "XT24401",
            "System_Key": "e842426b7c8978fa9fb29dcf3f073f3c232f6cc1d62972e3d7dfe753cc314915",
            "Proc_Ts": "2021-01-16 03:39:02.469",
            "Proc_Ts_Tz_Dst_Cd": "100",
            "Event_Ts": "2021-01-10 01:28:08.000",
            "Event_Ts_Tz_Dst_Cd": "106"
          }
        }
      ]
    },
    {
      "name": "tc_id_37.ihl_dev_rm.reg.tm.prepared.shipCondCrt.v1",
      "data": [
        {
          "DomainEventHeader": {
            "SOR_INGT_CRT_TS": "2021-01-16 03:39:02.469",
            "SOR_TPIC_NM": "tc_id_37.ihl_dev_rm.reg.tm.raw.srs.wayBill.v3",
            "DE_META": ""
          },
          "ShipmentConditionCreated": {
            "Domain_Event_Type_Key": "e3b61a2ebf5b23ed3fd8ff58d88a71874f646ec36a6e49d48b10b0c9e3100d05",
            "Shipment_Key": "c872b477bb561217cbaf2f825d17a41dd62faf8cbac91288bd229761c19ab3d7",
            "ShipmentCondition": [
              {
                "Condition_Characteristic_Key": "9bad3f17a42d4615f80abcb4c99f9c962226583ff844af60edecbc216d29e206",
                "Characteristic_Type_Key": "027bd7f21de877ddc385e9745bf448d6aa94700186d52cbe063107556492b255",
                "Characteristic_Value": ""
              },
              {
                "Condition_Characteristic_Key": "08d69038aafd8e6afa7d7372d1ceebff718d8bdcd051a8859e279d67b2783c58",
                "Characteristic_Type_Key": "1db3bf376984c20056913c1d5cc24224998ebc705d3896b8eece54ba2cb7f083",
                "Characteristic_Value": "A"
              },
              {
                "Condition_Characteristic_Key": "35e792ae066f4c92ad27b105bde104e12dacf4c20a5bd1a5b93d6524e9669ae0",
                "Characteristic_Type_Key": "b4bd284f52ca6bea93bfb8d8a2092071daf4fed309af9d7f71ff1bce611809bb",
                "Characteristic_Value": "DH"
              },
              {
                "Condition_Characteristic_Key": "cb5214d8b16a75db95bb4aeaf19a2db50106e4cb10b60e79f4ec88c39c96a2d2",
                "Characteristic_Type_Key": "f68a3f171997ce03b516f03d54b7c1888184b5bee8e1d13cd0125efcb94ffa74",
                "Characteristic_Value": "PM"
              },
              {
                "Condition_Characteristic_Key": "85c862ca07305099a5d68b5a32af0d87e142854d8f93531235fb51f4456a13f4",
                "Characteristic_Type_Key": "c988895bc02ce759c617d08c58d50bf302bcafbfcf5ba8caf9b22831649ac7a9",
                "Characteristic_Value": ""
              },
              {
                "Condition_Characteristic_Key": "03a4de0a6e8c11e8c7683a0bd8d6d9d9cb2bad80131dd16e957b77c8f72aadde",
                "Characteristic_Type_Key": "52958b101b7df654b6a489251eeff059d6968702bc4e563ddd1c6a88e9d319a4",
                "Characteristic_Value": ""
              },
              {
                "Condition_Characteristic_Key": "a42a7902d3ac809ea0802ea489689a60af1645ec325f4c47da5035df21ca04cc",
                "Characteristic_Type_Key": "6e74bea13f06d784da577b875f3499c9bcb4a5b20614d04e2dfe922b453c51b4",
                "Characteristic_Value": ""
              },
              {
                "Condition_Characteristic_Key": "e88ac7d6a68dfa67068d66e037f898e03e719fac3a2deac19ba07c67c2c275f9",
                "Characteristic_Type_Key": "6188fd92e6927f82abcc4815609bca0c33839501f84744b947833d28db102df3",
                "Characteristic_Value": ""
              },
              {
                "Condition_Characteristic_Key": "4ffb42869afb81a83baa58700e6d919779e169ee6ceb6b23eef1a515cdc78076",
                "Characteristic_Type_Key": "4ac5a9e912ceda7f45cac63081ddb9b9770c5a482264107cc1173a09dc541830",
                "Characteristic_Value": ""
              },
              {
                "Condition_Characteristic_Key": "fcc9a64cd7d1a0e09183462c839ac9f1c624b50b27b430df0cf9344f1084776a",
                "Characteristic_Type_Key": "cb277acbcdc8cea33a0459b3e9da2204f5a3c237977c5b5306e2c0cb851887ab",
                "Characteristic_Value": ""
              },
              {
                "Condition_Characteristic_Key": "b93a866995e18811936b3d0cc2072bb238c4171952212af7d754e9974255a6f4",
                "Characteristic_Type_Key": "13aaea12bac9a0914f350aa8ffa8ee0f8923f8112a5ea11e2690f68539d0a4de",
                "Characteristic_Value": ""
              }
            ],
            "Domain_Event_Key": "8ca532b0872dde04ec9b99ef7041f79a920f5801ea61c693a4812a420ceee444",
            "Correlation_Id": "61530fa6-ffc3-4a18-82ab-02768e991cd9",
            "Client_Identification": "XT24401",
            "System_Key": "e842426b7c8978fa9fb29dcf3f073f3c232f6cc1d62972e3d7dfe753cc314915",
            "Proc_Ts": "2021-01-16 03:39:02.469",
            "Proc_Ts_Tz_Dst_Cd": "100",
            "Event_Ts": "2021-01-10 01:28:08.000",
            "Event_Ts_Tz_Dst_Cd": "106"
          }
        },
        {
          "DomainEventHeader": {
            "SOR_INGT_CRT_TS": "2021-01-16 03:39:02.469",
            "SOR_TPIC_NM": "tc_id_37.ihl_dev_rm.reg.tm.raw.srs.wayBill.v3",
            "DE_META": ""
          },
          "ShipmentConditionCreated": {
            "Domain_Event_Type_Key": "e3b61a2ebf5b23ed3fd8ff58d88a71874f646ec36a6e49d48b10b0c9e3100d05",
            "Shipment_Key": "c872b477bb561217cbaf2f825d17a41dd62faf8cbac91288bd229761c19ab3d7",
            "ShipmentCondition": [
              {
                "Condition_Characteristic_Key": "9bad3f17a42d4615f80abcb4c99f9c962226583ff844af60edecbc216d29e206",
                "Characteristic_Type_Key": "027bd7f21de877ddc385e9745bf448d6aa94700186d52cbe063107556492b255",
                "Characteristic_Value": ""
              },
              {
                "Condition_Characteristic_Key": "08d69038aafd8e6afa7d7372d1ceebff718d8bdcd051a8859e279d67b2783c58",
                "Characteristic_Type_Key": "1db3bf376984c20056913c1d5cc24224998ebc705d3896b8eece54ba2cb7f083",
                "Characteristic_Value": "A"
              },
              {
                "Condition_Characteristic_Key": "35e792ae066f4c92ad27b105bde104e12dacf4c20a5bd1a5b93d6524e9669ae0",
                "Characteristic_Type_Key": "b4bd284f52ca6bea93bfb8d8a2092071daf4fed309af9d7f71ff1bce611809bb",
                "Characteristic_Value": "DH"
              },
              {
                "Condition_Characteristic_Key": "cb5214d8b16a75db95bb4aeaf19a2db50106e4cb10b60e79f4ec88c39c96a2d2",
                "Characteristic_Type_Key": "f68a3f171997ce03b516f03d54b7c1888184b5bee8e1d13cd0125efcb94ffa74",
                "Characteristic_Value": "PM"
              },
              {
                "Condition_Characteristic_Key": "85c862ca07305099a5d68b5a32af0d87e142854d8f93531235fb51f4456a13f4",
                "Characteristic_Type_Key": "c988895bc02ce759c617d08c58d50bf302bcafbfcf5ba8caf9b22831649ac7a9",
                "Characteristic_Value": ""
              },
              {
                "Condition_Characteristic_Key": "03a4de0a6e8c11e8c7683a0bd8d6d9d9cb2bad80131dd16e957b77c8f72aadde",
                "Characteristic_Type_Key": "52958b101b7df654b6a489251eeff059d6968702bc4e563ddd1c6a88e9d319a4",
                "Characteristic_Value": ""
              },
              {
                "Condition_Characteristic_Key": "a42a7902d3ac809ea0802ea489689a60af1645ec325f4c47da5035df21ca04cc",
                "Characteristic_Type_Key": "6e74bea13f06d784da577b875f3499c9bcb4a5b20614d04e2dfe922b453c51b4",
                "Characteristic_Value": ""
              },
              {
                "Condition_Characteristic_Key": "e88ac7d6a68dfa67068d66e037f898e03e719fac3a2deac19ba07c67c2c275f9",
                "Characteristic_Type_Key": "6188fd92e6927f82abcc4815609bca0c33839501f84744b947833d28db102df3",
                "Characteristic_Value": ""
              },
              {
                "Condition_Characteristic_Key": "4ffb42869afb81a83baa58700e6d919779e169ee6ceb6b23eef1a515cdc78076",
                "Characteristic_Type_Key": "4ac5a9e912ceda7f45cac63081ddb9b9770c5a482264107cc1173a09dc541830",
                "Characteristic_Value": ""
              },
              {
                "Condition_Characteristic_Key": "fcc9a64cd7d1a0e09183462c839ac9f1c624b50b27b430df0cf9344f1084776a",
                "Characteristic_Type_Key": "cb277acbcdc8cea33a0459b3e9da2204f5a3c237977c5b5306e2c0cb851887ab",
                "Characteristic_Value": ""
              },
              {
                "Condition_Characteristic_Key": "b93a866995e18811936b3d0cc2072bb238c4171952212af7d754e9974255a6f4",
                "Characteristic_Type_Key": "13aaea12bac9a0914f350aa8ffa8ee0f8923f8112a5ea11e2690f68539d0a4de",
                "Characteristic_Value": ""
              }
            ],
            "Domain_Event_Key": "8ca532b0872dde04ec9b99ef7041f79a920f5801ea61c693a4812a420ceee444",
            "Correlation_Id": "61530fa6-ffc3-4a18-82ab-02768e991cd9",
            "Client_Identification": "XT24401",
            "System_Key": "e842426b7c8978fa9fb29dcf3f073f3c232f6cc1d62972e3d7dfe753cc314915",
            "Proc_Ts": "2021-01-16 03:39:02.469",
            "Proc_Ts_Tz_Dst_Cd": "100",
            "Event_Ts": "2021-01-10 01:28:08.000",
            "Event_Ts_Tz_Dst_Cd": "106"
          }
        }
      ]
    },
    {
      "name": "tc_id_37.ihl_dev_rm.reg.tm.prepared.cnvyDsc.v1",
      "data": [
        {
          "DomainEventHeader": {
            "SOR_INGT_CRT_TS": "2021-01-16 03:39:02.469",
            "SOR_TPIC_NM": "tc_id_37.ihl_dev_rm.reg.tm.raw.srs.wayBill.v3",
            "DE_META": ""
          },
          "ConveyorDescribed": {
            "Domain_Event_Type_Key": "e3b61a2ebf5b23ed3fd8ff58d88a71874f646ec36a6e49d48b10b0c9e3100d05",
            "Conveyor_Key": "02b7be1c94915b333ba5c170df8e416dbd146494c66abd4e12b3f4c1764c54ce",
            "ConveyorCharacteristics": [
              {
                "Conveyor_Characteristic_Key": "62d991bf6e5e7728b6b2dd87a3a8bdce0cf952576dc2e58fc07489e149b75114",
                "Characteristic_Type_Key": "56626581d37de12f8023b29d137acca3549c41b44ccad37224276add5edc45f3",
                "Characteristic_Value": "P"
              },
              {
                "Conveyor_Characteristic_Key": "4f1bd52948dfcdb59bedb8e764dccebc42e231d6f2b9c11230391f248b840669",
                "Characteristic_Type_Key": "65e10aa30979ec6e773e9077d237f31f0cbf95f68d331c74bff84d3a2672ac3e",
                "Characteristic_Value": "N"
              },
              {
                "Conveyor_Characteristic_Key": "3f0189090fa7eb065ed12e35f9359deb267682c2fc5206215b05ce912ef0aa0b",
                "Characteristic_Type_Key": "6bf5e3e7a05ded0ea72ad57eb1108975154a2b86caa56287ffa56843ef0080db",
                "Characteristic_Value": "96.0"
              },
              {
                "Conveyor_Characteristic_Key": "96853985d887dc24ccf780b9e636c6206582e14eb60ee28e1e618143d85c4e08",
                "Characteristic_Type_Key": "833f18b3c9725e2cf31506243664eff543b45a581a856dde03715719f42c2d40",
                "Characteristic_Value": "IN"
              },
              {
                "Conveyor_Characteristic_Key": "8b6920859350169644bd92a0abc03e274c91944a866549871942f4afa6011cdb",
                "Characteristic_Type_Key": "dc23513cbf0d471a266e718926c895ed1a595d88fecdb50e9859c0f7ba2b9689",
                "Characteristic_Value": "3182.0"
              },
              {
                "Conveyor_Characteristic_Key": "022b87d3148ce1fd808b73b40fe66e88259e3b64a0f71cd6bf4bcb164e4167f2",
                "Characteristic_Type_Key": "2e4fc829cfb1341196e0929d07c5b8d35f13189f378d158a2db2d065420abf09",
                "Characteristic_Value": "IN"
              },
              {
                "Conveyor_Characteristic_Key": "f6a2ace544664a7ca9a88b9e760c32e29ad37bbbcea86c6b0754004f38fe80da",
                "Characteristic_Type_Key": "9a1cafb2e6ccbee3ffad0e90326ec509368ecd92536695dbcf1a633b29f00b81",
                "Characteristic_Value": ""
              },
              {
                "Conveyor_Characteristic_Key": "89229de7ffee80b1ff0e8de6cd9e40e16c313433dd0e4cabab06d43ebb55dcc3",
                "Characteristic_Type_Key": "0be49b023cbd868083ac0cee2a6cc5ddc618bf5be870901e5ae5a423a5b8b668",
                "Characteristic_Value": "FT"
              },
              {
                "Conveyor_Characteristic_Key": "dfedea2660dc24e3599d0ec46ac00eee3b9010a60f1eda5e28ffb5c1e111db5f",
                "Characteristic_Type_Key": "35027e17d1a5e6658f564a8ab453c13daccdc61de50b2d82ba2cf954ea607d3b",
                "Characteristic_Value": "110.0"
              },
              {
                "Conveyor_Characteristic_Key": "ed7fe51bf02ebffd4ec880b91d3b43dbd8562c791698e26229b691dc66c99e29",
                "Characteristic_Type_Key": "7ea1dde1cecbdb08f19882bbcd27f8580bc49b38c81344cdc3e6de83f93f4b70",
                "Characteristic_Value": "IN"
              },
              {
                "Conveyor_Characteristic_Key": "a1d2e643c40a3767bdb23e66cf41ea52411cd35b592f1b0dd79bd512e3787bfe",
                "Characteristic_Type_Key": "dfdd3aa142b76224ee103bf8ad2cbe50d4bdd1add774d8c3506bd64febbd0ae8",
                "Characteristic_Value": "QS5"
              },
              {
                "Conveyor_Characteristic_Key": "b3520f0cb66044c6247ad40848ef2aa6d8e562d6825ac02d96e448b80ca23359",
                "Characteristic_Type_Key": "cec6293fee578b4be058cbee8629c394891e36d5b6646732364d94f53c2fdb2c",
                "Characteristic_Value": "188500"
              },
              {
                "Conveyor_Characteristic_Key": "a76fd5cf7cf5d4630f87aa84670adfc4d62fbc84659c9a41663c093d94de81cd",
                "Characteristic_Type_Key": "ea8abe9e7042a853855da0ca219fd0dfac044645185cef335ba5289fcf446de3",
                "Characteristic_Value": "LB"
              },
              {
                "Conveyor_Characteristic_Key": "68730a67edc6bacd59027f2a2766eadaa54ef4c14068490bd6d73681caf76789",
                "Characteristic_Type_Key": "88e1c02ec20c72583b22209c290d71221b4a13ba15b98d0decd1fa382f0e5f24",
                "Characteristic_Value": "613000"
              },
              {
                "Conveyor_Characteristic_Key": "0e2085a77f89885b0a1963886169e49bbef17712c1a2d28e787b390a7376db0e",
                "Characteristic_Type_Key": "a3a0d2a760b030f680eb77cd7e7a1c2210b15fac3553f1ca6129f5f37714e9e0",
                "Characteristic_Value": "LB"
              },
              {
                "Conveyor_Characteristic_Key": "2e02e91c8a38ec3131b23f98e82703827a11521c607cbb962916b60f7ed0f756",
                "Characteristic_Type_Key": "1ae8fb5cbd28e5f623cd12570bd61b83423714560a3e96340ad4eb2b3ee34f5a",
                "Characteristic_Value": "DTTX759646"
              },
              {
                "Conveyor_Characteristic_Key": "1a78682a82d38cd979815e2299838c08698b92471356d571b3f1c7236e20f6bb",
                "Characteristic_Type_Key": "53223cc5252d3111a784717f660a45a277a813430ed44561fc46bd7028fc6836",
                "Characteristic_Value": "DTTX"
              },
              {
                "Conveyor_Characteristic_Key": "2f3f7dd75d372bfd9dece58b9b8eb9a67e73110b18e33b28fe52ea3b4b6d4bcb",
                "Characteristic_Type_Key": "4b784c8ef416376b15dcc4a491e6fefe7f994d1da63a1729d18e793799de3b86",
                "Characteristic_Value": "759646"
              },
              {
                "Conveyor_Characteristic_Key": "136a1682f6a0e2b0e3277d14d871a265bda3b58ceaefc617b4af1734ecf65026",
                "Characteristic_Type_Key": "1869eabfeea78c8a8a82cafcb95c9255652d59ce0e92950c8f827a29bf1702ea",
                "Characteristic_Value": "S162"
              }
            ],
            "Domain_Event_Key": "0485df378ab82bbc1cf61d7c7313e076b31bd0b96f92166d74ba6d76eb0f67d3",
            "Correlation_Id": "61530fa6-ffc3-4a18-82ab-02768e991cd9",
            "Client_Identification": "XT24401",
            "System_Key": "e842426b7c8978fa9fb29dcf3f073f3c232f6cc1d62972e3d7dfe753cc314915",
            "Proc_Ts": "2021-01-16 03:39:02.469",
            "Proc_Ts_Tz_Dst_Cd": "100",
            "Event_Ts": "2021-01-10 01:28:08.000",
            "Event_Ts_Tz_Dst_Cd": "106"
          }
        },
        {
          "DomainEventHeader": {
            "SOR_INGT_CRT_TS": "2021-01-16 03:39:02.469",
            "SOR_TPIC_NM": "tc_id_37.ihl_dev_rm.reg.tm.raw.srs.wayBill.v3",
            "DE_META": ""
          },
          "ConveyorDescribed": {
            "Domain_Event_Type_Key": "e3b61a2ebf5b23ed3fd8ff58d88a71874f646ec36a6e49d48b10b0c9e3100d05",
            "Conveyor_Key": "02b7be1c94915b333ba5c170df8e416dbd146494c66abd4e12b3f4c1764c54ce",
            "ConveyorCharacteristics": [
              {
                "Conveyor_Characteristic_Key": "62d991bf6e5e7728b6b2dd87a3a8bdce0cf952576dc2e58fc07489e149b75114",
                "Characteristic_Type_Key": "56626581d37de12f8023b29d137acca3549c41b44ccad37224276add5edc45f3",
                "Characteristic_Value": "P"
              },
              {
                "Conveyor_Characteristic_Key": "4f1bd52948dfcdb59bedb8e764dccebc42e231d6f2b9c11230391f248b840669",
                "Characteristic_Type_Key": "65e10aa30979ec6e773e9077d237f31f0cbf95f68d331c74bff84d3a2672ac3e",
                "Characteristic_Value": "N"
              }
            ],
            "Domain_Event_Key": "0485df378ab82bbc1cf61d7c7313e076b31bd0b96f92166d74ba6d76eb0f67d3",
            "Correlation_Id": "61530fa6-ffc3-4a18-82ab-02768e991cd9",
            "Client_Identification": "XT24401",
            "System_Key": "e842426b7c8978fa9fb29dcf3f073f3c232f6cc1d62972e3d7dfe753cc314915",
            "Proc_Ts": "2021-01-16 03:39:02.469",
            "Proc_Ts_Tz_Dst_Cd": "100",
            "Event_Ts": "2021-01-10 01:28:08.000",
            "Event_Ts_Tz_Dst_Cd": "106"
          }
        }
      ]
    },
    {
      "name": "tc_id_37.ihl_dev_rm.reg.tm.prepared.ShipAsct.v1",
      "data": []
    },
    {
      "name": "tc_id_37.ihl_dev_rm.reg.tm.prepared.rteErr.v1",
      "data": [
        {
          "SCHD_PROF": " ",
          "ATSF_ORIG_1610": "042368",
          "BUS_FCST_CD": "  ",
          "RFGR_POS": " ",
          "OVR_WGHT_FLG": " ",
          "RVS_RTE_PROF": " ",
          "CONTR_ID": "            ",
          "CAR_KND_CNVY": "    ",
          "NET_TONS": "  0",
          "VESSEL_PROF": " ",
          "LS_DEST_333": "         ",
          "DFO_STNUM": "042030",
          "OS_LGTH_FT": "265",
          "WB_TYPE_CD": " ",
          "SHPMT_UNIT_CNT": "   ",
          "CALC_LGTH_FT": "265",
          "ORD_LGTH_FT": 0,
          "ICD_CINV_FLG": " ",
          "CREATE_BOL_CD": " ",
          "SWTCH_LMT_ZN": "  ",
          "CHAS_INIT": "    ",
          "PPSI_RULE_CD": "   ",
          "RAMP_CD_DEST": " ",
          "CHK_NUMB": "          ",
          "REG_AUTH": "    ",
          "LD_LMT": "613000",
          "CONTR_QUOTE": "            ",
          "CUST_WGHT_CD": "  ",
          "WGHT_ALW1_KGS": 0,
          "AAR_CAR_KIND": "S162",
          "TSO_333": "BRAINTTER",
          "OS_LGTH_UNVL": "   ",
          "LS_ST": "  ",
          "CRNBR_CERT": "        ",
          "DRF_GEAR_CPLR": 0,
          "OS_LGTH_IN": "02",
          "CMDTY_DESC_LST": "      ",
          "RFGR_RUN": "    ",
          "ORD_HGHT_IN": 0,
          "CAR_KIND": "QS5 ",
          "SPD_RESTR_CD": "  ",
          "NET_SCALE_KGS": 0,
          "ICR_CINV_FLG": " ",
          "STOP_PROF": " ",
          "CAR_NUMB": "          ",
          "ADV_CHRG": 0.0,
          "PPSI_TEMP": "   ",
          "OP_CITY_333": "MONINTTER",
          "MVMT_AUTH_CD": "  ",
          "LOAD_EMPTY": "E",
          "SCO_FCO_ID": "      ",
          "WB_EDI_CD": "   ",
          "MVMT_PROF3": " ",
          "MVMT_PROF2": "Y",
          "GRN_PROF": " ",
          "ORD_LGTH_IN": 0,
          "CITY_CUST_PROF": "Y",
          "DRAY_SVC_CD": " ",
          "IMPT_EXPT_CD": "  ",
          "RFGR_SET": "    ",
          "DFO_333": "TORWAYCEN",
          "PLTFM_CD": " ",
          "IG_HAZ_DECL": " ",
          "SYS_BLK": "15000",
          "PPSI_COOL_FLG": " ",
          "PER_DIEM_RATE": 0.0,
          "EQP_NUMB_LEAD": "          ",
          "CSTM_PROF": " ",
          "ORIG_SYS_BLK": "     ",
          "STCC_NUMBER": "       ",
          "MECH_STAT_CD3": "  ",
          "MECH_STAT_CD2": "  ",
          "RAMP_CD_ORIG": " ",
          "TARIFF_SUPP": "    ",
          "BUS_UNIT_SUB": "  ",
          "MECH_STAT_CD1": "PM",
          "NET_SCALE_WGHT": "        ",
          "IBMSNAP_COMMITSEQ": "\u0000\ufffd\u001b/\ufffd\ufffd\f\ufffdz\u0000\u0000\u0000\u0000\u0000\u0000\u0001",
          "SHPR_PTRN_CD": "0000980000",
          "DVN_PROF": " ",
          "DEST_RAMP_333": "         ",
          "CARR_ABBR_ON": "    ",
          "TNSF_PROF": " ",
          "TRANS_BRDR_CD": "C",
          "TRN_BLK_ORIG": "     ",
          "PKG_TYP": "   ",
          "CIRC_SUPP": "    ",
          "PPSI_CD": "    ",
          "WB_VRSN": 1,
          "ORIG_TYPE_ATSF": " ",
          "LVL_SVC_CD": " ",
          "SSI_YARD_FLG": " ",
          "WGHT_ALW2": "000000",
          "WGHT_ALW1": "000000",
          "WGHT_AGRM_NUMB": "      ",
          "LS_WGHT_COFC": "        ",
          "ISIS_BOL_CNT": "   ",
          "PST": " ",
          "OS_HGTH_IN": "00",
          "TOFC_LBLTY_ITM": "  ",
          "CAR_KND_ABBR": "V",
          "CN_CAR_KIND": "FC5",
          "OP_ZTS": "P003  ",
          "PRG_FLG": "N",
          "CONTR_ISS_CARR": "    ",
          "CONTR_ERR_CD": " ",
          "SHPR_AGT_RTE": "A",
          "MULTI_PROF": " ",
          "ORIG_RAMP_333": "         ",
          "ORD_CU_CAP": "        ",
          "SECT_7_FLG": "N",
          "CUST_NET_WGHT": "        ",
          "FFRM_PROF": " ",
          "EMBRG_PRMT": "          ",
          "ORIG_STNUM": "042368",
          "OP_DEST_STNUM": "014521",
          "DEST_RAMP_1610": "      ",
          "RAIL_CNTL_CD": "N",
          "WB_10_DY": " ",
          "ORIG_333": "BRAINTTER",
          "IMDL_HDLG_CD2": " ",
          "WGT_UNIT_CODE": " ",
          "IMDL_HDLG_CD3": " ",
          "EQP_INIT_LEAD": "    ",
          "IMDL_HDLG_CD1": " ",
          "TOT_LADG_WGHT": "       0",
          "LS_WGHT_TOFC": "        ",
          "ICD_JT_SVC_CD": " ",
          "OP_CUST_633": "CNINTERMODAL",
          "GST": " ",
          "ORD_EQP_TYPE": "    ",
          "MVMT_LDMTY": "E",
          "ICR_JT_SVC_CD": " ",
          "RFGR_FUEL": "     ",
          "OS_WDTH_FT": "09",
          "OP_DEST_333": "         ",
          "CUST_633_SHPR": "AGENT       ",
          "MECH_CLASS": "     ",
          "ST_INTERST": "I",
          "WGHT_CD": "  ",
          "REF_PROF": " ",
          "STN_FSAC_OFF": "      ",
          "CMDTY_DES_ABBR": "      ",
          "PPD_CHRG": 0.0,
          "DEST_333": "MONINTTER",
          "BILL_RD_ORIG": "   ",
          "STN_FSAC_ON": "      ",
          "TARIFF_CARR": "    ",
          "WB_ERR_CD": " ",
          "SVC_EQP_CD": "  ",
          "SWTCH_CD": "  ",
          "UNIT_CHAR_PROF": "Y",
          "EQP_INIT": "DTTX",
          "BOGIE_CD": " ",
          "PLTFM_POS_CD": " ",
          "OP_ST": "NB",
          "OP_RAJP": "    ",
          "TARIFF_ITEM": "          ",
          "IBMSNAP_OPERATION": "U",
          "ISIS_DCMT_ID": "                    ",
          "WB_REC_TYPE": "M",
          "LRHC": "CN  ",
          "EQP_RMP_STAT": " ",
          "TARE_TYPE_CD": "U",
          "KINGPIN": "   ",
          "WB_NUMB": "      ",
          "ADVO_PROF": " ",
          "TOFC_COFC_CD": " ",
          "CSTM_SHELL_IND": " ",
          "ORD_WGHT": 0,
          "TSO_ST": "ON",
          "ORIG_ST": "ON",
          "SCALE_333": "         ",
          "IMDL_PLAN_CD": "  ",
          "WGHT_ALW_DESC2": "        ",
          "WGHT_ALW_DESC1": "        ",
          "PLTNT_CD": " ",
          "CHAS_NUMB": "          ",
          "SPL_COND_CD5": "  ",
          "AXLE_LGTH_IN": "   ",
          "SPL_COND_CD4": "  ",
          "SPL_COND_CD3": "  ",
          "SPD_BILL_NBR": "          ",
          "BOL_ISS_333": "         ",
          "SPL_COND_CD2": "PM",
          "CROSS_PROF": " ",
          "SPL_COND_CD1": "DH",
          "EMBRG_NUMB": "      ",
          "EMBRG_ISS_CARR": "   ^C ",
          "SHPR_PROF": " ",
          "WB_STAT_CD": "A",
          "RAJP2": "    ",
          "DEST_RLSE_TEL": "                    ",
          "BUS_UNIT_CD": "  ",
          "SPL_COND_CD7": "  ",
          "SPL_COND_CD6": "  ",
          "LOG_ACTION": "A",
          "CIRC_NUMB": "            ",
          "QUOTE_ALLOW": "            ",
          "LOG_TID": "XT24401 ",
          "DEST_STNUM": "014521",
          "EQUIP_REQ_CD": " ",
          "LS_DEST_ST": "  ",
          "ORIG_RAMP_1610": "      ",
          "POOL_NBR": "P8841",
          "EQP_TARE": "188500",
          "MVMT_PROF": "Y",
          "DEST_RAMP_ST": "  ",
          "RAJP": "    ",
          "TRNST_CD": "  ",
          "ACTV_SHIP_MDH": "052412",
          "LOG_COUNTER": 1,
          "LOG_USER_NME": "LUXMI MENON         ",
          "CUST_ALW_DESC": "        ",
          "PPSI_TEMP_CD": "  ",
          "OS_HGHT_FT": "08",
          "ORD_HGHT_FT": 0,
          "EQP_NBR_CHK_DG": "  ",
          "FRT_CHRG": 0.0,
          "WEATHER_CD": "  ",
          "WB_PRCS_CD": " ",
          "JT_SVC_CD": " ",
          "CIRC_ITEM": "            ",
          "WB_AUTO_RT_FLG": " ",
          "ARTCL_QTY": "     ",
          "IMDL_PROF": " ",
          "TRNST_PROF": " ",
          "WB_AXLE_CNT": "12",
          "GRS_SCALE_WGHT": "  188500",
          "POOL_MRKT_CD": " ",
          "TARIFF_AUTH": "          ",
          "RAIL_PVT_CD": "P",
          "SCALE_ST": "  ",
          "CUST_SVC_TEAM": " ",
          "CONTR_PROF": " ",
          "RVS_STN_333": "         ",
          "OS_WDTH_IN": "02",
          "CUST_WGHT_ALW": "      ",
          "RVS_633_CNSG": "            ",
          "CUST_WGHT_UNIT": " ",
          "EQP_NUMB": "    759646",
          "CNSG_PTRN_CD": "0000980000",
          "WB_ID": "2259-05-24-12.46.09.512019",
          "VEH_PROF": " ",
          "BOL_ISS_ST": "  ",
          "GRS_TONS": " 94",
          "TOT_LADG_KGS": 0,
          "JCT2_R260": "     ",
          "PLAN_NUMB": "  ",
          "MVMT_REV_CODE": "  ",
          "ICD_CARR": "    ",
          "IBMSNAP_INTENTSEQ": "\u0000\ufffd\u001b/\ufffd\ufffd\u0160\ufffd\u0000\u0000\u0000\u0000\u0000\u0000\u0001",
          "IG_PLAC_CD": "  ",
          "HAZ_MATL_PROF": " ",
          "DFO_ST": "ON",
          "MPTY_ASGN_CD": "   ",
          "WB_NUMB_LEAD": "      ",
          "LS_BLOCK": "     ",
          "NXT_WB_STAT_CD": " ",
          "KEY_TRN_CD": " ",
          "DEST_ST": "NB",
          "ATSF_RTE_OCUR": 0,
          "SEAL_PROF": " ",
          "SWTCH_BILL_NBR": "      ",
          "LS_333": "         ",
          "RTE_PROF": "Y",
          "RWC_NUMB": 0,
          "EQP_TARE_KG": "      ",
          "MFST_SHPR": " ",
          "WB_SPL_INSTR1": "                              ",
          "CUST_633_RESP": "            ",
          "CAR_INIT": "    ",
          "WB_SPL_INSTR2": "                              ",
          "IG_SEAL": "               ",
          "LS_STNUM": "      ",
          "LOG_USER": "XT24401 ",
          "DEST_RLSE_CUST": "            ",
          "CMDTY_PROF": " ",
          "CUST_633_CNSG": "AGENT       ",
          "ORIG_RAMP_ST": "  ",
          "ORD_CU_CAP_QLF": " ",
          "WB_ID_LEAD": null,
          "RVS_STN_ST": "  ",
          "BLADG_ID": "                 ",
          "OP_DEST_ST": "  ",
          "LS_WGHT_CD": " ",
          "CARR_ABBR_DELY": "    ",
          "TRUE_KINGPIN": "  ",
          "RULE11_FLG": " ",
          "TSO_STNUM": "042368",
          "BRNG_TYPE_CD": "H",
          "CIRC_CARR": "    ",
          "STCC_NBR_LST": "       ",
          "CSD_CD": "    ",
          "LOG_TIME": "12:47:57",
          "LOG_DATE": "2019-05-24",
          "EVT_TIME": "20:28:08",
          "EVT_DT": "2021-01-09",
          "WB_DT": "2019-05-24",
          "BLADG_ISS_DT": null,
          "ORIG_DT_ATSF": null,
          "TMSTP": "2019-05-24 12:46:09.512259",
          "RLSE_DT": "2019-05-24",
          "RLSE_TIME": "12:46:09",
          "IBMSNAP_LOGMARKER": "2021-01-11 11:51:21.261261",
          "INGT_CRT_TS": "2021-01-16 03:39:02.469",
          "PRODUCT_ID": "SRS_WB_DB2_OW.VWBM_ASNKK",
          "INGT_UUID": null,
          "FORMAT": "TAB",
          "LogHeader": {
            "ERROR_TO_DE": "INGT_UUID is NULL",
            "RAW_KAFKA_QUEUE_NAME": "tc_id_37.ihl_dev_rm.reg.tm.raw.srs.wayBill.v3",
            "SPARK_JOB_NAME": "WaybillDomainFeed"
          }
        }
      ]
    }
  ]
}