{
  "Kafka_Output": [
    {
      "name": "tc_id_48.ihl_dev_rm.reg.tm.prepared.shipCmpCrt.v1",
      "data": [
        {
          "DomainEventHeader": {
            "SOR_INGT_CRT_TS": "2020-08-28T16:03:12.792Z",
            "SOR_TPIC_NM": "tc_id_48.ihl_dev_rm.reg.tm.raw.waybill-stop.v1",
            "DE_META": ""
          },
          "ShipmentCompositeCreated": {
            "Primary_Object_Key": "f6e47a6c4ede7fe70c443e85a926bbb626a17fe0dd87445cbf692f6dee095b12",
            "Domain_Event_Type_Key": "e3b61a2ebf5b23ed3fd8ff58d88a71874f646ec36a6e49d48b10b0c9e3100d05",
            "Shipment_Composite_Key": "1efb799ede4bb3f83afe94026a19692be9c423971c8898169275db3326f6c58a",
            "Shipment_Composite_Type_Key": "98b536a58d1986b4c23362542a899ac357d27d4070118a2d6393341dfbeba0b3",
            "Shipment_Key": "f6e47a6c4ede7fe70c443e85a926bbb626a17fe0dd87445cbf692f6dee095b12",
            "Shipment_Type_Key": "d7b91437ff74a3bfd70ba3ebe8d16b8b5c2658cb589c7e5fa9d8f67d354e3b80",
            "Composite_Key": "286849bd00b580939ae5195c7b7a62bd95f0c1e1eed799a81043a730c3f45c46",
            "Composite_Type_Key": "52bb5ae870c4585825dbc754b0cdf30a4d71dc2fa0c688a7e5cf71ce7289128a",
            "Identification_Type_Key": "e1e6a104138bf35bbfe60f1e2b69cc86c9626b15c3cdf1dd81eb0c3144724bbb",
            "Identification_Value": "0",
            "Domain_Event_Key": "ae0f4b2a3241f76cfc1c1c13679f907ff51d528a2ddea8c38d94df725637ae56",
            "Correlation_Id": "8ead69cc-1619-4336-899b-2e6f5b5eb9f1",
            "Client_Identification": "SRS-WB",
            "System_Key": "e842426b7c8978fa9fb29dcf3f073f3c232f6cc1d62972e3d7dfe753cc314915",
            "Proc_Ts": "2020-08-28T16:03:12.792Z",
            "Proc_Ts_Tz_Dst_Cd": "100",
            "Event_Ts": "2020-08-28T16:03:12.792Z",
            "Event_Ts_Tz_Dst_Cd": "100"
          }
        }
      ]
    },
    {
      "name": "tc_id_48.ihl_dev_rm.reg.tm.prepared.shipCmpDsc.v1",
      "data": [
        {
          "DomainEventHeader": {
            "SOR_INGT_CRT_TS": "2020-08-28T16:03:12.792Z",
            "SOR_TPIC_NM": "tc_id_48.ihl_dev_rm.reg.tm.raw.waybill-stop.v1",
            "DE_META": ""
          },
          "ShipmentCompositeDescribed": {
            "Primary_Object_Key": "",
            "Domain_Event_Type_Key": "c7881817d6d6fabbc8c8be4c1a5310d4b02d506473e08a55032dedde16c0b3fa",
            "Shipment_Composite_Key": "1efb799ede4bb3f83afe94026a19692be9c423971c8898169275db3326f6c58a",
            "ShipmentCompositeCharacteristics": [
              {}
            ],
            "Domain_Event_Key": "71268e1d5ec8b020e89775acc177614b063783729f4a6d771afdec35438ff776",
            "Correlation_Id": "8ead69cc-1619-4336-899b-2e6f5b5eb9f1",
            "Client_Identification": "SRS-WB",
            "System_Key": "e842426b7c8978fa9fb29dcf3f073f3c232f6cc1d62972e3d7dfe753cc314915",
            "Proc_Ts": "2020-08-28T16:03:12.792Z",
            "Proc_Ts_Tz_Dst_Cd": "100",
            "Event_Ts": "2020-08-28T16:03:12.792Z",
            "Event_Ts_Tz_Dst_Cd": "100"
          }
        },
        {
          "DomainEventHeader": {
            "SOR_INGT_CRT_TS": "2020-08-28T16:03:12.792Z",
            "SOR_TPIC_NM": "tc_id_48.ihl_dev_rm.reg.tm.raw.waybill-stop.v1",
            "DE_META": ""
          },
          "ShipmentCompositeDescribed": {
            "Primary_Object_Key": "f6e47a6c4ede7fe70c443e85a926bbb626a17fe0dd87445cbf692f6dee095b12",
            "Domain_Event_Type_Key": "e3b61a2ebf5b23ed3fd8ff58d88a71874f646ec36a6e49d48b10b0c9e3100d05",
            "Shipment_Composite_Key": "1efb799ede4bb3f83afe94026a19692be9c423971c8898169275db3326f6c58a",
            "ShipmentCompositeCharacteristics": [
              {
                "Shipment_Composite_Characteristic_Key": "ec451556be723507b1c04cbe2e5d8eb75ff6e5f75e0b7108f0a2249b810f3d32",
                "Characteristic_Type_Key": "8a4968c59e00c497bb95578d5d3c2f924ac8368d46b37b98ec43ed1ff4e7d0cb",
                "Characteristic_Value": ""
              },
              {
                "Shipment_Composite_Characteristic_Key": "e6f938a651f72554beea93411a74e5d7257f5b7cca35d0bba20a40e6f863a317",
                "Characteristic_Type_Key": "c6e5437b934c3fbef56aa7e58d086fbab61808ccf8d4d4f9d9a9f5c956ea4736",
                "Characteristic_Value": ""
              },
              {
                "Shipment_Composite_Characteristic_Key": "5c0fe9776a4d5d9572716caf09d153754f39d783041633abf1a5ccab8b4f9077",
                "Characteristic_Type_Key": "438c318e6ba2f6938be157fbcafb2353fa66734dbcc8bc8c4e95ee8c7265efb2",
                "Characteristic_Value": ""
              },
              {
                "Shipment_Composite_Characteristic_Key": "163aaaa847433ecee58b28d6ced296bc6faffa8ebf5ed28cc855daa4efe6211c",
                "Characteristic_Type_Key": "49504b071abb183749013d9a7424b69f390af439ec043c54bf7cd0c0acac5bc5",
                "Characteristic_Value": ""
              },
              {
                "Shipment_Composite_Characteristic_Key": "142ca8b742045e6673b6d921690e14342fe20737db899d9da09f1fa98d2b02b6",
                "Characteristic_Type_Key": "b10661e4bf307e4f8c7192321d0ad8e5a4034e0504d9fe5c7c81252f90811c44",
                "Characteristic_Value": ""
              },
              {
                "Shipment_Composite_Characteristic_Key": "66dbb3609a9dce25b3612667cca8746e69d6d100d44108edadd11fab474a3b15",
                "Characteristic_Type_Key": "edba62fb0f1c7ad552798cd1bf620e33ea6c3ccd3dfc8df9d0c5fce75f5f9a3d",
                "Characteristic_Value": ""
              },
              {
                "Shipment_Composite_Characteristic_Key": "af8a9b9e105f37bc132948c1a4eaff1273c952d0e2332f132f78b4b7c7cb7f5d",
                "Characteristic_Type_Key": "e4c77cc21373cb3690da14600286ff673b0c70c62f8f4ee94a88c48a7d263c9a",
                "Characteristic_Value": ""
              },
              {
                "Shipment_Composite_Characteristic_Key": "a0a5df16049cfb123ed60f69a95857bf2e94d1bf63f39c3676e326db325b6bef",
                "Characteristic_Type_Key": "2152483b895ea30ec2e337cc3de60a55f6c4d8c053700f04274cc9e89fe0f702",
                "Characteristic_Value": ""
              },
              {
                "Shipment_Composite_Characteristic_Key": "93cdb5bb756583bf8b8bf0270b35816a2b96ee94746cea269482cd09f266b1f3",
                "Characteristic_Type_Key": "280ce1b6ae22713412c425cbd4cab919f1a70673fcf3134e8d8227ddb1bf3cda",
                "Characteristic_Value": ""
              },
              {
                "Shipment_Composite_Characteristic_Key": "599b7cc38927ee5b7b51df179e0a6d6562eeeba792ad0545903d493598c83255",
                "Characteristic_Type_Key": "1091894d3e7f21e47e4abebf58981592953d4224898998d14ec3afd73c320281",
                "Characteristic_Value": ""
              },
              {
                "Shipment_Composite_Characteristic_Key": "7254a19892fe75d8698b42ffb82bf13ba25a1b87cca51e91d13f6a828bd3057c",
                "Characteristic_Type_Key": "6c394d23caea06558f74f6f543b1a886e9ca83cbc07fa0705d129a3699b34d6b",
                "Characteristic_Value": ""
              },
              {
                "Shipment_Composite_Characteristic_Key": "eb0a80e60fa36645fe70e0a0523107c3e7367e4f4f591b1a77c5cd6034abef93",
                "Characteristic_Type_Key": "f5acf0b049e15389bbb16e7d776aa1d5b3c59b4273e8f20b3290f194935079fe",
                "Characteristic_Value": ""
              },
              {
                "Shipment_Composite_Characteristic_Key": "456be927b7efa3123063b905539d9ceb662d4a42e8d480eef5ed7baf34f002ff",
                "Characteristic_Type_Key": "22a9f027f6a12c6e7b99965f8c9f4faa625a8ad4c43db4d912c2cfebf56aa530",
                "Characteristic_Value": ""
              },
              {
                "Shipment_Composite_Characteristic_Key": "551cfb6788a05100375f4e0bea1d362156eba0c4895a78cbc2124fe387ef4033",
                "Characteristic_Type_Key": "978a1b4fb07a607986fa94f984f473ef7cddf20572bdacd77dcd83f8714d0372",
                "Characteristic_Value": "Y"
              },
              {
                "Shipment_Composite_Characteristic_Key": "4a36487606a21b5a818f100cad2188fb6f7f5dea3a25488f874d215b1abbfc0c",
                "Characteristic_Type_Key": "34f5f7d41136f456e803319804dde89e1d6378d5e9e86aef56dba3df5475c62b",
                "Characteristic_Value": ""
              },
              {
                "Shipment_Composite_Characteristic_Key": "5246794a32d4dc2e835e0ce79cfc66362437b5e7cc4ae5232d8e3e5494299ede",
                "Characteristic_Type_Key": "44da677d67b32e9394a8410195a771da22ae848bf953821713a4d577a45985fe",
                "Characteristic_Value": "2020-08-28T16:03:12.794Z"
              },
              {
                "Shipment_Composite_Characteristic_Key": "2d423843bce3dddf2bfac4b229bea79ebd2dc5ca125feed16bd2503d76c8c51e",
                "Characteristic_Type_Key": "8ebb3c8b0f37d061f3fe1f4aefa21dda7c5ac1ef53a6149505b622c0b1f9aa92",
                "Characteristic_Value": "2020-08-28T16:03:12.794Z"
              }
            ],
            "Domain_Event_Key": "ae0f4b2a3241f76cfc1c1c13679f907ff51d528a2ddea8c38d94df725637ae56",
            "Correlation_Id": "8ead69cc-1619-4336-899b-2e6f5b5eb9f1",
            "Client_Identification": "SRS-WB",
            "System_Key": "e842426b7c8978fa9fb29dcf3f073f3c232f6cc1d62972e3d7dfe753cc314915",
            "Proc_Ts": "2020-08-28T16:03:12.792Z",
            "Proc_Ts_Tz_Dst_Cd": "100",
            "Event_Ts": "2020-08-28T16:03:12.792Z",
            "Event_Ts_Tz_Dst_Cd": "100"
          }
        }
      ]
    },
    {
      "name": "tc_id_48.ihl_dev_rm.reg.tm.prepared.shipCmpRmv.v1",
      "data": [
        {
          "DomainEventHeader": {
            "SOR_INGT_CRT_TS": "2020-08-28T16:03:12.792Z",
            "SOR_TPIC_NM": "tc_id_48.ihl_dev_rm.reg.tm.raw.waybill-stop.v1",
            "DE_META": ""
          },
          "ShipmentCompositeRemoved": {
            "Primary_Object_Key": "f6e47a6c4ede7fe70c443e85a926bbb626a17fe0dd87445cbf692f6dee095b12",
            "Domain_Event_Type_Key": "a16c5ba057628866b318f709f5496a7b5e7cc21c1c098ca136e257faab49e0d8",
            "Shipment_Composite_Key": "1efb799ede4bb3f83afe94026a19692be9c423971c8898169275db3326f6c58a",
            "Shipment_Composite_Type_Key": "98b536a58d1986b4c23362542a899ac357d27d4070118a2d6393341dfbeba0b3",
            "Shipment_Key": "f6e47a6c4ede7fe70c443e85a926bbb626a17fe0dd87445cbf692f6dee095b12",
            "Shipment_Type_Key": "d7b91437ff74a3bfd70ba3ebe8d16b8b5c2658cb589c7e5fa9d8f67d354e3b80",
            "Composite_Key": "286849bd00b580939ae5195c7b7a62bd95f0c1e1eed799a81043a730c3f45c46",
            "Composite_Type_Key": "52bb5ae870c4585825dbc754b0cdf30a4d71dc2fa0c688a7e5cf71ce7289128a",
            "Identification_Type_Key": "e1e6a104138bf35bbfe60f1e2b69cc86c9626b15c3cdf1dd81eb0c3144724bbb",
            "Identification_Value": "0",
            "Domain_Event_Key": "5b999d6aaa4853c299b9ec8bf360f759388c64de7d4fdbb2e399750981733b7a",
            "Correlation_Id": "8ead69cc-1619-4336-899b-2e6f5b5eb9f1",
            "Client_Identification": "SRS-WB",
            "System_Key": "e842426b7c8978fa9fb29dcf3f073f3c232f6cc1d62972e3d7dfe753cc314915",
            "Proc_Ts": "2020-08-28T16:03:12.792Z",
            "Proc_Ts_Tz_Dst_Cd": "100",
            "Event_Ts": "2020-08-28T16:03:12.792Z",
            "Event_Ts_Tz_Dst_Cd": "100"
          }
        }
      ]
    },
    {
      "name": "tc_id_48.ihl_dev_rm.reg.tm.prepared.rteErr.v1",
      "data": [
        {
          "IngestionHeader": {
            "ING_CRT_TS": "2020-08-28T16:03:12.792Z",
            "PRODUCT_ID": "A059",
            "UUID": null,
            "FORMAT": "JSON"
          },
          "WaybillStopoff": {
            "ACTV_ALTR_DT": "2020-08-28T16:03:12.793Z",
            "ACTV_ALTR_TM": "2020-08-28T16:03:12.792Z",
            "ALTR_AUTH_NME": "",
            "ALTR_FILE_NBR": "",
            "APPT_DT": "2020-08-28T16:03:12.794Z",
            "APPT_TM": "2020-08-28T16:03:12.794Z",
            "DROP_STAY_CD": "",
            "FRC_CUST_FLG": "Y",
            "HLPR_CNT": 0,
            "IRF_CUST_LOCN_ID": 0,
            "LOC_SEQ": 0,
            "LOG_ACTION": "",
            "LOG_COUNTER": 0,
            "LOG_DATE": "2020-08-28T16:03:12.796Z",
            "LOG_TID": "",
            "LOG_TIME": "2020-08-28T16:03:12.796Z",
            "LOG_USER": "",
            "LOG_USER_NME": "",
            "OP_RAJP": "",
            "SEQ_SORT": 0,
            "STOP_333": "",
            "STOP_633": "",
            "STOP_ADDL_INFO": "",
            "STOP_CARR_ABBR": "",
            "STOP_CD": "",
            "STOP_CMPL_FLG": "",
            "STOP_CUS_PHONE": "",
            "STOP_NME": "",
            "STOP_PLT_ADDR": "",
            "STOP_PLT_ZIP": "",
            "STOP_PTRN_CD": "",
            "STOP_REF_KEY_ID": "",
            "STOP_SPLC": "",
            "STOP_SPLC_SFX": "",
            "STOP_ST": "",
            "STOP_STAT_CD": "",
            "STOP_STNUM": "",
            "STOP_SYN_633": "",
            "STOP_WGHT": "",
            "STOP_ZTS": "",
            "STP_CNSG_NME": "",
            "TMSTP": "2020-08-28T16:03:12.800Z",
            "WB_ID": "2020-08-28T16:03:12.800Z",
            "WB_VRSN": 0,
            "IBMSNAP_COMMITSEQ": "",
            "IBMSNAP_INTENTSEQ": "",
            "IBMSNAP_OPERATION": "U",
            "IBMSNAP_LOGMARKER": "2020-08-28T16:03:12.800Z"
          },
          "LogHeader": {
            "ERROR_TO_DE": "record.IngestionHeader.UUID is NULL",
            "RAW_KAFKA_QUEUE_NAME": "tc_id_48.ihl_dev_rm.reg.tm.raw.waybill-stop.v1",
            "SPARK_JOB_NAME": "WaybillStopOffDomainFeed"
          }
        }
      ]
    }
  ]
}