#TestCaseID,JobClassName,SourceKafkaQueue,List<TargetKafkaQueues>,List<Kafka_Key_Filter>,JobClassName_InputKafkaMsgFile.json,List<TargetPgTables>,List<PG_Table_Col_Filter>
tc_id_1,ActiveTrainScheduleDomainFeed,reg.tm.raw.srs.trnScheduleActive.v2,"reg.tm.prepared.cnvyCrt.v1,reg.tm.prepared.cnvyDsc.v1,reg.tm.prepared.cnvyAsct.v1,reg.tm.prepared.cnvyRmv.v1,reg.tm.prepared.rtePlan.v1,reg.tm.prepared.rteDsc.v1,reg.tm.prepared.rteCanc.v1,reg.tm.prepared.planEvtRpt.v1,reg.tm.prepared.planEvtDsc.v1,reg.tm.prepared.planEvtAsct.v1,reg.tm.prepared.locAsct.v1,reg.tm.prepared.locAsctDsc.v1,reg.tm.prepared.rteErr.v1","SOR_READ_TS,DE_CRT_TS,ERROR_TS",ActiveTrainScheduleDomainFeed_InputKafkaMsgFile.json,None,None
tc_id_2,AssetAssociationDescribedLoad,reg.tm.prepared.asetAsctDsc.v1,reg.tm.prepared.dhPGLogs.v1,ERROR_TS,AssetAssociationDescribedLoad_InputKafkaMsgFile.json,"dh_aset_asct_char_domn_evt,dh_aset_asct_char","data_hub_crt_ts,domn_evt_read_ts"
tc_id_3,AssetAssociationLoad,reg.tm.prepared.asetAsct.v1,reg.tm.prepared.dhPGLogs.v1,ERROR_TS,AssetAssociationLoad_InputKafkaMsgFile.json,"dh_aset_asct_domn_evt,dh_aset_asct","data_hub_crt_ts,domn_evt_read_ts"
tc_id_4,ConveyorCreateLoad,reg.tm.prepared.cnvyCrt.v1,reg.tm.prepared.dhPGLogs.v1,ERROR_TS,ConveyorCreateLoad_InputKafkaMsgFile.json,"dh_cnvy_domn_evt,dh_cnvy","data_hub_crt_ts,domn_evt_read_ts"
tc_id_5,ConveyorAssociateDescribedLoad,reg.tm.prepared.cnvyAsctDsc.v1,reg.tm.prepared.dhPGLogs.v1,ERROR_TS,ConveyorAssociateDescribedLoad_InputKafkaMsgFile.json,"dh_cnvy_asct_char_domn_evt,dh_cnvy_asct_char","data_hub_crt_ts,domn_evt_read_ts"
tc_id_6,CarInventoryDomainFeed,reg.tm.raw.srs.carInventory.v2,"reg.tm.prepared.trspEvtRpt.v1,reg.tm.prepared.trspEvtDsc.v1,reg.tm.prepared.trspEvtAsct.v1,reg.tm.prepared.trspEvtAsctDsc.v1,reg.tm.prepared.cnvyCondCrt.v1,reg.tm.prepared.cnvyDsc.v1,reg.tm.prepared.shipAsct.v1,reg.tm.prepared.shipAsctDsc.v1,reg.tm.prepared.shipAsct.v1,reg.tm.prepared.trspEvtRmv.v1,reg.transportation.car-inventory-deleted.prepared.v1,reg.tm.prepared.rteErr.v1","SOR_READ_TS,DE_CRT_TS,ERROR_TS",CarInventoryDomainFeed_InputKafkaMsgFile.json,None,None
tc_id_7,ConveyorAssociatedLoad,reg.tm.prepared.cnvyAsct.v1,reg.tm.prepared.dhPGLogs.v1,ERROR_TS,ConveyorAssociatedLoad_InputKafkaMsgFile.json,"dh_cnvy_asct_domn_evt,dh_cnvy_asct","data_hub_crt_ts,domn_evt_read_ts"
tc_id_8,PlannedEventDescriptionChangedLoad,reg.tm.prepared.planEvtDscChg.v1,reg.tm.prepared.dhPGLogs.v1,ERROR_TS,PlannedEventDescriptionChangedLoad_InputKafkaMsgFile.json,"dh_plan_evt_char_domn_evt,dh_plan_evt_char","data_hub_crt_ts,domn_evt_read_ts"
tc_id_9,PlannedEventRemovedLoad,reg.tm.prepared.planEvtRmv.v1,reg.tm.prepared.dhPGLogs.v1,ERROR_TS,PlannedEventRemovedLoad_InputKafkaMsgFile.json,"dh_plan_evt_domn_evt,dh_plan_evt","data_hub_crt_ts,domn_evt_read_ts"
tc_id_10,AssetCreatedLoad,reg.tm.prepared.asetCrt.v1,reg.tm.prepared.dhPGLogs.v1,ERROR_TS,AssetCreatedLoad_InputKafkaMsgFile.json,"dh_aset_domn_evt,dh_aset","data_hub_crt_ts,domn_evt_read_ts"
tc_id_11,AssetDescribedLoad,reg.tm.prepared.asetDsc.v1,reg.tm.prepared.dhPGLogs.v1,ERROR_TS,AssetDescribedLoad_InputKafkaMsgFile.json,"dh_aset_char_domn_evt,dh_aset_char","data_hub_crt_ts,domn_evt_read_ts"
tc_id_12,ConveyorConditionCreatedLoad,reg.tm.prepared.cnvyCondCrt.v1,reg.tm.prepared.dhPGLogs.v1,ERROR_TS,ConveyorConditionCreatedLoad_InputKafkaMsgFile.json,"dh_cnvy_cond_domn_evt,dh_cnvy_cond","data_hub_crt_ts,domn_evt_read_ts"
tc_id_13,ConveyorDescribedLoad,reg.tm.prepared.cnvyDsc.v1,reg.tm.prepared.dhPGLogs.v1,ERROR_TS,ConveyorDescribedLoad_InputKafkaMsgFile.json,"dh_cnvy_char_domn_evt,dh_cnvy_char","data_hub_crt_ts,domn_evt_read_ts"
tc_id_14,ConveyorDisassociatedLoad,reg.tm.prepared.cnvyDasc.v1,reg.tm.prepared.dhPGLogs.v1,ERROR_TS,ConveyorDisassociatedLoad_InputKafkaMsgFile.json,"dh_cnvy_asct_domn_evt,dh_cnvy_asct","data_hub_crt_ts,domn_evt_read_ts"
tc_id_15,ConveyorRemovedLoad,reg.tm.prepared.cnvyRmv.v1,reg.tm.prepared.dhPGLogs.v1,ERROR_TS,ConveyorRemovedLoad_InputKafkaMsgFile.json,"dh_cnvy_domn_evt,dh_cnvy","data_hub_crt_ts,domn_evt_read_ts"
tc_id_16,ETAETDDomainFeed,reg.tm.raw.srs.trnETAETD.v2,"reg.tm.prepared.planEvtDscChg.v1,reg.tm.prepared.rteErr.v1","SOR_READ_TS,DE_CRT_TS,ERROR_TS",ETAETDDomainFeed_InputKafkaMsgFile.json,None,None
tc_id_17,GateEventDomainFeed,reg.tm.raw.srs.gateEvts.v2,"reg.tm.prepared.trspEvtRpt.v1,reg.tm.prepared.trspEvtDsc.v1,reg.tm.prepared.trspEvtAsct.v1,reg.tm.prepared.trspEvtAsctDsc.v1,reg.tm.prepared.cnvyCrt.v1,reg.tm.prepared.cnvyDsc.v1,reg.tm.prepared.cnvyAsct.v1,reg.tm.prepared.cnvyAsctDsc.v1,reg.tm.prepared.trspEvtRmv.v1,reg.tm.prepared.rteErr.v1","SOR_READ_TS,DE_CRT_TS,ERROR_TS",GateEventDomainFeed_InputKafkaMsgFile.json,None,None
tc_id_18,IndustrialReasonDomainFeed,reg.tm.raw.srs.IndsInsn.v1,"reg.tm.prepared.planEvtRpt.v1,reg.tm.prepared.planEvtDsc.v1,reg.tm.prepared.cnvyAsct.v1,reg.tm.prepared.planEvtRmv.v1,reg.tm.prepared.cnvyDasc.v1,reg.tm.prepared.rteErr.v1","SOR_READ_TS,DE_CRT_TS,ERROR_TS",IndustrialReasonDomainFeed_InputKafkaMsgFile.json,None,None
tc_id_19,LocationAssociatedDescribedLoad,reg.tm.prepared.locAsctDsc.v1,reg.tm.prepared.dhPGLogs.v1,ERROR_TS,LocationAssociatedDescribedLoad_InputKafkaMsgFile.json,"dh_loc_asct_char_domn_evt,dh_loc_asct_char","data_hub_crt_ts,domn_evt_read_ts"
tc_id_20,LocationAssociationLoad,reg.tm.prepared.locAsct.v1,reg.tm.prepared.dhPGLogs.v1,ERROR_TS,LocationAssociationLoad_InputKafkaMsgFile.json,"dh_loc_asct_domn_evt,dh_loc_asct","data_hub_crt_ts,domn_evt_read_ts"
tc_id_21,PlannedEventAssociationLoad,reg.tm.prepared.planEvtAsct.v1,reg.tm.prepared.dhPGLogs.v1,ERROR_TS,PlannedEventAssociationLoad_InputKafkaMsgFile.json,"dh_plan_evt_asct_domn_evt,dh_plan_evt_asct","data_hub_crt_ts,domn_evt_read_ts"
tc_id_22,PlannedEventDescribedLoad,reg.tm.prepared.planEvtDsc.v1,reg.tm.prepared.dhPGLogs.v1,ERROR_TS,PlannedEventDescribedLoad_InputKafkaMsgFile.json,"dh_plan_evt_char_domn_evt,dh_plan_evt_char","data_hub_crt_ts,domn_evt_read_ts"
tc_id_23,PlannedEventReportedLoad,reg.tm.prepared.planEvtRpt.v1,reg.tm.prepared.dhPGLogs.v1,ERROR_TS,PlannedEventReportedLoad_InputKafkaMsgFile.json,"dh_plan_evt_domn_evt,dh_plan_evt","data_hub_crt_ts,domn_evt_read_ts"
tc_id_24,RouteCancelledLoad,reg.tm.prepared.rteCanc.v1,reg.tm.prepared.dhPGLogs.v1,ERROR_TS,RouteCancelledLoad_InputKafkaMsgFile.json,"dh_rte_domn_evt,dh_rte","data_hub_crt_ts,domn_evt_read_ts"
tc_id_25,RouteDescribedLoad,reg.tm.prepared.rteDsc.v1,reg.tm.prepared.dhPGLogs.v1,ERROR_TS,RouteDescribedLoad_InputKafkaMsgFile.json,"dh_rte_char_domn_evt,dh_rte_char","data_hub_crt_ts,domn_evt_read_ts"
tc_id_26,ShipmentAssociationLoad,reg.tm.prepared.ShipAsct.v1,reg.tm.prepared.dhPGLogs.v1,ERROR_TS,ShipmentAssociationLoad_InputKafkaMsgFile.json,"dh_ship_asct_domn_evt,dh_ship_asct","data_hub_crt_ts,domn_evt_read_ts"
tc_id_27,ShipmentConditionCreatedLoad,reg.tm.prepared.shipCondCrt.v1,reg.tm.prepared.dhPGLogs.v1,ERROR_TS,ShipmentConditionCreatedLoad_InputKafkaMsgFile.json,"dh_ship_cond_domn_evt,dh_ship_cond","data_hub_crt_ts,domn_evt_read_ts"
tc_id_28,ShipmentCreateLoad,reg.tm.prepared.shipCrt.v1,reg.tm.prepared.dhPGLogs.v1,ERROR_TS,ShipmentCreateLoad_InputKafkaMsgFile.json,"dh_ship_domn_evt,dh_ship","data_hub_crt_ts,domn_evt_read_ts"
tc_id_29,ShipmentDescribedLoad,reg.tm.prepared.shipDsc.v1,reg.tm.prepared.dhPGLogs.v1,ERROR_TS,ShipmentDescribedLoad_InputKafkaMsgFile.json,"dh_ship_char_domn_evt,dh_ship_char","data_hub_crt_ts,domn_evt_read_ts"
tc_id_30,TerminalEventDomainFeed,reg.tm.raw.srs.yardEvent.v3,"reg.tm.prepared.trspEvtRpt.v1,reg.tm.prepared.trspEvtDsc.v1,reg.tm.prepared.trspEvtAsct.v1,reg.tm.prepared.trspEvtAsctDsc.v1,reg.tm.prepared.cnvyDsc.v1,reg.tm.prepared.rteErr.v1","SOR_READ_TS,DE_CRT_TS,ERROR_TS",TerminalEventDomainFeed_InputKafkaMsgFile.json,None,None
tc_id_31,TrainConsistDomainFeed,reg.tm.raw.srs.trnConsist.v2,"reg.tm.prepared.planEvtRpt.v1,reg.tm.prepared.planEvtRmv.v1,reg.tm.prepared.planEvtDsc.v1,reg.tm.prepared.cnvyAsct.v1,reg.tm.prepared.cnvyAsctDsc.v1,reg.tm.prepared.asetAsct.v1,reg.tm.prepared.asetAsctDsc.v1,reg.tm.prepared.rteErr.v1","SOR_READ_TS,DE_CRT_TS,ERROR_TS",TrainConsistDomainFeed_InputKafkaMsgFile.json,None,None
tc_id_32,TransportationEventAssociatedLoad,reg.tm.prepared.trspEvtAsct.v1,reg.tm.prepared.dhPGLogs.v1,ERROR_TS,TransportationEventAssociatedLoad_InputKafkaMsgFile.json,"dh_trsp_evt_asct_domn_evt,dh_trsp_evt_asct","data_hub_crt_ts,domn_evt_read_ts"
tc_id_33,TransportationEventAssociationDescribedLoad,reg.tm.prepared.trspEvtAsctDsc.v1,reg.tm.prepared.dhPGLogs.v1,ERROR_TS,TransportationEventAssociationDescribedLoad_InputKafkaMsgFile.json,dh_trsp_evt_asct_char_domn_evt,"data_hub_crt_ts,domn_evt_read_ts"
tc_id_34,TransportationEventDescribedLoad,reg.tm.prepared.trspEvtDsc.v1,reg.tm.prepared.dhPGLogs.v1,ERROR_TS,TransportationEventDescribedLoad_InputKafkaMsgFile.json,"dh_trsp_evt_char_domn_evt,dh_trsp_evt_char","data_hub_crt_ts,domn_evt_read_ts"
tc_id_35,TransportationReportedLoad,reg.tm.prepared.trspEvtRpt.v1,reg.tm.prepared.dhPGLogs.v1,ERROR_TS,TransportationReportedLoad_InputKafkaMsgFile.json,"dh_trsp_evt_domn_evt,dh_trsp_evt","data_hub_crt_ts,domn_evt_read_ts"
tc_id_36,RoutePlannedLoad,reg.tm.prepared.rtePlan.v1,reg.tm.prepared.dhPGLogs.v1,ERROR_TS,RoutePlannedLoad_InputKafkaMsgFile.json,"dh_rte_domn_evt,dh_rte","data_hub_crt_ts,domn_evt_read_ts"
tc_id_37,WaybillDomainFeed,reg.tm.raw.srs.wayBill.v3,"reg.tm.prepared.shipCrt.v1,reg.tm.prepared.shipDsc.v1,reg.tm.prepared.shipCondCrt.v1,reg.tm.prepared.cnvyDsc.v1,reg.tm.prepared.ShipAsct.v1,reg.tm.prepared.rteErr.v1","SOR_READ_TS,DE_CRT_TS,ERROR_TS",WaybillDomainFeed_InputKafkaMsgFile.json,None,None
tc_id_38,TrainReportingDomainFeed,reg.tm.raw.srs.trnReporting.v3,"reg.tm.prepared.trspEvtRpt.v1,reg.tm.prepared.trspEvtDsc.v1,reg.tm.prepared.cnvyAsct.v1,reg.tm.prepared.cnvyAsctDsc.v1,reg.tm.prepared.asetCrt.v1,reg.tm.prepared.asetDsc.v1,reg.tm.prepared.asetAsct.v1,reg.tm.prepared.asetAsctDsc.v1,reg.tm.prepared.rteErr.v1","SOR_READ_TS,DE_CRT_TS,ERROR_TS",TrainReportingDomainFeed_InputKafkaMsgFile.json,None,None
tc_id_39,IntermodalCarContainerDomainFeed,reg.tm.raw.carCtnr.v1,"reg.tm.prepared.cnvyAsctDsc.v1,reg.tm.prepared.rteErr.v1","SOR_READ_TS,DE_CRT_TS,ERROR_TS",IntermodalCarContainerDomainFeed_InputKafkaMsgFile.json,None,None
tc_id_40,TransportationEventRemovedLoad,reg.tm.prepared.trspEvtRmv.v1,reg.tm.prepared.dhPGLogs.v1,ERROR_TS,TransportationEventRemovedLoad_InputKafkaMsgFile.json,"dh_trsp_evt_domn_evt,dh_trsp_evt","data_hub_crt_ts,domn_evt_read_ts"
tc_id_41,CarInventoryIntermodalDomainFeed,reg.tm.raw.carInvImdl.v1,"reg.tm.prepared.cnvyAsct.v1,reg.tm.prepared.cnvyAsctDsc.v1,reg.tm.prepared.cnvyDasc.v1,reg.tm.prepared.rteErr.v1","SOR_READ_TS,DE_CRT_TS,ERROR_TS",CarInventoryIntermodalDomainFeed_InputKafkaMsgFile.json,None,None
tc_id_42,VoyageDomainFeed,reg.tm.raw.voyage.v1,"reg.tm.prepared.rtePlan.v1,reg.tm.prepared.rteDsc.v1,reg.tm.prepared.rteCanc.v1,reg.tm.prepared.rteErr.v1","SOR_READ_TS,DE_CRT_TS,ERROR_TS",VoyageDomainFeed_InputKafkaMsgFile.json,None,None
tc_id_43,PortStationInformationDomainFeed,reg.tm.raw.portStnInfo.v1,"reg.tm.prepared.busPrtrCrt.v1,reg.tm.prepared.busPrtrDsc.v1,reg.tm.prepared.locAsct.v1,reg.tm.prepared.locAsctDsc.v1,reg.tm.prepared.rteErr.v1","SOR_READ_TS,DE_CRT_TS,ERROR_TS",PortStationInformationDomainFeed_InputKafkaMsgFile.json,None,None
tc_id_44,VoyageSegmentDomainFeed,reg.tm.raw.voyageSeg.v1,"reg.tm.prepared.planEvtRpt.v1,reg.tm.prepared.planEvtDsc.v1,reg.tm.prepared.planEvtAsct.v1,reg.tm.prepared.locAsct.v1,reg.tm.prepared.cnvyAsct.v1,reg.tm.prepared.cnvyAsctDsc.v1,reg.tm.prepared.planEvtRmv.v1,reg.tm.prepared.planEvtDasc.v1,reg.tm.prepared.rteErr.v1","SOR_READ_TS,DE_CRT_TS,ERROR_TS",VoyageSegmentDomainFeed_InputKafkaMsgFile.json,None,None
tc_id_45,PlannedEventAssociationLoad,reg.tm.prepared.planEvtAsctc.v1,reg.tm.prepared.dhPGLogs.v1,ERROR_TS,PlannedEventAssociationLoad_InputKafkaMsgFile.json,"dh_plan_evt_asct_domn_evt,dh_plan_evt_asct","data_hub_crt_ts,domn_evt_read_ts"
tc_id_46,PlannedEventDisassociatedLoad,reg.tm.prepared.planEvtDasc.v1,reg.tm.prepared.dhPGLogs.v1,ERROR_TS,PlannedEventDisassociatedLoad_InputKafkaMsgFile.json,"dh_plan_evt_asct_domn_evt,dh_plan_evt_asct","data_hub_crt_ts,domn_evt_read_ts"
tc_id_47,WaybillVesselDomainFeed,reg.tm.raw.waybill-vessel.v1,"reg.tm.prepared.shipCmpCrt.v1,reg.tm.prepared.shipCmpDsc.v1,reg.tm.prepared.shipCmpRmv.v1,reg.tm.prepared.rteErr.v1","SOR_READ_TS,DE_CRT_TS,ERROR_TS",WaybillVesselDomainFeed_InputKafkaMsgFile.json,None,None
tc_id_48,WaybillStopOffDomainFeed,reg.tm.raw.waybill-stop.v1,"reg.tm.prepared.shipCmpCrt.v1,reg.tm.prepared.shipCmpDsc.v1,reg.tm.prepared.shipCmpRmv.v1,reg.tm.prepared.rteErr.v1","SOR_READ_TS,DE_CRT_TS,ERROR_TS",WaybillStopOffDomainFeed_InputKafkaMsgFile.json,None,None
tc_id_49,WaybillCityCustomerDomainFeed,reg.tm.raw.waybill-city-customer.v1,"reg.tm.prepared.shipCmpCrt.v1,reg.tm.prepared.shipCmpDsc.v1,reg.tm.prepared.shipCmpRmv.v1,reg.tm.prepared.rteErr.v1","SOR_READ_TS,DE_CRT_TS,ERROR_TS",WaybillCityCustomerDomainFeed_InputKafkaMsgFile.json,None,None
tc_id_50,ShipmentCompositeCreatedLoad,reg.tm.prepared.shipCmpCrt.v1,reg.tm.prepared.dhPGLogs.v1,ERROR_TS,ShipmentCompositeCreatedLoad_InputKafkaMsgFile.json,"dh_ship_cmp_domn_evt,dh_ship_cmp","data_hub_crt_ts,domn_evt_read_ts"
tc_id_51,ShipmentCompositeDescribedLoad,reg.tm.prepared.shipCmpDsc.v1,reg.tm.prepared.dhPGLogs.v1,ERROR_TS,ShipmentCompositeDescribedLoad_InputKafkaMsgFile.json,"dh_ship_cmp_char_domn_evt,dh_ship_cmp_char","data_hub_crt_ts,domn_evt_read_ts"
tc_id_52,WaybillSealDomainFeed,reg.tm.raw.waybill-seal.v1,"reg.tm.prepared.shipCmpCrt.v1,reg.tm.prepared.shipCmpDsc.v1,reg.tm.prepared.shipCmpRmv.v1,reg.tm.prepared.rteErr.v1","SOR_READ_TS,DE_CRT_TS,ERROR_TS",WaybillSealDomainFeed_InputKafkaMsgFile.json,None,None
tc_id_53,ShipmentCompositeCreatedLoad,reg.tm.prepared.shipCmpCrt.v1,reg.tm.prepared.dhPGLogs.v1,ERROR_TS,ShipmentCompositeCreatedLoad_InputKafkaMsgFile.json,"dh_ship_cmp_domn_evt,dh_ship_cmp","data_hub_crt_ts,domn_evt_read_ts"
tc_id_54,LocomotivePositionDomainFeed,reg.transportation.locomotive-position.raw.v1,"reg.transportation.asset-condition-created.prepared.v1,reg.tm.prepared.rteErr.v1","SOR_READ_TS,DE_CRT_TS,ERROR_TS",LocomotivePositionDomainFeed_InputKafkaMsgFile.json,None,None
tc_id_55,LocomotiveInventoryDomainFeed,reg.transportation.locomotive-inventory.raw.v1,"reg.tm.prepared.asetCrt.v1,reg.transportation.asset-condition-created.prepared.v1,reg.tm.prepared.asetDsc.v1,reg.tm.prepared.asetAsct.v1,reg.tm.prepared.asetAsctDsc.v1,reg.tm.prepared.trspEvtRpt.v1,reg.tm.prepared.trspEvtDsc.v1,reg.tm.prepared.trspEvtAsct.v1,reg.tm.prepared.trspEvtAsctDsc.v1,reg.tm.prepared.trspEvtRmv.v1,reg.tm.prepared.rteErr.v1","SOR_READ_TS,DE_CRT_TS,ERROR_TS",LocomotiveInventoryDomainFeed_InputKafkaMsgFile.json,None,None
tc_id_56,SystemEquipmentDomainFeed,reg.transportation.system-equipment-extracted.raw.v1,"reg.tm.prepared.cnvyCrt.v1,reg.tm.prepared.cnvyDsc.v1,reg.tm.prepared.cnvyRmv.v1,reg.tm.prepared.rteErr.v1","SOR_READ_TS,DE_CRT_TS,ERROR_TS",SystemEquipmentDomainFeed_InputKafkaMsgFile.json,None,None
tc_id_57,CustomerDomainFeed,reg.tm.raw.cust.v1,"reg.tm.prepared.busPrtrRmv.v1,reg.tm.prepared.busPrtrCrt.v1,reg.tm.prepared.busPrtrCondCrt.v1,reg.tm.prepared.busPrtrDsc.v1,reg.transportation.business-partner-associated.prepared.v1,reg.tm.prepared.rteErr.v1","SOR_READ_TS,DE_CRT_TS,ERROR_TS",CustomerDomainFeed_InputKafkaMsgFile.json,None,None
tc_id_58,WaybillReferenceDomainFeed,reg.tm.raw.waybill-reference.v1,"reg.tm.prepared.shipDsc.v1,reg.tm.prepared.rteErr.v1","SOR_READ_TS,DE_CRT_TS,ERROR_TS",WaybillReferenceDomainFeed_InputKafkaMsgFile.json,None,None
tc_id_59,IntermodalBadOrderDomainFeed,reg.tm.raw.imBadOrder.v1,"reg.tm.prepared.cnvyCondChg.v1,reg.tm.prepared.cnvyCondCrt.v1,reg.tm.prepared.rteErr.v1","SOR_READ_TS,DE_CRT_TS,ERROR_TS",IntermodalBadOrderDomainFeed_InputKafkaMsgFile.json,None,None
tc_id_60,MotorCarrierDomainFeed,reg.tm.raw.imMtrCarr.v1,"reg.tm.prepared.busPrtrCrt.v1,reg.tm.prepared.rteErr.v1","SOR_READ_TS,DE_CRT_TS,ERROR_TS",MotorCarrierDomainFeed_InputKafkaMsgFile.json,None,None
tc_id_61,CarrierForeignStationDomainFeed,reg.tm.raw.carrFgnStn.v1,"reg.transportation.location-created.prepared.v1,reg.transportation.location-described.prepared.v1,reg.tm.prepared.locAsct.v1,reg.transportation.location-removed.prepared.v1,reg.tm.prepared.rteErr.v1","SOR_READ_TS,DE_CRT_TS,ERROR_TS",CarrierForeignStationDomainFeed_InputKafkaMsgFile.json,None,None
tc_id_62,VesselDomainFeed,reg.tm.raw.vessel.v1,"reg.tm.prepared.cnvyCrt.v1,reg.tm.prepared.cnvyDsc.v1,reg.tm.prepared.rteErr.v1","SOR_READ_TS,DE_CRT_TS,ERROR_TS",VesselDomainFeed_InputKafkaMsgFile.json,None,None
tc_id_63,IntermodalStorageDomainFeed,reg.supply-chain.intermodal-storage.raw.v1,"reg.tm.prepared.cnvyCondCrt.v1,reg.tm.prepared.rteErr.v1","SOR_READ_TS,DE_CRT_TS,ERROR_TS",IntermodalStorageDomainFeed_InputKafkaMsgFile.json,None,None
tc_id_64,HazardousCommodityDomainFeed,reg.transportation.hazardous-commodity.raw.v1,"reg.transportation.commodity-described.prepared.v1,reg.tm.prepared.rteErr.v1","SOR_READ_TS,DE_CRT_TS,ERROR_TS",HazardousCommodityDomainFeed_InputKafkaMsgFile.json,None,None
tc_id_65,StationDomainFeed,reg.transportation.station-master.raw.v1,"reg.transportation.location-created.prepared.v1,reg.transportation.location-described.prepared.v1,reg.transportation.location-condition-created.prepared.v1,reg.tm.prepared.locAsct.v1,reg.transportation.location-removed.prepared.v1,reg.tm.prepared.rteErr.v1","SOR_READ_TS,DE_CRT_TS,ERROR_TS",StationDomainFeed_InputKafkaMsgFile.json,None,None
tc_id_66,CurrentInventoryDomainFeed,reg.tm.raw.currInvEvt.v1,"reg.tm.prepared.cnvyCondCrt.v1,reg.tm.prepared.shipAsct.v1,reg.tm.prepared.shipAsctDsc.v1,reg.tm.prepared.trspEvtRpt.v1,reg.tm.prepared.trspEvtDsc.v1,reg.tm.prepared.trspEvtAsct.v1,reg.tm.prepared.trspEvtRmv.v1,reg.tm.prepared.rteErr.v1","SOR_READ_TS,DE_CRT_TS,ERROR_TS",CurrentInventoryDomainFeed_InputKafkaMsgFile.json,None,None
tc_id_67,UmlerDomainFeed,reg.transportation.umler.raw.v1,"reg.tm.prepared.cnvyCrt.v1,reg.tm.prepared.cnvyDsc.v1,reg.tm.prepared.cnvyCondCrt.v1,reg.tm.prepared.rteErr.v1","SOR_READ_TS,DE_CRT_TS,ERROR_TS",UmlerDomainFeed_InputKafkaMsgFile.json,None,None
tc_id_68,CommodityDomainFeed,reg.transportation.commodity.raw.v1,"reg.transportation.commodity-removed.prepared.v1,reg.transportation.commodity-created.prepared.v1,reg.transportation.commodity-described.prepared.v1,reg.transportation.commodity-condition-created.prepared.v1,reg.tm.prepared.rteErr.v1","SOR_READ_TS,DE_CRT_TS,ERROR_TS",CommodityDomainFeed_InputKafkaMsgFile.json,None,None
tc_id_69,CommodityConditionCreatedLoad,reg.transportation.commodity-condition-created.prepared.v1,reg.tm.prepared.dhPGLogs.v1,ERROR_TS,CommodityConditionCreatedLoad_InputKafkaMsgFile.json,"dh_cmdy_domn_evt,dh_cmdy","data_hub_crt_ts,domn_evt_read_ts"
tc_id_70,CommodityDescribedLoad,reg.transportation.commodity-described.prepared.v1,reg.tm.prepared.dhPGLogs.v1,ERROR_TS,CommodityDescribedLoad_InputKafkaMsgFile.json,"dh_cmdy_char_domn_evt,dh_cmdy_char","data_hub_crt_ts,domn_evt_read_ts"
tc_id_71,CommodityCreateLoad,reg.transportation.commodity-created.prepared.v1,reg.tm.prepared.dhPGLogs.v1,ERROR_TS,CommodityCreateLoad_InputKafkaMsgFile.json,"dh_cmdy_cond_domn_evt,dh_cmdy_cond","data_hub_crt_ts,domn_evt_read_ts"
tc_id_72,LocationCreatedLoad,reg.transportation.location-created.prepared.v1,reg.tm.prepared.dhPGLogs.v1,ERROR_TS,LocationCreatedLoad_InputKafkaMsgFile.json,"dh_cmdy_cond_domn_evt,dh_cmdy_cond","data_hub_crt_ts,domn_evt_read_ts"
tc_id_73,LocationDescribedLoad,reg.transportation.location-described.prepared.v1,reg.tm.prepared.dhPGLogs.v1,ERROR_TS,LocationDescribedLoad_InputKafkaMsgFile.json,"dh_loc_domn_evt,dh_loc","data_hub_crt_ts,domn_evt_read_ts"
tc_id_74,LocationRemovedLoad,reg.transportation.location-removed.prepared.v1,reg.tm.prepared.dhPGLogs.v1,ERROR_TS,LocationRemovedLoad_InputKafkaMsgFile.json,"dh_loc_domn_evt,dh_loc","data_hub_crt_ts,domn_evt_read_ts"
tc_id_75,LocationConditionCreatedLoad,reg.transportation.location-condition-created.prepared.v1,reg.tm.prepared.dhPGLogs.v1,ERROR_TS,LocationConditionCreatedLoad_InputKafkaMsgFile.json,"dh_loc_cond_domn_evt,dh_loc_cond","data_hub_crt_ts,domn_evt_read_ts"
tc_id_76,BusinessPartnerAssociatedLoad,reg.transportation.business-partner-associated.prepared.v1,reg.tm.prepared.dhPGLogs.v1,ERROR_TS,BusinessPartnerAssociatedLoad_InputKafkaMsgFile.json,"dh_bus_prtr_asct_domn_evt,dh_bus_prtr_asct","data_hub_crt_ts,domn_evt_read_ts"
tc_id_77,BusinessPartnerCreatedLoad,reg.tm.prepared.busPrtrCrt.v1,reg.tm.prepared.dhPGLogs.v1,ERROR_TS,BusinessPartnerCreatedLoad_InputKafkaMsgFile.json,"dh_bus_prtr_domn_evt,dh_bus_prtr","data_hub_crt_ts,domn_evt_read_ts"
tc_id_78,BusinessPartnerDescribedLoad,reg.tm.prepared.busPrtrDsc.v1,reg.tm.prepared.dhPGLogs.v1,ERROR_TS,BusinessPartnerDescribedLoad_InputKafkaMsgFile.json,"dh_bus_prtr_char_domn_evt,dh_bus_prtr_char","data_hub_crt_ts,domn_evt_read_ts"
tc_id_79,BusinessPartnerConditionCreatedLoad,reg.tm.prepared.busPrtrCondCrt.v1,reg.tm.prepared.dhPGLogs.v1,ERROR_TS,BusinessPartnerConditionCreatedLoad_InputKafkaMsgFile.json,"dh_bus_prtr_cond_domn_evt,dh_bus_prtr_cond","data_hub_crt_ts,domn_evt_read_ts"
tc_id_80,BusinessPartnerRemovedLoad,reg.tm.prepared.busPrtrRmv.v1,reg.tm.prepared.dhPGLogs.v1,ERROR_TS,BusinessPartnerRemovedLoad_InputKafkaMsgFile.json,"dh_bus_prtr_domn_evt,dh_bus_prtr","data_hub_crt_ts,domn_evt_read_ts"
tc_id_81,GateEventUnpublishConveyorDomainFeed,reg.tm.raw.srs.gateEvts.v2,"reg.tm.prepared.cnvyCrt.v1,reg.tm.prepared.cnvyDsc.v1,reg.tm.prepared.cnvyAsct.v1,reg.tm.prepared.cnvyAsctDsc.v1,reg.tm.prepared.rteErr.v1","SOR_READ_TS,DE_CRT_TS,ERROR_TS",GateEventUnpublishConveyorDomainFeed_InputKafkaMsgFile.json,None,None
tc_id_82,GateEventUnpublishEventDomainFeed,reg.tm.raw.srs.gateEvts.v2,"reg.tm.prepared.trspEvtRpt.v1,reg.tm.prepared.trspEvtDsc.v1,reg.tm.prepared.trspEvtAsct.v1,reg.tm.prepared.trspEvtRmv.v1,reg.tm.prepared.rteErr.v1","SOR_READ_TS,DE_CRT_TS,ERROR_TS",GateEventUnpublishDomainFeed_InputKafkaMsgFile.json,None,None
tc_id_83,AssetConditionCreatedLoad,reg.transportation.asset-condition-created.prepared.v1,reg.tm.prepared.dhPGLogs.v1,ERROR_TS,AssetConditionCreatedLoad_InputKafkaMsgFile.json,"dh_aset_cond_domn_evt,dh_aset_cond","data_hub_crt_ts,domn_evt_read_ts"
tc_id_84,ShipmentAssociationDescribedLoad,reg.tm.prepared.shipAsctDsc.v1,reg.tm.prepared.dhPGLogs.v1,ERROR_TS,ShipmentAssociationDescribedLoad_InputKafkaMsgFile.json,"dh_ship_asct_char_domn_evt,dh_ship_asct_char","data_hub_crt_ts,domn_evt_read_ts"
tc_id_85,ConveyorConditionChangedLoad,reg.tm.prepared.cnvyCondChg.v1,reg.tm.prepared.dhPGLogs.v1,ERROR_TS,ConveyorConditionChangedLoad_InputKafkaMsgFile.json,"dh_cnvy_cond_domn_evt,dh_cnvy_cond","data_hub_crt_ts,domn_evt_read_ts"
#tc_id_86,TripDescribedLoad,reg.tm.prepared.tripDsc.v1,reg.tm.prepared.dhPGLogs.v1,ERROR_TS,TripDescribedLoad_InputKafkaMsgFile.json,"dh_trip_char_domn_evt","data_hub_crt_ts,domn_evt_read_ts"
#tc_id_87,TripCreateLoad,reg.tm.prepared.tripCrt.v1,reg.tm.prepared.dhPGLogs.v1,ERROR_TS,TripCreateLoad_InputKafkaMsgFile.json,"dh_trip_domn_evt","data_hub_crt_ts,domn_evt_read_ts"
#tc_id_88,TripAssociatedLoad,reg.tm.prepared.tripAsct.v1,reg.tm.prepared.dhPGLogs.v1,ERROR_TS,TripAssociatedLoad_InputKafkaMsgFile.json,"dh_trip_asct_domn_evt","data_hub_crt_ts,domn_evt_read_ts"
tc_id_89,WaybillSpecialConditionCodesDomainFeed,reg.transportation.waybill-special-condition-codes.raw.v1,"reg.tm.prepared.shipCmpCrt.v1,reg.tm.prepared.shipCmpDsc.v1,reg.tm.prepared.shipCmpRmv.v1,reg.tm.prepared.rteErr.v1","SOR_READ_TS,DE_CRT_TS,ERROR_TS",WaybillSpecialConditionCodesDomainFeed_InputKafkaMsgFile.json,None,None
tc_id_90,WaybillFumigationDomainFeed,reg.transportation.waybill-fumigation.raw.v1,"reg.tm.prepared.shipDsc.v1,reg.tm.prepared.shipDsc.v1,reg.tm.prepared.rteErr.v1","SOR_READ_TS,DE_CRT_TS,ERROR_TS",WaybillFumigationDomainFeed_InputKafkaMsgFile.json,None,None
#tc_id_91,WaybillHazardousWasteInformationDomainFeed,reg.transportation.waybill-hazardous-waste-information.raw.v1,"reg.tm.prepared.shipCmpCrt.v1,reg.tm.prepared.shipCmpDsc.v1,reg.tm.prepared.shipCmpRmv.v1,reg.tm.prepared.rteErr.v1","SOR_READ_TS,DE_CRT_TS,ERROR_TS",WaybillHazardousWasteInformationDomainFeed_InputKafkaMsgFile.json,None,None
tc_id_92,UnitLocationUpdateDomainFeed,reg.tm.raw.unit-location-updated.v1,"reg.tm.prepared.cnvyCondCrt.v1,reg.tm.prepared.rteErr.v1","SOR_READ_TS,DE_CRT_TS,ERROR_TS",UnitLocationUpdateDomainFeed_InputKafkaMsgFile.json,None,None
tc_id_93,InGateRequestDomainFeed,reg.tm.raw.in-gate-request.v1,"reg.transportation.conveyor-composite-created.prepared.v1,reg.transportation.conveyor-composite-described.prepared.v1,reg.tm.prepared.rteErr.v1","SOR_READ_TS,DE_CRT_TS,ERROR_TS",InGateRequestDomainFeed_InputKafkaMsgFile.json,None,None
#tc_id_94,BadOrderReferenceLoad,reg.transportation.bad-order-code-reference.raw.v1,reg.tm.prepared.dhPGLogs.v1,ERROR_TS,BadOrderReferenceLoad_InputKafkaMsgFile.json,"dh_trsp_cd_ref","data_hub_crt_ts,domn_evt_read_ts"
#tc_id_95,HoldStatusCodeReferenceLoad,ref.transportation.hold-status-code-reference.raw.v1,reg.tm.prepared.dhPGLogs.v1,ERROR_TS,HoldStatusCodeReferenceLoad_InputKafkaMsgFile.json,"dh_trsp_cd_ref","data_hub_crt_ts,domn_evt_read_ts"
#tc_id_96,CustomerDestinationInstructionReferenceLoad,reg.transportation.destination-instruction.raw.v1,reg.tm.prepared.dhPGLogs.v1,ERROR_TS,CustomerDestinationInstructionReferenceLoad_InputKafkaMsgFile.json,"dh_trsp_cd_ref","data_hub_crt_ts,domn_evt_read_ts"
#tc_id_97,SpecialConditionCodesReferenceLoad,reg.transportation.waybill-special-condition-codes.raw.v1,reg.tm.prepared.dhPGLogs.v1,ERROR_TS,SpecialConditionCodesReferenceLoad_InputKafkaMsgFile.json,"dh_trsp_cd_ref","data_hub_crt_ts,domn_evt_read_ts"
#tc_id_98,WaybillCodesReferenceLoad,reg.transportation.waybill-codes.raw.v1,reg.tm.prepared.dhPGLogs.v1,ERROR_TS,WaybillReferenceLoad_InputKafkaMsgFile.json,"dh_trsp_cd_ref","data_hub_crt_ts,domn_evt_read_ts"
tc_id_99,IproUnitMovePlanDomainFeed,reg.tm.raw.unit-move-plan.v1,"reg.tm.prepared.planEvtRmv.v1,reg.tm.prepared.planEvtDsc.v1,reg.tm.prepared.cnvyDasc.v1,reg.tm.prepared.planEvtRpt.v1,reg.tm.prepared.cnvyAsct.v1,reg.tm.prepared.rteErr.v1","SOR_READ_TS,DE_CRT_TS,ERROR_TS",IproUnitMovePlanDomainFeed_InputKafkaMsgFile.json,None,None
tc_id_100,TripPlanDomainFeed,reg.tm.raw.srs.trpPlan.v2,"reg.transportation.trip-plan-created.prepared.v1,reg.transportation.trip-plan-described.prepared.v1,reg.transportation.trip-plan-associated.prepared.v1,reg.transportation.trip-plan-segment-created.prepared.v1,reg.transportation.trip-plan-segment-described.prepared.v1,reg.transportation.trip-plan-removed.prepared.v1,reg.tm.prepared.rteErr.v1","SOR_READ_TS,DE_CRT_TS,ERROR_TS",TripPlanDomainFeed_InputKafkaMsgFile.json,None,None
tc_id_101,StopOrderDomainFeed,reg.transportation.stop-order.raw.v1,"reg.transportation.conveyor-composite-created.prepared.v1,reg.transportation.conveyor-composite-described.prepared.v1,reg.tm.prepared.rteErr.v1","SOR_READ_TS,DE_CRT_TS,ERROR_TS",StopOrderDomainFeed_InputKafkaMsgFile.json,None,None