type_cd,prnt_type_cd
Asset,Root
Associated,Domain Event Type
Association,Root
Attach Date Time,Characteristic
Attach Date Time Time Zone,Characteristic
Bad Order Code,Characteristic
Cancelled,Domain Event Type
Car Location Code,Characteristic
Car Residue Flag,Characteristic
Car Sequence Number,Characteristic
Carter Customer Number,Characteristic
Changed,Domain Event Type
Characteristic,Root
Commodity,Root
Container,Conveyor
Container Id,Characteristic
Container Id,Identification Type
Container Initial,Characteristic
Container Number,Characteristic
Conveyor,Root
Created,Domain Event Type
Crew Change Indicator,Characteristic
Current Assignment,Characteristic
Current Spot,Characteristic
Customer Switch Code,Characteristic
Dangerous Load Flag,Characteristic
Dimensional Flag,Characteristic
Direction Code,Characteristic
Disassociated,Domain Event Type
Distributed Power Train Indicator,Characteristic
Domain Event Type,Root
Effective Date,Characteristic
Empty Car Count,Characteristic
End of Car Cushion Flag,Characteristic
Equipment ID,Characteristic
Equipment Owner Type,Characteristic
Equipment Ramp Status,Characteristic
Equipment Sequence Number,Characteristic
Estimated Arrival UTC,Characteristic
Estimated Departure UTC,Characteristic
ETD,Asset
ETD Id,Characteristic
ETD Id,Identification Type
ETD Sequence Number,Characteristic
Event,Characteristic
Event Code,Characteristic
Event Date,Characteristic
Event Daylight Saving Time Flag,Characteristic
Event Station Carrier Abbreviation,Characteristic
Event Station FSAC,Characteristic
Event Station Sequence Timestamp,Characteristic
Event Status,Characteristic
Event Time,Characteristic
Expiry Date,Characteristic
Gate Event,Transportation Event
Gross Scale Weight,Characteristic
Gross Scale Weight UOM,Characteristic
Heavy Axle Flag,Characteristic
Horse Power Per Ton,Characteristic
HPTA,Characteristic
Identification Type,Root
Industrial Car Instruction,Characteristic
Industrial Car Instruction,Planned Event
Inter BCD Conveyor-Event,Association
Inter-BCD Asset-Event,Association
Inter-BCD Conveyor-Event,Association
Inter-BCD Conveyor-Route,Association
Inter-BCD Event-Location,Association
Inter-BCD Event-Route,Association
Inter-BCD Location-Route,Association
Inter-BCD Location-Shipment,Association
Inter-BCD Location-Trip,Association
Inter-BCD Shipment-Commodity,Association
Inter-BCD Shipment-Conveyor,Association
Inter-BCD Trip-Conveyor,Association
Inter-BCD Trip-Shipment,Association
Intermodal Handling Code,Characteristic
Intra-BCD Container-Railcar,Association
Intra-BCD Railcar-Train,Association
Key Train indicator,Characteristic
Lift Code,Characteristic
Loaded Car Count,Characteristic
Location,Root
Loco Sequence Number,Characteristic
Locomotive,Asset
Locomotive Id,Characteristic
Locomotive Id,Identification Type
Locomotive Length,Characteristic
Locomotive Length UOM,Characteristic
Locomotive Operating Code,Characteristic
Locomotive Operational Status,Characteristic
Locomotive Weight,Characteristic
Locomotive Weight UOM,Characteristic
Lot,Characteristic
Maximum MPH,Characteristic
Maximum speed restriction,Characteristic
Mechanical Status Codes,Characteristic
Most restricted dimensional load,Characteristic
Movement Instruction,Trip
Movement Instruction Id,Identification Type
Net Scale Weight,Characteristic
Net Scale Weight UOM,Characteristic
Next Assignment Train,Characteristic
Next Assignment Train Day,Characteristic
Next Assignment Train Section,Characteristic
Next Assignment Train Symbol,Characteristic
Next Assignment Train Type,Characteristic
Number of Car Axles,Characteristic
Number of Dangerous Loads,Characteristic
Number of Dimensional Loads,Characteristic
Number of Empty Residue,Characteristic
Number of Heavy Axle Cars,Characteristic
Number of Loco Axles,Characteristic
Number of Special Dangerous Loads,Characteristic
Number of Speed Restricted Cars,Characteristic
Op ZTS,Characteristic
Operating City,Characteristic
Operating City Province State Code,Characteristic
Operating Destination,Characteristic
Operating Destination Province State Code,Characteristic
Operating Origin,Characteristic
Operating Origin Province State Code,Characteristic
Operating Station,Characteristic
Operating Station Province State Code,Characteristic
Operating Status Code,Characteristic
Park or Track Code,Characteristic
Percentage of total heavy axle loads,Characteristic
Pickup Flag,Characteristic
Planned Event,Root
Platform Code,Characteristic
Platform Position Code,Characteristic
Pool Id,Characteristic
Rail Control Code,Characteristic
Rail Private Code,Characteristic
Railcar,Conveyor
Railcar Event,Transportation Event
Railcar Id,Characteristic
Railcar Id,Identification Type
Railcar Initial,Characteristic
Railcar Number,Characteristic
Refuel Point,Characteristic
Removed,Domain Event Type
Reported,Domain Event Type
Required Inspection Flag,Characteristic
Re-Wheel Point,Characteristic
Root,N/A
Route,Root
Row,Characteristic
Schedule Deviation Code,Characteristic
Schedule Deviation Minutes,Characteristic
Schedule Deviation Time,Characteristic
Set Out Flag,Characteristic
Set Out Station Sequence Number,Characteristic
Set Out Station Sequence Timestamp,Characteristic
Set Out Track,Characteristic
Set Out Track Sequence Number,Characteristic
Setout Station,Characteristic
Setout Station Province State Code,Characteristic
Shipment,Root
Shipment Id,Identification Type
Special Condition Code,Characteristic
Special Dangerous Flag,Characteristic
Speed Restriction,Characteristic
Speed Restriction Unit of Measure,Characteristic
Spot,Characteristic
SRS-IM,System
SRS-WB,System
SRS-YIT,System
Station,Location
Station Sequence Number,Characteristic
Station Sequence Timestamp,Characteristic
Station Type Code,Characteristic
System,Root
Terminal,Location
Terminal Event,Transportation Event
TJS Inclusive Flag,Characteristic
Tons per operative brake,Characteristic
TOPC Estimated Arrival UTC,Characteristic
TOPC Estimated Departure UTC,Characteristic
Total Car Length,Characteristic
Total Car Length Unit of Measure,Characteristic
Total Car Weight,Characteristic
Total Car Weight Unit of Measure,Characteristic
Total Locomotive Length,Characteristic
Total Locomotive Length Unit of Measure,Characteristic
Total Locomotive Weight,Characteristic
Total Locomotive Weight Unit of Measure,Characteristic
Total Number of Available Horsepower,Characteristic
Track Area,Characteristic
Track Number,Characteristic
Track Sequence Number,Characteristic
Tractor License,Characteristic
Train,Conveyor
Train Block,Characteristic
Train Consist,Planned Event
Train Event,Planned Event
Train Event,Transportation Event
Train Reporting Group,Characteristic
Train Schedule,Route
Train Schedule Code,Characteristic
Train Schedule Id,Characteristic
Train Schedule Id,Identification Type
Train Sequence Number,Characteristic
Train Service Type,Characteristic
Train Unique Id,Characteristic
Train Unique Id,Identification Type
Transportation Event,Root
Transportation Event Type,Root
Trip,Root
Truck,Conveyor
Unpublished,Domain Event Type
Vessel,Conveyor
Vessel EDI indicator,Characteristic
Vessel Id,Characteristic
Vessel Id,Identification Type
Vessel Name,Characteristic
Vessel Owner,Characteristic
Voyage Vessel,Route
Voyage Number,Characteristic
Voyage Vessel Id,Identification Type
Waybill,Shipment
Waybill Date,Characteristic
Waybill Number,Characteristic
Yard Block,Characteristic
Operating Destination FSAC,Characteristic
Operating Destination SCAC,Characteristic
Carter SCAC,Characteristic
Carter Customer Name,Characteristic
Carter Customer 633,Characteristic
CN Tractor Indicator,Characteristic
Chassis,Conveyor
Chassis Id,Identification Type
Chassis Id,Characteristic
Chassis Initial,Characteristic
Chassis Number,Characteristic
Operating Railroad At Junction Point,Characteristic
Railroad At Junction Point,Characteristic
Intermodal Plan Number,Characteristic
Waybill Record Type,Characteristic
Business Partner,Root
Motor Carrier,Business Partner
Motor Carrier ID,Identification Type
Agreement Effective Date,Characteristic
Agreement Expiry Date,Characteristic
Trucker 633,Characteristic
Customer Number,Characteristic
Voyage Segment,Planned Event
Scheduled Arrival UTC,Characteristic
Original Arrival UTC,Characteristic
Scheduled Sail UTC,Characteristic
Port,Location
Voyage Segment Comment,Characteristic
Service Type Code,Characteristic
Port Operator,Business Partner
Port Operator Number,Identification Type
Business Partner Name,Characteristic
Business Partner Name 633,Characteristic
ETA Threshold,Characteristic
Inter-BCD Location-Business Partner,Association
Port Cut-off,Characteristic
eeSea port code,Characteristic
Outside Height Feet,Characteristic
Outside Height Inches,Characteristic
Outside Length Feet,Characteristic
Outside Length Inches,Characteristic
Outside Length Unvalidated Feet,Characteristic
Outside Width Feet,Characteristic
Outside Width Inches,Characteristic
Car Kind,Characteristic
Equipment Tare LB,Characteristic
Load Limit LB,Characteristic
Equipment Id,Characteristic
Equipment Initial,Characteristic
Equipment Number,Characteristic
AAR Car Kind,Characteristic
Carrier Abbreviation On,Characteristic
Customer Supplied Net Weight,Characteristic
Customer Supplied Weight Code,Characteristic
Customer Supplied Weight UOM,Characteristic
Event Date Time UTC,Characteristic 
Total Lading Weight,Characteristic
Total Lading Weight UOM,Characteristic
Weight Allowance 1,Characteristic
Weight Allowance 2,Characteristic
Weight Unit Code,Characteristic
Load Empty Status Code,Characteristic
Import Export Code,Characteristic
Bill of Lading Number,Characteristic
Bill of Lading Date,Characteristic
PPSI Temparature,Characteristic
PPSI Temperature UOM,Characteristic
PPSI Cool Indicator,Characteristic
PPSI Rule Code,Characteristic
Rail Origin 333,Characteristic
Rail Origin 333 Province State Code,Characteristic
Origin Ramp 333,Characteristic
Origin Ramp 333 Province State Code,Characteristic
Rail Destination 333,Characteristic
Rail Destination 333 Province State Code,Characteristic
Destination Ramp 333,Characteristic
Destination Ramp 333 Province State,Characteristic
Waybill Error Code,Characteristic
Waybill Status Code,Characteristic
Intermodal Unit,Conveyor
Operating Origin 333,Characteristic
Operating Origin 333 Province State Code,Characteristic
Operating Station 333,Characteristic
Operating Station 333 Province State Code,Characteristic
Setout Station 333,Characteristic
Setout Station 333 Province State Code,Characteristic
Bob Tail indicator,Characteristic
Tractor,Conveyor
Tractor License,Identification Type
Chassis Car Kind,Characteristic
Reservation Number,Characteristic
Bad Order Estimated Time to Repair Hours,Characteristic
First Storage Charge Date,Characteristic
Storage Charge Status Code,Characteristic
Destination Ramp 333 Province State Code,Characteristic
Waybill Id,Identification Type
Equipment Id,Identification Type
Shipment Composite,Root
Composite,Root
Intra-Domain Shipment-BP Role,Shipment Composite
BP Role,Composite
BP Role,Identification Type
Station Number,Characteristic
Carrier Abbreviation,Characteristic
Customer Address,Characteristic
City Name,Characteristic
Province State,Characteristic
Postal Code,Characteristic
City 333,Characteristic
Customer 633,Characteristic
Customer Name,Characteristic
Appointment Date,Characteristic 
Appointment Time,Characteristic 
Intra-Domain Shipment-Seal,Shipment Composite
Seal,Composite
Seal Sequence Number,Identification Type
Seal Range Low,Characteristic
Seal Number,Characteristic
Seal Range High,Characteristic
Intra-Domain Shipment-Stop-Off,Shipment Composite
Stop-Off,Composite
Stop-Off Sequence Number,Identification Type
Stop-Off Status Code,Characteristic
Stop-Off Complete Indicator,Characteristic
Stop-Off Customer 633,Characteristic
Stop-Off Station 333,Characteristic
Stop-Off State Code,Characteristic
Stop-Off Consignee Full Name,Characteristic
Stop-Off ZTS Equipment Place Code,Characteristic
Stop-Off Station Full Name,Characteristic
Stop-Off Station Number,Characteristic
Stop-Off Plant Address,Characteristic
Stop-Off Plant Postal Code,Characteristic
Stop-Off Patron Code,Characteristic
Stop-Off Carrier Abbreviation,Characteristic
Force Customer Indicator,Characteristic
Drop Stay Code,Characteristic
Appointment UTC Timestamp,Characteristic
Intra-Domain Shipment-Shipment-Voyage-Segment,Shipment Composite
Shipment-Voyage-Segment,Composite
Shipment-Voyage-Segment Sequence Number,Identification Type
Inbound Outbound Code,Characteristic
Sail Date,Characteristic
Sail Time,Characteristic
Flight Voyage Number,Characteristic
Voyage Port Function,Characteristic
Voyage Port Name,Characteristic
Voyage Booking Number,Characteristic
Voyage Booking Date,Characteristic
Pier Number,Characteristic
Pier Name,Characteristic
Flight Voyage Terminal,Characteristic
State,Characteristic
Country Code,Characteristic
Vessel Direction,Characteristic
Manifest Creation Date,Characteristic
Carrier Abbreviation Current,Characteristic
Carrier Abbreviation Previous,Characteristic
Customer Book Id,Characteristic
EMPS,System
Longitude,Characteristic
Latitude,Characteristic
Outside Height,Characteristic
Outside Height UOM,Characteristic
Outside Length,Characteristic
Outside Length UOM,Characteristic
Outside Length Unvalidated,Characteristic
Outside Length Unvalidated UOM,Characteristic
Outside Width,Characteristic
Outside Width UOM,Characteristic
Equipment Tare,Characteristic
Equipment Tare UOM,Characteristic
Load Limit,Characteristic
Load Limit UOM,Characteristic
Weight Allowance 1 UOM,Characteristic
Weight Allowance 2 UOM,Characteristic
Scheduled Arrival Tz Dst Cd,Characteristic
Original Arrival Tz Dst Cd,Characteristic
Scheduled Sailing Tz Dst Cd,Characteristic
Scheduled Cut-Off UTC,Characteristic
Scheduled Cut Off Tz Dst Cd,Characteristic
Estimated Arrival Tz Dst Cd,Characteristic
TOPC Estimated Arrival Tz Dst Cd,Characteristic
Planned Arrival Day Offset,Characteristic
Planned Arrival Time Local,Characteristic
Estimated Departure Tz Dst Cd,Characteristic
TOPC Estimated Departure Tz Dst Cd,Characteristic
Planned Departure Day Offset,Characteristic
Planned Departure Time Local,Characteristic
Work Order Flag,Characteristic
Dynamic Brake Range Code,Characteristic
Brake System Code,Characteristic
Train Type,Characteristic
Train Section,Characteristic
Train Symbol,Characteristic
Train Day,Characteristic
Train ID,Characteristic
Arrival Date,Characteristic
Arrival Sequence Number,Characteristic
Setoff Station Number,Characteristic
Setoff SCAC,Characteristic
Event Status Code,Characteristic
CN Pool Id,Characteristic
Foreign System Private Code,Characteristic
Operating Customer 633,Characteristic
Locomotive Location Code,Characteristic
Locomotive Operating Status Code,Characteristic
Inter-BCD Asset-Conveyor,Association
Train Departure Date,Characteristic
Locomotive Event,Transportation Event
Corporate Equipment Data,System
Axle Count,Characteristic
GST Code,Characteristic
Bearing Type Code,Characteristic
Articulated Code,Characteristic
Total Weight on Rail,Characteristic
Total Weight on Rail UOM,Characteristic
Inside Length,Characteristic
Inside Length UOM,Characteristic
AAR Pool Id,Characteristic
Truck Center Length UOM,Characteristic
Car Kind AAR,Characteristic
Equipment Owner Abbreviation,Characteristic
Inside Height,Characteristic
Inside Height UOM,Characteristic
Inside Width,Characteristic
Inside Width UOM,Characteristic
True Kingpin,Characteristic
Tare Weight,Characteristic
Tare Weight UOM,Characteristic
User Id,Characteristic
Appointment Time Local,Characteristic
PPSI Code,Characteristic
Standard Transportation Commodity Code,Characteristic
Log User,Characteristic
Log User Name,Characteristic
Level of Service Code,Characteristic
CCO Number,Characteristic
Previous Track Number,Characteristic
Operating Origin 333 Carrier Abbreviation,Characteristic
Operating City 333,Characteristic
Operating City 333 Province State Code,Characteristic
Operating City 333 Carrier Abbreviation,Characteristic
OP ZTS,Characteristic
Arrival Station 333,Characteristic
Arrival Station 333 Province State,Characteristic
Set Out Carrier Abbreviation,Characteristic
Next Assignment,Characteristic
Station,Identification Type
Corporate/Industry Location Data,System
Carrier Number,Characteristic
Station 333,Characteristic
Station Province State Code,Characteristic
Station FSAC,Characteristic
SPLC,Characteristic
SPLC Suffix,Characteristic
Ramp Code,Characteristic
JCT R260,Characteristic
AAR Station 333,Characteristic
AAR Time Zone,Characteristic
Station Name,Characteristic
Time Zone,Characteristic
Yard Scale Type,Characteristic
Region,Characteristic
Sub-division,Characteristic
Division,Characteristic
Sub-region,Characteristic
Intra-Domain Station-Station,Association
Customer,Business Partner
Customer Number,Identification Type
Corporate Customer Data,System
Customer Status, Characteristic
Intra-Domain Customer-Customer,Association
Refrigerator Fuel Level,Characteristic
Refrigerator Position Code,Characteristic
Refrigerator Running Temperature,Characteristic
Refrigerator Temperature Setting,Characteristic
Equipment Location Code,Characteristic
Mechanical Status Code 1,Characteristic
Mechanical Status Code 2,Characteristic
Mechanical Status Code 3,Characteristic
Shuttle Equipment Indicator,Characteristic
Empty Order Number,Characteristic
Shuttle Destination 333,Characteristic
Shuttle Destination 333 Province State Code,Characteristic
Operating 333 Province State Code,Characteristic
Operating Road At Junction Point,Characteristic
Intermodal Unit Event,Transportation Event
Event Station 333,Characteristic
Event Station Province State,Characteristic
Setout SCAC,Characteristic
Setout FSAC,Characteristic 
Setout Track Sequence Number,Characteristic 
Locomotive Status,Characteristic
STCC,Characteristic
STCC,Commodity
STCC,Identification Type
Commodity Industry Reference File (IRF),System
Commodity 15 Description,Characteristic
Commodity Description Abbreviation,Characteristic
Rail Car,Conveyor
Truck Center Length,Characteristic
Platform Load Limit 1,Characteristic
Platform Load Limit 1 UOM,Characteristic
Platform Tare Weight 1,Characteristic
Platform Tare Weight 1 UOM,Characteristic
Platform Load Limit 2,Characteristic
Platform Load Limit 2 UOM,Characteristic
Platform Tare Weight 2,Characteristic
Platform Tare Weight 2 UOM,Characteristic
Platform Load Limit 3,Characteristic
Platform Load Limit 3 UOM,Characteristic
Platform Tare Weight 3,Characteristic
Platform Tare Weight 3 UOM,Characteristic
Platform Load Limit 4,Characteristic
Platform Load Limit 4 UOM,Characteristic
Platform Tare Weight 4,Characteristic
Platform Tare Weight 4 UOM,Characteristic
Platform Load Limit 5,Characteristic
Platform Load Limit 5 UOM,Characteristic
Platform Tare Weight 5,Characteristic
Platform Tare Weight 5 UOM,Characteristic
Platform Load Limit 6,Characteristic
Platform Load Limit 6 UOM,Characteristic
Platform Tare Weight 6,Characteristic
Platform Tare Weight 6 UOM,Characteristic
Platform Load Limit 7,Characteristic
Platform Load Limit 7 UOM,Characteristic
Platform Tare Weight 7,Characteristic
Platform Tare Weight 7 UOM,Characteristic
Platform Load Limit 8,Characteristic
Platform Load Limit 8 UOM,Characteristic
Platform Tare Weight 8,Characteristic
Platform Tare Weight 8 UOM,Characteristic
Platform Load Limit 9,Characteristic
Platform Load Limit 9 UOM,Characteristic
Platform Tare Weight 9,Characteristic
Platform Tare Weight 9 UOM,Characteristic
Platform Load Limit 10,Characteristic
Platform Load Limit 10 UOM,Characteristic
Platform Tare Weight 10,Characteristic
Platform Tare Weight 10 UOM,Characteristic
Equipment Lessee Abbreviation,Characteristic 
Equipment Owner Code,Characteristic 
End of Service Date,Characteristic 
Waybill Type Code,Characteristic
First Road Haul Carrier Number,Characteristic
Last Road Haul Carrier,Characteristic
Special Condition Code 1,Characteristic
Special Condition Code 2,Characteristic
Special Condition Code 3,Characteristic
Special Condition Code 4,Characteristic
Special Condition Code 5,Characteristic
Special Condition Code 6,Characteristic
Intermodal Handling Code 1,Characteristic
Intermodal Handling Code 2,Characteristic
Intermodal Handling Code 3,Characteristic 
In-gate Seal,Identification Type
In-gate Seal Number,Characteristic
Ocean Bill of Lading,Characteristic
Event Carrier Abbreviation,Characteristic
Event Province State,Characteristic
Operating Railroad at Junction Point,Characteristic
ERT Code,Characteristic
Train Schedule Change Reason,Characteristic
Load Sheet Hold Code,Characteristic
Trailer,Conveyor
Junction R260,Characteristic
Canadian Emergency Response Plan,Characteristic
Canadian Origin,Characteristic
Additional Descriptive Commodity Information,Characteristic
Alternate Haz Commodity Class Code,Characteristic
Canadian Special Commodity,Characteristic
Canadian Subsidiary Haz Commodity Class Code 1,Characteristic
Canadian Subsidiary Haz Commodity Class Code 2,Characteristic
Canadian Subsidiary Haz Commodity Class Code 3,Characteristic
Canadian Subsidiary Commodity Risk,Characteristic
Dangerous When Wet,Characteristic
DOT Primary Haz Classification,Characteristic
DOT Secondary Haz Classification,Characteristic
DOT Secondary 2 Haz Classification,Characteristic
DOT Secondary 3 Haz Classification,Characteristic
EPA Waste Characteristic,Characteristic
EPA Waste Characteristic 2,Characteristic
EPA Waste Characteristic 3,Characteristic
EPA Waste Stream Number,Characteristic
EPA Waste Stream Number 2,Characteristic
EPA Waste Stream Number 3,Characteristic
Haz Classification Code,Characteristic
Haz Marine Pollutant Chemical Description,Characteristic
Haz Reportable Quantity,Characteristic
Haz Commodity Chemical Component,Characteristic
Haz United Nations Commodity Number,Characteristic
Inhalation Toxicity Hazard Zone,Characteristic
Key Train Code,Characteristic
Package Group Designation,Characteristic
Placard Type Code,Characteristic
Haz Commodity Pollutant Code,Characteristic
Poison Code,Characteristic
Primary Haz Commodity Placard Notation,Characteristic
Product Class,Characteristic
Product Class Description,Characteristic
Product Class Number,Characteristic
Product Classification Commodity Description,Characteristic
Regulation Authority,Characteristic
Rail Security Sensitive Material Code,Characteristic
Secondary Haz Commodity Placard Notation,Characteristic
Haz Commodity Technical Name,Characteristic
Haz Commodity Technical Name Abbreviation,Characteristic
United States Shipping Origin,Characteristic
Commodity Description,Characteristic
Hazardous Declaration Flag,Characteristic
Movement Revenue Code,Characteristic
Regulatory Authority,Characteristic
Article Quantity,Characteristic
Package Type,Characteristic
Tank Compartment,Characteristic
Lading Actual Weight,Characteristic
Lading Actual Weight UOM,Characteristic
Lading Volume,Characteristic
Lading Volume UOM,Characteristic
Harmonized Code,Characteristic
EDI Actual Weight,Characteristic
EDI Actual Weight UOM,Characteristic
Shipment Commodity,Commodity
Intra-Domain Shipment-Reference,Shipment Composite
Reference,Composite
Reference Number Code,Identification Type
Reference Number Code,Characteristic
Reference Number,Characteristic
Reference Number Comment,Characteristic
Reference Number Date,Characteristic
Reference Number Time Local,Characteristic
Complete Reference Number Code,Characteristic
Reference Key Id,Characteristic
TOFC COFC Code,Characteristic
Reference Number Customer 633,Characteristic
Departure Direction,Characteristic
Outbound Lineup Direction,Characteristic
Arrival Direction,Characteristic
Inbound Lineup Direction,Characteristic
Maximum Train Length,Characteristic
Maximum Train Length UOM,Characteristic
Maximum Train Weight,Characteristic
Maximum Train Weight UOM,Characteristic
Maximum Train Equipment Count,Characteristic
Make Train Indicator,Characteristic
Train Alternate Schedule Indicator,Characteristic
Station County,Characteristic
TSO 333,Characteristic
TSO Province State Code,Characteristic
DFO 333,Characteristic
DFO Province State Code,Characteristic
Chassis Type,Characteristic
Kingpin,Characteristic
ISO Car Kind,Characteristic
ISO Equipment Type,Characteristic
Lessee Abbreviation,Characteristic
Repair Responsibility Indicator,Characteristic
Balance Owed Indicator,Characteristic
Waybill EDI Code,Characteristic
Chassis Gate Event,Transportation Event
Event Account Code,Characteristic
Terminal Id,Characteristic
Parking Trackside Indicator,Characteristic
Lot Track Id,Characteristic
IPRO,System
AGS,System
Damage What Code,Characteristic
Damage Where Code,Characteristic
Damage Why Code,Characteristic
Responsibility,Characteristic
Text,Characteristic
Intra-Domain Shipment-SCHI,Shipment Composite
SCHI,Composite
SCHI Sequence Number,Identification Type
Fumigation Volume,Characteristic
Fumigation UOM,Characteristic
Fumigation Date,Characteristic
Disposal of Residue Instruction,Characteristic
Hazardous Waste Sequence Number,Identification Type
Hazardous Sequence Number,Characteristic
Hazardous Manifest Generator Name,Characteristic
Hazardous Manifest Generator Address,Characteristic
Hazardous Manifest Generator City Name,Characteristic
Hazardous Manifest Generator Province State,Characteristic
Hazardous Manifest Generator Postal Code,Characteristic
Facility Name,Characteristic
Facility Address,Characteristic
Facility State,Characteristic
Facility Postal Code,Characteristic
Facility City Name,Characteristic
Hazardous Manifest Telephone Number,Characteristic
Destination Facility Telephone Number,Characteristic
Hazardous Transporter Telephone Number,Characteristic
Hazardous Transporter Telephone Number 2,Characteristic
Hazardous Transporter Telephone Number 3,Characteristic
Hazardous Transporter Telephone Number 4,Characteristic
Facility Identifier,Characteristic
Hazardous Manifest Identifier,Characteristic
Hazardous Transportation Identifier,Characteristic
Hazardous Transportation Identifier 2,Characteristic
Hazardous Transportation Identifier 3,Characteristic
Hazardous Transportation Identifier 4,Characteristic
Transportation Company Name 1,Characteristic
Transportation Company Name 2,Characteristic
Transportation Company Name 3,Characteristic
Transportation Company Name 4,Characteristic
Hazardous Manifest Handling Instruction,Characteristic
Hazardous Waste Manifest Identifier,Characteristic
Peles Line Number,Characteristic
Peles Notice Number,Characteristic
Peles Schedule Arrival Date,Characteristic
Intra-Domain Shipment-Waste,Shipment Composite
Hazardous Waste,Composite
Intra-Domain Conveyor-Damage Details,Conveyor Composite
Damage Details,Composite
Damage Details iteration,Identification Type
First CN Origin Carrier Abbreviation,Characteristic
First CN Origin Station Number,Characteristic
Last CN Origin Carrier Abbreviation,Characteristic
Last CN Origin Station Number,Characteristic
Ingate Placard Code,Characteristic
Ingate Hazardous Declaration,Characteristic
Road At Junction Point 2,Characteristic
Last STCC Number,Characteristic
Conveyor Composite,Root
Move Plan,Route
Move Plan,Conveyor
Action,Characteristic
From Mode ,Characteristic
To Mode,Characteristic
Move Action,Characteristic
From Lot Track Id,Characteristic
From Railcar Initial,Characteristic
From Railcar Number,Characteristic
From Railcar Id,Characteristic
From Well,Characteristic
From Platform Code,Characteristic
From Platform Position Code,Characteristic
From Row,Characteristic
From Spot,Characteristic
From Carter SCAC,Characteristic
From Carter Number,Characteristic
To Lot Track Id,Characteristic
To Location Type,Characteristic
To Train Id,Characteristic
To Train Day,Characteristic
To Yard Block,Characteristic
To Railcar Initial,Characteristic
To Railcar Number,Characteristic
To Railcar Id,Characteristic
To Well,Characteristic
To Platform Code,Characteristic
To Platform Position Code,Characteristic
To Row,Characteristic
To Spot,Characteristic
To Carter SCAC,Characteristic
To Carter Number,Characteristic
Move Plan,Planned Event
ISO Country Code,Characteristic
Conveyor,Trip Plan
SRS-SS,System
Customer Goal Number,Characteristic
Customer Goal Type,Characteristic
Goal Cut Off Timestamp,Characteristic
Goal Total Hours,Characteristic
Goal Timestamp,Characteristic
Total Scheduled Minutes,Characteristic
Jeopardy Reason Code,Characteristic
Reschedule Reason Code,Characteristic
Destination ETA,Characteristic
Origin Service Yard 333,Characteristic
Origin Service Yard Province State Code,Characteristic
Destination Service Yard 333,Characteristic
Destination Service Yard Province State Code,Characteristic
Committed Total Goal Hours,Characteristic
Inter-BCD Trip Plan-Shipment,Association
Conveyor,Trip Plan Segment
Trip Plan Sequence Number,Characteristic
Trip Type Code,Characteristic
Schedule Event Timestamp,Characteristic
Estimated Event Timestamp,Characteristic
Actual Event Timestamp,Characteristic
Associated Equipment Initial,Characteristic
Associated Equipment Number,Characteristic
Yard Block Connection Indicator,Characteristic
Equipment Owner Type Code,Characteristic
Equipment Cycle Id,Characteristic
Plan Code,Characteristic
Order Confirmation Number,Characteristic
Grounded or Loaded Code,Characteristic
Well,Characteristic
Chassis Cycle Id,Characteristic
Event Station Province State Code,Characteristic
Current Terminal Carrier Abbreviation,Characteristic
Current Terminal FSAC,Characteristic
Current Terminal 333,Characteristic
Current Terminal Province State Code,Characteristic
Platform Position Sub Code,Characteristic
Trip Plan Segment,Root
Trip Plan,Root
Intra-Domain Conveyor-Stop Order,Conveyor Composite
Stop Order,Composite
Stop Order Timestamp,Identification Type
Cycle Identification,Characteristic
Event Code Override,Characteristic
Program Date,Characteristic
Program Time,Characteristic
Stop Order Authorization,Characteristic
Stop Order,Characteristic
Stop Timestamp,Characteristic
Note Event,Transportation Event
Effective Time,Characteristic
Note Timestamp,Characteristic
Notation,Characteristic
Cancel Date,Characteristic
Cancel Time,Characteristic
Cancel Reason,Characteristic
Pickup Number,Characteristic
Tier,Characteristic
Inter-BCD Container-Chassis,Association
Event Date Time UTC,Characteristic
Event Timestamp Time Zone Daylight Savings Code,Characteristic
Load Sheet Block/Hold,Characteristic
Cubic Feet Capacity,Characteristic
Actual Tank Capacity,Characteristic
Actual Tank Capacity UOM,Characteristic
Floor Type,Characteristic
Side Door Type,Characteristic
Side Door Width,Characteristic
Side Door Width UOM,Characteristic
Side Door Height,Characteristic
Side Door Height UOM,Characteristic
Plate Clearance Code,Characteristic
Goal Cut Off Tz Dst Cd,Characteristic
Goal Tz Dst Cd,Characteristic
Destination ETA Tz Dst Cd,Characteristic
Schedule Event Tz Dst Cd,Characteristic
Estimated Event Tz Dst Cd,Characteristic
Actual Event Tz Dst Cd,Characteristic
Status Indicator,Characteristic
Supply Code,Characteristic
Completion Flag,Characteristic
Locomotive Assigned Train Type,Characteristic
Locomotive Assigned Train Section,Characteristic
Locomotive Assigned Train Symbol,Characteristic
Locomotive Assigned Train Day,Characteristic
Locomotive Assigned Train ID,Characteristic
Locomotive Assigned Event Date,Characteristic
Locomotive Assigned Event Time,Characteristic
Locomotive Assigned Timestamp UTC,Characteristic
Locomotive Assigned Tz Dst Cd,Characteristic
Locomotive Assigned Station 333,Characteristic
Locomotive Assigned Station State,Characteristic
Locomotive Assigned Station Sequence Number,Characteristic
SRS-CM,System
Equipment Ownership,Characteristic
Rear Door Height,Characteristic
Rear Door Height UOM,Characteristic
Rear Door Width,Characteristic
Rear Door Width UOM,Characteristic
Last Responsible Road Abbreviation,Characteristic
Platform Tier,Characteristic
Check Digit,Characteristic
Cycle Id,Characteristic
Strip Placement,Characteristic
Plan Number,Characteristic
Transportation Service Office 333,Characteristic
Transportation Service Office Province State Code,Characteristic