schema_name,table_name,sor_tpic_nm
daas_tm_prepared,dh_cnvy_asct_char_domn_evt,qa.tm.raw.carCtnr.v1
daas_tm_prepared,dh_cnvy_asct_char,qa.tm.raw.carCtnr.v1
daas_tm_prepared,dh_cnvy_asct_domn_evt,qa.tm.raw.carInvImdl.v1
daas_tm_prepared,dh_cnvy_asct_char_domn_evt,qa.tm.raw.carInvImdl.v1
daas_tm_prepared,dh_cnvy_asct,qa.tm.raw.carInvImdl.v1
daas_tm_prepared,dh_cnvy_asct_char,qa.tm.raw.carInvImdl.v1
daas_tm_prepared,dh_cnvy_asct_domn_evt,qa.tm.raw.indsInsn.v1
daas_tm_prepared,dh_plan_evt_char_domn_evt,qa.tm.raw.indsInsn.v1
daas_tm_prepared,dh_plan_evt_domn_evt,qa.tm.raw.indsInsn.v1
daas_tm_prepared,dh_cnvy_asct,qa.tm.raw.indsInsn.v1
daas_tm_prepared,dh_plan_evt_char,qa.tm.raw.indsInsn.v1
daas_tm_prepared,dh_plan_evt,qa.tm.raw.indsInsn.v1
daas_tm_prepared,dh_cnvy_domn_evt,qa.tm.raw.srs.gateEvts.v2
daas_tm_prepared,dh_cnvy_asct_domn_evt,qa.tm.raw.srs.gateEvts.v2
daas_tm_prepared,dh_cnvy_char_domn_evt,qa.tm.raw.srs.gateEvts.v2
daas_tm_prepared,dh_trsp_evt_asct_domn_evt,qa.tm.raw.srs.gateEvts.v2
daas_tm_prepared,dh_trsp_evt_asct_char_domn_evt,qa.tm.raw.srs.gateEvts.v2
daas_tm_prepared,dh_trsp_evt_char,qa.tm.raw.srs.gateEvts.v2
daas_tm_prepared,dh_trsp_evt_char_domn_evt,qa.tm.raw.srs.gateEvts.v2
daas_tm_prepared,dh_trsp_evt_domn_evt,qa.tm.raw.srs.gateEvts.v2
daas_tm_prepared,dh_cnvy,qa.tm.raw.srs.gateEvts.v2
daas_tm_prepared,dh_cnvy_asct,qa.tm.raw.srs.gateEvts.v2
daas_tm_prepared,dh_cnvy_char,qa.tm.raw.srs.gateEvts.v2
daas_tm_prepared,dh_trsp_evt_asct,qa.tm.raw.srs.gateEvts.v2
daas_tm_prepared,dh_trsp_evt_char,qa.tm.raw.srs.gateEvts.v2
daas_tm_prepared,dh_trsp_evt,qa.tm.raw.srs.gateEvts.v2
daas_tm_prepared,dh_aset_asct_char_domn_evt,qa.tm.raw.srs.trnConsist.v2
daas_tm_prepared,dh_aset_asct_domn_evt,qa.tm.raw.srs.trnConsist.v2
daas_tm_prepared,dh_cnvy_asct_char_domn_evt,qa.tm.raw.srs.trnConsist.v2
daas_tm_prepared,dh_cnvy_asct_domn_evt,qa.tm.raw.srs.trnConsist.v2
daas_tm_prepared,dh_plan_evt_char_domn_evt,qa.tm.raw.srs.trnConsist.v2
daas_tm_prepared,dh_plan_evt_domn_evt,qa.tm.raw.srs.trnConsist.v2
daas_tm_prepared,dh_aset_asct_char,qa.tm.raw.srs.trnConsist.v2
daas_tm_prepared,dh_aset_asct,qa.tm.raw.srs.trnConsist.v2
daas_tm_prepared,dh_cnvy_asct_char,qa.tm.raw.srs.trnConsist.v2
daas_tm_prepared,dh_cnvy_asct,qa.tm.raw.srs.trnConsist.v2
daas_tm_prepared,dh_plan_evt_char,qa.tm.raw.srs.trnConsist.v2
daas_tm_prepared,dh_plan_evt,qa.tm.raw.srs.trnConsist.v2
daas_tm_prepared,dh_plan_evt_char_domn_evt,qa.tm.raw.srs.trnETAETD.v2
daas_tm_prepared,dh_rte_char_domn_evt,qa.tm.raw.srs.trnETAETD.v2
daas_tm_prepared,dh_rte_char,qa.tm.raw.srs.trnETAETD.v2
daas_tm_prepared,dh_plan_evt_char,qa.tm.raw.srs.trnETAETD.v2
daas_tm_prepared,dh_aset_asct_char_domn_evt,qa.tm.raw.srs.trnReporting.v3
daas_tm_prepared,dh_aset_asct_domn_evt,qa.tm.raw.srs.trnReporting.v3
daas_tm_prepared,dh_aset_char_domn_evt,qa.tm.raw.srs.trnReporting.v3
daas_tm_prepared,dh_cnvy_asct_char_domn_evt,qa.tm.raw.srs.trnReporting.v3
daas_tm_prepared,dh_cnvy_asct_domn_evt,qa.tm.raw.srs.trnReporting.v3
daas_tm_prepared,dh_trsp_evt_char_domn_evt,qa.tm.raw.srs.trnReporting.v3
daas_tm_prepared,dh_trsp_evt_domn_evt,qa.tm.raw.srs.trnReporting.v3
daas_tm_prepared,dh_aset_asct_char,qa.tm.raw.srs.trnReporting.v3
daas_tm_prepared,dh_aset_asct,qa.tm.raw.srs.trnReporting.v3
daas_tm_prepared,dh_aset_char,qa.tm.raw.srs.trnReporting.v3
daas_tm_prepared,dh_cnvy_asct_char,qa.tm.raw.srs.trnReporting.v3
daas_tm_prepared,dh_cnvy_asct,qa.tm.raw.srs.trnReporting.v3
daas_tm_prepared,dh_trsp_evt_char,qa.tm.raw.srs.trnReporting.v3
daas_tm_prepared,dh_cnvy_cond_domn_evt,qa.tm.raw.srs.trnReporting.v3
daas_tm_prepared,dh_cnvy_cond,qa.tm.raw.srs.trnReporting.v3
daas_tm_prepared,dh_trsp_evt,qa.tm.raw.srs.trnReporting.v3
daas_tm_prepared,dh_cnvy_domn_evt,qa.tm.raw.srs.trnScheduleActive.v2
daas_tm_prepared,dh_cnvy_asct_domn_evt,qa.tm.raw.srs.trnScheduleActive.v2
daas_tm_prepared,dh_cnvy_char_domn_evt,qa.tm.raw.srs.trnScheduleActive.v2
daas_tm_prepared,dh_loc_asct_char_domn_evt,qa.tm.raw.srs.trnScheduleActive.v2
daas_tm_prepared,dh_loc_asct_domn_evt,qa.tm.raw.srs.trnScheduleActive.v2
daas_tm_prepared,dh_plan_evt_asct_domn_evt,qa.tm.raw.srs.trnScheduleActive.v2
daas_tm_prepared,dh_plan_evt_char_domn_evt,qa.tm.raw.srs.trnScheduleActive.v2
daas_tm_prepared,dh_plan_evt_domn_evt,qa.tm.raw.srs.trnScheduleActive.v2
daas_tm_prepared,dh_rte_domn_evt,qa.tm.raw.srs.trnScheduleActive.v2
daas_tm_prepared,dh_rte_char_domn_evt,qa.tm.raw.srs.trnScheduleActive.v2
daas_tm_prepared,dh_cnvy,qa.tm.raw.srs.trnScheduleActive.v2
daas_tm_prepared,dh_cnvy_asct,qa.tm.raw.srs.trnScheduleActive.v2
daas_tm_prepared,dh_cnvy_char,qa.tm.raw.srs.trnScheduleActive.v2
daas_tm_prepared,dh_loc_asct_char,qa.tm.raw.srs.trnScheduleActive.v2
daas_tm_prepared,dh_loc_asct,qa.tm.raw.srs.trnScheduleActive.v2
daas_tm_prepared,dh_plan_evt_asct,qa.tm.raw.srs.trnScheduleActive.v2
daas_tm_prepared,dh_plan_evt_char,qa.tm.raw.srs.trnScheduleActive.v2
daas_tm_prepared,dh_plan_evt,qa.tm.raw.srs.trnScheduleActive.v2
daas_tm_prepared,dh_rte,qa.tm.raw.srs.trnScheduleActive.v2
daas_tm_prepared,dh_rte_char,qa.tm.raw.srs.trnScheduleActive.v2
daas_tm_prepared,dh_cnvy_char_domn_evt,qa.tm.raw.srs.yardEvent.v3
daas_tm_prepared,dh_trsp_evt_asct_char_domn_evt,qa.tm.raw.srs.yardEvent.v3
daas_tm_prepared,dh_trsp_evt_asct_domn_evt,qa.tm.raw.srs.yardEvent.v3
daas_tm_prepared,dh_trsp_evt_char_domn_evt,qa.tm.raw.srs.yardEvent.v3
daas_tm_prepared,dh_trsp_evt_domn_evt,qa.tm.raw.srs.yardEvent.v3
daas_tm_prepared,dh_cnvy_char,qa.tm.raw.srs.yardEvent.v3
daas_tm_prepared,dh_trsp_evt_asct_char,qa.tm.raw.srs.yardEvent.v3
daas_tm_prepared,dh_trsp_evt_asct,qa.tm.raw.srs.yardEvent.v3
daas_tm_prepared,dh_trsp_evt_char,qa.tm.raw.srs.yardEvent.v3
daas_tm_prepared,dh_trsp_evt,qa.tm.raw.srs.yardEvent.v3
daas_tm_prepared,dh_rte_domn_evt,qa.tm.raw.voyage.v1
daas_tm_prepared,dh_rte_char_domn_evt,qa.tm.raw.voyage.v1
daas_tm_prepared,dh_rte,qa.tm.raw.voyage.v1
daas_tm_prepared,dh_rte_char,qa.tm.raw.voyage.v1
daas_tm_prepared,dh_cnvy_cond_domn_evt,stg.tm.raw.srs.carInventory.v2
daas_tm_prepared,dh_cnvy_char_domn_evt,stg.tm.raw.srs.carInventory.v2
daas_tm_prepared,dh_ship_asct_domn_evt,stg.tm.raw.srs.carInventory.v2
daas_tm_prepared,dh_ship_asct_char_domn_evt,stg.tm.raw.srs.carInventory.v2
daas_tm_prepared,dh_trsp_evt_asct_char_domn_evt,stg.tm.raw.srs.carInventory.v2
daas_tm_prepared,dh_trsp_evt_asct_domn_evt,stg.tm.raw.srs.carInventory.v2
daas_tm_prepared,dh_trsp_evt_char_domn_evt,stg.tm.raw.srs.carInventory.v2
daas_tm_prepared,dh_trsp_evt_domn_evt,stg.tm.raw.srs.carInventory.v2
daas_tm_prepared,dh_cnvy_cond,stg.tm.raw.srs.carInventory.v2
daas_tm_prepared,dh_cnvy_char,stg.tm.raw.srs.carInventory.v2
daas_tm_prepared,dh_ship_asct,stg.tm.raw.srs.carInventory.v2
daas_tm_prepared,dh_ship_asct_char,stg.tm.raw.srs.carInventory.v2
daas_tm_prepared,dh_trsp_evt_asct_char,stg.tm.raw.srs.carInventory.v2
daas_tm_prepared,dh_trsp_evt_asct,stg.tm.raw.srs.carInventory.v2
daas_tm_prepared,dh_trsp_evt_char,stg.tm.raw.srs.carInventory.v2
daas_tm_prepared,dh_trsp_evt,stg.tm.raw.srs.carInventory.v2
daas_tm_prepared,dh_ship_asct_domn_evt,stg.tm.raw.srs.wayBill.v3
daas_tm_prepared,dh_ship_char_domn_evt,stg.tm.raw.srs.wayBill.v3
daas_tm_prepared,dh_ship_cond_domn_evt,stg.tm.raw.srs.wayBill.v3
daas_tm_prepared,dh_ship_domn_evt,stg.tm.raw.srs.wayBill.v3
daas_tm_prepared,dh_cnvy_char_domn_evt,stg.tm.raw.srs.wayBill.v3
daas_tm_prepared,dh_cnvy_domn_evt,stg.tm.raw.srs.wayBill.v3
daas_tm_prepared,dh_ship_asct,stg.tm.raw.srs.wayBill.v3
daas_tm_prepared,dh_ship_char,stg.tm.raw.srs.wayBill.v3
daas_tm_prepared,dh_ship_cond,stg.tm.raw.srs.wayBill.v3
daas_tm_prepared,dh_ship,stg.tm.raw.srs.wayBill.v3
daas_tm_prepared,dh_cnvy_char,stg.tm.raw.srs.wayBill.v3
daas_tm_prepared,dh_cnvy,stg.tm.raw.srs.wayBill.v3
daas_tm_prepared,dh_ship_cmp_domn_evt,stg.tm.raw.srs.wayBill.v3
daas_tm_prepared,dh_ship_cmp_char_domn_evt,stg.tm.raw.srs.wayBill.v3
daas_tm_prepared,dh_ship_cmp,stg.tm.raw.srs.wayBill.v3
daas_tm_prepared,dh_ship_cmp_char,stg.tm.raw.srs.wayBill.v3
daas_tm_prepared,dh_bus_prtr_domn_evt,qa.tm.raw.imMtrCarr.v1
daas_tm_prepared,dh_bus_prtr_cond_domn_evt,qa.tm.raw.imMtrCarr.v1
daas_tm_prepared,dh_bus_prtr_char_domn_evt,qa.tm.raw.imMtrCarr.v1
daas_tm_prepared,dh_bus_prtr,qa.tm.raw.imMtrCarr.v1
daas_tm_prepared,dh_bus_prtr_cond,qa.tm.raw.imMtrCarr.v1
daas_tm_prepared,dh_bus_prtr_char,qa.tm.raw.imMtrCarr.v1
daas_tm_prepared,dh_cnvy_domn_evt,qa.tm.raw.vessel.v1
daas_tm_prepared,dh_cnvy_char_domn_evt,qa.tm.raw.vessel.v1
daas_tm_prepared,dh_cnvy,qa.tm.raw.vessel.v1
daas_tm_prepared,dh_cnvy_char,qa.tm.raw.vessel.v1
daas_tm_prepared,dh_cnvy_cond_domn_evt,qa.tm.raw.imBadOrder.v1
daas_tm_prepared,dh_cnvy_cond,qa.tm.raw.imBadOrder.v1
daas_tm_prepared,dh_plan_evt_domn_evt,qa.tm.raw.voyageSeg.v1
daas_tm_prepared,dh_plan_evt_char_domn_evt,qa.tm.raw.voyageSeg.v1
daas_tm_prepared,dh_plan_evt_asct_domn_evt,qa.tm.raw.voyageSeg.v1
daas_tm_prepared,dh_loc_asct_domn_evt,qa.tm.raw.voyageSeg.v1
daas_tm_prepared,dh_cnvy_asct_domn_evt,qa.tm.raw.voyageSeg.v1
daas_tm_prepared,dh_cnvy_asct_char_domn_evt,qa.tm.raw.voyageSeg.v1
daas_tm_prepared,dh_plan_evt,qa.tm.raw.voyageSeg.v1
daas_tm_prepared,dh_plan_evt_char,qa.tm.raw.voyageSeg.v1
daas_tm_prepared,dh_plan_evt_asct,qa.tm.raw.voyageSeg.v1
daas_tm_prepared,dh_loc_asct,qa.tm.raw.voyageSeg.v1
daas_tm_prepared,dh_cnvy_asct,qa.tm.raw.voyageSeg.v1
daas_tm_prepared,dh_cnvy_asct_char,qa.tm.raw.voyageSeg.v1
daas_tm_prepared,dh_bus_prtr_domn_evt,qa.tm.raw.portStnInfo.v1
daas_tm_prepared,dh_bus_prtr_char_domn_evt,qa.tm.raw.portStnInfo.v1
daas_tm_prepared,dh_loc_asct_domn_evt,qa.tm.raw.portStnInfo.v1
daas_tm_prepared,dh_loc_asct_char_domn_evt,qa.tm.raw.portStnInfo.v1
daas_tm_prepared,dh_bus_prtr,qa.tm.raw.portStnInfo.v1
daas_tm_prepared,dh_bus_prtr_char,qa.tm.raw.portStnInfo.v1
daas_tm_prepared,dh_loc_asct,qa.tm.raw.portStnInfo.v1
daas_tm_prepared,dh_loc_asct_char,qa.tm.raw.portStnInfo.v1
daas_tm_prepared,dh_ship_char_domn_evt,qa.tm.raw.waybill-reference.v1
daas_tm_prepared,dh_ship_char,qa.tm.raw.waybill-reference.v1
daas_tm_prepared,dh_cnvy_cond_domn_evt,qa.supply-chain.intermodal-storage.raw.v1
daas_tm_prepared,dh_cnvy_cond,qa.supply-chain.intermodal-storage.raw.v1
daas_tm_prepared,dh_ship_cmp_domn_evt,qa.tm.raw.waybill-city-customer.v1
daas_tm_prepared,dh_ship_cmp_char_domn_evt,qa.tm.raw.waybill-city-customer.v1
daas_tm_prepared,dh_ship_cmp,qa.tm.raw.waybill-city-customer.v1
daas_tm_prepared,dh_ship_cmp_char,qa.tm.raw.waybill-city-customer.v1
daas_tm_prepared,dh_ship_cmp_domn_evt,qa.tm.raw.waybill-seal.v1
daas_tm_prepared,dh_ship_cmp_char_domn_evt,qa.tm.raw.waybill-seal.v1
daas_tm_prepared,dh_ship_cmp,qa.tm.raw.waybill-seal.v1
daas_tm_prepared,dh_ship_cmp_char,qa.tm.raw.waybill-seal.v1
daas_tm_prepared,dh_ship_cmp_domn_evt,qa.tm.raw.waybill-vessel.v1
daas_tm_prepared,dh_ship_cmp_char_domn_evt,qa.tm.raw.waybill-vessel.v1
daas_tm_prepared,dh_ship_cmp,qa.tm.raw.waybill-vessel.v1
daas_tm_prepared,dh_ship_cmp_char,qa.tm.raw.waybill-vessel.v1
daas_tm_prepared,dh_ship_cmp_domn_evt,qa.tm.raw.waybill-stop.v1
daas_tm_prepared,dh_ship_cmp_char_domn_evt,qa.tm.raw.waybill-stop.v1
daas_tm_prepared,dh_ship_cmp,qa.tm.raw.waybill-stop.v1
daas_tm_prepared,dh_ship_cmp_char,qa.tm.raw.waybill-stop.v1
daas_tm_prepared,dh_aset_cond_domn_evt,qa.transportation.locomotive-position.raw.v1
daas_tm_prepared,dh_aset_cond,qa.transportation.locomotive-position.raw.v1
daas_tm_prepared,dh_aset_domn_evt,qa.transportation.locomotive-inventory.raw.v1
daas_tm_prepared,dh_aset,qa.transportation.locomotive-inventory.raw.v1
daas_tm_prepared,dh_aset_cond,qa.transportation.locomotive-inventory.raw.v1
daas_tm_prepared,dh_aset_cond_domn_evt,qa.transportation.locomotive-inventory.raw.v1
daas_tm_prepared,dh_aset_char_domn_evt,qa.transportation.locomotive-inventory.raw.v1
daas_tm_prepared,dh_aset_char,qa.transportation.locomotive-inventory.raw.v1
daas_tm_prepared,dh_aset_asct,qa.transportation.locomotive-inventory.raw.v1
daas_tm_prepared,dh_aset_asct_domn_evt,qa.transportation.locomotive-inventory.raw.v1
daas_tm_prepared,dh_aset_asct_char,qa.transportation.locomotive-inventory.raw.v1
daas_tm_prepared,dh_aset_asct_char_domn_evt,qa.transportation.locomotive-inventory.raw.v1
daas_tm_prepared,dh_trsp_evt,qa.transportation.locomotive-inventory.raw.v1
daas_tm_prepared,dh_trsp_evt_domn_evt,qa.transportation.locomotive-inventory.raw.v1
daas_tm_prepared,dh_trsp_evt_char,qa.transportation.locomotive-inventory.raw.v1
daas_tm_prepared,dh_trsp_evt_char_domn_evt,qa.transportation.locomotive-inventory.raw.v1
daas_tm_prepared,dh_trsp_evt_asct,qa.transportation.locomotive-inventory.raw.v1
daas_tm_prepared,dh_trsp_evt_asct_domn_evt,qa.transportation.locomotive-inventory.raw.v1
daas_tm_prepared,dh_trsp_evt_asct_char,qa.transportation.locomotive-inventory.raw.v1
daas_tm_prepared,dh_trsp_evt_asct_char_domn_evt,qa.transportation.locomotive-inventory.raw.v1
daas_tm_prepared,dh_aset_cond,qa.transportation.locomotive-inventory.raw.v1
daas_tm_prepared,dh_aset_cond_domn_evt,qa.transportation.locomotive-inventory.raw.v1
daas_tm_prepared,dh_trsp_evt,qa.transportation.locomotive-inventory.raw.v1
daas_tm_prepared,dh_trsp_evt_domn_evt,qa.transportation.locomotive-inventory.raw.v1
daas_tm_prepared,dh_trsp_evt_char,qa.transportation.locomotive-inventory.raw.v1
daas_tm_prepared,dh_trsp_evt_char_domn_evt,qa.transportation.locomotive-inventory.raw.v1
daas_tm_prepared,dh_trsp_evt_asct,qa.transportation.locomotive-inventory.raw.v1
daas_tm_prepared,dh_trsp_evt_asct_domn_evt,qa.transportation.locomotive-inventory.raw.v1
daas_tm_prepared,dh_trsp_evt_asct_char,qa.transportation.locomotive-inventory.raw.v1
daas_tm_prepared,dh_trsp_evt_asct_char_domn_evt,qa.transportation.locomotive-inventory.raw.v1
daas_tm_prepared,dh_cnvy_char,qa.transportation.system-equipment-extracted.raw.v1
daas_tm_prepared,dh_cnvy_char_domn_evt,qa.transportation.system-equipment-extracted.raw.v1
daas_tm_prepared,dh_cnvy,qa.transportation.system-equipment-extracted.raw.v1
daas_tm_prepared,dh_cnvy_domn_evt,qa.transportation.system-equipment-extracted.raw.v1
daas_tm_prepared,dh_loc_domn_evt,qa.tm.raw.carrFgnStn.v1
daas_tm_prepared,dh_loc,qa.tm.raw.carrFgnStn.v1
daas_tm_prepared,dh_loc_char_domn_evt,qa.tm.raw.carrFgnStn.v1
daas_tm_prepared,dh_loc_char,qa.tm.raw.carrFgnStn.v1
daas_tm_prepared,dh_loc_asct_domn_evt,qa.tm.raw.carrFgnStn.v1
daas_tm_prepared,dh_loc_asct,qa.tm.raw.carrFgnStn.v1
daas_tm_prepared,dh_bus_prtr_domn_evt,qa.tm.raw.cust.v1
daas_tm_prepared,dh_bus_prtr_cond_domn_evt,qa.tm.raw.cust.v1
daas_tm_prepared,dh_bus_prtr_char_domn_evt,qa.tm.raw.cust.v1
daas_tm_prepared,dh_bus_prtr_asct_domn_evt,qa.tm.raw.cust.v1
daas_tm_prepared,dh_bus_prtr,qa.tm.raw.cust.v1
daas_tm_prepared,dh_bus_prtr_cond,qa.tm.raw.cust.v1
daas_tm_prepared,dh_bus_prtr_char,qa.tm.raw.cust.v1
daas_tm_prepared,dh_bus_prtr_asct,qa.tm.raw.cust.v1
daas_tm_prepared,dh_cnvy_cond_domn_evt,qa.tm.raw.currInvEvt.v1
daas_tm_prepared,dh_ship_asct_domn_evt,qa.tm.raw.currInvEvt.v1
daas_tm_prepared,dh_ship_asct_char_domn_evt,qa.tm.raw.currInvEvt.v1
daas_tm_prepared,dh_trsp_evt_domn_evt,qa.tm.raw.currInvEvt.v1
daas_tm_prepared,dh_trsp_evt_char_domn_evt,qa.tm.raw.currInvEvt.v1
daas_tm_prepared,dh_trsp_evt_asct_domn_evt,qa.tm.raw.currInvEvt.v1
daas_tm_prepared,dh_cnvy_cond,qa.tm.raw.currInvEvt.v1
daas_tm_prepared,dh_ship_asct,qa.tm.raw.currInvEvt.v1
daas_tm_prepared,dh_ship_asct_char,qa.tm.raw.currInvEvt.v1
daas_tm_prepared,dh_trsp_evt,qa.tm.raw.currInvEvt.v1
daas_tm_prepared,dh_trsp_evt_char,qa.tm.raw.currInvEvt.v1
daas_tm_prepared,dh_cnvy_cmp,qa.tm.raw.currInvEvt.v1
daas_tm_prepared,dh_cnvy_cmp_char,qa.tm.raw.currInvEvt.v1
daas_tm_prepared,dh_cnvy_cmp_domn_evt,qa.tm.raw.currInvEvt.v1
daas_tm_prepared,dh_cnvy_cmp_char_domn_evt,qa.tm.raw.currInvEvt.v1
daas_tm_prepared,dh_cnvy_asct,qa.tm.raw.currInvEvt.v1
daas_tm_prepared,dh_plan_evt_char,qa.tm.raw.currInvEvt.v1
daas_tm_prepared,dh_plan_evt,qa.tm.raw.currInvEvt.v1
daas_tm_prepared,dh_cnvy_asct_domn_evt,qa.tm.raw.currInvEvt.v1
daas_tm_prepared,dh_plan_evt_char_domn_evt,qa.tm.raw.currInvEvt.v1
daas_tm_prepared,dh_plan_evt_domn_evt,qa.tm.raw.currInvEvt.v1
daas_tm_prepared,dh_trsp_evt_asct,qa.tm.raw.currInvEvt.v1
daas_tm_prepared,dh_cmdy_domn_evt,qa.transportation.commodity.raw.v1
daas_tm_prepared,dh_cmdy_char_domn_evt,qa.transportation.commodity.raw.v1
daas_tm_prepared,dh_cmdy_cond_domn_evt,qa.transportation.commodity.raw.v1
daas_tm_prepared,dh_cmdy,qa.transportation.commodity.raw.v1
daas_tm_prepared,dh_cmdy_char,qa.transportation.commodity.raw.v1
daas_tm_prepared,dh_cmdy_cond,qa.transportation.commodity.raw.v1
daas_tm_prepared,dh_cnvy_domn_evt,qa.transportation.umler.raw.v1
daas_tm_prepared,dh_cnvy_char_domn_evt,qa.transportation.umler.raw.v1
daas_tm_prepared,dh_cnvy,qa.transportation.umler.raw.v1
daas_tm_prepared,dh_cnvy_char,qa.transportation.umler.raw.v1
daas_tm_prepared,dh_cnvy_cond_domn_evt,qa.transportation.umler.raw.v1
daas_tm_prepared,dh_cnvy_cond,qa.transportation.umler.raw.v1
daas_tm_prepared,dh_cnvy_asct_domn_evt,qa.transportation.umler.raw.v1
daas_tm_prepared,dh_cnvy_asct,qa.transportation.umler.raw.v1
daas_tm_prepared,dh_cnvy_asct_char,qa.transportation.umler.raw.v1
daas_tm_prepared,dh_cnvy_asct_char_domn_evt,qa.transportation.umler.raw.v1
daas_tm_prepared,dh_trsp_evt,qa.transportation.umler.raw.v1
daas_tm_prepared,dh_trsp_evt_domn_evt,qa.transportation.umler.raw.v1
daas_tm_prepared,dh_trsp_evt_char,qa.transportation.umler.raw.v1
daas_tm_prepared,dh_trsp_evt_char_domn_evt,qa.transportation.umler.raw.v1
daas_tm_prepared,dh_trsp_evt_asct,qa.transportation.umler.raw.v1
daas_tm_prepared,dh_trsp_evt_asct_domn_evt,qa.transportation.umler.raw.v1
daas_tm_prepared,dh_trsp_evt_asct_char,qa.transportation.umler.raw.v1
daas_tm_prepared,dh_trsp_evt_asct_char_domn_evt,qa.transportation.umler.raw.v1
daas_tm_prepared,dh_ship_asct,qa.transportation.umler.raw.v1
daas_tm_prepared,dh_ship_asct_domn_evt,qa.transportation.umler.raw.v1
daas_tm_prepared,dh_ship_asct_char,qa.transportation.umler.raw.v1
daas_tm_prepared,dh_ship_asct_char_domn_evt,qa.transportation.umler.raw.v1
daas_tm_prepared,dh_loc_domn_evt,qa.transportation.station-master.raw.v1
daas_tm_prepared,dh_loc,qa.transportation.station-master.raw.v1
daas_tm_prepared,dh_loc_char_domn_evt,qa.transportation.station-master.raw.v1
daas_tm_prepared,dh_loc_char,qa.transportation.station-master.raw.v1
daas_tm_prepared,dh_loc_asct_domn_evt,qa.transportation.station-master.raw.v1
daas_tm_prepared,dh_loc_asct,qa.transportation.station-master.raw.v1
daas_tm_prepared,dh_loc_cond_domn_evt,qa.transportation.station-master.raw.v1
daas_tm_prepared,dh_loc_cond,qa.transportation.station-master.raw.v1
daas_tm_prepared,dh_cmdy_char,qa.transportation.hazardous-commodity.raw.v1 
daas_tm_prepared,dh_cmdy_char_domn_evt,qa.transportation.hazardous-commodity.raw.v1 
daas_tm_prepared,dh_ship_asct_char_domn_evt,qa.tm.raw.waybill-lading.v1
daas_tm_prepared,dh_ship_asct_char,qa.tm.raw.waybill-lading.v1
daas_tm_prepared,dh_ship_asct_domn_evt,qa.tm.raw.waybill-lading.v1
daas_tm_prepared,dh_ship_asct,qa.tm.raw.waybill-lading.v1
daas_tm_prepared,dh_ship_cmp_domn_evt,qa.tm.raw.waybill-reference.v1
daas_tm_prepared,dh_ship_cmp,qa.tm.raw.waybill-reference.v1
daas_tm_prepared,dh_ship_cmp_char_domn_evt,qa.tm.raw.waybill-reference.v1
daas_tm_prepared,dh_ship_cmp_char,qa.tm.raw.waybill-reference.v1
daas_tm_prepared,dh_cnvy_char,qa.transportation.non-system-equipment-extracted.raw.v1
daas_tm_prepared,dh_cnvy_char_domn_evt,qa.transportation.non-system-equipment-extracted.raw.v1
daas_tm_prepared,dh_cnvy,qa.transportation.non-system-equipment-extracted.raw.v1
daas_tm_prepared,dh_cnvy_domn_evt,qa.transportation.non-system-equipment-extracted.raw.v1
daas_tm_prepared,dh_cnvy_cond_domn_evt,qa.transportation.storage-charge.raw.v1
daas_tm_prepared,dh_cnvy_cond,qa.transportation.storage-charge.raw.v1
daas_tm_prepared,dh_cnvy_cond_domn_evt,qa.tm.raw.unit-location-updated.v1
daas_tm_prepared,dh_cnvy_cond,qa.tm.raw.unit-location-updated.v1
daas_tm_prepared,dh_ship_cmp_domn_evt,qa.transportation.waybill-special-condition-codes.raw.v1
daas_tm_prepared,dh_ship_cmp_char_domn_evt,qa.transportation.waybill-special-condition-codes.raw.v1
daas_tm_prepared,dh_ship_cmp,qa.transportation.waybill-special-condition-codes.raw.v1
daas_tm_prepared,dh_ship_cmp_char,qa.transportation.waybill-special-condition-codes.raw.v1
daas_tm_prepared,dh_ship_cmp_char,qa.transportation.waybill-fumigation.raw.v1
daas_tm_prepared,dh_ship_cmp_char_domn_evt,qa.transportation.waybill-fumigation.raw.v1
daas_tm_prepared,dh_cnvy_cmp,qa.transportation.in-gate-request.raw.v1
daas_tm_prepared,dh_cnvy_cmp_char,qa.transportation.in-gate-request.raw.v1
daas_tm_prepared,dh_cnvy_cmp_domn_evt,qa.transportation.in-gate-request.raw.v1
daas_tm_prepared,dh_cnvy_cmp_char_domn_evt,qa.transportation.in-gate-request.raw.v1
daas_tm_prepared,dh_wb_haz_mat_note,qa.transportation.waybill-hazardous-material-note.raw.v1
daas_tm_prepared,dh_wb_haz_mat_dsc,qa.transportation.waybill-hazardous-material-description.raw.v1
daas_tm_prepared,dh_wb_haz_wast_info,qa.transportation.waybill-hazardous-waste-information.raw.v1
daas_tm_prepared,dh_cnvy_asct_domn_evt,qa.tm.raw.unit-move-plan.v1
daas_tm_prepared,dh_cnvy_asct,qa.tm.raw.unit-move-plan.v1
daas_tm_prepared,dh_plan_evt_char_domn_evt,qa.tm.raw.unit-move-plan.v1
daas_tm_prepared,dh_plan_evt_char,qa.tm.raw.unit-move-plan.v1
daas_tm_prepared,dh_plan_evt_domn_evt,qa.tm.raw.unit-move-plan.v1
daas_tm_prepared,dh_plan_evt,qa.tm.raw.unit-move-plan.v1
daas_tm_prepared,dh_tpln_asct_domn_evt,qa.tm.raw.srs.trpPlan.v2
daas_tm_prepared,dh_tpln_asct,qa.tm.raw.srs.trpPlan.v2
daas_tm_prepared,dh_tpln_domn_evt,qa.tm.raw.srs.trpPlan.v2
daas_tm_prepared,dh_tpln,qa.tm.raw.srs.trpPlan.v2
daas_tm_prepared,dh_tpln_char_domn_evt,qa.tm.raw.srs.trpPlan.v2
daas_tm_prepared,dh_tpln_char,qa.tm.raw.srs.trpPlan.v2
daas_tm_prepared,dh_tpln_seg_domn_evt,qa.tm.raw.srs.trpPlan.v2
daas_tm_prepared,dh_tpln_seg,qa.tm.raw.srs.trpPlan.v2
daas_tm_prepared,dh_tpln_seg_char_domn_evt,qa.tm.raw.srs.trpPlan.v2
daas_tm_prepared,dh_tpln_seg_char,qa.tm.raw.srs.trpPlan.v2
daas_tm_prepared,dh_cnvy_cond_domn_evt,qa.tm.raw.srs.yardEvent.v3
daas_tm_prepared,dh_cnvy_cond,qa.tm.raw.srs.yardEvent.v3
daas_tm_prepared,dh_cnvy_cmp_domn_evt,qa.transportation.stop-order.raw.v1
daas_tm_prepared,dh_cnvy_cmp,qa.transportation.stop-order.raw.v1
daas_tm_prepared,dh_cnvy_cmp_char_domn_evt,qa.transportation.stop-order.raw.v1
daas_tm_prepared,dh_cnvy_cmp_char,qa.transportation.stop-order.raw.v1
daas_tm_prepared,dh_cnvy_asct_domn_evt,qa.tm.raw.srs.yardevent.v3
daas_tm_prepared,dh_cnvy_asct,qa.tm.raw.srs.yardevent.v3
daas_tm_prepared,dh_cnvy_asct_domn_evt,qa.transportation.unit-location-updated.raw.v1
daas_tm_prepared,dh_cnvy_asct,qa.transportation.unit-location-updated.raw.v1
daas_tm_prepared,dh_bus_prtr_char_domn_evt,qa.transportation.equipment-owner.raw.v1
daas_tm_prepared,dh_bus_prtr_char,qa.transportation.equipment-owner.raw.v1
daas_tm_prepared,dh_trsp_evt_domn_evt,qa.transportation.event-notation.raw.v1
daas_tm_prepared,dh_trsp_evt,qa.transportation.event-notation.raw.v1
daas_tm_prepared,dh_trsp_evt_char_domn_evt,qa.transportation.event-notation.raw.v1
daas_tm_prepared,dh_trsp_evt_char,qa.transportation.event-notation.raw.v1
daas_tm_prepared,dh_trsp_evt_asct_domn_evt,qa.transportation.event-notation.raw.v1
daas_tm_prepared,dh_trsp_evt_asct,qa.transportation.event-notation.raw.v1