schema_name,table_name,sor_tpic_nm
daas_tm_prepared,dh_cnvy_asct_char_domn_evt,prd.tm.raw.carCtnr.v1
daas_tm_prepared,dh_cnvy_asct_char,prd.tm.raw.carCtnr.v1
daas_tm_prepared,dh_cnvy_asct_domn_evt,prd.tm.raw.carInvImdl.v1
daas_tm_prepared,dh_cnvy_asct_char_domn_evt,prd.tm.raw.carInvImdl.v1
daas_tm_prepared,dh_cnvy_asct,prd.tm.raw.carInvImdl.v1
daas_tm_prepared,dh_cnvy_asct_char,prd.tm.raw.carInvImdl.v1
daas_tm_prepared,dh_cnvy_asct_domn_evt,prd.tm.raw.indsInsn.v1
daas_tm_prepared,dh_plan_evt_char_domn_evt,prd.tm.raw.indsInsn.v1
daas_tm_prepared,dh_plan_evt_domn_evt,prd.tm.raw.indsInsn.v1
daas_tm_prepared,dh_cnvy_asct,prd.tm.raw.indsInsn.v1
daas_tm_prepared,dh_plan_evt_char,prd.tm.raw.indsInsn.v1
daas_tm_prepared,dh_plan_evt,prd.tm.raw.indsInsn.v1
daas_tm_prepared,dh_cnvy_domn_evt,prd.tm.raw.srs.gateEvts.v2
daas_tm_prepared,dh_cnvy_asct_domn_evt,prd.tm.raw.srs.gateEvts.v2
daas_tm_prepared,dh_cnvy_char_domn_evt,prd.tm.raw.srs.gateEvts.v2
daas_tm_prepared,dh_trsp_evt_asct_domn_evt,prd.tm.raw.srs.gateEvts.v2
daas_tm_prepared,dh_trsp_evt_asct_char_domn_evt,prd.tm.raw.srs.gateEvts.v2
daas_tm_prepared,dh_trsp_evt_char,prd.tm.raw.srs.gateEvts.v2
daas_tm_prepared,dh_trsp_evt_char_domn_evt,prd.tm.raw.srs.gateEvts.v2
daas_tm_prepared,dh_trsp_evt_domn_evt,prd.tm.raw.srs.gateEvts.v2
daas_tm_prepared,dh_cnvy,prd.tm.raw.srs.gateEvts.v2
daas_tm_prepared,dh_cnvy_asct,prd.tm.raw.srs.gateEvts.v2
daas_tm_prepared,dh_cnvy_char,prd.tm.raw.srs.gateEvts.v2
daas_tm_prepared,dh_trsp_evt_asct,prd.tm.raw.srs.gateEvts.v2
daas_tm_prepared,dh_trsp_evt_char,prd.tm.raw.srs.gateEvts.v2
daas_tm_prepared,dh_trsp_evt,prd.tm.raw.srs.gateEvts.v2
daas_tm_prepared,dh_aset_asct_char_domn_evt,prd.tm.raw.srs.trnConsist.v2
daas_tm_prepared,dh_aset_asct_domn_evt,prd.tm.raw.srs.trnConsist.v2
daas_tm_prepared,dh_cnvy_asct_char_domn_evt,prd.tm.raw.srs.trnConsist.v2
daas_tm_prepared,dh_cnvy_asct_domn_evt,prd.tm.raw.srs.trnConsist.v2
daas_tm_prepared,dh_plan_evt_char_domn_evt,prd.tm.raw.srs.trnConsist.v2
daas_tm_prepared,dh_plan_evt_domn_evt,prd.tm.raw.srs.trnConsist.v2
daas_tm_prepared,dh_aset_asct_char,prd.tm.raw.srs.trnConsist.v2
daas_tm_prepared,dh_aset_asct,prd.tm.raw.srs.trnConsist.v2
daas_tm_prepared,dh_cnvy_asct_char,prd.tm.raw.srs.trnConsist.v2
daas_tm_prepared,dh_cnvy_asct,prd.tm.raw.srs.trnConsist.v2
daas_tm_prepared,dh_plan_evt_char,prd.tm.raw.srs.trnConsist.v2
daas_tm_prepared,dh_plan_evt,prd.tm.raw.srs.trnConsist.v2
daas_tm_prepared,dh_plan_evt_char_domn_evt,prd.tm.raw.srs.trnETAETD.v2
daas_tm_prepared,dh_plan_evt_char,prd.tm.raw.srs.trnETAETD.v2
daas_tm_prepared,dh_rte_char_domn_evt,prd.tm.raw.srs.trnETAETD.v2
daas_tm_prepared,dh_rte_char,prd.tm.raw.srs.trnETAETD.v2
daas_tm_prepared,dh_aset_asct_char_domn_evt,prd.tm.raw.srs.trnReporting.v3
daas_tm_prepared,dh_aset_asct_domn_evt,prd.tm.raw.srs.trnReporting.v3
daas_tm_prepared,dh_aset_char_domn_evt,prd.tm.raw.srs.trnReporting.v3
daas_tm_prepared,dh_cnvy_asct_char_domn_evt,prd.tm.raw.srs.trnReporting.v3
daas_tm_prepared,dh_cnvy_asct_domn_evt,prd.tm.raw.srs.trnReporting.v3
daas_tm_prepared,dh_trsp_evt_char_domn_evt,prd.tm.raw.srs.trnReporting.v3
daas_tm_prepared,dh_trsp_evt_domn_evt,prd.tm.raw.srs.trnReporting.v3
daas_tm_prepared,dh_aset_asct_char,prd.tm.raw.srs.trnReporting.v3
daas_tm_prepared,dh_aset_asct,prd.tm.raw.srs.trnReporting.v3
daas_tm_prepared,dh_aset_char,prd.tm.raw.srs.trnReporting.v3
daas_tm_prepared,dh_cnvy_asct_char,prd.tm.raw.srs.trnReporting.v3
daas_tm_prepared,dh_cnvy_asct,prd.tm.raw.srs.trnReporting.v3
daas_tm_prepared,dh_trsp_evt_char,prd.tm.raw.srs.trnReporting.v3
daas_tm_prepared,dh_cnvy_cond_domn_evt,prd.tm.raw.srs.trnReporting.v3
daas_tm_prepared,dh_cnvy_cond,prd.tm.raw.srs.trnReporting.v3
daas_tm_prepared,dh_trsp_evt,prd.tm.raw.srs.trnReporting.v3
daas_tm_prepared,dh_cnvy_domn_evt,prd.tm.raw.srs.trnScheduleActive.v2
daas_tm_prepared,dh_cnvy_asct_domn_evt,prd.tm.raw.srs.trnScheduleActive.v2
daas_tm_prepared,dh_cnvy_char_domn_evt,prd.tm.raw.srs.trnScheduleActive.v2
daas_tm_prepared,dh_loc_asct_char_domn_evt,prd.tm.raw.srs.trnScheduleActive.v2
daas_tm_prepared,dh_loc_asct_domn_evt,prd.tm.raw.srs.trnScheduleActive.v2
daas_tm_prepared,dh_plan_evt_asct_domn_evt,prd.tm.raw.srs.trnScheduleActive.v2
daas_tm_prepared,dh_plan_evt_char_domn_evt,prd.tm.raw.srs.trnScheduleActive.v2
daas_tm_prepared,dh_plan_evt_domn_evt,prd.tm.raw.srs.trnScheduleActive.v2
daas_tm_prepared,dh_rte_domn_evt,prd.tm.raw.srs.trnScheduleActive.v2
daas_tm_prepared,dh_rte_char_domn_evt,prd.tm.raw.srs.trnScheduleActive.v2
daas_tm_prepared,dh_cnvy,prd.tm.raw.srs.trnScheduleActive.v2
daas_tm_prepared,dh_cnvy_asct,prd.tm.raw.srs.trnScheduleActive.v2
daas_tm_prepared,dh_cnvy_char,prd.tm.raw.srs.trnScheduleActive.v2
daas_tm_prepared,dh_loc_asct_char,prd.tm.raw.srs.trnScheduleActive.v2
daas_tm_prepared,dh_loc_asct,prd.tm.raw.srs.trnScheduleActive.v2
daas_tm_prepared,dh_plan_evt_asct,prd.tm.raw.srs.trnScheduleActive.v2
daas_tm_prepared,dh_plan_evt_char,prd.tm.raw.srs.trnScheduleActive.v2
daas_tm_prepared,dh_plan_evt,prd.tm.raw.srs.trnScheduleActive.v2
daas_tm_prepared,dh_rte,prd.tm.raw.srs.trnScheduleActive.v2
daas_tm_prepared,dh_rte_char,prd.tm.raw.srs.trnScheduleActive.v2
daas_tm_prepared,dh_cnvy_char_domn_evt,prd.tm.raw.srs.yardEvent.v3
daas_tm_prepared,dh_trsp_evt_asct_char_domn_evt,prd.tm.raw.srs.yardEvent.v3
daas_tm_prepared,dh_trsp_evt_asct_domn_evt,prd.tm.raw.srs.yardEvent.v3
daas_tm_prepared,dh_trsp_evt_char_domn_evt,prd.tm.raw.srs.yardEvent.v3
daas_tm_prepared,dh_trsp_evt_domn_evt,prd.tm.raw.srs.yardEvent.v3
daas_tm_prepared,dh_cnvy_char,prd.tm.raw.srs.yardEvent.v3
daas_tm_prepared,dh_trsp_evt_asct_char,prd.tm.raw.srs.yardEvent.v3
daas_tm_prepared,dh_trsp_evt_asct,prd.tm.raw.srs.yardEvent.v3
daas_tm_prepared,dh_trsp_evt_char,prd.tm.raw.srs.yardEvent.v3
daas_tm_prepared,dh_trsp_evt,prd.tm.raw.srs.yardEvent.v3
daas_tm_prepared,dh_rte_domn_evt,prd.tm.raw.voyage.v1
daas_tm_prepared,dh_rte_char_domn_evt,prd.tm.raw.voyage.v1
daas_tm_prepared,dh_rte,prd.tm.raw.voyage.v1
daas_tm_prepared,dh_rte_char,prd.tm.raw.voyage.v1
daas_tm_prepared,dh_cnvy_cond_domn_evt,prd.tm.raw.srs.carInventory.v2
daas_tm_prepared,dh_cnvy_char_domn_evt,prd.tm.raw.srs.carInventory.v2
daas_tm_prepared,dh_ship_asct_domn_evt,prd.tm.raw.srs.carInventory.v2
daas_tm_prepared,dh_ship_asct_char_domn_evt,prd.tm.raw.srs.carInventory.v2
daas_tm_prepared,dh_trsp_evt_asct_char_domn_evt,prd.tm.raw.srs.carInventory.v2
daas_tm_prepared,dh_trsp_evt_asct_domn_evt,prd.tm.raw.srs.carInventory.v2
daas_tm_prepared,dh_trsp_evt_char_domn_evt,prd.tm.raw.srs.carInventory.v2
daas_tm_prepared,dh_trsp_evt_domn_evt,prd.tm.raw.srs.carInventory.v2
daas_tm_prepared,dh_cnvy_cond,prd.tm.raw.srs.carInventory.v2
daas_tm_prepared,dh_cnvy_char,prd.tm.raw.srs.carInventory.v2
daas_tm_prepared,dh_ship_asct,prd.tm.raw.srs.carInventory.v2
daas_tm_prepared,dh_ship_asct_char,prd.tm.raw.srs.carInventory.v2
daas_tm_prepared,dh_trsp_evt_asct_char,prd.tm.raw.srs.carInventory.v2
daas_tm_prepared,dh_trsp_evt_asct,prd.tm.raw.srs.carInventory.v2
daas_tm_prepared,dh_trsp_evt_char,prd.tm.raw.srs.carInventory.v2
daas_tm_prepared,dh_trsp_evt,prd.tm.raw.srs.carInventory.v2
daas_tm_prepared,dh_ship_asct_domn_evt,prd.tm.raw.srs.wayBill.v3
daas_tm_prepared,dh_ship_char_domn_evt,prd.tm.raw.srs.wayBill.v3
daas_tm_prepared,dh_ship_cond_domn_evt,prd.tm.raw.srs.wayBill.v3
daas_tm_prepared,dh_ship_domn_evt,prd.tm.raw.srs.wayBill.v3
daas_tm_prepared,dh_cnvy_char_domn_evt,prd.tm.raw.srs.wayBill.v3
daas_tm_prepared,dh_cnvy_domn_evt,prd.tm.raw.srs.wayBill.v3
daas_tm_prepared,dh_ship_asct,prd.tm.raw.srs.wayBill.v3
daas_tm_prepared,dh_ship_char,prd.tm.raw.srs.wayBill.v3
daas_tm_prepared,dh_ship_cond,prd.tm.raw.srs.wayBill.v3
daas_tm_prepared,dh_ship,prd.tm.raw.srs.wayBill.v3
daas_tm_prepared,dh_cnvy_char,prd.tm.raw.srs.wayBill.v3
daas_tm_prepared,dh_cnvy,prd.tm.raw.srs.wayBill.v3
daas_tm_prepared,dh_ship_cmp_domn_evt,prd.tm.raw.srs.wayBill.v3
daas_tm_prepared,dh_ship_cmp_char_domn_evt,prd.tm.raw.srs.wayBill.v3
daas_tm_prepared,dh_ship_cmp,prd.tm.raw.srs.wayBill.v3
daas_tm_prepared,dh_ship_cmp_char,prd.tm.raw.srs.wayBill.v3
daas_tm_prepared,dh_bus_prtr_domn_evt,prd.tm.raw.imMtrCarr.v1
daas_tm_prepared,dh_bus_prtr_cond_domn_evt,prd.tm.raw.imMtrCarr.v1
daas_tm_prepared,dh_bus_prtr_char_domn_evt,prd.tm.raw.imMtrCarr.v1
daas_tm_prepared,dh_bus_prtr,prd.tm.raw.imMtrCarr.v1
daas_tm_prepared,dh_bus_prtr_cond,prd.tm.raw.imMtrCarr.v1
daas_tm_prepared,dh_bus_prtr_char,prd.tm.raw.imMtrCarr.v1
daas_tm_prepared,dh_cnvy_domn_evt,prd.tm.raw.vessel.v1
daas_tm_prepared,dh_cnvy_char_domn_evt,prd.tm.raw.vessel.v1
daas_tm_prepared,dh_cnvy,prd.tm.raw.vessel.v1
daas_tm_prepared,dh_cnvy_char,prd.tm.raw.vessel.v1
daas_tm_prepared,dh_cnvy_cond_domn_evt,prd.tm.raw.imBadOrder.v1
daas_tm_prepared,dh_cnvy_cond,prd.tm.raw.imBadOrder.v1
daas_tm_prepared,dh_plan_evt_domn_evt,prd.tm.raw.voyageSeg.v1
daas_tm_prepared,dh_plan_evt_char_domn_evt,prd.tm.raw.voyageSeg.v1
daas_tm_prepared,dh_plan_evt_asct_domn_evt,prd.tm.raw.voyageSeg.v1
daas_tm_prepared,dh_loc_asct_domn_evt,prd.tm.raw.voyageSeg.v1
daas_tm_prepared,dh_cnvy_asct_domn_evt,prd.tm.raw.voyageSeg.v1
daas_tm_prepared,dh_cnvy_asct_char_domn_evt,prd.tm.raw.voyageSeg.v1
daas_tm_prepared,dh_plan_evt,prd.tm.raw.voyageSeg.v1
daas_tm_prepared,dh_plan_evt_char,prd.tm.raw.voyageSeg.v1
daas_tm_prepared,dh_plan_evt_asct,prd.tm.raw.voyageSeg.v1
daas_tm_prepared,dh_loc_asct,prd.tm.raw.voyageSeg.v1
daas_tm_prepared,dh_cnvy_asct,prd.tm.raw.voyageSeg.v1
daas_tm_prepared,dh_cnvy_asct_char,prd.tm.raw.voyageSeg.v1
daas_tm_prepared,dh_bus_prtr_domn_evt,prd.tm.raw.portStnInfo.v1
daas_tm_prepared,dh_bus_prtr_char_domn_evt,prd.tm.raw.portStnInfo.v1
daas_tm_prepared,dh_loc_asct_domn_evt,prd.tm.raw.portStnInfo.v1
daas_tm_prepared,dh_loc_asct_char_domn_evt,prd.tm.raw.portStnInfo.v1
daas_tm_prepared,dh_bus_prtr,prd.tm.raw.portStnInfo.v1
daas_tm_prepared,dh_bus_prtr_char,prd.tm.raw.portStnInfo.v1
daas_tm_prepared,dh_loc_asct,prd.tm.raw.portStnInfo.v1
daas_tm_prepared,dh_loc_asct_char,prd.tm.raw.portStnInfo.v1
daas_tm_prepared,dh_ship_char_domn_evt,prd.tm.raw.waybill-reference.v1
daas_tm_prepared,dh_ship_char,prd.tm.raw.waybill-reference.v1
daas_tm_prepared,dh_cnvy_cond_domn_evt,prd.supply-chain.intermodal-storage.raw.v1
daas_tm_prepared,dh_cnvy_cond,prd.supply-chain.intermodal-storage.raw.v1
daas_tm_prepared,dh_ship_cmp_domn_evt,prd.tm.raw.waybill-city-customer.v1
daas_tm_prepared,dh_ship_cmp_char_domn_evt,prd.tm.raw.waybill-city-customer.v1
daas_tm_prepared,dh_ship_cmp,prd.tm.raw.waybill-city-customer.v1
daas_tm_prepared,dh_ship_cmp_char,prd.tm.raw.waybill-city-customer.v1
daas_tm_prepared,dh_ship_cmp_domn_evt,prd.tm.raw.waybill-seal.v1
daas_tm_prepared,dh_ship_cmp_char_domn_evt,prd.tm.raw.waybill-seal.v1
daas_tm_prepared,dh_ship_cmp,prd.tm.raw.waybill-seal.v1
daas_tm_prepared,dh_ship_cmp_char,prd.tm.raw.waybill-seal.v1
daas_tm_prepared,dh_ship_cmp_domn_evt,prd.tm.raw.waybill-vessel.v1
daas_tm_prepared,dh_ship_cmp_char_domn_evt,prd.tm.raw.waybill-vessel.v1
daas_tm_prepared,dh_ship_cmp,prd.tm.raw.waybill-vessel.v1
daas_tm_prepared,dh_ship_cmp_char,prd.tm.raw.waybill-vessel.v1
daas_tm_prepared,dh_ship_cmp_domn_evt,prd.tm.raw.waybill-stop.v1
daas_tm_prepared,dh_ship_cmp_char_domn_evt,prd.tm.raw.waybill-stop.v1
daas_tm_prepared,dh_ship_cmp,prd.tm.raw.waybill-stop.v1
daas_tm_prepared,dh_ship_cmp_char,prd.tm.raw.waybill-stop.v1
daas_tm_prepared,dh_aset_cond,prd.transportation.locomotive-position.raw.v1
daas_tm_prepared,dh_aset_cond_domn_evt,prd.transportation.locomotive-position.raw.v1
daas_tm_prepared,dh_aset_domn_evt,prd.transportation.locomotive-inventory.raw.v1
daas_tm_prepared,dh_aset,prd.transportation.locomotive-inventory.raw.v1
daas_tm_prepared,dh_aset_cond,prd.transportation.locomotive-inventory.raw.v1
daas_tm_prepared,dh_aset_cond_domn_evt,prd.transportation.locomotive-inventory.raw.v1
daas_tm_prepared,dh_aset_char_domn_evt,prd.transportation.locomotive-inventory.raw.v1
daas_tm_prepared,dh_aset_char,prd.transportation.locomotive-inventory.raw.v1
daas_tm_prepared,dh_aset_asct,prd.transportation.locomotive-inventory.raw.v1
daas_tm_prepared,dh_aset_asct_domn_evt,prd.transportation.locomotive-inventory.raw.v1
daas_tm_prepared,dh_aset_asct_char,prd.transportation.locomotive-inventory.raw.v1
daas_tm_prepared,dh_aset_asct_char_domn_evt,prd.transportation.locomotive-inventory.raw.v1
daas_tm_prepared,dh_trsp_evt,prd.transportation.locomotive-inventory.raw.v1
daas_tm_prepared,dh_trsp_evt_domn_evt,prd.transportation.locomotive-inventory.raw.v1
daas_tm_prepared,dh_trsp_evt_char,prd.transportation.locomotive-inventory.raw.v1
daas_tm_prepared,dh_trsp_evt_char_domn_evt,prd.transportation.locomotive-inventory.raw.v1
daas_tm_prepared,dh_trsp_evt_asct,prd.transportation.locomotive-inventory.raw.v1
daas_tm_prepared,dh_trsp_evt_asct_domn_evt,prd.transportation.locomotive-inventory.raw.v1
daas_tm_prepared,dh_trsp_evt_asct_char,prd.transportation.locomotive-inventory.raw.v1
daas_tm_prepared,dh_trsp_evt_asct_char_domn_evt,prd.transportation.locomotive-inventory.raw.v1
daas_tm_prepared,dh_aset_cond,prd.transportation.locomotive-inventory.raw.v1
daas_tm_prepared,dh_aset_cond_domn_evt,prd.transportation.locomotive-inventory.raw.v1
daas_tm_prepared,dh_trsp_evt,prd.transportation.locomotive-inventory.raw.v1
daas_tm_prepared,dh_trsp_evt_domn_evt,prd.transportation.locomotive-inventory.raw.v1
daas_tm_prepared,dh_trsp_evt_char,prd.transportation.locomotive-inventory.raw.v1
daas_tm_prepared,dh_trsp_evt_char_domn_evt,prd.transportation.locomotive-inventory.raw.v1
daas_tm_prepared,dh_trsp_evt_asct,prd.transportation.locomotive-inventory.raw.v1
daas_tm_prepared,dh_trsp_evt_asct_domn_evt,prd.transportation.locomotive-inventory.raw.v1
daas_tm_prepared,dh_trsp_evt_asct_char,prd.transportation.locomotive-inventory.raw.v1
daas_tm_prepared,dh_trsp_evt_asct_char_domn_evt,prd.transportation.locomotive-inventory.raw.v1
daas_tm_prepared,dh_cnvy_char,prd.transportation.system-equipment-extracted.raw.v1
daas_tm_prepared,dh_cnvy_char_domn_evt,prd.transportation.system-equipment-extracted.raw.v1
daas_tm_prepared,dh_cnvy,prd.transportation.system-equipment-extracted.raw.v1
daas_tm_prepared,dh_cnvy_domn_evt,prd.transportation.system-equipment-extracted.raw.v1
daas_tm_prepared,dh_loc_domn_evt,prd.tm.raw.carrFgnStn.v1
daas_tm_prepared,dh_loc,prd.tm.raw.carrFgnStn.v1
daas_tm_prepared,dh_loc_char_domn_evt,prd.tm.raw.carrFgnStn.v1
daas_tm_prepared,dh_loc_char,prd.tm.raw.carrFgnStn.v1
daas_tm_prepared,dh_loc_asct_domn_evt,prd.tm.raw.carrFgnStn.v1
daas_tm_prepared,dh_loc_asct,prd.tm.raw.carrFgnStn.v1
daas_tm_prepared,dh_bus_prtr_domn_evt,prd.tm.raw.cust.v1
daas_tm_prepared,dh_bus_prtr_cond_domn_evt,prd.tm.raw.cust.v1
daas_tm_prepared,dh_bus_prtr_char_domn_evt,prd.tm.raw.cust.v1
daas_tm_prepared,dh_bus_prtr_asct_domn_evt,prd.tm.raw.cust.v1
daas_tm_prepared,dh_bus_prtr,prd.tm.raw.cust.v1
daas_tm_prepared,dh_bus_prtr_cond,prd.tm.raw.cust.v1
daas_tm_prepared,dh_bus_prtr_char,prd.tm.raw.cust.v1
daas_tm_prepared,dh_bus_prtr_asct,prd.tm.raw.cust.v1
daas_tm_prepared,dh_cnvy_cond_domn_evt,prd.tm.raw.currInvEvt.v1
daas_tm_prepared,dh_cnvy_cmp,prd.tm.raw.currInvEvt.v1
daas_tm_prepared,dh_cnvy_cmp_char,prd.tm.raw.currInvEvt.v1
daas_tm_prepared,dh_cnvy_cmp_domn_evt,prd.tm.raw.currInvEvt.v1
daas_tm_prepared,dh_cnvy_cmp_char_domn_evt,prd.tm.raw.currInvEvt.v1
daas_tm_prepared,dh_cnvy_asct,prd.tm.raw.currInvEvt.v1
daas_tm_prepared,dh_plan_evt_char,prd.tm.raw.currInvEvt.v1
daas_tm_prepared,dh_plan_evt,prd.tm.raw.currInvEvt.v1
daas_tm_prepared,dh_cnvy_asct_domn_evt,prd.tm.raw.currInvEvt.v1
daas_tm_prepared,dh_plan_evt_char_domn_evt,prd.tm.raw.currInvEvt.v1
daas_tm_prepared,dh_plan_evt_domn_evt,prd.tm.raw.currInvEvt.v1
daas_tm_prepared,dh_ship_asct_domn_evt,prd.tm.raw.currInvEvt.v1
daas_tm_prepared,dh_ship_asct_char_domn_evt,prd.tm.raw.currInvEvt.v1
daas_tm_prepared,dh_trsp_evt_domn_evt,prd.tm.raw.currInvEvt.v1
daas_tm_prepared,dh_trsp_evt_char_domn_evt,prd.tm.raw.currInvEvt.v1
daas_tm_prepared,dh_trsp_evt_asct_domn_evt,prd.tm.raw.currInvEvt.v1
daas_tm_prepared,dh_cnvy_cond,prd.tm.raw.currInvEvt.v1
daas_tm_prepared,dh_ship_asct,prd.tm.raw.currInvEvt.v1
daas_tm_prepared,dh_ship_asct_char,prd.tm.raw.currInvEvt.v1
daas_tm_prepared,dh_trsp_evt,prd.tm.raw.currInvEvt.v1
daas_tm_prepared,dh_trsp_evt_char,prd.tm.raw.currInvEvt.v1
daas_tm_prepared,dh_trsp_evt_asct,prd.tm.raw.currInvEvt.v1
daas_tm_prepared,dh_cmdy_domn_evt,prd.transportation.commodity.raw.v1
daas_tm_prepared,dh_cmdy_char_domn_evt,prd.transportation.commodity.raw.v1
daas_tm_prepared,dh_cmdy_cond_domn_evt,prd.transportation.commodity.raw.v1
daas_tm_prepared,dh_cmdy,prd.transportation.commodity.raw.v1
daas_tm_prepared,dh_cmdy_char,prd.transportation.commodity.raw.v1
daas_tm_prepared,dh_cmdy_cond,prd.transportation.commodity.raw.v1
daas_tm_prepared,dh_cnvy_domn_evt,prd.transportation.umler.raw.v1
daas_tm_prepared,dh_cnvy_char_domn_evt,prd.transportation.umler.raw.v1
daas_tm_prepared,dh_cnvy,prd.transportation.umler.raw.v1
daas_tm_prepared,dh_cnvy_char,prd.transportation.umler.raw.v1
daas_tm_prepared,dh_cnvy_cond_domn_evt,prd.transportation.umler.raw.v1
daas_tm_prepared,dh_cnvy_cond,prd.transportation.umler.raw.v1
daas_tm_prepared,dh_cnvy_asct_domn_evt,prd.transportation.umler.raw.v1
daas_tm_prepared,dh_cnvy_asct,prd.transportation.umler.raw.v1
daas_tm_prepared,dh_cnvy_asct_char,prd.transportation.umler.raw.v1
daas_tm_prepared,dh_cnvy_asct_char_domn_evt,prd.transportation.umler.raw.v1
daas_tm_prepared,dh_trsp_evt,prd.transportation.umler.raw.v1
daas_tm_prepared,dh_trsp_evt_domn_evt,prd.transportation.umler.raw.v1
daas_tm_prepared,dh_trsp_evt_char,prd.transportation.umler.raw.v1
daas_tm_prepared,dh_trsp_evt_char_domn_evt,prd.transportation.umler.raw.v1
daas_tm_prepared,dh_trsp_evt_asct,prd.transportation.umler.raw.v1
daas_tm_prepared,dh_trsp_evt_asct_domn_evt,prd.transportation.umler.raw.v1
daas_tm_prepared,dh_trsp_evt_asct_char,prd.transportation.umler.raw.v1
daas_tm_prepared,dh_trsp_evt_asct_char_domn_evt,prd.transportation.umler.raw.v1
daas_tm_prepared,dh_ship_asct,prd.transportation.umler.raw.v1
daas_tm_prepared,dh_ship_asct_domn_evt,prd.transportation.umler.raw.v1
daas_tm_prepared,dh_ship_asct_char,prd.transportation.umler.raw.v1
daas_tm_prepared,dh_ship_asct_char_domn_evt,prd.transportation.umler.raw.v1
daas_tm_prepared,dh_loc_domn_evt,prd.transportation.station-master.raw.v1
daas_tm_prepared,dh_loc,prd.transportation.station-master.raw.v1
daas_tm_prepared,dh_loc_char_domn_evt,prd.transportation.station-master.raw.v1
daas_tm_prepared,dh_loc_char,prd.transportation.station-master.raw.v1
daas_tm_prepared,dh_loc_asct_domn_evt,prd.transportation.station-master.raw.v1
daas_tm_prepared,dh_loc_asct,prd.transportation.station-master.raw.v1
daas_tm_prepared,dh_loc_cond_domn_evt,prd.transportation.station-master.raw.v1
daas_tm_prepared,dh_loc_cond,prd.transportation.station-master.raw.v1
daas_tm_prepared,dh_cmdy_char,prd.transportation.hazardous-commodity.raw.v1 
daas_tm_prepared,dh_cmdy_char_domn_evt,prd.transportation.hazardous-commodity.raw.v1 
daas_tm_prepared,dh_ship_asct_char_domn_evt,prd.tm.raw.waybill-lading.v1
daas_tm_prepared,dh_ship_asct_char,prd.tm.raw.waybill-lading.v1
daas_tm_prepared,dh_ship_asct_domn_evt,prd.tm.raw.waybill-lading.v1
daas_tm_prepared,dh_ship_asct,prd.tm.raw.waybill-lading.v1
daas_tm_prepared,dh_ship_cmp,prd.tm.raw.waybill-reference.v1
daas_tm_prepared,dh_ship_cmp_domn_evt,prd.tm.raw.waybill-reference.v1
daas_tm_prepared,dh_ship_cmp_char_domn_evt,prd.tm.raw.waybill-reference.v1
daas_tm_prepared,dh_ship_cmp_char,prd.tm.raw.waybill-reference.v1
daas_tm_prepared,dh_cnvy_char,prd.transportation.non-system-equipment-extracted.raw.v1
daas_tm_prepared,dh_cnvy_char_domn_evt,prd.transportation.non-system-equipment-extracted.raw.v1
daas_tm_prepared,dh_cnvy,prd.transportation.non-system-equipment-extracted.raw.v1
daas_tm_prepared,dh_cnvy_domn_evt,prd.transportation.non-system-equipment-extracted.raw.v1
daas_tm_prepared,dh_cnvy_cond_domn_evt,prd.transportation.storage-charge.raw.v1
daas_tm_prepared,dh_cnvy_cond,prd.transportation.storage-charge.raw.v1
daas_tm_prepared,dh_cnvy_cond_domn_evt,prd.tm.raw.unit-location-updated.v1
daas_tm_prepared,dh_cnvy_cond,prd.tm.raw.unit-location-updated.v1
daas_tm_prepared,dh_ship_cmp_domn_evt,prd.transportation.waybill-special-condition-codes.raw.v1
daas_tm_prepared,dh_ship_cmp_char_domn_evt,prd.transportation.waybill-special-condition-codes.raw.v1
daas_tm_prepared,dh_ship_cmp,prd.transportation.waybill-special-condition-codes.raw.v1
daas_tm_prepared,dh_ship_cmp_char,prd.transportation.waybill-special-condition-codes.raw.v1
daas_tm_prepared,dh_ship_cmp_char,prd.transportation.waybill-fumigation.raw.v1
daas_tm_prepared,dh_ship_cmp_char_domn_evt,prd.transportation.waybill-fumigation.raw.v1
daas_tm_prepared,dh_cnvy_cmp,prd.transportation.in-gate-request.raw.v1
daas_tm_prepared,dh_cnvy_cmp_char,prd.transportation.in-gate-request.raw.v1
daas_tm_prepared,dh_cnvy_cmp_domn_evt,prd.transportation.in-gate-request.raw.v1
daas_tm_prepared,dh_cnvy_cmp_char_domn_evt,prd.transportation.in-gate-request.raw.v1
daas_tm_prepared,dh_wb_haz_mat_note,prd.transportation.waybill-hazardous-material-note.raw.v1
daas_tm_prepared,dh_wb_haz_mat_dsc,prd.transportation.waybill-hazardous-material-description.raw.v1
daas_tm_prepared,dh_wb_haz_wast_info,prd.transportation.waybill-hazardous-waste-information.raw.v1
daas_tm_prepared,dh_cnvy_asct_domn_evt,prd.tm.raw.unit-move-plan.v1
daas_tm_prepared,dh_cnvy_asct,prd.tm.raw.unit-move-plan.v1
daas_tm_prepared,dh_plan_evt_char_domn_evt,prd.tm.raw.unit-move-plan.v1
daas_tm_prepared,dh_plan_evt_char,prd.tm.raw.unit-move-plan.v1
daas_tm_prepared,dh_plan_evt_domn_evt,prd.tm.raw.unit-move-plan.v1
daas_tm_prepared,dh_plan_evt,prd.tm.raw.unit-move-plan.v1
daas_tm_prepared,dh_tpln_asct_domn_evt,prd.tm.raw.srs.trpPlan.v2
daas_tm_prepared,dh_tpln_asct,prd.tm.raw.srs.trpPlan.v2
daas_tm_prepared,dh_tpln_domn_evt,prd.tm.raw.srs.trpPlan.v2
daas_tm_prepared,dh_tpln,prd.tm.raw.srs.trpPlan.v2
daas_tm_prepared,dh_tpln_char_domn_evt,prd.tm.raw.srs.trpPlan.v2
daas_tm_prepared,dh_tpln_char,prd.tm.raw.srs.trpPlan.v2
daas_tm_prepared,dh_tpln_seg_domn_evt,prd.tm.raw.srs.trpPlan.v2
daas_tm_prepared,dh_tpln_seg,prd.tm.raw.srs.trpPlan.v2
daas_tm_prepared,dh_tpln_seg_char_domn_evt,prd.tm.raw.srs.trpPlan.v2
daas_tm_prepared,dh_tpln_seg_char,prd.tm.raw.srs.trpPlan.v2
daas_tm_prepared,dh_cnvy_cond_domn_evt,prd.tm.raw.srs.yardEvent.v3
daas_tm_prepared,dh_cnvy_cond,prd.tm.raw.srs.yardEvent.v3
daas_tm_prepared,dh_cnvy_cmp_domn_evt,prd.transportation.stop-order.raw.v1
daas_tm_prepared,dh_cnvy_cmp,prd.transportation.stop-order.raw.v1
daas_tm_prepared,dh_cnvy_cmp_char_domn_evt,prd.transportation.stop-order.raw.v1
daas_tm_prepared,dh_cnvy_cmp_char,prd.transportation.stop-order.raw.v1
daas_tm_prepared,dh_cnvy_asct_domn_evt,prd.tm.raw.srs.yardevent.v3
daas_tm_prepared,dh_cnvy_asct,prd.tm.raw.srs.yardevent.v3
daas_tm_prepared,dh_cnvy_asct_domn_evt,prd.transportation.unit-location-updated.raw.v1
daas_tm_prepared,dh_cnvy_asct,prd.transportation.unit-location-updated.raw.v1
daas_tm_prepared,dh_bus_prtr_char_domn_evt,prd.transportation.equipment-owner.raw.v1
daas_tm_prepared,dh_bus_prtr_char,prd.transportation.equipment-owner.raw.v1
daas_tm_prepared,dh_trsp_evt_domn_evt,prd.transportation.event-notation.raw.v1
daas_tm_prepared,dh_trsp_evt,prd.transportation.event-notation.raw.v1
daas_tm_prepared,dh_trsp_evt_char_domn_evt,prd.transportation.event-notation.raw.v1
daas_tm_prepared,dh_trsp_evt_char,prd.transportation.event-notation.raw.v1
daas_tm_prepared,dh_trsp_evt_asct_domn_evt,prd.transportation.event-notation.raw.v1
daas_tm_prepared,dh_trsp_evt_asct,prd.transportation.event-notation.raw.v1
