{"IngestionHeader":{"ING_CRT_TS":"2020-04-31T02:31:03.803-04:00","PRODUCT_ID":"A107 SRS-YIT","UUID":null,"FORMAT":"JSON"},"ActiveTrainSchedule":{"header":{"TMS_HDR_MESS_ID":"SCHEVA  ","TMS_HDR_TRN_R":{"TMS_HDR_TRN_TYPE":null,"TMS_HDR_TRN_SYM":null,"TMS_HDR_TRN_SECT":null,"TMS_HDR_TRN_DAY":"18"},"TMS_HDR_TMS":null,"TMS_HDR_SEQ_NUMB":"0011788424","TMS_ACTION_CODE":"A"},"trainId":{"TRN_TYPE":null,"TRN_SECT":null,"TRN_SYM":null,"TRN_DAY":"18","TRN_SCH_DPT_DT":null,"BASE_IND":"A","ALPHA_TRN":"GARCBO1                  ","ALPHA_TRN_ID":"                         "},"trainSummary":{"EFF_DT":null,"EXP_DT":null,"ORIG_STN_CARR_ABRV":"CN  ","ORIG_STN_FSAC":"56677","ORIG_STN_333":"GLADSTONE","ORIG_STN_ST":"MI","ORIG_STN_NME":"GLADSTONE          ","ORIG_STN_ABBR":"GLASTO","ORIG_STN_SPLC":"303960","ORIG_DPT_DY":"0","ORIG_DPT_TM":"04.30.00","DEST_STN_CARR_ABRV":"CN  ","DEST_STN_FSAC":"56677","DEST_STN_333":"GLADSTONE","DEST_STN_ST":"MI","DEST_STN_NME":"GLADSTONE          ","DEST_STN_ABBR":"GLASTO","DEST_STN_SPLC":"303960","DEST_ARR_DY":"0","DEST_ARR_TM":"15.00.00","TMTBL_DIR":"W","TRN_SVC_TYP":null,"LOCL_WRK":"Y","SPD_RESTR_CAR":"Y","ORIG_MIN_CAR":"000","ORIG_MIN_LGTH":"00000","ORIG_MIN_WGT":"00000","ORIG_MAX_CAR":"150","ORIG_MAX_LGTH":"10000","ORIG_MAX_WGT":"14000","ORIG_MON_FLG":" ","ORIG_TUE_FLG":"C","ORIG_WED_FLG":"C","ORIG_THU_FLG":"C","ORIG_FRI_FLG":"C","ORIG_SAT_FLG":"C","ORIG_SUN_FLG":" ","TRN_DESC":"GLASTO TO GLASTO                                                              A","SET_CREATE_DT":"2020-05-26","SET_CREATE_TM":"01.31.15","SET_CREATE_DS_FLG":"Y","TRN_SCH_CD":null,"MAX_MPH":null,"TRN_RPTG_GRP":null,"RESP_CTR":"10000","PRTY_TRN_FTR":"00","LOT_NUMB":"      ","CATS_CD":"            ","OPER_STAT_CD":null,"XCPT_RSN_CD":"  ","SPL_NOTE":"                                                                                                                                                              ","SRC_SCHED":"     ","ROAD_ASGN_FLG":"N","XCPT_RSN_DESC":"GLASTO TO GLASTO                                                                                                                                                                                                                                ","PLAN_DPT_DT":"2020-06-09","PLAN_DPT_TM":"04.30.00","PLAN_DPT_DS_FLG":"Y","SET_ANUL_DT":"0001-01-01","SET_ANUL_TM":"00.01.00","SET_ANUL_DS_FLG":"N","LOCK_IN_MEAS_CD":"E","LOCK_IN_72HR_CD":"E","SET_PRO_DT":"2020-05-26","SET_PRO_TM":"01.31.15","SET_PRO_DS_FLG":"Y","TOWR_ID":"  ","TOWR_STN_CARR_ABRV":"CN  ","TOWR_STN_FSAC":"     ","TOWR_STN_333":"         ","TOWR_STN_ST":"  ","TOWR_STN_NME":"                   ","TOWR_STN_ABBR":"      ","TOWR_STN_SPLC":"      ","SRC_TRN_SECT":" ","SRC_TRN_ALT_SCH":" ","ASGN_STRT_TM":"03.00.00","XTRA_TRN_IND":"N","TRN_CTGY":"L","PGM_DT":"2020-06-09","PGM_TM":"05.40.06","PGM_DS_FLG":"Y","USER_ID":"156452B ","BASE_SCH_TIME_ZN":"ET","PTC_TRN_IND":"N"},"station":[{"trainSchedule":{"STN_SEQ_NBR":null,"TRN_RTE_CD":"    ","MAX_TRN_LGTH":"10000","MAX_TRN_WGT":"14000","MAX_CAR":"150","MAX_HPT":"1.0","STD_HPT":"08","STN_STN_CARR_ABRV":null,"STN_STN_FSAC":null,"STN_STN_333":"GLADSTONE","STN_STN_ST":"MI","STN_STN_NME":"GLADSTONE          ","STN_STN_ABBR":"GLASTO","STN_STN_SPLC":"303960","ARR_DY":" ","ARR_TM":"00.00.00","DPT_DY":"0","DPT_TM":"04.30.00","ARR_DIR":" ","DPT_DIR":"S","PASS_RPT_FLG":"N","PASS_RSNT":"N","ARR_RPT_FLG":"N","ARR_RSNT":"N","WO_COMP_FLG":"Y","WO_COMP_RSNT":"N","CALL_TRN_FLG":"Y","CALL_TRN_RSNT":"Y","MKUP_TRN_FLG":"Y","MKUP_TRN_RSNT":"Y","TRN_DPT_RPT":"Y","TRN_DPT_RSNT":"Y","PU_RPT":"N","PU_RSNT":"N","WO_GEN":"N","CREW_CHG":null,"BLK_ERR":"Y","REWHL_PT":null,"TRN_DIF_MIN":"000","TRAN_PLN":"Y","REFUEL_PT":null,"REQ_INSP":null,"TJS_INCL":null,"TRN_ALT_SCH":"1","TRN_FIN_STN_CARR_ABRV":"CN  ","TRN_FIN_STN_FSAC":"00000","TRN_FIN_STN_333":"         ","TRN_FIN_STN_ST":"  ","TRN_FIN_STN_NME":"                   ","TRN_FIN_STN_ABBR":"      ","TRN_FIN_STN_SPLC":"000000","TRN_FIN_FLG":" ","ADV_CST_CARR":"    ","MIN_DWL_TM":"000","CRW_OBND_FLG":" ","ACCTG_RTE":" ","IBND_SDIV":"    ","OBND_SDIV":"0829","STN_TYPE_CD":null,"EST_ARR_DT":"0001-01-01","EST_ARR_TM":"01.01.01","EST_ARR_DS_FLG":"N","EST_DPT_DT":null,"EST_DPT_TM":null,"EST_DPT_DS_FLG":null,"MAX_MPH":"000","CONDT_BRD_NBR":"000","BRKMN_BRD_NBR":"000","ENGR_BRD_NBR":"000","FRMAN_BRD_NBR":"000","STN_ABBR":"      ","PRTY_TRN_FTR":"00","CRW_ETDPT_MN":"000","STN_CNT":"01","WRK_PRFRMD_FLG":" ","TRACS_STN_FLG":" ","ATR_RPT_FLG":" ","CST_TYP":" ","WHL_TYP":" ","PWR_CHG_FLG":"Y","AIR_INSP_FLG":"1","PRSH_INSP_FLG":" ","CCIL_INSP_FLG":" ","TAG_STN_FLG":" ","DLAY_FLG":" ","ADV_CST_FLG":"N","IBND_LNU_DIR":" ","OBND_LNU_DIR":"N","PLAN_ORD_ADJ":"120","CREW_POOL":"MD","ML_FRM_PRV_STN":"000.00","TOPC_EST_ARR_DT":"2020-06-09","TOPC_EST_ARR_TM":"15.05.00","TOPC_EST_ARR_DS_FLG":"Y","TOPC_EST_DEP_DT":null,"TOPC_EST_DEP_TM":null,"TOPC_EST_DEP_DS_FLG":null,"FGN_TRN_HAUL_TYPE":" ","FGN_TRN_ID":"          ","DSTB_PWR_FLG":"N","FRA_FLG":"N","DFLT_NBR_LOCO":"02","FGN_LOCO_FLG":"N","LOCO_DIR_RULE":"FB        ","CST_SNT_FLG":" ","ACUM_MILE":"    ","CAR_SOUT_FLG":" ","CAR_PU_FLG":" ","RTE_DESC_CD":" ","PCBL_TYP":" ","DSPR_CD":" ","RTE_CD":" ","STN_SEQ_TS":null,"STN_TIME_ZN_IND":null,"RPT_TYPE":"N","SYS_CUTOF_TIME":"    ","PTC_SEG_CD":"N","LEAD_TRAL_LOCO_IND":"N"}},{"trainSchedule":{"STN_SEQ_NBR":"00270","TRN_RTE_CD":"    ","MAX_TRN_LGTH":"10000","MAX_TRN_WGT":"14000","MAX_CAR":"150","MAX_HPT":"1.0","STD_HPT":"08","STN_STN_CARR_ABRV":"CN  ","STN_STN_FSAC":"56677","STN_STN_333":"GLADSTONE","STN_STN_ST":"MI","STN_STN_NME":"GLADSTONE          ","STN_STN_ABBR":"GLASTO","STN_STN_SPLC":"303960","ARR_DY":"0","ARR_TM":"15.00.00","DPT_DY":"0","DPT_TM":"00.00.00","ARR_DIR":"N","DPT_DIR":" ","PASS_RPT_FLG":"N","PASS_RSNT":"N","ARR_RPT_FLG":"Y","ARR_RSNT":"N","WO_COMP_FLG":"Y","WO_COMP_RSNT":"N","CALL_TRN_FLG":"N","CALL_TRN_RSNT":"N","MKUP_TRN_FLG":"N","MKUP_TRN_RSNT":"N","TRN_DPT_RPT":"N","TRN_DPT_RSNT":"N","PU_RPT":"N","PU_RSNT":"N","WO_GEN":"N","CREW_CHG":"N","BLK_ERR":"N","REWHL_PT":"N","TRN_DIF_MIN":"000","TRAN_PLN":"Y","REFUEL_PT":"N","REQ_INSP":"1","TJS_INCL":"Y","TRN_ALT_SCH":"1","TRN_FIN_STN_CARR_ABRV":"CN  ","TRN_FIN_STN_FSAC":"00000","TRN_FIN_STN_333":"         ","TRN_FIN_STN_ST":"  ","TRN_FIN_STN_NME":"                   ","TRN_FIN_STN_ABBR":"      ","TRN_FIN_STN_SPLC":"000000","TRN_FIN_FLG":" ","ADV_CST_CARR":"    ","MIN_DWL_TM":"000","CRW_OBND_FLG":" ","ACCTG_RTE":" ","IBND_SDIV":"0829","OBND_SDIV":"    ","STN_TYPE_CD":null,"EST_ARR_DT":null,"EST_ARR_TM":null,"EST_ARR_DS_FLG":null,"EST_DPT_DT":null,"EST_DPT_TM":null,"EST_DPT_DS_FLG":null,"MAX_MPH":"000","CONDT_BRD_NBR":"000","BRKMN_BRD_NBR":"000","ENGR_BRD_NBR":"000","FRMAN_BRD_NBR":"000","STN_ABBR":"      ","PRTY_TRN_FTR":"00","CRW_ETDPT_MN":"000","STN_CNT":"02","WRK_PRFRMD_FLG":" ","TRACS_STN_FLG":" ","ATR_RPT_FLG":" ","CST_TYP":" ","WHL_TYP":" ","PWR_CHG_FLG":"Y","AIR_INSP_FLG":"N","PRSH_INSP_FLG":" ","CCIL_INSP_FLG":" ","TAG_STN_FLG":" ","DLAY_FLG":" ","ADV_CST_FLG":"N","IBND_LNU_DIR":"S","OBND_LNU_DIR":"N","PLAN_ORD_ADJ":"120","CREW_POOL":"  ","ML_FRM_PRV_STN":"003.30","TOPC_EST_ARR_DT":null,"TOPC_EST_ARR_TM":null,"TOPC_EST_ARR_DS_FLG":null,"TOPC_EST_DEP_DT":"0001-01-01","TOPC_EST_DEP_TM":"01.01.01","TOPC_EST_DEP_DS_FLG":"N","FGN_TRN_HAUL_TYPE":" ","FGN_TRN_ID":"          ","DSTB_PWR_FLG":"N","FRA_FLG":"N","DFLT_NBR_LOCO":"02","FGN_LOCO_FLG":"N","LOCO_DIR_RULE":"FB        ","CST_SNT_FLG":" ","ACUM_MILE":"    ","CAR_SOUT_FLG":" ","CAR_PU_FLG":" ","RTE_DESC_CD":" ","PCBL_TYP":" ","DSPR_CD":" ","RTE_CD":" ","STN_SEQ_TS":"2020-05-26-01.31.15.605278","STN_TIME_ZN_IND":"CT","RPT_TYPE":"N","SYS_CUTOF_TIME":"    ","PTC_SEG_CD":"N","LEAD_TRAL_LOCO_IND":"N"}}]}}
{"IngestionHeader":{"ING_CRT_TS":"2020-04-30T02:31:03.803-04:00","PRODUCT_ID":"A107 SRS-YIT","UUID":"2a5c755e8aac11eaa8c90a0d13360000","FORMAT":"JSON"},"ActiveTrainSchedule":{"header":{"TMS_HDR_MESS_ID":"SCHEVA  ","TMS_HDR_TRN_R":{"TMS_HDR_TRN_TYPE":"A","TMS_HDR_TRN_SYM":"4682","TMS_HDR_TRN_SECT":"1","TMS_HDR_TRN_DAY":"18"},"TMS_HDR_TMS":"2020-04-30-06.30.36.930165","TMS_HDR_SEQ_NUMB":"0011788424","TMS_ACTION_CODE":"D"},"trainId":{"TRN_TYPE":"A","TRN_SECT":"1","TRN_SYM":"4682","TRN_DAY":"18","TRN_SCH_DPT_DT":"2020-04-18","BASE_IND":"A","ALPHA_TRN":"GARCBO1                  ","ALPHA_TRN_ID":"                         "}}}
{"IngestionHeader":{"ING_CRT_TS":"2020-06-09T12:11:25.734-04:00","PRODUCT_ID":"A107 SRS-YIT","UUID":"de5d123caa6b11eab9f2a573219c0000","FORMAT":"JSON"},"ActiveTrainSchedule":{"header":{"TMS_HDR_MESS_ID":"SCHEVA  ","TMS_HDR_TRN_R":{"TMS_HDR_TRN_TYPE":"L","TMS_HDR_TRN_SYM":"5498","TMS_HDR_TRN_SECT":"1","TMS_HDR_TRN_DAY":"09"},"TMS_HDR_TMS":"2020-06-09-16.11.25.615074","TMS_HDR_SEQ_NUMB":"0164644463","TMS_ACTION_CODE":"A"},"trainId":{"TRN_TYPE":"L","TRN_SECT":"1","TRN_SYM":"5498","TRN_DAY":"09","TRN_SCH_DPT_DT":"2020-06-09","BASE_IND":"A","ALPHA_TRN":"                         ","ALPHA_TRN_ID":"                         "},"trainSummary":{"EFF_DT":"2019-06-03","EXP_DT":"2050-12-31","ORIG_STN_CARR_ABRV":"CN  ","ORIG_STN_FSAC":"56677","ORIG_STN_333":"GLADSTONE","ORIG_STN_ST":"MI","ORIG_STN_NME":"GLADSTONE          ","ORIG_STN_ABBR":"GLASTO","ORIG_STN_SPLC":"303960","ORIG_DPT_DY":"0","ORIG_DPT_TM":"04.30.00","DEST_STN_CARR_ABRV":"CN  ","DEST_STN_FSAC":"56677","DEST_STN_333":"GLADSTONE","DEST_STN_ST":"MI","DEST_STN_NME":"GLADSTONE          ","DEST_STN_ABBR":"GLASTO","DEST_STN_SPLC":"303960","DEST_ARR_DY":"0","DEST_ARR_TM":"15.00.00","TMTBL_DIR":"W","TRN_SVC_TYP":"L","LOCL_WRK":"Y","SPD_RESTR_CAR":"Y","ORIG_MIN_CAR":"000","ORIG_MIN_LGTH":"00000","ORIG_MIN_WGT":"00000","ORIG_MAX_CAR":"150","ORIG_MAX_LGTH":"10000","ORIG_MAX_WGT":"14000","ORIG_MON_FLG":" ","ORIG_TUE_FLG":"C","ORIG_WED_FLG":"C","ORIG_THU_FLG":"C","ORIG_FRI_FLG":"C","ORIG_SAT_FLG":"C","ORIG_SUN_FLG":" ","TRN_DESC":"GLASTO TO GLASTO                                                              A","SET_CREATE_DT":"2020-05-26","SET_CREATE_TM":"01.31.15","SET_CREATE_DS_FLG":"Y","TRN_SCH_CD":"1","MAX_MPH":"050","TRN_RPTG_GRP":"D","RESP_CTR":"10000","PRTY_TRN_FTR":"00","LOT_NUMB":"      ","CATS_CD":"            ","OPER_STAT_CD":"EL","XCPT_RSN_CD":"  ","SPL_NOTE":"                                                                                                                                                              ","SRC_SCHED":"     ","ROAD_ASGN_FLG":"N","XCPT_RSN_DESC":"GLASTO TO GLASTO                                                                                                                                                                                                                                ","PLAN_DPT_DT":"2020-06-09","PLAN_DPT_TM":"04.30.00","PLAN_DPT_DS_FLG":"Y","SET_ANUL_DT":"0001-01-01","SET_ANUL_TM":"00.01.00","SET_ANUL_DS_FLG":"N","LOCK_IN_MEAS_CD":"E","LOCK_IN_72HR_CD":"E","SET_PRO_DT":"2020-05-26","SET_PRO_TM":"01.31.15","SET_PRO_DS_FLG":"Y","TOWR_ID":"  ","TOWR_STN_CARR_ABRV":"CN  ","TOWR_STN_FSAC":"     ","TOWR_STN_333":"         ","TOWR_STN_ST":"  ","TOWR_STN_NME":"                   ","TOWR_STN_ABBR":"      ","TOWR_STN_SPLC":"      ","SRC_TRN_SECT":" ","SRC_TRN_ALT_SCH":" ","ASGN_STRT_TM":"03.00.00","XTRA_TRN_IND":"N","TRN_CTGY":"L","PGM_DT":"2020-06-09","PGM_TM":"05.40.06","PGM_DS_FLG":"Y","USER_ID":"156452B ","BASE_SCH_TIME_ZN":"ET","PTC_TRN_IND":"N"},"station":[{"trainSchedule":{"STN_SEQ_NBR":"00010","TRN_RTE_CD":"    ","MAX_TRN_LGTH":"10000","MAX_TRN_WGT":"14000","MAX_CAR":"150","MAX_HPT":"1.0","STD_HPT":"08","STN_STN_CARR_ABRV":"CN  ","STN_STN_FSAC":"56677","STN_STN_333":"GLADSTONE","STN_STN_ST":"MI","STN_STN_NME":"GLADSTONE          ","STN_STN_ABBR":"GLASTO","STN_STN_SPLC":"303960","ARR_DY":" ","ARR_TM":"00.00.00","DPT_DY":"0","DPT_TM":"04.30.00","ARR_DIR":" ","DPT_DIR":"S","PASS_RPT_FLG":"N","PASS_RSNT":"N","ARR_RPT_FLG":"N","ARR_RSNT":"N","WO_COMP_FLG":"Y","WO_COMP_RSNT":"N","CALL_TRN_FLG":"Y","CALL_TRN_RSNT":"Y","MKUP_TRN_FLG":"Y","MKUP_TRN_RSNT":"Y","TRN_DPT_RPT":"Y","TRN_DPT_RSNT":"Y","PU_RPT":"N","PU_RSNT":"N","WO_GEN":"N","CREW_CHG":"Y","BLK_ERR":"Y","REWHL_PT":"N","TRN_DIF_MIN":"000","TRAN_PLN":"Y","REFUEL_PT":"N","REQ_INSP":"1","TJS_INCL":"Y","TRN_ALT_SCH":"1","TRN_FIN_STN_CARR_ABRV":"CN  ","TRN_FIN_STN_FSAC":"00000","TRN_FIN_STN_333":"         ","TRN_FIN_STN_ST":"  ","TRN_FIN_STN_NME":"                   ","TRN_FIN_STN_ABBR":"      ","TRN_FIN_STN_SPLC":"000000","TRN_FIN_FLG":" ","ADV_CST_CARR":"    ","MIN_DWL_TM":"000","CRW_OBND_FLG":" ","ACCTG_RTE":" ","IBND_SDIV":"    ","OBND_SDIV":"0829","STN_TYPE_CD":"O","EST_ARR_DT":"0001-01-01","EST_ARR_TM":"01.01.01","EST_ARR_DS_FLG":"N","EST_DPT_DT":"2020-06-09","EST_DPT_TM":"04.35.00","EST_DPT_DS_FLG":"Y","MAX_MPH":"000","CONDT_BRD_NBR":"000","BRKMN_BRD_NBR":"000","ENGR_BRD_NBR":"000","FRMAN_BRD_NBR":"000","STN_ABBR":"      ","PRTY_TRN_FTR":"00","CRW_ETDPT_MN":"000","STN_CNT":"01","WRK_PRFRMD_FLG":" ","TRACS_STN_FLG":" ","ATR_RPT_FLG":" ","CST_TYP":" ","WHL_TYP":" ","PWR_CHG_FLG":"Y","AIR_INSP_FLG":"1","PRSH_INSP_FLG":" ","CCIL_INSP_FLG":" ","TAG_STN_FLG":" ","DLAY_FLG":" ","ADV_CST_FLG":"N","IBND_LNU_DIR":" ","OBND_LNU_DIR":"N","PLAN_ORD_ADJ":"120","CREW_POOL":"MD","ML_FRM_PRV_STN":"000.00","TOPC_EST_ARR_DT":"2020-06-09","TOPC_EST_ARR_TM":"15.05.00","TOPC_EST_ARR_DS_FLG":"Y","TOPC_EST_DEP_DT":"2020-06-09","TOPC_EST_DEP_TM":"04.35.00","TOPC_EST_DEP_DS_FLG":"Y","FGN_TRN_HAUL_TYPE":" ","FGN_TRN_ID":"          ","DSTB_PWR_FLG":"N","FRA_FLG":"N","DFLT_NBR_LOCO":"02","FGN_LOCO_FLG":"N","LOCO_DIR_RULE":"FB        ","CST_SNT_FLG":" ","ACUM_MILE":"    ","CAR_SOUT_FLG":" ","CAR_PU_FLG":" ","RTE_DESC_CD":" ","PCBL_TYP":" ","DSPR_CD":" ","RTE_CD":" ","STN_SEQ_TS":"2020-05-26-01.31.15.580670","STN_TIME_ZN_IND":"CT","RPT_TYPE":"N","SYS_CUTOF_TIME":"    ","PTC_SEG_CD":"N","LEAD_TRAL_LOCO_IND":"N"}},{"trainSchedule":{"STN_SEQ_NBR":"00270","TRN_RTE_CD":"    ","MAX_TRN_LGTH":"10000","MAX_TRN_WGT":"14000","MAX_CAR":"150","MAX_HPT":"1.0","STD_HPT":"08","STN_STN_CARR_ABRV":"CN  ","STN_STN_FSAC":"56677","STN_STN_333":"GLADSTONE","STN_STN_ST":"MI","STN_STN_NME":"GLADSTONE          ","STN_STN_ABBR":"GLASTO","STN_STN_SPLC":"303960","ARR_DY":"0","ARR_TM":"15.00.00","DPT_DY":"0","DPT_TM":"00.00.00","ARR_DIR":"N","DPT_DIR":" ","PASS_RPT_FLG":"N","PASS_RSNT":"N","ARR_RPT_FLG":"Y","ARR_RSNT":"N","WO_COMP_FLG":"Y","WO_COMP_RSNT":"N","CALL_TRN_FLG":"N","CALL_TRN_RSNT":"N","MKUP_TRN_FLG":"N","MKUP_TRN_RSNT":"N","TRN_DPT_RPT":"N","TRN_DPT_RSNT":"N","PU_RPT":"N","PU_RSNT":"N","WO_GEN":"N","CREW_CHG":"N","BLK_ERR":"N","REWHL_PT":"N","TRN_DIF_MIN":"000","TRAN_PLN":"Y","REFUEL_PT":"N","REQ_INSP":"1","TJS_INCL":"Y","TRN_ALT_SCH":"1","TRN_FIN_STN_CARR_ABRV":"CN  ","TRN_FIN_STN_FSAC":"00000","TRN_FIN_STN_333":"         ","TRN_FIN_STN_ST":"  ","TRN_FIN_STN_NME":"                   ","TRN_FIN_STN_ABBR":"      ","TRN_FIN_STN_SPLC":"000000","TRN_FIN_FLG":" ","ADV_CST_CARR":"    ","MIN_DWL_TM":"000","CRW_OBND_FLG":" ","ACCTG_RTE":" ","IBND_SDIV":"0829","OBND_SDIV":"    ","STN_TYPE_CD":"D","EST_ARR_DT":"2020-06-09","EST_ARR_TM":"15.00.00","EST_ARR_DS_FLG":"Y","EST_DPT_DT":"0001-01-01","EST_DPT_TM":"01.01.01","EST_DPT_DS_FLG":"N","MAX_MPH":"000","CONDT_BRD_NBR":"000","BRKMN_BRD_NBR":"000","ENGR_BRD_NBR":"000","FRMAN_BRD_NBR":"000","STN_ABBR":"      ","PRTY_TRN_FTR":"00","CRW_ETDPT_MN":"000","STN_CNT":"02","WRK_PRFRMD_FLG":" ","TRACS_STN_FLG":" ","ATR_RPT_FLG":" ","CST_TYP":" ","WHL_TYP":" ","PWR_CHG_FLG":"Y","AIR_INSP_FLG":"N","PRSH_INSP_FLG":" ","CCIL_INSP_FLG":" ","TAG_STN_FLG":" ","DLAY_FLG":" ","ADV_CST_FLG":"N","IBND_LNU_DIR":"S","OBND_LNU_DIR":"N","PLAN_ORD_ADJ":"120","CREW_POOL":"  ","ML_FRM_PRV_STN":"003.30","TOPC_EST_ARR_DT":"0001-01-01","TOPC_EST_ARR_TM":"01.01.01","TOPC_EST_ARR_DS_FLG":"N","TOPC_EST_DEP_DT":"0001-01-01","TOPC_EST_DEP_TM":"01.01.01","TOPC_EST_DEP_DS_FLG":"N","FGN_TRN_HAUL_TYPE":" ","FGN_TRN_ID":"          ","DSTB_PWR_FLG":"N","FRA_FLG":"N","DFLT_NBR_LOCO":"02","FGN_LOCO_FLG":"N","LOCO_DIR_RULE":"FB        ","CST_SNT_FLG":" ","ACUM_MILE":"    ","CAR_SOUT_FLG":" ","CAR_PU_FLG":" ","RTE_DESC_CD":" ","PCBL_TYP":" ","DSPR_CD":" ","RTE_CD":" ","STN_SEQ_TS":"2020-05-26-01.31.15.605278","STN_TIME_ZN_IND":"CT","RPT_TYPE":"N","SYS_CUTOF_TIME":"    ","PTC_SEG_CD":"N","LEAD_TRAL_LOCO_IND":"N"}}]}}
{"IngestionHeader":{"ING_CRT_TS":"2020-06-10T12:11:28.195-04:00","PRODUCT_ID":"A107 SRS-YIT","UUID":"dfd7689caa6b11eab9f2a573219c0000","FORMAT":"JSON"},"ActiveTrainSchedule":{"header":{"TMS_HDR_MESS_ID":"SCHEVA  ","TMS_HDR_TRN_R":{"TMS_HDR_TRN_TYPE":"L","TMS_HDR_TRN_SYM":"5498","TMS_HDR_TRN_SECT":"1","TMS_HDR_TRN_DAY":"09"},"TMS_HDR_TMS":"2020-06-09-16.11.28.152654","TMS_HDR_SEQ_NUMB":"0164644469","TMS_ACTION_CODE":"C"},"trainId":{"TRN_TYPE":"L","TRN_SECT":"1","TRN_SYM":"5498","TRN_DAY":"09","TRN_SCH_DPT_DT":"2020-06-09","BASE_IND":"A","ALPHA_TRN":"                         ","ALPHA_TRN_ID":"                         "},"trainSummary":{"EFF_DT":"2019-06-03","EXP_DT":"2050-12-31","ORIG_STN_CARR_ABRV":"CN  ","ORIG_STN_FSAC":"56677","ORIG_STN_333":"GLADSTONE","ORIG_STN_ST":"MI","ORIG_STN_NME":"GLADSTONE          ","ORIG_STN_ABBR":"GLASTO","ORIG_STN_SPLC":"303960","ORIG_DPT_DY":"0","ORIG_DPT_TM":"04.30.00","DEST_STN_CARR_ABRV":"CN  ","DEST_STN_FSAC":"56677","DEST_STN_333":"GLADSTONE","DEST_STN_ST":"MI","DEST_STN_NME":"GLADSTONE          ","DEST_STN_ABBR":"GLASTO","DEST_STN_SPLC":"303960","DEST_ARR_DY":"0","DEST_ARR_TM":"15.00.00","TMTBL_DIR":"W","TRN_SVC_TYP":"L","LOCL_WRK":"Y","SPD_RESTR_CAR":"Y","ORIG_MIN_CAR":"000","ORIG_MIN_LGTH":"00000","ORIG_MIN_WGT":"00000","ORIG_MAX_CAR":"150","ORIG_MAX_LGTH":"10000","ORIG_MAX_WGT":"14000","ORIG_MON_FLG":" ","ORIG_TUE_FLG":"C","ORIG_WED_FLG":"C","ORIG_THU_FLG":"C","ORIG_FRI_FLG":"C","ORIG_SAT_FLG":"C","ORIG_SUN_FLG":" ","TRN_DESC":"GLASTO TO GLASTO                                                              A","SET_CREATE_DT":"2020-05-26","SET_CREATE_TM":"01.31.15","SET_CREATE_DS_FLG":"Y","TRN_SCH_CD":"1","MAX_MPH":"050","TRN_RPTG_GRP":"D","RESP_CTR":"10000","PRTY_TRN_FTR":"00","LOT_NUMB":"      ","CATS_CD":"            ","OPER_STAT_CD":"EL","XCPT_RSN_CD":"  ","SPL_NOTE":"                                                                                                                                                              ","SRC_SCHED":"     ","ROAD_ASGN_FLG":"N","XCPT_RSN_DESC":"GLASTO TO GLASTO                                                                                                                                                                                                                                ","PLAN_DPT_DT":"2020-06-09","PLAN_DPT_TM":"04.30.00","PLAN_DPT_DS_FLG":"Y","SET_ANUL_DT":"0001-01-01","SET_ANUL_TM":"00.01.00","SET_ANUL_DS_FLG":"N","LOCK_IN_MEAS_CD":"E","LOCK_IN_72HR_CD":"E","SET_PRO_DT":"2020-05-26","SET_PRO_TM":"01.31.15","SET_PRO_DS_FLG":"Y","TOWR_ID":"  ","TOWR_STN_CARR_ABRV":"CN  ","TOWR_STN_FSAC":"     ","TOWR_STN_333":"         ","TOWR_STN_ST":"  ","TOWR_STN_NME":"                   ","TOWR_STN_ABBR":"      ","TOWR_STN_SPLC":"      ","SRC_TRN_SECT":" ","SRC_TRN_ALT_SCH":" ","ASGN_STRT_TM":"03.00.00","XTRA_TRN_IND":"N","TRN_CTGY":"L","PGM_DT":"2020-06-09","PGM_TM":"05.40.06","PGM_DS_FLG":"Y","USER_ID":"156452B ","BASE_SCH_TIME_ZN":"ET","PTC_TRN_IND":"N"},"station":[{"trainSchedule":{"STN_SEQ_NBR":"00010","TRN_RTE_CD":"    ","MAX_TRN_LGTH":"10000","MAX_TRN_WGT":"14000","MAX_CAR":"150","MAX_HPT":"1.0","STD_HPT":"08","STN_STN_CARR_ABRV":"CN  ","STN_STN_FSAC":"56677","STN_STN_333":"GLADSTONE","STN_STN_ST":"MI","STN_STN_NME":"GLADSTONE          ","STN_STN_ABBR":"GLASTO","STN_STN_SPLC":"303960","ARR_DY":" ","ARR_TM":"00.00.00","DPT_DY":"0","DPT_TM":"04.30.00","ARR_DIR":" ","DPT_DIR":"S","PASS_RPT_FLG":"N","PASS_RSNT":"N","ARR_RPT_FLG":"N","ARR_RSNT":"N","WO_COMP_FLG":"Y","WO_COMP_RSNT":"N","CALL_TRN_FLG":"Y","CALL_TRN_RSNT":"Y","MKUP_TRN_FLG":"Y","MKUP_TRN_RSNT":"Y","TRN_DPT_RPT":"Y","TRN_DPT_RSNT":"Y","PU_RPT":"N","PU_RSNT":"N","WO_GEN":"N","CREW_CHG":"Y","BLK_ERR":"Y","REWHL_PT":"N","TRN_DIF_MIN":"000","TRAN_PLN":"Y","REFUEL_PT":"N","REQ_INSP":"1","TJS_INCL":"Y","TRN_ALT_SCH":"1","TRN_FIN_STN_CARR_ABRV":"CN  ","TRN_FIN_STN_FSAC":"00000","TRN_FIN_STN_333":"         ","TRN_FIN_STN_ST":"  ","TRN_FIN_STN_NME":"                   ","TRN_FIN_STN_ABBR":"      ","TRN_FIN_STN_SPLC":"000000","TRN_FIN_FLG":" ","ADV_CST_CARR":"    ","MIN_DWL_TM":"000","CRW_OBND_FLG":" ","ACCTG_RTE":" ","IBND_SDIV":"    ","OBND_SDIV":"0829","STN_TYPE_CD":"O","EST_ARR_DT":"0001-01-01","EST_ARR_TM":"01.01.01","EST_ARR_DS_FLG":"N","EST_DPT_DT":"2020-06-09","EST_DPT_TM":"04.35.00","EST_DPT_DS_FLG":"Y","MAX_MPH":"000","CONDT_BRD_NBR":"000","BRKMN_BRD_NBR":"000","ENGR_BRD_NBR":"000","FRMAN_BRD_NBR":"000","STN_ABBR":"      ","PRTY_TRN_FTR":"00","CRW_ETDPT_MN":"000","STN_CNT":"01","WRK_PRFRMD_FLG":" ","TRACS_STN_FLG":" ","ATR_RPT_FLG":" ","CST_TYP":" ","WHL_TYP":" ","PWR_CHG_FLG":"Y","AIR_INSP_FLG":"1","PRSH_INSP_FLG":" ","CCIL_INSP_FLG":" ","TAG_STN_FLG":" ","DLAY_FLG":" ","ADV_CST_FLG":"N","IBND_LNU_DIR":" ","OBND_LNU_DIR":"N","PLAN_ORD_ADJ":"120","CREW_POOL":"MD","ML_FRM_PRV_STN":"000.00","TOPC_EST_ARR_DT":"2020-06-09","TOPC_EST_ARR_TM":"15.05.00","TOPC_EST_ARR_DS_FLG":"Y","TOPC_EST_DEP_DT":"2020-06-09","TOPC_EST_DEP_TM":"04.35.00","TOPC_EST_DEP_DS_FLG":"Y","FGN_TRN_HAUL_TYPE":" ","FGN_TRN_ID":"          ","DSTB_PWR_FLG":"N","FRA_FLG":"N","DFLT_NBR_LOCO":"02","FGN_LOCO_FLG":"N","LOCO_DIR_RULE":"FB        ","CST_SNT_FLG":" ","ACUM_MILE":"    ","CAR_SOUT_FLG":" ","CAR_PU_FLG":" ","RTE_DESC_CD":" ","PCBL_TYP":" ","DSPR_CD":" ","RTE_CD":" ","STN_SEQ_TS":"2020-05-26-01.31.15.580670","STN_TIME_ZN_IND":"CT","RPT_TYPE":"N","SYS_CUTOF_TIME":"    ","PTC_SEG_CD":"N","LEAD_TRAL_LOCO_IND":"N"}},{"trainSchedule":{"STN_SEQ_NBR":"00270","TRN_RTE_CD":"    ","MAX_TRN_LGTH":"10000","MAX_TRN_WGT":"14000","MAX_CAR":"150","MAX_HPT":"1.0","STD_HPT":"08","STN_STN_CARR_ABRV":"CN  ","STN_STN_FSAC":"56677","STN_STN_333":"GLADSTONE","STN_STN_ST":"MI","STN_STN_NME":"GLADSTONE          ","STN_STN_ABBR":"GLASTO","STN_STN_SPLC":"303960","ARR_DY":"0","ARR_TM":"15.00.00","DPT_DY":"0","DPT_TM":"00.00.00","ARR_DIR":"N","DPT_DIR":" ","PASS_RPT_FLG":"N","PASS_RSNT":"N","ARR_RPT_FLG":"Y","ARR_RSNT":"N","WO_COMP_FLG":"Y","WO_COMP_RSNT":"N","CALL_TRN_FLG":"N","CALL_TRN_RSNT":"N","MKUP_TRN_FLG":"N","MKUP_TRN_RSNT":"N","TRN_DPT_RPT":"N","TRN_DPT_RSNT":"N","PU_RPT":"N","PU_RSNT":"N","WO_GEN":"N","CREW_CHG":"N","BLK_ERR":"N","REWHL_PT":"N","TRN_DIF_MIN":"000","TRAN_PLN":"Y","REFUEL_PT":"N","REQ_INSP":"1","TJS_INCL":"Y","TRN_ALT_SCH":"1","TRN_FIN_STN_CARR_ABRV":"CN  ","TRN_FIN_STN_FSAC":"00000","TRN_FIN_STN_333":"         ","TRN_FIN_STN_ST":"  ","TRN_FIN_STN_NME":"                   ","TRN_FIN_STN_ABBR":"      ","TRN_FIN_STN_SPLC":"000000","TRN_FIN_FLG":" ","ADV_CST_CARR":"    ","MIN_DWL_TM":"000","CRW_OBND_FLG":" ","ACCTG_RTE":" ","IBND_SDIV":"0829","OBND_SDIV":"    ","STN_TYPE_CD":"D","EST_ARR_DT":"2020-06-09","EST_ARR_TM":"15.00.00","EST_ARR_DS_FLG":"Y","EST_DPT_DT":"0001-01-01","EST_DPT_TM":"01.01.01","EST_DPT_DS_FLG":"N","MAX_MPH":"000","CONDT_BRD_NBR":"000","BRKMN_BRD_NBR":"000","ENGR_BRD_NBR":"000","FRMAN_BRD_NBR":"000","STN_ABBR":"      ","PRTY_TRN_FTR":"00","CRW_ETDPT_MN":"000","STN_CNT":"02","WRK_PRFRMD_FLG":" ","TRACS_STN_FLG":" ","ATR_RPT_FLG":" ","CST_TYP":" ","WHL_TYP":" ","PWR_CHG_FLG":"Y","AIR_INSP_FLG":"N","PRSH_INSP_FLG":" ","CCIL_INSP_FLG":" ","TAG_STN_FLG":" ","DLAY_FLG":" ","ADV_CST_FLG":"N","IBND_LNU_DIR":"S","OBND_LNU_DIR":"N","PLAN_ORD_ADJ":"120","CREW_POOL":"  ","ML_FRM_PRV_STN":"003.30","TOPC_EST_ARR_DT":"0001-01-01","TOPC_EST_ARR_TM":"01.01.01","TOPC_EST_ARR_DS_FLG":"N","TOPC_EST_DEP_DT":"0001-01-01","TOPC_EST_DEP_TM":"01.01.01","TOPC_EST_DEP_DS_FLG":"N","FGN_TRN_HAUL_TYPE":" ","FGN_TRN_ID":"          ","DSTB_PWR_FLG":"N","FRA_FLG":"N","DFLT_NBR_LOCO":"02","FGN_LOCO_FLG":"N","LOCO_DIR_RULE":"FB        ","CST_SNT_FLG":" ","ACUM_MILE":"    ","CAR_SOUT_FLG":" ","CAR_PU_FLG":" ","RTE_DESC_CD":" ","PCBL_TYP":" ","DSPR_CD":" ","RTE_CD":" ","STN_SEQ_TS":"2020-05-26-01.31.15.605278","STN_TIME_ZN_IND":"CT","RPT_TYPE":"N","SYS_CUTOF_TIME":"    ","PTC_SEG_CD":"N","LEAD_TRAL_LOCO_IND":"N"}}]}}
{"IngestionHeader":{"ING_CRT_TS":"2020-06-11T12:11:30.195-04:00","PRODUCT_ID":"A107 SRS-YIT","UUID":"dgd7689caa6b11eab9f2a573219c0000","FORMAT":"JSON"},"ActiveTrainSchedule":{"header":{"TMS_HDR_MESS_ID":"SCHEVA  ","TMS_HDR_TRN_R":{"TMS_HDR_TRN_TYPE":"L","TMS_HDR_TRN_SYM":"5498","TMS_HDR_TRN_SECT":"1","TMS_HDR_TRN_DAY":"09"},"TMS_HDR_TMS":"2020-06-09-16.11.30.152654","TMS_HDR_SEQ_NUMB":"0164644469","TMS_ACTION_CODE":"R"},"trainId":{"TRN_TYPE":"L","TRN_SECT":"1","TRN_SYM":"5498","TRN_DAY":"09","TRN_SCH_DPT_DT":"2020-06-09","BASE_IND":"A","ALPHA_TRN":"                         ","ALPHA_TRN_ID":"                         "},"trainSummary":{"EFF_DT":"2019-06-03","EXP_DT":"2050-12-31","ORIG_STN_CARR_ABRV":"CN  ","ORIG_STN_FSAC":"56677","ORIG_STN_333":"GLADSTONE","ORIG_STN_ST":"MI","ORIG_STN_NME":"GLADSTONE          ","ORIG_STN_ABBR":"GLASTO","ORIG_STN_SPLC":"303960","ORIG_DPT_DY":"0","ORIG_DPT_TM":"04.30.00","DEST_STN_CARR_ABRV":"CN  ","DEST_STN_FSAC":"56677","DEST_STN_333":"GLADSTONE","DEST_STN_ST":"MI","DEST_STN_NME":"GLADSTONE          ","DEST_STN_ABBR":"GLASTO","DEST_STN_SPLC":"303960","DEST_ARR_DY":"0","DEST_ARR_TM":"15.00.00","TMTBL_DIR":"W","TRN_SVC_TYP":"L","LOCL_WRK":"Y","SPD_RESTR_CAR":"Y","ORIG_MIN_CAR":"000","ORIG_MIN_LGTH":"00000","ORIG_MIN_WGT":"00000","ORIG_MAX_CAR":"150","ORIG_MAX_LGTH":"10000","ORIG_MAX_WGT":"14000","ORIG_MON_FLG":" ","ORIG_TUE_FLG":"C","ORIG_WED_FLG":"C","ORIG_THU_FLG":"C","ORIG_FRI_FLG":"C","ORIG_SAT_FLG":"C","ORIG_SUN_FLG":" ","TRN_DESC":"GLASTO TO GLASTO                                                              A","SET_CREATE_DT":"2020-05-26","SET_CREATE_TM":"01.31.15","SET_CREATE_DS_FLG":"Y","TRN_SCH_CD":"1","MAX_MPH":"050","TRN_RPTG_GRP":"D","RESP_CTR":"10000","PRTY_TRN_FTR":"00","LOT_NUMB":"      ","CATS_CD":"            ","OPER_STAT_CD":"EL","XCPT_RSN_CD":"  ","SPL_NOTE":"                                                                                                                                                              ","SRC_SCHED":"     ","ROAD_ASGN_FLG":"N","XCPT_RSN_DESC":"GLASTO TO GLASTO                                                                                                                                                                                                                                ","PLAN_DPT_DT":"2020-06-09","PLAN_DPT_TM":"04.30.00","PLAN_DPT_DS_FLG":"Y","SET_ANUL_DT":"0001-01-01","SET_ANUL_TM":"00.01.00","SET_ANUL_DS_FLG":"N","LOCK_IN_MEAS_CD":"E","LOCK_IN_72HR_CD":"E","SET_PRO_DT":"2020-05-26","SET_PRO_TM":"01.31.15","SET_PRO_DS_FLG":"Y","TOWR_ID":"  ","TOWR_STN_CARR_ABRV":"CN  ","TOWR_STN_FSAC":"     ","TOWR_STN_333":"         ","TOWR_STN_ST":"  ","TOWR_STN_NME":"                   ","TOWR_STN_ABBR":"      ","TOWR_STN_SPLC":"      ","SRC_TRN_SECT":" ","SRC_TRN_ALT_SCH":" ","ASGN_STRT_TM":"03.00.00","XTRA_TRN_IND":"N","TRN_CTGY":"L","PGM_DT":"2020-06-09","PGM_TM":"05.40.06","PGM_DS_FLG":"Y","USER_ID":"156452B ","BASE_SCH_TIME_ZN":"ET","PTC_TRN_IND":"N"},"station":[{"trainSchedule":{"STN_SEQ_NBR":"00010","TRN_RTE_CD":"    ","MAX_TRN_LGTH":"10000","MAX_TRN_WGT":"14000","MAX_CAR":"150","MAX_HPT":"1.0","STD_HPT":"08","STN_STN_CARR_ABRV":"CN  ","STN_STN_FSAC":"56677","STN_STN_333":"GLADSTONE","STN_STN_ST":"MI","STN_STN_NME":"GLADSTONE          ","STN_STN_ABBR":"GLASTO","STN_STN_SPLC":"303960","ARR_DY":" ","ARR_TM":"00.00.00","DPT_DY":"0","DPT_TM":"04.30.00","ARR_DIR":" ","DPT_DIR":"S","PASS_RPT_FLG":"N","PASS_RSNT":"N","ARR_RPT_FLG":"N","ARR_RSNT":"N","WO_COMP_FLG":"Y","WO_COMP_RSNT":"N","CALL_TRN_FLG":"Y","CALL_TRN_RSNT":"Y","MKUP_TRN_FLG":"Y","MKUP_TRN_RSNT":"Y","TRN_DPT_RPT":"Y","TRN_DPT_RSNT":"Y","PU_RPT":"N","PU_RSNT":"N","WO_GEN":"N","CREW_CHG":"Y","BLK_ERR":"Y","REWHL_PT":"N","TRN_DIF_MIN":"000","TRAN_PLN":"Y","REFUEL_PT":"N","REQ_INSP":"1","TJS_INCL":"Y","TRN_ALT_SCH":"1","TRN_FIN_STN_CARR_ABRV":"CN  ","TRN_FIN_STN_FSAC":"00000","TRN_FIN_STN_333":"         ","TRN_FIN_STN_ST":"  ","TRN_FIN_STN_NME":"                   ","TRN_FIN_STN_ABBR":"      ","TRN_FIN_STN_SPLC":"000000","TRN_FIN_FLG":" ","ADV_CST_CARR":"    ","MIN_DWL_TM":"000","CRW_OBND_FLG":" ","ACCTG_RTE":" ","IBND_SDIV":"    ","OBND_SDIV":"0829","STN_TYPE_CD":"O","EST_ARR_DT":"0001-01-01","EST_ARR_TM":"01.01.01","EST_ARR_DS_FLG":"N","EST_DPT_DT":"2020-06-09","EST_DPT_TM":"04.35.00","EST_DPT_DS_FLG":"Y","MAX_MPH":"000","CONDT_BRD_NBR":"000","BRKMN_BRD_NBR":"000","ENGR_BRD_NBR":"000","FRMAN_BRD_NBR":"000","STN_ABBR":"      ","PRTY_TRN_FTR":"00","CRW_ETDPT_MN":"000","STN_CNT":"01","WRK_PRFRMD_FLG":" ","TRACS_STN_FLG":" ","ATR_RPT_FLG":" ","CST_TYP":" ","WHL_TYP":" ","PWR_CHG_FLG":"Y","AIR_INSP_FLG":"1","PRSH_INSP_FLG":" ","CCIL_INSP_FLG":" ","TAG_STN_FLG":" ","DLAY_FLG":" ","ADV_CST_FLG":"N","IBND_LNU_DIR":" ","OBND_LNU_DIR":"N","PLAN_ORD_ADJ":"120","CREW_POOL":"MD","ML_FRM_PRV_STN":"000.00","TOPC_EST_ARR_DT":"2020-06-09","TOPC_EST_ARR_TM":"15.05.00","TOPC_EST_ARR_DS_FLG":"Y","TOPC_EST_DEP_DT":"2020-06-09","TOPC_EST_DEP_TM":"04.35.00","TOPC_EST_DEP_DS_FLG":"Y","FGN_TRN_HAUL_TYPE":" ","FGN_TRN_ID":"          ","DSTB_PWR_FLG":"N","FRA_FLG":"N","DFLT_NBR_LOCO":"02","FGN_LOCO_FLG":"N","LOCO_DIR_RULE":"FB        ","CST_SNT_FLG":" ","ACUM_MILE":"    ","CAR_SOUT_FLG":" ","CAR_PU_FLG":" ","RTE_DESC_CD":" ","PCBL_TYP":" ","DSPR_CD":" ","RTE_CD":" ","STN_SEQ_TS":"2020-05-26-01.31.15.580670","STN_TIME_ZN_IND":"CT","RPT_TYPE":"N","SYS_CUTOF_TIME":"    ","PTC_SEG_CD":"N","LEAD_TRAL_LOCO_IND":"N"}}]}}