{"IngestionHeader":{"ING_CRT_TS":"2020-03-13 10:40:51.805246","PRODUCT_ID":"SRS-CM","UUID":"08a46b91-40a8-4c2f-90bc-355a5ca00b62","FORMAT":"JSON"},"BadOrderCodeReference":{"AAR_BO_CD":"A","BO_CD":"AB","BO_DESC_E":"RUNNING BOARD    ","BO_DESC_F":"PASSERELLE                                                            ","EXP_DT":"2099-12-31","MECH_RSTR_IND":"","STAT_CD":"N"}}
{"IngestionHeader":{"ING_CRT_TS":"2020-03-13 10:40:51.805246","PRODUCT_ID":"SRS-CM","UUID":null,"FORMAT":"JSON"},"BadOrderCodeReference":{"AAR_BO_CD":"A","BO_CD":"AB","BO_DESC_E":"RUNNING BOARD    ","BO_DESC_F":"PASSERELLE                                                            ","EXP_DT":"2099-12-31","MECH_RSTR_IND":"","STAT_CD":"N"}}