{"DomainEventHeader":{"SOR_INGT_CRT_TS":"2020-03-13 10:40:51.805246","SOR_READ_TS":"2020-11-27 14:42:12.002","DE_CRT_TS":"2020-11-27 14:42:12","SOR_TPIC_NM":"reg.tm.raw.cust.v1","DE_META":""},"BusinessPartnerAssociated":{"Primary_Object_Key":"1e78e6ab2bc842c283eb8278fdb90e8137fe13fed3ee588c88005fa6f4e1d486","Domain_Event_Type_Key":"c7881817d6d6fabbc8c8be4c1a5310d4b02d506473e08a55032dedde16c0b3fa","Association_Key":"Not Applicable","Association_Type_Key":"5a422cd28c9153514886fd9e86b1da66aafada564694848a5cee7482b8edfe87","Business_Partner_Key":"Not Applicable","Business_Partner_Type_Key":"Not Applicable","Associated_Object_Key":"Not Applicable","Associated_Object_Type_Key":"Not Applicable","Domain_Event_Key":"3d1b98ee3d69d4f0960c182591865b04388d99ad1a20fdc50d275bf89bbec737","Correlation_Id":"08a46b91-40a8-4c2f-90bc-355a5ca00b62","Client_Identification":"102250","System_Key":"d312198489b4563fef394081a70fab687dfe0ce0a3ba85044675bb3bd2de9a58","Proc_Ts":"2020-03-13 10:40:51.805246","Proc_Ts_Tz_Dst_Cd":"100","Event_Ts":"2020-03-13 10:40:51.805246","Event_Ts_Tz_Dst_Cd":"100"}}
{"DomainEventHeader":{"SOR_INGT_CRT_TS":"2020-03-13 10:40:51.805246","SOR_READ_TS":"2020-11-27 14:42:12.002","DE_CRT_TS":"2020-11-27 14:42:12","SOR_TPIC_NM":"reg.tm.raw.cust.v1","DE_META":""},"BusinessPartnerAssociated":{"Primary_Object_Key":"1e78e6ab2bc842c283eb8278fdb90e8137fe13fed3ee588c88005fa6f4e1d486","Domain_Event_Type_Key":"c7881817d6d6fabbc8c8be4c1a5310d4b02d506473e08a55032dedde16c0b3fa","Association_Key":"Not Applicable","Association_Type_Key":"5a422cd28c9153514886fd9e86b1da66aafada564694848a5cee7482b8edfe87","Business_Partner_Key":"Not Applicable","Business_Partner_Type_Key":"Not Applicable","Associated_Object_Key":"Not Applicable","Associated_Object_Type_Key":"Not Applicable","Domain_Event_Key":"3d1b98ee3d69d4f0960c182591865b04388d99ad1a20fdc50d275bf89bbec737","Correlation_Id":"08a46b91-40a8-4c2f-90bc-355a5ca00b62","Client_Identification":"102250","System_Key":"d312198489b4563fef394081a70fab687dfe0ce0a3ba85044675bb3bd2de9a58","Proc_Ts":"2020-03-13 10:40:51.805246","Proc_Ts_Tz_Dst_Cd":"100","Event_Ts":"2020-03-13 10:40:51.805246","Event_Ts_Tz_Dst_Cd":"100"}}