{"DomainEventHeader":{"SOR_INGT_CRT_TS":"2020-03-13 10:40:51.805246","SOR_READ_TS":"2020-11-27 14:38:20.012","DE_CRT_TS":"2020-11-27 14:38:20","SOR_TPIC_NM":"reg.tm.raw.cust.v1","DE_META":""},"BusinessPartnerConditionCreated":{"Domain_Event_Type_Key":"e3b61a2ebf5b23ed3fd8ff58d88a71874f646ec36a6e49d48b10b0c9e3100d05","Business_Partner_Key":"1e78e6ab2bc842c283eb8278fdb90e8137fe13fed3ee588c88005fa6f4e1d486","ConditionCharacteristics":[{"Condition_Characteristic_Key":"4b36d224c9af48294a66dae6631054f986527e25f144ca7faa56afa60e6b0079","Characteristic_Type_Key":"b0dbb55054f31f2fe32f4b5d2d283ec890ed91aaa61a8b6413a6b70508c13c95","Characteristic_Value":"A"}],"Domain_Event_Key":"31cf0e0957b4ba449681ef26e6cdbe49f1e0928c14b1452c847ae34eae902746","Correlation_Id":"08a46b91-40a8-4c2f-90bc-355a5ca00b62","Client_Identification":"102250","System_Key":"d312198489b4563fef394081a70fab687dfe0ce0a3ba85044675bb3bd2de9a58","Proc_Ts":"2020-03-13 10:40:51.805246","Proc_Ts_Tz_Dst_Cd":"100","Event_Ts":"2020-03-13 10:40:51.805246","Event_Ts_Tz_Dst_Cd":"100"}}
{"DomainEventHeader":{"SOR_INGT_CRT_TS":"2020-03-13 10:40:51.805246","SOR_READ_TS":"2020-11-27 14:38:20.012","DE_CRT_TS":"2020-11-27 14:38:20","SOR_TPIC_NM":"reg.tm.raw.cust.v1","DE_META":""},"BusinessPartnerConditionCreated":{"Domain_Event_Type_Key":"e3b61a2ebf5b23ed3fd8ff58d88a71874f646ec36a6e49d48b10b0c9e3100d05","Business_Partner_Key":"1e78e6ab2bc842c283eb8278fdb90e8137fe13fed3ee588c88005fa6f4e1d486","ConditionCharacteristics":[{"Condition_Characteristic_Key":"4b36d224c9af48294a66dae6631054f986527e25f144ca7faa56afa60e6b0079","Characteristic_Type_Key":"b0dbb55054f31f2fe32f4b5d2d283ec890ed91aaa61a8b6413a6b70508c13c95","Characteristic_Value":"A"}],"Domain_Event_Key":"31cf0e0957b4ba449681ef26e6cdbe49f1e0928c14b1452c847ae34eae902746","Correlation_Id":"08a46b91-40a8-4c2f-90bc-355a5ca00b62","Client_Identification":"102250","System_Key":"d312198489b4563fef394081a70fab687dfe0ce0a3ba85044675bb3bd2de9a58","Proc_Ts":"2020-03-13 10:40:51.805246","Proc_Ts_Tz_Dst_Cd":"100","Event_Ts":"2020-03-13 10:40:51.805246","Event_Ts_Tz_Dst_Cd":"100"}}