{"GRN_CD": "       ","OP_CUST_633": "KEMIRAWATSOL","YD_BLK": "SARFRT","PREV_TRK_NUMB": "    ","BO_CD": "  ","ARR_SEQ_NBR": 390,"PARK_STN_ST": "  ","CUST_633_SHPR": "AXIALL      ","FLR_COND_CD": " ","ST_INTERST": " ","NET_TONS": "080","OS_LGTH_FT": " 47","CMDTY_DES_ABBR": "CLORIN","DEST_333": "CHICAGO  ","DOOR_SIZE_CD": " ","WB_ERR_CD": " ","CAR_NOTE_FLG": "N","SWTCH_CD": "SB","CAR_LOC_CD": "Y","CAR_ORD_NBR": 0,"OP_ST": "IL","CURR_SPOT": "  ","OP_RAJP": "BRC ","IBMSNAP_OPERATION": "U","EVT_CD": "TA","USER_ID": "137363  ","TSO_333": "NIAFALLS ","WB_NUMB": "197780","ASGN_TRN_DAY": "  ","DRF_GEAR_CPLR": 88,"TRN_BLK": "FRONF","ASGN_TRN_SECT": " ","OS_LGTH_IN": "06","TSO_ST": "ON","ORIG_ST": "PQ","SFE_POOL_ID": "P2010","CUST_SWTCH_CD": "  ","ASGN_TRN_TYPE": " ","CAR_KIND_AAR": "T944","EVST_CD": "  ","LNG_COND_CD": " ","CAR_KIND": "T4E ","STN_333": "PTROBINSO","SPD_RESTR_CD": "  ","STOP_PROF": " ","SPL_COND_CD5": "SP","CAR_NUMB": "      1160","STN_ST": "ON","SPL_COND_CD4": "JR","TRK_SEQ_NUMB": 4,"SPL_COND_CD3": "JC","AUTH_TYPE": " ","SPL_COND_CD2": "A2","SPL_COND_CD1": "PI","OP_CITY_333": "GLEYARD  ","RAJP2": "IHB ","STN_SEQ_NBR": 390,"NXT_TRK_NUMB": "AE93","RFO_EQP_NOTE": "                    ","OP_ORIG_ST": "ON","SPL_COND_CD6": "CR","LOAD_EMPTY": "L","SCO_FCO_ID": "      ","NXT_YRD_BLK": "      ","CAR_FLG": " ","EQP_TARE": " 93400","TRK_NUMB": "AE93","LOG_COUNTER": 0,"DFO_333": "TORWAYCEN","SYS_BLK": "80000","BO_ETR_HRS": 0,"JT_SVC_CD": " ","PER_DIEM_RATE": 0.00,"STCC_NUMBER": "4920523","MECH_STAT_CD3": "  ","MECH_STAT_CD2": "  ","WB_AXLE_CNT": " 4","TRN_DAY": "07","IBMSNAP_COMMITSEQ": "\u0000\ufffd\u0017\ufffd\ufffd\ufffd\ufffd\ufffd\"\u0000\u0000\u0000\u0000\u0000\u0000\u0001","MECH_STAT_CD1": "  ","TRCK_CPTY_CD": " ","TRN_SEQ_NUMB": 8,"NXT_TRN_BLK": "     ","CARR_ABBR_ON": "CSXT","CLN_CD": " ","TRN_SYM": "4213","OP_ORIG_333": "TORMACYAR","CLRC_CD": "B","ASGN_TRN_SYM": "    ","PPSI_CD": "    ","PGM_NME": "WOCNARRC","WB_ID": "4482-08-18-10.14.59.682017","GST_CD": "T  ","WB_VRSN": 2,"GRS_TONS": "127","LOT_NUMB_PREV": "      ","PARK_STN_333": "         ","LVL_SVC_CD": " ","MVMT_REV_CODE": "PP","IBMSNAP_INTENTSEQ": "\u0000\ufffd\u0017\ufffd\ufffd\ufffd\ufffd\ufffdt\u0000\u0000\u0000\u0000\u0000\u0000\u0001","ARR_333": "PTROBINSO","AUTH_NUMB": "       ","DFO_ST": "ON","AAR_POOL_ID": "0000000","TRN_SECT": "1","MPTY_ASGN_CD": "   ","OBND_420_BLK": "            ","KEY_TRN_CD": "P","DEST_ST": "IL","OP_ZTS": "      ","FGN_SYS_CD": "P","TRN_TYPE": "A","CAR_INIT": "AXLX","DSTN_SEQ_NBR": 0,"CUST_633_CNSG": "KEMIRAWATSOL","ERT_CD": "6","HITCH_SETUP": "  ","DIR_CD": "E","ORIG_333": "BEAUHARNO","LOT_NUMB": "      ","CBODY_COND_CD": " ","ARR_ST": "ON","CSD_CD": "    ","PROC_DTTM": "2019-06-10 16:25:51.328000","ARR_TM": "16:23:00","ARR_DT": "2019-06-10","EVT_TM": "16:23:00","EVT_DT": "2019-06-10","WB_DT": "2017-08-18","DISP_CHG_DT": "2019-06-10","DISP_CHG_TM": "16:23:00","IBMSNAP_LOGMARKER": "2021-01-08 16:16:24.155000","INGT_CRT_TS": "2021-01-13 18:41:07.930","PRODUCT_ID": "SRS_YIT_DB2_OY.VCAR_INVENTORY_ASNKK","INGT_UUID": null,"FORMAT": "TAB"}
{"GRN_CD": "       ","OP_CUST_633": "KEMIRAWATSOL","YD_BLK": "SARFRT","PREV_TRK_NUMB": "    ","BO_CD": "  ","ARR_SEQ_NBR": 390,"PARK_STN_ST": "  ","CUST_633_SHPR": "AXIALL      ","FLR_COND_CD": " ","ST_INTERST": " ","NET_TONS": "080","OS_LGTH_FT": " 47","CMDTY_DES_ABBR": "CLORIN","DEST_333": "CHICAGO  ","DOOR_SIZE_CD": " ","WB_ERR_CD": " ","CAR_NOTE_FLG": "N","SWTCH_CD": "SB","CAR_LOC_CD": "Y","CAR_ORD_NBR": 0,"OP_ST": "IL","CURR_SPOT": "  ","OP_RAJP": "BRC ","IBMSNAP_OPERATION": "U","EVT_CD": "TA","USER_ID": "137363  ","TSO_333": "NIAFALLS ","WB_NUMB": "197780","ASGN_TRN_DAY": "  ","DRF_GEAR_CPLR": 88,"TRN_BLK": "FRONF","ASGN_TRN_SECT": " ","OS_LGTH_IN": "06","TSO_ST": "ON","ORIG_ST": "PQ","SFE_POOL_ID": "P2010","CUST_SWTCH_CD": "  ","ASGN_TRN_TYPE": " ","CAR_KIND_AAR": "T944","EVST_CD": "  ","LNG_COND_CD": " ","CAR_KIND": "T4E ","STN_333": "PTROBINSO","SPD_RESTR_CD": "  ","STOP_PROF": " ","SPL_COND_CD5": "SP","CAR_NUMB": "      1160","STN_ST": "ON","SPL_COND_CD4": "JR","TRK_SEQ_NUMB": 4,"SPL_COND_CD3": "JC","AUTH_TYPE": " ","SPL_COND_CD2": "A2","SPL_COND_CD1": "PI","OP_CITY_333": "GLEYARD  ","RAJP2": "IHB ","STN_SEQ_NBR": 390,"NXT_TRK_NUMB": "AE93","RFO_EQP_NOTE": "                    ","OP_ORIG_ST": "ON","SPL_COND_CD6": "CR","LOAD_EMPTY": "L","SCO_FCO_ID": "      ","NXT_YRD_BLK": "      ","CAR_FLG": " ","EQP_TARE": " 93400","TRK_NUMB": "AE93","LOG_COUNTER": 0,"DFO_333": "TORWAYCEN","SYS_BLK": "80000","BO_ETR_HRS": 0,"JT_SVC_CD": " ","PER_DIEM_RATE": 0.00,"STCC_NUMBER": "4920523","MECH_STAT_CD3": "  ","MECH_STAT_CD2": "  ","WB_AXLE_CNT": " 4","TRN_DAY": "07","IBMSNAP_COMMITSEQ": "\u0000\ufffd\u0017\ufffd\ufffd\ufffd\ufffd\ufffd\"\u0000\u0000\u0000\u0000\u0000\u0000\u0001","MECH_STAT_CD1": "  ","TRCK_CPTY_CD": " ","TRN_SEQ_NUMB": 8,"NXT_TRN_BLK": "     ","CARR_ABBR_ON": "CSXT","CLN_CD": " ","TRN_SYM": "4213","OP_ORIG_333": "TORMACYAR","CLRC_CD": "B","ASGN_TRN_SYM": "    ","PPSI_CD": "    ","PGM_NME": "WOCNARRC","WB_ID": "4482-08-18-10.14.59.682017","GST_CD": "T  ","WB_VRSN": 2,"GRS_TONS": "127","LOT_NUMB_PREV": "      ","PARK_STN_333": "         ","LVL_SVC_CD": " ","MVMT_REV_CODE": "PP","IBMSNAP_INTENTSEQ": "\u0000\ufffd\u0017\ufffd\ufffd\ufffd\ufffd\ufffdt\u0000\u0000\u0000\u0000\u0000\u0000\u0001","ARR_333": "PTROBINSO","AUTH_NUMB": "       ","DFO_ST": "ON","AAR_POOL_ID": "0000000","TRN_SECT": "1","MPTY_ASGN_CD": "   ","OBND_420_BLK": "            ","KEY_TRN_CD": "P","DEST_ST": "IL","OP_ZTS": "      ","FGN_SYS_CD": "P","TRN_TYPE": "A","CAR_INIT": "AXLX","DSTN_SEQ_NBR": 0,"CUST_633_CNSG": "KEMIRAWATSOL","ERT_CD": "6","HITCH_SETUP": "  ","DIR_CD": "E","ORIG_333": "BEAUHARNO","LOT_NUMB": "      ","CBODY_COND_CD": " ","ARR_ST": "ON","CSD_CD": "    ","PROC_DTTM": "2019-06-10 16:25:51.328000","ARR_TM": "16:23:00","ARR_DT": "2019-06-10","EVT_TM": "16:23:00","EVT_DT": "2019-06-10","WB_DT": "2017-08-18","DISP_CHG_DT": "2019-06-10","DISP_CHG_TM": "16:23:00","IBMSNAP_LOGMARKER": "2021-01-08 16:16:24.155000","INGT_CRT_TS": "2021-01-13 18:41:07.930","PRODUCT_ID": "SRS_YIT_DB2_OY.VCAR_INVENTORY_ASNKK","INGT_UUID": "c6fa9578-ce51-405a-a5da-a9b747b4b31e","FORMAT": "TAB"}
{"GRN_CD": "       ","OP_CUST_633": "KEMIRAWATSOL","YD_BLK": "SARFRT","PREV_TRK_NUMB": "    ","BO_CD": "  ","ARR_SEQ_NBR": 390,"PARK_STN_ST": "  ","CUST_633_SHPR": "AXIALL      ","FLR_COND_CD": " ","ST_INTERST": " ","NET_TONS": "080","OS_LGTH_FT": " 47","CMDTY_DES_ABBR": "CLORIN","DEST_333": "CHICAGO  ","DOOR_SIZE_CD": " ","WB_ERR_CD": " ","CAR_NOTE_FLG": "N","SWTCH_CD": "SB","CAR_LOC_CD": "Y","CAR_ORD_NBR": 0,"OP_ST": "IL","CURR_SPOT": "  ","OP_RAJP": "BRC ","IBMSNAP_OPERATION": "D","EVT_CD": "TA","USER_ID": "137363  ","TSO_333": "NIAFALLS ","WB_NUMB": "197780","ASGN_TRN_DAY": "  ","DRF_GEAR_CPLR": 88,"TRN_BLK": "FRONF","ASGN_TRN_SECT": " ","OS_LGTH_IN": "06","TSO_ST": "ON","ORIG_ST": "PQ","SFE_POOL_ID": "P2010","CUST_SWTCH_CD": "  ","ASGN_TRN_TYPE": " ","CAR_KIND_AAR": "T944","EVST_CD": "  ","LNG_COND_CD": " ","CAR_KIND": "T4E ","STN_333": "PTROBINSO","SPD_RESTR_CD": "  ","STOP_PROF": " ","SPL_COND_CD5": "SP","CAR_NUMB": "      1160","STN_ST": "ON","SPL_COND_CD4": "JR","TRK_SEQ_NUMB": 4,"SPL_COND_CD3": "JC","AUTH_TYPE": " ","SPL_COND_CD2": "A2","SPL_COND_CD1": "PI","OP_CITY_333": "GLEYARD  ","RAJP2": "IHB ","STN_SEQ_NBR": 390,"NXT_TRK_NUMB": "AE93","RFO_EQP_NOTE": "                    ","OP_ORIG_ST": "ON","SPL_COND_CD6": "CR","LOAD_EMPTY": "L","SCO_FCO_ID": "      ","NXT_YRD_BLK": "      ","CAR_FLG": " ","EQP_TARE": " 93400","TRK_NUMB": "AE93","LOG_COUNTER": 0,"DFO_333": "TORWAYCEN","SYS_BLK": "80000","BO_ETR_HRS": 0,"JT_SVC_CD": " ","PER_DIEM_RATE": 0.00,"STCC_NUMBER": "4920523","MECH_STAT_CD3": "  ","MECH_STAT_CD2": "  ","WB_AXLE_CNT": " 4","TRN_DAY": "07","IBMSNAP_COMMITSEQ": "\u0000\ufffd\u0017\ufffd\ufffd\ufffd\ufffd\ufffd\"\u0000\u0000\u0000\u0000\u0000\u0000\u0001","MECH_STAT_CD1": "  ","TRCK_CPTY_CD": " ","TRN_SEQ_NUMB": 8,"NXT_TRN_BLK": "     ","CARR_ABBR_ON": "CSXT","CLN_CD": " ","TRN_SYM": "4213","OP_ORIG_333": "TORMACYAR","CLRC_CD": "B","ASGN_TRN_SYM": "    ","PPSI_CD": "    ","PGM_NME": "WOCNARRC","WB_ID": "4482-08-18-10.14.59.682017","GST_CD": "T  ","WB_VRSN": 2,"GRS_TONS": "127","LOT_NUMB_PREV": "      ","PARK_STN_333": "         ","LVL_SVC_CD": " ","MVMT_REV_CODE": "PP","IBMSNAP_INTENTSEQ": "\u0000\ufffd\u0017\ufffd\ufffd\ufffd\ufffd\ufffdt\u0000\u0000\u0000\u0000\u0000\u0000\u0001","ARR_333": "PTROBINSO","AUTH_NUMB": "       ","DFO_ST": "ON","AAR_POOL_ID": "0000000","TRN_SECT": "1","MPTY_ASGN_CD": "   ","OBND_420_BLK": "            ","KEY_TRN_CD": "P","DEST_ST": "IL","OP_ZTS": "      ","FGN_SYS_CD": "P","TRN_TYPE": "A","CAR_INIT": "AXLX","DSTN_SEQ_NBR": 0,"CUST_633_CNSG": "KEMIRAWATSOL","ERT_CD": "6","HITCH_SETUP": "  ","DIR_CD": "E","ORIG_333": "BEAUHARNO","LOT_NUMB": "      ","CBODY_COND_CD": " ","ARR_ST": "ON","CSD_CD": "    ","PROC_DTTM": "2019-06-10 16:25:51.328000","ARR_TM": "16:23:00","ARR_DT": "2019-06-10","EVT_TM": "16:23:00","EVT_DT": "2019-06-10","WB_DT": "2017-08-18","DISP_CHG_DT": "2019-06-10","DISP_CHG_TM": "16:23:00","IBMSNAP_LOGMARKER": "2021-01-08 16:16:24.155000","INGT_CRT_TS": "2021-01-13 18:41:07.930","PRODUCT_ID": "SRS_YIT_DB2_OY.VCAR_INVENTORY_ASNKK","INGT_UUID": "c6fa9578-ce51-405a-a5da-a9b747b4b31e","FORMAT": "TAB"}