{"IngestionHeader":{"ING_CRT_TS":null,"PRODUCT_ID":"TA108","UUID":null,"FORMAT":"JSON"},"CarInventoryIntermodal":{"EQP_INIT":null,"IBMSNAP_OPERATION":"U","EQP_RMP_STAT":"A","CAR_KND_ABBR":"K","WB_ID":"7282-06-10 11:54:15.262020","IBMSNAP_LOGMARKER":null,"TRN_SYM":"1203","EQP_SEQ_NUMB":"  1","ATCH_DT":"2020-06-10","WB_VRSN":"2","IBMSNAP_INTENTSEQ":"00d80ce0a9511e147c00000000000001","IBMSNAP_COMMITSEQ":"00d80ce0a9571fa58800000000000001","CYCL_ID":"1080-06-10 11:55:52.462020","TRN_SECT":"2","TIME_ZONE":"0","TRN_TYPE":"Q","CAR_INIT":null,"CAR_NUMB":null,"EQP_NUMB":null,"CAR_WB_VRSN":"1","TRN_DAY":"10","ATCH_TM":"12:58:00","CAR_WB_ID":"7327-06-10 11:59:20.902020"}}
{"IngestionHeader":{"ING_CRT_TS":"2020-07-09 11:01:15.064000","PRODUCT_ID":"TA108","UUID":"deef225e-0136-4ad2-a721-5fb871f410fe","FORMAT":"JSON"},"CarInventoryIntermodal":{"EQP_INIT":"CNRU","IBMSNAP_OPERATION":"I","EQP_RMP_STAT":"A","CAR_KND_ABBR":"K","WB_ID":"6000-07-09 10:58:20.122020","IBMSNAP_LOGMARKER":"2020-07-09 11:00:08.053756","TRN_SYM":"1125","EQP_SEQ_NUMB":"  3","ATCH_DT":"2020-07-09","WB_VRSN":"1","IBMSNAP_INTENTSEQ":"00d8313c3b1729a48800000000000001","IBMSNAP_COMMITSEQ":"00d8313c3b19ffc05600000000000001","CYCL_ID":"2628-07-09 10:50:13.632020","TRN_SECT":"1","TIME_ZONE":"-3","TRN_TYPE":"Q","CAR_INIT":"DTTX","CAR_NUMB":"    560057","EQP_NUMB":"    631177","CAR_WB_VRSN":"1","TRN_DAY":"12","ATCH_TM":"08:00:00","CAR_WB_ID":"0807-11-05 06:01:47.142019"}}
{"IngestionHeader":{"ING_CRT_TS":"2020-07-09 11:06:15.040000","PRODUCT_ID":"TA108","UUID":"c48234bc-2adf-4729-8842-64e193e4d070","FORMAT":"JSON"},"CarInventoryIntermodal":{"EQP_INIT":"CNRU","IBMSNAP_OPERATION":"U","EQP_RMP_STAT":null,"CAR_KND_ABBR":"K","WB_ID":"8333-07-09 10:57:21.532020","IBMSNAP_LOGMARKER":"2020-07-09 11:04:07.398597","TRN_SYM":"1125","EQP_SEQ_NUMB":null,"ATCH_DT":null,"WB_VRSN":"1","IBMSNAP_INTENTSEQ":"00d8313d1f086069ce00000000000001","IBMSNAP_COMMITSEQ":"00d8313d1f5bcc5f8600000000000001","CYCL_ID":"8182-07-09 10:32:31.972020","TRN_SECT":"1","TIME_ZONE":null,"TRN_TYPE":"Q","CAR_INIT":"DTTX","CAR_NUMB":"    560058","EQP_NUMB":"    260022","CAR_WB_VRSN":"1","TRN_DAY":"12","ATCH_TM":null,"CAR_WB_ID":"2940-07-09 11:04:06.352020"}}
{"IngestionHeader":{"ING_CRT_TS":"2020-07-09 11:11:15.158000","PRODUCT_ID":"TA108","UUID":"89973459-3b25-426d-a212-3547ca18d012","FORMAT":"JSON"},"CarInventoryIntermodal":{"EQP_INIT":"PLHU","IBMSNAP_OPERATION":"D","EQP_RMP_STAT":"R","CAR_KND_ABBR":"K","WB_ID":"7550-07-08 15:39:35.132020","IBMSNAP_LOGMARKER":"2020-07-09 11:07:42.571246","TRN_SYM":"1211","EQP_SEQ_NUMB":"  1","ATCH_DT":"2020-07-08","WB_VRSN":"2","IBMSNAP_INTENTSEQ":"00d8313dec4d63c51000000000000001","IBMSNAP_COMMITSEQ":"00d8313dec902ee4e200000000000001","CYCL_ID":"0371-07-08 15:50:05.012020","TRN_SECT":"2","TIME_ZONE":"1","TRN_TYPE":"Q","CAR_INIT":"DTTX","CAR_NUMB":"    652026","EQP_NUMB":"    940201","CAR_WB_VRSN":"1","TRN_DAY":"08","ATCH_TM":"17:32:00","CAR_WB_ID":"2701-07-08 16:32:39.142020"}}
