{"IngestionHeader":{"ING_CRT_TS":"2021-02-07 08:00:08.817000","PRODUCT_ID":"A189","UUID":null,"FORMAT":"JSON"},"CarrierForeignStation":{"ZIP":"67417     ","OPSL_STN_NME":"AURORA                        ","UPD_ID":"PRODOPER","IBMSNAP_OPERATION":"I","OPSL_ID":"01755","STN_NME":"AURORA             ","IBMSNAP_LOGMARKER":"2021-02-07 02:31:47.489366","RLD_STN_NM_ABR":"AUROK","MAX_WGHT":"263000","CRT_TM":"09:38:37","IBMSNAP_INTENTSEQ":"00d93ca547d61df5e200000000000001","JCT_R260":"     ","STN_333":"AURORA   ","UPD_DT":"1998-07-23","EMBRG_FLG":"N","OPSL_ID_SUB":"00","NON_RAIL_FLG":"N","LONG":"0.000000","RAMP_CD":" ","STN_FSAC":"059780","CARR_ABBR":"ATSF","CRT_ID":"        ","SWTCH_LMT_333":"         ","EXP_DT":"1997-07-03","IBMSNAP_COMMITSEQ":"00d93ca547e765670000000000000001","EFF_DT":"1993-03-16","STN_TRAF_TYPE":" ","AAR_STN_333":"AURORA   ","SPLC":"583657","BASIS_ST":"KS","STN_ST":"KS","CRT_DT":"0001-01-01","NON_BILLG_FLG":"N","BASIS_333":"CONCORDIA","SPLC_SFX":"000","SWTCH_LMT_ST":"  ","CARR_NUMB":"022","UPD_TM":"11:42:17","AAR_TIME_ZONE":"CT","LAT":"0.000000"}}
{"IngestionHeader":{"ING_CRT_TS":"2021-02-07 08:00:08.817000","PRODUCT_ID":"A189","UUID":"634d30fd-b47a-4a1a-80e8-2e5a65789d67","FORMAT":"JSON"},"CarrierForeignStation":{"ZIP":"67417     ","OPSL_STN_NME":"AURORA                        ","UPD_ID":"PRODOPER","IBMSNAP_OPERATION":"U","OPSL_ID":"01755","STN_NME":"AURORA             ","IBMSNAP_LOGMARKER":"2021-02-07 02:31:47.489366","RLD_STN_NM_ABR":"AUROK","MAX_WGHT":"263000","CRT_TM":"09:38:37","IBMSNAP_INTENTSEQ":"00d93ca547d61df5e200000000000001","JCT_R260":"     ","STN_333":"AURORA   ","UPD_DT":"1998-07-23","EMBRG_FLG":"N","OPSL_ID_SUB":"00","NON_RAIL_FLG":"N","LONG":"0.000000","RAMP_CD":" ","STN_FSAC":"059780","CARR_ABBR":"ATSF","CRT_ID":"        ","SWTCH_LMT_333":"         ","EXP_DT":"1997-07-03","IBMSNAP_COMMITSEQ":"00d93ca547e765670000000000000001","EFF_DT":"1993-03-16","STN_TRAF_TYPE":" ","AAR_STN_333":"AURORA   ","SPLC":"583657","BASIS_ST":"KS","STN_ST":"KS","CRT_DT":"0001-01-01","NON_BILLG_FLG":"N","BASIS_333":"CONCORDIA","SPLC_SFX":"000","SWTCH_LMT_ST":"  ","CARR_NUMB":"022","UPD_TM":"11:42:17","AAR_TIME_ZONE":"CT","LAT":"0.000000"}}
{"IngestionHeader":{"ING_CRT_TS":"2021-02-07 08:00:08.817000","PRODUCT_ID":"A189","UUID":"634d30fd-b47a-4a1a-80e8-2e5a65789d67","FORMAT":"JSON"},"CarrierForeignStation":{"ZIP":"67417     ","OPSL_STN_NME":"AURORA                        ","UPD_ID":"PRODOPER","IBMSNAP_OPERATION":"U","OPSL_ID":"01755","STN_NME":"AURORA             ","IBMSNAP_LOGMARKER":"2021-02-07 02:31:47.489366","RLD_STN_NM_ABR":"AUROK","MAX_WGHT":"263000","CRT_TM":"09:38:37","IBMSNAP_INTENTSEQ":"00d93ca547d61df5e200000000000001","JCT_R260":"     ","STN_333":null,"UPD_DT":"1998-07-23","EMBRG_FLG":"N","OPSL_ID_SUB":"00","NON_RAIL_FLG":"N","LONG":"0.000000","RAMP_CD":" ","STN_FSAC":"059780","CARR_ABBR":"ATSF","CRT_ID":"        ","SWTCH_LMT_333":"         ","EXP_DT":"1997-07-03","IBMSNAP_COMMITSEQ":"00d93ca547e765670000000000000001","EFF_DT":"1993-03-16","STN_TRAF_TYPE":" ","AAR_STN_333":"AURORA   ","SPLC":"583657","BASIS_ST":"KS","STN_ST":"KS","CRT_DT":"0001-01-01","NON_BILLG_FLG":"N","BASIS_333":"CONCORDIA","SPLC_SFX":"000","SWTCH_LMT_ST":"  ","CARR_NUMB":"022","UPD_TM":"11:42:17","AAR_TIME_ZONE":"CT","LAT":"0.000000"}}
{"IngestionHeader":{"ING_CRT_TS":"2021-02-07 08:00:08.817000","PRODUCT_ID":"A189","UUID":"634d30fd-b47a-4a1a-80e8-2e5a65789d67","FORMAT":"JSON"},"CarrierForeignStation":{"ZIP":"67417     ","OPSL_STN_NME":"AURORA                        ","UPD_ID":"PRODOPER","IBMSNAP_OPERATION":"D","OPSL_ID":"01755","STN_NME":"AURORA             ","IBMSNAP_LOGMARKER":"2021-02-07 02:31:47.489366","RLD_STN_NM_ABR":"AUROK","MAX_WGHT":"263000","CRT_TM":"09:38:37","IBMSNAP_INTENTSEQ":"00d93ca547d61df5e200000000000001","JCT_R260":"     ","STN_333":"AURORA   ","UPD_DT":"1998-07-23","EMBRG_FLG":"N","OPSL_ID_SUB":"00","NON_RAIL_FLG":"N","LONG":"0.000000","RAMP_CD":" ","STN_FSAC":"059780","CARR_ABBR":"ATSF","CRT_ID":"        ","SWTCH_LMT_333":"         ","EXP_DT":"1997-07-03","IBMSNAP_COMMITSEQ":"00d93ca547e765670000000000000001","EFF_DT":"1993-03-16","STN_TRAF_TYPE":" ","AAR_STN_333":"AURORA   ","SPLC":"583657","BASIS_ST":"KS","STN_ST":"KS","CRT_DT":"0001-01-01","NON_BILLG_FLG":"N","BASIS_333":"CONCORDIA","SPLC_SFX":"000","SWTCH_LMT_ST":"  ","CARR_NUMB":"022","UPD_TM":"11:42:17","AAR_TIME_ZONE":"CT","LAT":"0.000000"}