{"IngestionHeader":{"ING_CRT_TS":null,"PRODUCT_ID":"A503","UUID":null,"FORMAT":"JSON"},"Commodity":{"UPD_ID":"TRACS   ","IBMSNAP_OPERATION":"U","SPL_ACCT_CD":" ","IBMSNAP_LOGMARKER":"2021-02-19 12:55:32.552296","CMDTY_DES_ABBR":"SNOW P","CRT_TM":"00:00:00","IBMSNAP_INTENTSEQ":"00d94c4714bfdabd8e00000000000001","CMDTY_MICRO_ID":"SPLOW ","BUS_UNIT_CD":"25","VAN_LVL_SVC_CD":" ","CMDTY_HI_TON":"   ","DOT_CMDTY_ID":"      ","HARMONIZED_CD":"            ","UPD_DT":"2006-10-20","MIN_2410_NUMB":"315","ACTG_CMDTY_DES":"SNOW PLOW","CS54_GRP_NUMB":"  ","ACCTG_MAJ_SUBG":"   ","CMDTY_15_DESC":"SNOW PLOW      ","MAJ_2410_NUMB":"40","HAZ_DECL_FLG":" ","CRT_ID":"        ","LADG_CD":"C","EXP_DT":"20991231","IBMSNAP_COMMITSEQ":"00d94c4714c1a68ba000000000000001","EFF_DT":"19940107","FRTR_CMDTY_LVL":"1      ","GST_GRP_NUMB":"  ","STCC_NUMBER":null,"CRT_DT":"0001-01-01","PROD_CLS_SER":"9009093","ACCTG_MAJ_GRP":"  ","CMDTY_LO_TON":"  ","UPD_TM":"18:02:27","WGHT_TOL_FTR":" "}}
{"IngestionHeader":{"ING_CRT_TS":"2021-02-19T18:00:13.070Z","PRODUCT_ID":"A503","UUID":"29c43444-40f6-4d63-b3a6-49ca2c283258","FORMAT":"JSON"},"Commodity":{"UPD_ID":"TRACS   ","IBMSNAP_OPERATION":"I","SPL_ACCT_CD":" ","IBMSNAP_LOGMARKER":"2021-02-19 12:55:32.552296","CMDTY_DES_ABBR":"FLANGE","CRT_TM":"00:00:00","IBMSNAP_INTENTSEQ":"00d94c4714bfdacd4e00000000000001","CMDTY_MICRO_ID":"FLANGR","BUS_UNIT_CD":"25","VAN_LVL_SVC_CD":" ","CMDTY_HI_TON":"   ","DOT_CMDTY_ID":"      ","HARMONIZED_CD":"            ","UPD_DT":"2006-10-20","MIN_2410_NUMB":"315","ACTG_CMDTY_DES":"FLANGER","CS54_GRP_NUMB":"  ","ACCTG_MAJ_SUBG":"   ","CMDTY_15_DESC":"FLANGER        ","MAJ_2410_NUMB":"40","HAZ_DECL_FLG":" ","CRT_ID":"        ","LADG_CD":"C","EXP_DT":"20991231","IBMSNAP_COMMITSEQ":"00d94c4714c1a68ba000000000000001","EFF_DT":"19940107","FRTR_CMDTY_LVL":"       ","GST_GRP_NUMB":"  ","STCC_NUMBER":"9009094","CRT_DT":"0001-01-01","PROD_CLS_SER":"9009094","ACCTG_MAJ_GRP":"  ","CMDTY_LO_TON":"  ","UPD_TM":"18:02:27","WGHT_TOL_FTR":" "}}
{"IngestionHeader":{"ING_CRT_TS":"2021-02-19T18:00:13.070Z","PRODUCT_ID":"A503","UUID":"6dbf779b-d183-4c91-9c00-eaed9f335c95","FORMAT":"JSON"},"Commodity":{"UPD_ID":"   ","IBMSNAP_OPERATION":"U","SPL_ACCT_CD":" ","IBMSNAP_LOGMARKER":"2021-02-19 12:55:32.552296","CMDTY_DES_ABBR":"PILE D","CRT_TM":"00:00:00","IBMSNAP_INTENTSEQ":"00d94c4714bfdaf64800000000000001","CMDTY_MICRO_ID":"PILDVR","BUS_UNIT_CD":"25","VAN_LVL_SVC_CD":" ","CMDTY_HI_TON":"   ","DOT_CMDTY_ID":"      ","HARMONIZED_CD":"            ","UPD_DT":"2006-10-20","MIN_2410_NUMB":"315","ACTG_CMDTY_DES":"PILE DRIVER","CS54_GRP_NUMB":"  ","ACCTG_MAJ_SUBG":"   ","CMDTY_15_DESC":"PILE DRIVER    ","MAJ_2410_NUMB":"40","HAZ_DECL_FLG":" ","CRT_ID":"        ","LADG_CD":"C","EXP_DT":"20991231","IBMSNAP_COMMITSEQ":"00d94c4714c1a68ba000000000000001","EFF_DT":"19940107","FRTR_CMDTY_LVL":"       ","GST_GRP_NUMB":"  ","STCC_NUMBER":"9009095","CRT_DT":"0001-01-01","PROD_CLS_SER":"9009095","ACCTG_MAJ_GRP":"  ","CMDTY_LO_TON":"  ","UPD_TM":"18:02:27","WGHT_TOL_FTR":" "}}
{"IngestionHeader":{"ING_CRT_TS":"2021-02-19T18:00:13.070Z","PRODUCT_ID":"A503","UUID":"2963e91c-65ac-444a-ae9e-cf5a04f04f21","FORMAT":"JSON"},"Commodity":{"UPD_ID":"TRACS   ","IBMSNAP_OPERATION":"D","SPL_ACCT_CD":" ","IBMSNAP_LOGMARKER":"2021-02-19 12:55:32.552296","CMDTY_DES_ABBR":"WORK O","CRT_TM":"00:00:00","IBMSNAP_INTENTSEQ":"00d94c4714bfdb05c600000000000001","CMDTY_MICRO_ID":"EMPTY ","BUS_UNIT_CD":"25","VAN_LVL_SVC_CD":" ","CMDTY_HI_TON":"   ","DOT_CMDTY_ID":"      ","HARMONIZED_CD":"            ","UPD_DT":"2006-10-20","MIN_2410_NUMB":"315","ACTG_CMDTY_DES":"WORK OR RAILWAY EQUIPMENT MOVING EMPTY","CS54_GRP_NUMB":"  ","ACCTG_MAJ_SUBG":"   ","CMDTY_15_DESC":"WORK OR RAILWAY","MAJ_2410_NUMB":"40","HAZ_DECL_FLG":" ","CRT_ID":"        ","LADG_CD":"E","EXP_DT":"20991231","IBMSNAP_COMMITSEQ":"00d94c4714c1a68ba000000000000001","EFF_DT":"19940107","FRTR_CMDTY_LVL":"       ","GST_GRP_NUMB":"  ","STCC_NUMBER":"9009099","CRT_DT":"0001-01-01","PROD_CLS_SER":"9009099","ACCTG_MAJ_GRP":"  ","CMDTY_LO_TON":"  ","UPD_TM":"18:02:27","WGHT_TOL_FTR":" "}}
