{"DomainEventHeader":{"SOR_INGT_CRT_TS":"2020-10-13 10:40:51.805246","SOR_READ_TS":"2020-12-15 15:46:56.007","DE_CRT_TS":"2020-12-15 15:46:56","SOR_TPIC_NM":"reg.transportation.commodity.raw.v1","DE_META":""},"CommodityConditionCreated":{"Domain_Event_Type_Key":"e3b61a2ebf5b23ed3fd8ff58d88a71874f646ec36a6e49d48b10b0c9e3100d05","Commodity_Key":"3a96e2fc8f30df421beb54d54a7f7ee18b1b2c5d52202b0681366d51bbee8e52","ConditionCharacteristics":[{"Condition_Characteristic_Key":"1a46ccf7b339af3c37f9b4c38aa4ee1c7d0e150516452a6a127edece5da19b12","Characteristic_Type_Key":"507c151192205a8a1f991beda19bcbdbc613f5f81652bac1536f8a39d275791d","Characteristic_Value":"20201001"},{"Condition_Characteristic_Key":"0ae45ba43ce64f1a18f2ef0559f3da9a5b9c2466bc12a5c4139ef16284211b42","Characteristic_Type_Key":"a81a7bb99afc4e23aef8fb2c7192c65ad501d5c7bf5b99bc3bffe46bcbfe5b96","Characteristic_Value":"99991230"}],"Domain_Event_Key":"3362bda86643de70612f8a6be9200bad265f330f56ad1417de1420946c021624","Correlation_Id":"08a46b91-40a8-4c2f-90bc-355a5ca00b83","Client_Identification":"Commodity Industry Reference File (IRF)","System_Key":"416af674636f93b4303ecc8613ed21fe660b4cf9fcd941462878f2fcd74ce7c8","Proc_Ts":"2020-10-13 10:40:51.805246","Proc_Ts_Tz_Dst_Cd":"100","Event_Ts":"2020-10-13 10:40:51.805246","Event_Ts_Tz_Dst_Cd":"100"}}
{"DomainEventHeader":{"SOR_INGT_CRT_TS":"2020-10-13 10:40:51.805246","SOR_READ_TS":"2020-12-15 15:46:56.007","DE_CRT_TS":"2020-12-15 15:46:56","SOR_TPIC_NM":"reg.transportation.commodity.raw.v1","DE_META":""},"CommodityConditionCreated":{"Domain_Event_Type_Key":"e3b61a2ebf5b23ed3fd8ff58d88a71874f646ec36a6e49d48b10b0c9e3100d05","Commodity_Key":"3a96e2fc8f30df421beb54d54a7f7ee18b1b2c5d52202b0681366d51bbee8e52","ConditionCharacteristics":[{"Condition_Characteristic_Key":"1a46ccf7b339af3c37f9b4c38aa4ee1c7d0e150516452a6a127edece5da19b12","Characteristic_Type_Key":"507c151192205a8a1f991beda19bcbdbc613f5f81652bac1536f8a39d275791d","Characteristic_Value":"20201001"},{"Condition_Characteristic_Key":"0ae45ba43ce64f1a18f2ef0559f3da9a5b9c2466bc12a5c4139ef16284211b42","Characteristic_Type_Key":"a81a7bb99afc4e23aef8fb2c7192c65ad501d5c7bf5b99bc3bffe46bcbfe5b96","Characteristic_Value":"99991230"}],"Domain_Event_Key":"3362bda86643de70612f8a6be9200bad265f330f56ad1417de1420946c021624","Correlation_Id":"08a46b91-40a8-4c2f-90bc-355a5ca00b83","Client_Identification":"Commodity Industry Reference File (IRF)","System_Key":"416af674636f93b4303ecc8613ed21fe660b4cf9fcd941462878f2fcd74ce7c8","Proc_Ts":"2020-10-13 10:40:51.805246","Proc_Ts_Tz_Dst_Cd":"100","Event_Ts":"2020-10-13 10:40:51.805246","Event_Ts_Tz_Dst_Cd":"100"}}