{"DomainEventHeader":{"SOR_INGT_CRT_TS":"2020-05-14T07:13:29.334-04:00","SOR_READ_TS":"2020-12-02 13:01:12.411","DE_CRT_TS":"2020-12-02 13:01:26","SOR_TPIC_NM":"reg.tm.raw.srs.trnConsist.v2","DE_META":""},"ConveyorAssociationDescribed":{"Domain_Event_Type_Key":"e3b61a2ebf5b23ed3fd8ff58d88a71874f646ec36a6e49d48b10b0c9e3100d05","Association_Key":"3569c9ed55897b8929915fd78ee4e17898c6514ba21fadb88078d3802b4de9ca","AssociationCharacteristics":[{"Association_Characteristic_Key":"0ed90f18546d838cde355325879b7c99e467108d37669076f2e0386c2ce07eb7","Characteristic_Type_Key":"95ccdcb58bb4ac8f4fc9f3b43e2b4adb07d60b06b7add7a2fa2f007aef2c69fd","Characteristic_Value":"1"},{"Association_Characteristic_Key":"dba034c65a4fbbfa1cd00ecb38d4de83ab2d671ac848482d8d93022e3940ff60","Characteristic_Type_Key":"396f160ccca4c0973c2a510d02f8c3f39ac174efd837c5cb0447eeff6d670197","Characteristic_Value":""},{"Association_Characteristic_Key":"33e8c0de625661d5a385dd732ba4df344ef1cb6602de6fefd43aa46be567711e","Characteristic_Type_Key":"89f3304297ecf2e451d9cf200e1bcd000ee50b285c1161588aadf98a78540317","Characteristic_Value":""},{"Association_Characteristic_Key":"276c5123b2b21ada541c8768fee1b72ddfdd304ca6ae4149d579d8bd86722a8f","Characteristic_Type_Key":"733dd78301b5ebdebf7fe1c6f48b2ad30ab62155ae541ce829b1649def745d32","Characteristic_Value":""},{"Association_Characteristic_Key":"92e377581141e62992fb94644f44addd2b0c76e4460c109d5a7b7929b9ae22b0","Characteristic_Type_Key":"b74c5a5d0cba22b60a4af2a72b7c7d0cf78e4d826b7263a936b9bbd6f958ac73","Characteristic_Value":""},{"Association_Characteristic_Key":"ffc85a7e9f4fedf8111268d8843f26ac3a748a0fa5c7aad9aade34d120b82dbf","Characteristic_Type_Key":"a56c0d09fe0f1f86b221fe2240abc3e77aef74d38abdc959541cc895275ec51b","Characteristic_Value":""},{"Association_Characteristic_Key":"378a1de19c9a87ad60104632cc298a27c5c42bb73e750f5407949a7f66be1fb4","Characteristic_Type_Key":"69264883256e9f30fdd8794ac41da91856710a769564d609467b14fa8e3bd7ab","Characteristic_Value":""},{"Association_Characteristic_Key":"99c77ffa7f9d95553181a2c2b1c5ca24275a53a9695c905eb2319f768abe2add","Characteristic_Type_Key":"6d7e3fa25f30594c3e4a1816eff30b86a810857504aacd41b46dff47a18bd832","Characteristic_Value":""},{"Association_Characteristic_Key":"67063c75ca85bd2d072ebdbf156dc83a4a682fde6036dca4360f6e4a0b1ed8e0","Characteristic_Type_Key":"8ec8b6f3342c04b405cff03d407820aec5fad4e1594052b1a5649e6a034e99c8","Characteristic_Value":""},{"Association_Characteristic_Key":"f81a98b834d6e313d47a46412b3b561aa7dafa1d5811a5764aff9a7e4ecc0442","Characteristic_Type_Key":"0799c6fbedd1fda8dceb2f8f01377b2f1952efd75cc103829fea47b3a285f267","Characteristic_Value":""},{"Association_Characteristic_Key":"502422270b1c05d4b2e4d68466526d2a0cc2651a85fede12af600d1aaf58aa36","Characteristic_Type_Key":"d4b8325d2c2b40f699e4d4db0386af9ebc3e08d94e6f231dcd65bc82a79a1109","Characteristic_Value":""},{"Association_Characteristic_Key":"8e36c467a9dd78b3e0bff7282f6db44831600212d1fc27cbf8ebeaa08268fbe4","Characteristic_Type_Key":"1f30a3df5abd23b48382a9eb3f125fed842609638338e4cb5da161336a0dd395","Characteristic_Value":""}],"Primary_Object_Key":"a3f64f31b01f2d55fd995e16e050381f5826eb39c2da7a2a6d0ffb8f7bac1f9e","Domain_Event_Key":"ae217b2a5232d4242a057f2103eb573b841368fd8e1b2f993b2e5b8cf2789a88","Correlation_Id":"51c707de950811ea8c140a0d13360001","Client_Identification":"SRS-YIT","System_Key":"caf48af09f8e479707513247ae96fd6c8f0fd7649b682952115359e1a4ebab2d","Proc_Ts":"2020-05-13 10:25:55.000","Proc_Ts_Tz_Dst_Cd":"105","Event_Ts":"2020-05-13 10:25:55.000","Event_Ts_Tz_Dst_Cd":"102"}}
{"DomainEventHeader":{"SOR_INGT_CRT_TS":"2020-05-14T07:13:29.334-04:00","SOR_READ_TS":"2020-12-02 13:01:12.411","DE_CRT_TS":"2020-12-02 13:01:26","SOR_TPIC_NM":"reg.tm.raw.srs.trnConsist.v2","DE_META":""},"ConveyorAssociationDescribed":{"Domain_Event_Type_Key":"e3b61a2ebf5b23ed3fd8ff58d88a71874f646ec36a6e49d48b10b0c9e3100d05","Association_Key":"3569c9ed55897b8929915fd78ee4e17898c6514ba21fadb88078d3802b4de9ca","AssociationCharacteristics":[{"Association_Characteristic_Key":"0ed90f18546d838cde355325879b7c99e467108d37669076f2e0386c2ce07eb7","Characteristic_Type_Key":"95ccdcb58bb4ac8f4fc9f3b43e2b4adb07d60b06b7add7a2fa2f007aef2c69fd","Characteristic_Value":"1"},{"Association_Characteristic_Key":"dba034c65a4fbbfa1cd00ecb38d4de83ab2d671ac848482d8d93022e3940ff60","Characteristic_Type_Key":"396f160ccca4c0973c2a510d02f8c3f39ac174efd837c5cb0447eeff6d670197","Characteristic_Value":""},{"Association_Characteristic_Key":"33e8c0de625661d5a385dd732ba4df344ef1cb6602de6fefd43aa46be567711e","Characteristic_Type_Key":"89f3304297ecf2e451d9cf200e1bcd000ee50b285c1161588aadf98a78540317","Characteristic_Value":""},{"Association_Characteristic_Key":"276c5123b2b21ada541c8768fee1b72ddfdd304ca6ae4149d579d8bd86722a8f","Characteristic_Type_Key":"733dd78301b5ebdebf7fe1c6f48b2ad30ab62155ae541ce829b1649def745d32","Characteristic_Value":""},{"Association_Characteristic_Key":"92e377581141e62992fb94644f44addd2b0c76e4460c109d5a7b7929b9ae22b0","Characteristic_Type_Key":"b74c5a5d0cba22b60a4af2a72b7c7d0cf78e4d826b7263a936b9bbd6f958ac73","Characteristic_Value":""},{"Association_Characteristic_Key":"ffc85a7e9f4fedf8111268d8843f26ac3a748a0fa5c7aad9aade34d120b82dbf","Characteristic_Type_Key":"a56c0d09fe0f1f86b221fe2240abc3e77aef74d38abdc959541cc895275ec51b","Characteristic_Value":""},{"Association_Characteristic_Key":"378a1de19c9a87ad60104632cc298a27c5c42bb73e750f5407949a7f66be1fb4","Characteristic_Type_Key":"69264883256e9f30fdd8794ac41da91856710a769564d609467b14fa8e3bd7ab","Characteristic_Value":""},{"Association_Characteristic_Key":"99c77ffa7f9d95553181a2c2b1c5ca24275a53a9695c905eb2319f768abe2add","Characteristic_Type_Key":"6d7e3fa25f30594c3e4a1816eff30b86a810857504aacd41b46dff47a18bd832","Characteristic_Value":""},{"Association_Characteristic_Key":"67063c75ca85bd2d072ebdbf156dc83a4a682fde6036dca4360f6e4a0b1ed8e0","Characteristic_Type_Key":"8ec8b6f3342c04b405cff03d407820aec5fad4e1594052b1a5649e6a034e99c8","Characteristic_Value":""},{"Association_Characteristic_Key":"f81a98b834d6e313d47a46412b3b561aa7dafa1d5811a5764aff9a7e4ecc0442","Characteristic_Type_Key":"0799c6fbedd1fda8dceb2f8f01377b2f1952efd75cc103829fea47b3a285f267","Characteristic_Value":""},{"Association_Characteristic_Key":"502422270b1c05d4b2e4d68466526d2a0cc2651a85fede12af600d1aaf58aa36","Characteristic_Type_Key":"d4b8325d2c2b40f699e4d4db0386af9ebc3e08d94e6f231dcd65bc82a79a1109","Characteristic_Value":""},{"Association_Characteristic_Key":"8e36c467a9dd78b3e0bff7282f6db44831600212d1fc27cbf8ebeaa08268fbe4","Characteristic_Type_Key":"1f30a3df5abd23b48382a9eb3f125fed842609638338e4cb5da161336a0dd395","Characteristic_Value":""}],"Primary_Object_Key":"a3f64f31b01f2d55fd995e16e050381f5826eb39c2da7a2a6d0ffb8f7bac1f9e","Domain_Event_Key":"ae217b2a5232d4242a057f2103eb573b841368fd8e1b2f993b2e5b8cf2789a88","Correlation_Id":"51c707de950811ea8c140a0d13360001","Client_Identification":"SRS-YIT","System_Key":"caf48af09f8e479707513247ae96fd6c8f0fd7649b682952115359e1a4ebab2d","Proc_Ts":"2020-05-13 10:25:55.000","Proc_Ts_Tz_Dst_Cd":"105","Event_Ts":"2020-05-13 10:25:55.000","Event_Ts_Tz_Dst_Cd":"102"}}