{"IngestionHeader":{"ING_CRT_TS":"2020-03-16 20:07:56:","PRODUCT_ID":"TA108","UUID":"123e4567-e89b-12d3-a456-556642440000","FORMAT":"JSON"},"CurrentInventory":{"EQP_INIT":"CBHU","EQP_NUMB":"899956","CAR_KND_ABBR":"K","WB_ID":"0032/02/27 08:22:20","CAR_KIND":"KC4","LOAD_EMPTY":"E","RAIL_CNTL_CD":"N","EVT_CD":"TA","STN_333":"CHIINTTER","STN_ST":"IL","EVT_DT":"2020/03/03","EVT_TM":"07:59:00","EQP_LOC_CD":"T","STAT_IND":"C","LS_HOLD_CD":" ","EVST_CD":"OR","INV_STAT_CD":"  ","RESP_ROAD_ABBR":"COSC","EVT_ACCT_CD":" ","CYCL_ID":"8057/02/27 12:10:24","WB_VRSN":"2","CARR_ABBR":"    ","TRKR_FF":"            ","TRN_TYPE":"Q","TRN_SECT":"1","TRN_SYM":"1957","TRN_DAY":"02","WB_ERR_CD":" ","WB_EVT_DT":"","WB_EVT_TIME":"","WB_REC_TYPE":"W","CUST_633_SHPR":"COSCOSHILINN","ORIG_333":"INDINTTER","ORIG_ST":"IN","CUST_633_CNSG":"COSCOSHILINN","DEST_333":"PRIRUPTER","DEST_ST":"BC","WB_DT":"2020/02/27","WB_NUMB":"173366","OP_CITY_333":"PRIRUPTER","OP_ST":"BC","OP_RAJP":"    ","SPL_COND_CD1":"H1","SPL_COND_CD2":"  ","SPL_COND_CD3":"  ","SPL_COND_CD4":"  ","SPL_COND_CD5":"  ","SPL_COND_CD6":"  ","MECH_STAT_CD1":"  ","MECH_STAT_CD2":"  ","MECH_STAT_CD3":"  ","PPSI_CD":"    ","HAZ_MATL_PROF":" ","BLADG_ID":"N0152223         ","CONTR_ID":"660882      ","CONTR_QUOTE":"           ","TOFC_COFC_CD":"C","MVMT_REV_CODE":"EP","PLAN_NUMB":"85","WB_SPL_INSTR1":"                                  ","WB_SPL_INSTR2":"                                  ","SCO_FCO_ID":"868338","IMDL_HDLG_CD1":" ","IMDL_HDLG_CD2":" ","IMDL_HDLG_CD3":" ","LVL_SVC_CD":" ","OS_HGHT_FT":"9","OS_HGTH_IN":"6","OS_WDTH_FT":"0","OS_WDTH_IN":"0","CALC_LGTH_FT":"40","AXLE_LGTH_IN":"   ","RFGR_POS":" ","TRUE_KINGPIN":"  ","PLTFM_CD":"B","PLTFM_POS_CD":"1","POOL_MRKT_CD":" ","DRAY_SVC_CD":" ","IG_HAZ_DECL":"N","IG_PLAC_CD":"  ","IG_SEAL":"           ","LS_BLOCK":"?????","LS_HT_CD":"A","LS_WGHT_COFC":"    8446","LS_WGHT_TOFC":"   15946","LS_DEST_333":"PRIRUPTER","LS_DEST_ST":"BC","ORIG_RAMP_333":"INDINTTER","ORIG_RAMP_ST":"IN","RAMP_CD_DEST":"W","DEST_RAMP_333":"PRIRUPTER","DEST_RAMP_ST":"BC","RAJP":"    ","WB_EDI_CD":"TBL","CONTR_ERR_CD":" ","CUST_633_RESP":"COSCOSHILINN","DEST_RLSE_CUST":"COSCOSHILINN","DEST_RLSE_TEL":"6046898366          ","RFGR_SET":"    ","RFGR_RUN":"    ","RFGR_FUEL":"      ","LS_333":"INDINTTER","LS_ST":"IN","EQUIP_REQ_CD":" ","YD_BLK":"PRRINT","APPL_GRD_CD":" ","APPL_GRD_EXT":"          ","IMDL_PLAN_CD":"85","UNLD_SOFF_TOT":"0","EQP_NBR_CHK_DG":"  ","TRKR_633_AUTH":"           ","APPT_DT":"","APPT_TM":"","IMDL_TRML_CD":"  ","IMDL_ORD_NBR":"0","VOY_BKG_NBR":"                           ","BKG_CAR_KIND":"    ","VAN_ORD_TYPE":" ","CVO_HOLD_CD":"  ","SHTL_EQP_IND":"N","CUST_BOOK_ID":"","SHTL_LOCK":"N","SERV_LOC_FSAC":"      ","SERV_LOC_SCAC":"    ","SHTL_TRST_TM":"0","SERV_LOC_333":"        ","SERV_LOC_ST":"  ","EQP_TARE":"8444","TARE_TYPE_CD":"M","COG_STCC_NUMBER":"       ","IBMSNAP_COMMITSEQ":{"bytes":"\u0000\u0000\u0000\u0000\u0000\u0000\u0000\u0001"},"IBMSNAP_INTENTSEQ":{"bytes":"\u0000\u0000\u0000\u0000\u0000\u0000\u0000\u0001"},"IBMSNAP_OPERATION":"U","IBMSNAP_LOGMARKER":"2020-03-10 14:30:23.887528"}}
{"IngestionHeader":{"ING_CRT_TS":"2020-03-16 20:07:56:","PRODUCT_ID":"TA108","UUID":"123e4567-e89b-12d3-a456-556642440000","FORMAT":"JSON"},"CurrentInventory":{"EQP_INIT":"CBHU","EQP_NUMB":"899956","CAR_KND_ABBR":"K","WB_ID":"0032/02/27 08:22:20","CAR_KIND":"KC4","LOAD_EMPTY":"E","RAIL_CNTL_CD":"N","EVT_CD":"TA","STN_333":"CHIINTTER","STN_ST":"IL","EVT_DT":"2020/03/03","EVT_TM":"07:59:00","EQP_LOC_CD":"T","STAT_IND":"C","LS_HOLD_CD":" ","EVST_CD":"OR","INV_STAT_CD":"  ","RESP_ROAD_ABBR":"COSC","EVT_ACCT_CD":" ","CYCL_ID":"8057/02/27 12:10:24","WB_VRSN":"2","CARR_ABBR":"    ","TRKR_FF":"            ","TRN_TYPE":"Q","TRN_SECT":"1","TRN_SYM":"1957","TRN_DAY":"02","WB_ERR_CD":" ","WB_EVT_DT":"","WB_EVT_TIME":"","WB_REC_TYPE":"W","CUST_633_SHPR":"COSCOSHILINN","ORIG_333":"INDINTTER","ORIG_ST":"IN","CUST_633_CNSG":"COSCOSHILINN","DEST_333":"PRIRUPTER","DEST_ST":"BC","WB_DT":"2020/02/27","WB_NUMB":"173366","OP_CITY_333":"PRIRUPTER","OP_ST":"BC","OP_RAJP":"    ","SPL_COND_CD1":"H1","SPL_COND_CD2":"  ","SPL_COND_CD3":"  ","SPL_COND_CD4":"  ","SPL_COND_CD5":"  ","SPL_COND_CD6":"  ","MECH_STAT_CD1":"  ","MECH_STAT_CD2":"  ","MECH_STAT_CD3":"  ","PPSI_CD":"    ","HAZ_MATL_PROF":" ","BLADG_ID":"N0152223         ","CONTR_ID":"660882      ","CONTR_QUOTE":"           ","TOFC_COFC_CD":"C","MVMT_REV_CODE":"EP","PLAN_NUMB":"85","WB_SPL_INSTR1":"                                  ","WB_SPL_INSTR2":"                                  ","SCO_FCO_ID":"868338","IMDL_HDLG_CD1":" ","IMDL_HDLG_CD2":" ","IMDL_HDLG_CD3":" ","LVL_SVC_CD":" ","OS_HGHT_FT":"9","OS_HGTH_IN":"6","OS_WDTH_FT":"0","OS_WDTH_IN":"0","CALC_LGTH_FT":"40","AXLE_LGTH_IN":"   ","RFGR_POS":" ","TRUE_KINGPIN":"  ","PLTFM_CD":"B","PLTFM_POS_CD":"1","POOL_MRKT_CD":" ","DRAY_SVC_CD":" ","IG_HAZ_DECL":"N","IG_PLAC_CD":"  ","IG_SEAL":"           ","LS_BLOCK":"?????","LS_HT_CD":"A","LS_WGHT_COFC":"    8446","LS_WGHT_TOFC":"   15946","LS_DEST_333":"PRIRUPTER","LS_DEST_ST":"BC","ORIG_RAMP_333":"INDINTTER","ORIG_RAMP_ST":"IN","RAMP_CD_DEST":"W","DEST_RAMP_333":"PRIRUPTER","DEST_RAMP_ST":"BC","RAJP":"    ","WB_EDI_CD":"TBL","CONTR_ERR_CD":" ","CUST_633_RESP":"COSCOSHILINN","DEST_RLSE_CUST":"COSCOSHILINN","DEST_RLSE_TEL":"6046898366          ","RFGR_SET":"    ","RFGR_RUN":"    ","RFGR_FUEL":"      ","LS_333":"INDINTTER","LS_ST":"IN","EQUIP_REQ_CD":" ","YD_BLK":"PRRINT","APPL_GRD_CD":" ","APPL_GRD_EXT":"          ","IMDL_PLAN_CD":"85","UNLD_SOFF_TOT":"0","EQP_NBR_CHK_DG":"  ","TRKR_633_AUTH":"           ","APPT_DT":"","APPT_TM":"","IMDL_TRML_CD":"  ","IMDL_ORD_NBR":"0","VOY_BKG_NBR":"                           ","BKG_CAR_KIND":"    ","VAN_ORD_TYPE":" ","CVO_HOLD_CD":"  ","SHTL_EQP_IND":"N","CUST_BOOK_ID":"","SHTL_LOCK":"N","SERV_LOC_FSAC":"      ","SERV_LOC_SCAC":"    ","SHTL_TRST_TM":"0","SERV_LOC_333":"        ","SERV_LOC_ST":"  ","EQP_TARE":"8444","TARE_TYPE_CD":"M","COG_STCC_NUMBER":"       ","IBMSNAP_COMMITSEQ":{"bytes":"\u0000\u0000\u0000\u0000\u0000\u0000\u0000\u0001"},"IBMSNAP_INTENTSEQ":{"bytes":"\u0000\u0000\u0000\u0000\u0000\u0000\u0000\u0001"},"IBMSNAP_OPERATION":"I","IBMSNAP_LOGMARKER":"2020-03-10 14:30:23.887528"}}
{"IngestionHeader":{"ING_CRT_TS":"2020-03-16 20:07:56:","PRODUCT_ID":"TA108","UUID":"123e4567-e89b-12d3-a456-556642440000","FORMAT":"JSON"},"CurrentInventory":{"EQP_INIT":"CBHU","EQP_NUMB":"899956","CAR_KND_ABBR":"K","WB_ID":"0032/02/27 08:22:20","CAR_KIND":"KC4","LOAD_EMPTY":"E","RAIL_CNTL_CD":"N","EVT_CD":"TA","STN_333":"CHIINTTER","STN_ST":"IL","EVT_DT":"2020/03/03","EVT_TM":"07:59:00","EQP_LOC_CD":"T","STAT_IND":"C","LS_HOLD_CD":" ","EVST_CD":"OR","INV_STAT_CD":"  ","RESP_ROAD_ABBR":"COSC","EVT_ACCT_CD":" ","CYCL_ID":"8057/02/27 12:10:24","WB_VRSN":"2","CARR_ABBR":"    ","TRKR_FF":"            ","TRN_TYPE":"Q","TRN_SECT":"1","TRN_SYM":"1957","TRN_DAY":"02","WB_ERR_CD":" ","WB_EVT_DT":"","WB_EVT_TIME":"","WB_REC_TYPE":"W","CUST_633_SHPR":"COSCOSHILINN","ORIG_333":"INDINTTER","ORIG_ST":"IN","CUST_633_CNSG":"COSCOSHILINN","DEST_333":"PRIRUPTER","DEST_ST":"BC","WB_DT":"2020/02/27","WB_NUMB":"173366","OP_CITY_333":"PRIRUPTER","OP_ST":"BC","OP_RAJP":"    ","SPL_COND_CD1":"H1","SPL_COND_CD2":"  ","SPL_COND_CD3":"  ","SPL_COND_CD4":"  ","SPL_COND_CD5":"  ","SPL_COND_CD6":"  ","MECH_STAT_CD1":"  ","MECH_STAT_CD2":"  ","MECH_STAT_CD3":"  ","PPSI_CD":"    ","HAZ_MATL_PROF":" ","BLADG_ID":"N0152223         ","CONTR_ID":"660882      ","CONTR_QUOTE":"           ","TOFC_COFC_CD":"C","MVMT_REV_CODE":"EP","PLAN_NUMB":"85","WB_SPL_INSTR1":"                                  ","WB_SPL_INSTR2":"                                  ","SCO_FCO_ID":"868338","IMDL_HDLG_CD1":" ","IMDL_HDLG_CD2":" ","IMDL_HDLG_CD3":" ","LVL_SVC_CD":" ","OS_HGHT_FT":"9","OS_HGTH_IN":"6","OS_WDTH_FT":"0","OS_WDTH_IN":"0","CALC_LGTH_FT":"40","AXLE_LGTH_IN":"   ","RFGR_POS":" ","TRUE_KINGPIN":"  ","PLTFM_CD":"B","PLTFM_POS_CD":"1","POOL_MRKT_CD":" ","DRAY_SVC_CD":" ","IG_HAZ_DECL":"N","IG_PLAC_CD":"  ","IG_SEAL":"           ","LS_BLOCK":"?????","LS_HT_CD":"A","LS_WGHT_COFC":"    8446","LS_WGHT_TOFC":"   15946","LS_DEST_333":"PRIRUPTER","LS_DEST_ST":"BC","ORIG_RAMP_333":"INDINTTER","ORIG_RAMP_ST":"IN","RAMP_CD_DEST":"W","DEST_RAMP_333":"PRIRUPTER","DEST_RAMP_ST":"BC","RAJP":"    ","WB_EDI_CD":"TBL","CONTR_ERR_CD":" ","CUST_633_RESP":"COSCOSHILINN","DEST_RLSE_CUST":"COSCOSHILINN","DEST_RLSE_TEL":"6046898366          ","RFGR_SET":"    ","RFGR_RUN":"    ","RFGR_FUEL":"      ","LS_333":"INDINTTER","LS_ST":"IN","EQUIP_REQ_CD":" ","YD_BLK":"PRRINT","APPL_GRD_CD":" ","APPL_GRD_EXT":"          ","IMDL_PLAN_CD":"85","UNLD_SOFF_TOT":"0","EQP_NBR_CHK_DG":"  ","TRKR_633_AUTH":"           ","APPT_DT":"","APPT_TM":"","IMDL_TRML_CD":"  ","IMDL_ORD_NBR":"0","VOY_BKG_NBR":"                           ","BKG_CAR_KIND":"    ","VAN_ORD_TYPE":" ","CVO_HOLD_CD":"  ","SHTL_EQP_IND":"N","CUST_BOOK_ID":"","SHTL_LOCK":"N","SERV_LOC_FSAC":"      ","SERV_LOC_SCAC":"    ","SHTL_TRST_TM":"0","SERV_LOC_333":"        ","SERV_LOC_ST":"  ","EQP_TARE":"8444","TARE_TYPE_CD":"M","COG_STCC_NUMBER":"       ","IBMSNAP_COMMITSEQ":{"bytes":"\u0000\u0000\u0000\u0000\u0000\u0000\u0000\u0001"},"IBMSNAP_INTENTSEQ":{"bytes":"\u0000\u0000\u0000\u0000\u0000\u0000\u0000\u0001"},"IBMSNAP_OPERATION":"D","IBMSNAP_LOGMARKER":"2020-03-10 14:30:23.887528"}}
{"IngestionHeader":{"ING_CRT_TS":"2020-03-16 20:07:56:","PRODUCT_ID":"TA108","UUID":null,"FORMAT":"JSON"},"CurrentInventory":{"EQP_INIT":"CBHU","EQP_NUMB":"899956","CAR_KND_ABBR":"K","WB_ID":"0032/02/27 08:22:20","CAR_KIND":"KC4","LOAD_EMPTY":"E","RAIL_CNTL_CD":"N","EVT_CD":"TA","STN_333":"CHIINTTER","STN_ST":"IL","EVT_DT":"2020/03/03","EVT_TM":"07:59:00","EQP_LOC_CD":"T","STAT_IND":"C","LS_HOLD_CD":" ","EVST_CD":"OR","INV_STAT_CD":"  ","RESP_ROAD_ABBR":"COSC","EVT_ACCT_CD":" ","CYCL_ID":"8057/02/27 12:10:24","WB_VRSN":"2","CARR_ABBR":"    ","TRKR_FF":"            ","TRN_TYPE":"Q","TRN_SECT":"1","TRN_SYM":"1957","TRN_DAY":"02","WB_ERR_CD":" ","WB_EVT_DT":"","WB_EVT_TIME":"","WB_REC_TYPE":"W","CUST_633_SHPR":"COSCOSHILINN","ORIG_333":"INDINTTER","ORIG_ST":"IN","CUST_633_CNSG":"COSCOSHILINN","DEST_333":"PRIRUPTER","DEST_ST":"BC","WB_DT":"2020/02/27","WB_NUMB":"173366","OP_CITY_333":"PRIRUPTER","OP_ST":"BC","OP_RAJP":"    ","SPL_COND_CD1":"H1","SPL_COND_CD2":"  ","SPL_COND_CD3":"  ","SPL_COND_CD4":"  ","SPL_COND_CD5":"  ","SPL_COND_CD6":"  ","MECH_STAT_CD1":"  ","MECH_STAT_CD2":"  ","MECH_STAT_CD3":"  ","PPSI_CD":"    ","HAZ_MATL_PROF":" ","BLADG_ID":"N0152223         ","CONTR_ID":"660882      ","CONTR_QUOTE":"           ","TOFC_COFC_CD":"C","MVMT_REV_CODE":"EP","PLAN_NUMB":"85","WB_SPL_INSTR1":"                                  ","WB_SPL_INSTR2":"                                  ","SCO_FCO_ID":"868338","IMDL_HDLG_CD1":" ","IMDL_HDLG_CD2":" ","IMDL_HDLG_CD3":" ","LVL_SVC_CD":" ","OS_HGHT_FT":"9","OS_HGTH_IN":"6","OS_WDTH_FT":"0","OS_WDTH_IN":"0","CALC_LGTH_FT":"40","AXLE_LGTH_IN":"   ","RFGR_POS":" ","TRUE_KINGPIN":"  ","PLTFM_CD":"B","PLTFM_POS_CD":"1","POOL_MRKT_CD":" ","DRAY_SVC_CD":" ","IG_HAZ_DECL":"N","IG_PLAC_CD":"  ","IG_SEAL":"           ","LS_BLOCK":"?????","LS_HT_CD":"A","LS_WGHT_COFC":"    8446","LS_WGHT_TOFC":"   15946","LS_DEST_333":"PRIRUPTER","LS_DEST_ST":"BC","ORIG_RAMP_333":"INDINTTER","ORIG_RAMP_ST":"IN","RAMP_CD_DEST":"W","DEST_RAMP_333":"PRIRUPTER","DEST_RAMP_ST":"BC","RAJP":"    ","WB_EDI_CD":"TBL","CONTR_ERR_CD":" ","CUST_633_RESP":"COSCOSHILINN","DEST_RLSE_CUST":"COSCOSHILINN","DEST_RLSE_TEL":"6046898366          ","RFGR_SET":"    ","RFGR_RUN":"    ","RFGR_FUEL":"      ","LS_333":"INDINTTER","LS_ST":"IN","EQUIP_REQ_CD":" ","YD_BLK":"PRRINT","APPL_GRD_CD":" ","APPL_GRD_EXT":"          ","IMDL_PLAN_CD":"85","UNLD_SOFF_TOT":"0","EQP_NBR_CHK_DG":"  ","TRKR_633_AUTH":"           ","APPT_DT":"","APPT_TM":"","IMDL_TRML_CD":"  ","IMDL_ORD_NBR":"0","VOY_BKG_NBR":"                           ","BKG_CAR_KIND":"    ","VAN_ORD_TYPE":" ","CVO_HOLD_CD":"  ","SHTL_EQP_IND":"N","CUST_BOOK_ID":"","SHTL_LOCK":"N","SERV_LOC_FSAC":"      ","SERV_LOC_SCAC":"    ","SHTL_TRST_TM":"0","SERV_LOC_333":"        ","SERV_LOC_ST":"  ","EQP_TARE":"8444","TARE_TYPE_CD":"M","COG_STCC_NUMBER":"       ","IBMSNAP_COMMITSEQ":{"bytes":"\u0000\u0000\u0000\u0000\u0000\u0000\u0000\u0001"},"IBMSNAP_INTENTSEQ":{"bytes":"\u0000\u0000\u0000\u0000\u0000\u0000\u0000\u0001"},"IBMSNAP_OPERATION":"U","IBMSNAP_LOGMARKER":"2020-03-10 14:30:23.887528"}}