{"IngestionHeader":{"ING_CRT_TS":"2020-03-13 10:40:51.805246","PRODUCT_ID":"A107 SRS YIT","UUID":"08a46b91-40a8-4c2f-90bc-355a5ca00b62","FORMAT":"JSON"},"DestinationInstruction":{"CUST_633":"AARGUSPLASTI","DEST_333":"WHEELING ","DEST_ST":"IL","ZTS":"L75700","NOTF_PERSON":"                  ","DMRG_TYPE_CD":"R","OPEN_GATE_FLG":" ","CP_CD":"R","NOTF_CD":"E","JT_INDS_ROAD":"    ","NOTF_TEL_NUMB":"               ","LD_MTY_NOTF":" ","TEAM_TRK_FLG":"N","TRK_LSED_FLG":"P","DOOR_FLIP_FLG":" ","DEST_INSTR_CMT":"ADD TRACK PER LEASE AGREEMENT ARGUS IS PARENT COMPANY TO BIO IND      ","TRK_LSE_LGTH":0,"DFO_333":"STEPT    ","DFO_ST":"WI","TSO_333":"SCHPARK  ","TSO_ST":"IL","WB_RLSE_FLG":"A","RRTE_MTY_PVT":"B","BUS_UNIT_CD":"20","BUS_UNIT_CD2":"  ","CRT_ID":"125089  ","UPD_ID":"139856  ","CRT_DT":"2014-04-12","CRT_TM":"17:46:29","UPD_DT":"2020-07-31","UPD_TM":"09:51:53","LANG_CD":"E","ZTS_HI":"L75700","EFF_DT":"2014-04-08","CANC_DT":"2099-12-31","SIDE_SPOT_CPTY":"    ","SELF_SWTCH_FLG":" ","DEST_INSTR_CMT_2":"INDUSTRY TRACK AGREEMENT 5425-W. 4/14/14 TH                           ","AUTO_PLC_SYS_COVR":"A","AUTO_PLC_LOAD_MPTY":"B","AUTO_IPSW_CD":"N","OPER_CUST_IND":" ","IBMSNAP_COMMITSEQ":{"bytes":"\u0000\u0000\u0000\u0000\u0000\u0000\u0000\u0001"},"IBMSNAP_INTENTSEQ":{"bytes":"\u0000\u0000\u0000\u0000\u0000\u0000\u0000\u0001"},"IBMSNAP_OPERATION":"U","IBMSNAP_LOGMARKER":"2020-03-10 14:30:23.887528"}}
{"IngestionHeader":{"ING_CRT_TS":"2020-03-13 10:40:51.805246","PRODUCT_ID":"A107 SRS YIT","UUID":null,"FORMAT":"JSON"},"DestinationInstruction":{"CUST_633":"AARGUSPLASTI","DEST_333":"WHEELING ","DEST_ST":"IL","ZTS":"L75700","NOTF_PERSON":"                  ","DMRG_TYPE_CD":"R","OPEN_GATE_FLG":" ","CP_CD":"R","NOTF_CD":"E","JT_INDS_ROAD":"    ","NOTF_TEL_NUMB":"               ","LD_MTY_NOTF":" ","TEAM_TRK_FLG":"N","TRK_LSED_FLG":"P","DOOR_FLIP_FLG":" ","DEST_INSTR_CMT":"ADD TRACK PER LEASE AGREEMENT ARGUS IS PARENT COMPANY TO BIO IND      ","TRK_LSE_LGTH":0,"DFO_333":"STEPT    ","DFO_ST":"WI","TSO_333":"SCHPARK  ","TSO_ST":"IL","WB_RLSE_FLG":"A","RRTE_MTY_PVT":"B","BUS_UNIT_CD":"20","BUS_UNIT_CD2":"  ","CRT_ID":"125089  ","UPD_ID":"139856  ","CRT_DT":"2014-04-12","CRT_TM":"17:46:29","UPD_DT":"2020-07-31","UPD_TM":"09:51:53","LANG_CD":"E","ZTS_HI":"L75700","EFF_DT":"2014-04-08","CANC_DT":"2099-12-31","SIDE_SPOT_CPTY":"    ","SELF_SWTCH_FLG":" ","DEST_INSTR_CMT_2":"INDUSTRY TRACK AGREEMENT 5425-W. 4/14/14 TH                           ","AUTO_PLC_SYS_COVR":"A","AUTO_PLC_LOAD_MPTY":"B","AUTO_IPSW_CD":"N","OPER_CUST_IND":" ","IBMSNAP_COMMITSEQ":{"bytes":"\u0000\u0000\u0000\u0000\u0000\u0000\u0000\u0001"},"IBMSNAP_INTENTSEQ":{"bytes":"\u0000\u0000\u0000\u0000\u0000\u0000\u0000\u0001"},"IBMSNAP_OPERATION":"U","IBMSNAP_LOGMARKER":"2020-03-10 14:30:23.887528"}}