{"IngestionHeader":{"ING_CRT_TS":null,"PRODUCT_ID":"A063","UUID":null,"FORMAT":"JSON"},"Customer":{"TRSP_SYS_STUS_CD":"A","IBMSNAP_OPERATION":"I","DFLT_QUOT_REF_NO":null,"IBMSNAP_LOGMARKER":"2021-02-16 21:49:13.707709","CUST_GST_CDE":" ","AUDIT_UPDATE_ID":"XT21392 ","ACCT_SYS_STUS_CD":"A","IBMSNAP_INTENTSEQ":"00d948f8c5b6be791000000000000001","OPER_CR_IND":"N","CUSTOMER_STATUS":"A","CUST_CMNT_TXT":"                                                  ","REQ_QUOT_IND":"N","ACCT_MGR_ID":"01","AUDIT_UPDATE_TME":"21:49:12","CUST_DSBL_DT":null,"CUST_633_ID":null,"CGC_CUST_ID":null,"AUDIT_UPDATE_PGM":"CCINCUSM","CUST_NO":null,"CUST_ACT_DT":"2021-02-16","AUDIT_CREATION_ID":"XT21392 ","CUST_NM":"67597680 T797 C593PANY-AUTO 2021216","CIF_REQ_IND":"N","IBMSNAP_COMMITSEQ":"00d948f8c6208bd41c00000000000001","AUDIT_UPDATE_DTE":"2021-02-16","BUSINESS_UNIT_ID":"61","CUST_VRFN_SRC_CDE":"FA","AUDIT_CREATION_TME":"21:49:12","CUST_OWN_SCAC":"CN  ","GRN_CUST_LCNS_IND":null,"AUDIT_CREATION_PGM":"CCINCUSM","AUDIT_CREATION_DTE":"2021-02-16","ACCT_OFF_NBR":"10","REV_CR_IND":"N","LOG_COUNTER":"1"}}
{"IngestionHeader":{"ING_CRT_TS":"2021-02-17T21:30:01.959Z","PRODUCT_ID":"A063","UUID":"670ed230-21ec-444e-95cc-70e034a4bb15","FORMAT":"JSON"},"Customer":{"TRSP_SYS_STUS_CD":"A","IBMSNAP_OPERATION":"I","DFLT_QUOT_REF_NO":null,"IBMSNAP_LOGMARKER":"2021-02-17 15:58:32.034141","CUST_GST_CDE":" ","AUDIT_UPDATE_ID":"XT21392 ","ACCT_SYS_STUS_CD":"A","IBMSNAP_INTENTSEQ":"00d949ec40993c435c00000000000001","OPER_CR_IND":"N","CUSTOMER_STATUS":"A","CUST_CMNT_TXT":"                                                  ","REQ_QUOT_IND":"N","ACCT_MGR_ID":"01","AUDIT_UPDATE_TME":"15:58:31","CUST_DSBL_DT":null,"CUST_633_ID":"119219T00C40","CGC_CUST_ID":null,"AUDIT_UPDATE_PGM":"CCINCUSM","CUST_NO":"092778","CUST_ACT_DT":"2021-02-17","AUDIT_CREATION_ID":"XT21392 ","CUST_NM":"11921913 T006 C404PANY-AUTO 2021217","CIF_REQ_IND":"N","IBMSNAP_COMMITSEQ":"00d949ec40af35d82c00000000000001","AUDIT_UPDATE_DTE":"2021-02-17","BUSINESS_UNIT_ID":"61","CUST_VRFN_SRC_CDE":"FA","AUDIT_CREATION_TME":"15:58:31","CUST_OWN_SCAC":"CN  ","GRN_CUST_LCNS_IND":null,"AUDIT_CREATION_PGM":"CCINCUSM","AUDIT_CREATION_DTE":"2021-02-17","ACCT_OFF_NBR":"10","REV_CR_IND":"N","LOG_COUNTER":"1"}}
{"IngestionHeader":{"ING_CRT_TS":"2021-02-17T22:30:01.575Z","PRODUCT_ID":"A063","UUID":"62571b2d-6b11-407b-b1d1-362394c54ac4","FORMAT":"JSON"},"Customer":{"TRSP_SYS_STUS_CD":"A","IBMSNAP_OPERATION":"U","DFLT_QUOT_REF_NO":null,"IBMSNAP_LOGMARKER":"2021-02-17 17:25:28.878832","CUST_GST_CDE":" ","AUDIT_UPDATE_ID":" ","ACCT_SYS_STUS_CD":"A","IBMSNAP_INTENTSEQ":"00d949ffafceccee0a00000000000001","OPER_CR_IND":"N","CUSTOMER_STATUS":"A","CUST_CMNT_TXT":"                                                  ","REQ_QUOT_IND":"N","ACCT_MGR_ID":"01","AUDIT_UPDATE_TME":"17:25:28","CUST_DSBL_DT":null,"CUST_633_ID":null,"CGC_CUST_ID":null,"AUDIT_UPDATE_PGM":"CCINCUSM","CUST_NO":"092779","CUST_ACT_DT":"2021-02-17","AUDIT_CREATION_ID":" ","CUST_NM":"45375368 TEST COMPANY-AUTO 2021217 ","CIF_REQ_IND":"N","IBMSNAP_COMMITSEQ":"00d949ffafdaef03b200000000000001","AUDIT_UPDATE_DTE":"2021-02-17","BUSINESS_UNIT_ID":"61","CUST_VRFN_SRC_CDE":"FA","AUDIT_CREATION_TME":"17:25:28","CUST_OWN_SCAC":"CN  ","GRN_CUST_LCNS_IND":null,"AUDIT_CREATION_PGM":"CCINCUSM","AUDIT_CREATION_DTE":"2021-02-17","ACCT_OFF_NBR":"10","REV_CR_IND":"N","LOG_COUNTER":"1"}}
{"IngestionHeader":{"ING_CRT_TS":"2021-02-19T13:00:04.566Z","PRODUCT_ID":"A063","UUID":"7b560ae8-2585-4c93-b05c-fdefc2d8385a","FORMAT":"JSON"},"Customer":{"TRSP_SYS_STUS_CD":"A","IBMSNAP_OPERATION":"D","DFLT_QUOT_REF_NO":null,"IBMSNAP_LOGMARKER":"2021-02-19 07:38:16.678169","CUST_GST_CDE":" ","AUDIT_UPDATE_ID":"102250  ","ACCT_SYS_STUS_CD":"A","IBMSNAP_INTENTSEQ":"00d94c002aab8116ba00000000000001","OPER_CR_IND":"N","CUSTOMER_STATUS":"A","CUST_CMNT_TXT":"                                                  ","REQ_QUOT_IND":"N","ACCT_MGR_ID":"27","AUDIT_UPDATE_TME":"07:38:18","CUST_DSBL_DT":"2021-02-19","CUST_633_ID":"FRASERGRATER","CGC_CUST_ID":null,"AUDIT_UPDATE_PGM":"CCINCUSM","CUST_NO":"093338","CUST_ACT_DT":"2020-10-08","AUDIT_CREATION_ID":"102250  ","CUST_NM":"FRASER GRAIN TERMINAL LTD          ","CIF_REQ_IND":"N","IBMSNAP_COMMITSEQ":"00d94c002abb7198a200000000000001","AUDIT_UPDATE_DTE":"2021-02-19","BUSINESS_UNIT_ID":"61","CUST_VRFN_SRC_CDE":"FA","AUDIT_CREATION_TME":"07:38:18","CUST_OWN_SCAC":"CN  ","GRN_CUST_LCNS_IND":null,"AUDIT_CREATION_PGM":"CCINCUSM","AUDIT_CREATION_DTE":"2021-02-19","ACCT_OFF_NBR":"61","REV_CR_IND":"N","LOG_COUNTER":"1"}}
