{"IngestionHeader":{"ING_CRT_TS":"2020-05-14T15:42:10.684-04:00","PRODUCT_ID":"A107 SRS-YIT","UUID":null,"FORMAT":"JSON"},"ETAETD":{"HEADER":{"TMS_HDR_MESS_ID":"ETAETD","TMS_HDR_TRN":{"TMS_HDR_TRN_TYPE":"L","TMS_HDR_TRN_SYM":"5746","TMS_HDR_TRN_SECT":"1","TMS_HDR_TRN_DAY":"21"},"TMS_HDR_TMS":null,"TMS_HDR_SEQ_NUMB":"0011860513","TMS_ACTION_CODE":"T"},"TRN_ID":{"TRN_TYPE":null,"TRN_SECT":null,"TRN_SYM":null,"TRN_DAY":"21","TRN_SCH_DPT_DT":null,"BASE_IND":"A","ALPHA_TRN":"","ALPHA_TRN_ID":""},"STN_SEC":[{"STN_SEQ_NBR":"00010","STN_STN_CARR_ABRV":"CN","STN_STN_FSAC":"55017","STN_333":"FLAROCK","STN_ST":"MI","STN_NME":"FLAT ROCK","STN_ABBR":"FLAROC","STN_SPLC":"318384","STN_TYPE_CD":"O","ARR_DY":"","ARR_TM":"00.00.00","DPT_DY":"0","DPT_TM":"21.00.00","EST_ARR_DT":null,"EST_ARR_TM":null,"EST_ARR_DST_FLAG":null,"EST_DPT_DT":null,"EST_DPT_TM":null,"EST_DPT_DST_FLAG":null,"TOPC_EST_ARR_DT":null,"TOPC_EST_ARR_TM":null,"TOPC_EST_ARR_DST_FLAG":null,"TOPC_EST_DEP_DT":null,"TOPC_EST_DEP_TM":null,"TOPC_EST_DEP_DST_FLAG":null,"STN_SEQ_TS":null,"STN_TIME_ZONE":null}]}}
{"IngestionHeader":{"ING_CRT_TS":"2020-04-28T18:18:29.068-04:00","PRODUCT_ID":"A107 SRS-YIT","UUID":"2fd0ac80899e11ea9ce80a0d13360000","FORMAT":"JSON"},"ETAETD":{"HEADER":{"TMS_HDR_MESS_ID":"ETAETD","TMS_HDR_TRN":{"TMS_HDR_TRN_TYPE":"Q","TMS_HDR_TRN_SYM":"1211","TMS_HDR_TRN_SECT":"1","TMS_HDR_TRN_DAY":"12"},"TMS_HDR_TMS":"2020-04-28-22.18.28.564029","TMS_HDR_SEQ_NUMB":"0011782040","TMS_ACTION_CODE":"S"},"TRN_ID":{"TRN_TYPE":"Q","TRN_SECT":"1","TRN_SYM":"1211","TRN_DAY":"12","TRN_SCH_DPT_DT":"2020-05-12","BASE_IND":"A","ALPHA_TRN":"ROCBIT1","ALPHA_TRN_ID":""},"STN_SEC":[{"STN_SEQ_NBR":"00010","STN_STN_CARR_ABRV":"CN","STN_STN_FSAC":"12628","STN_333":"ROCKINGHA","STN_ST":"NS","STN_NME":"ROCKINGHAM","STN_ABBR":"ROCKIN","STN_SPLC":"012550","STN_TYPE_CD":"O","ARR_DY":"","ARR_TM":"00.00.00","DPT_DY":"0","DPT_TM":"20.35.00","EST_ARR_DT":"0001-01-01","EST_ARR_TM":"01.01.01","EST_ARR_DST_FLAG":"N","EST_DPT_DT":"2020-05-12","EST_DPT_TM":"20.35.00","EST_DPT_DST_FLAG":"Y","TOPC_EST_ARR_DT":"0001-01-01","TOPC_EST_ARR_TM":"01.01.01","TOPC_EST_ARR_DST_FLAG":"N","TOPC_EST_DEP_DT":"0001-01-01","TOPC_EST_DEP_TM":"01.01.01","TOPC_EST_DEP_DST_FLAG":"N","STN_SEQ_TS":"2020-04-28-18.18.26.865163","STN_TIME_ZONE":"AT"},{"STN_SEQ_NBR":"02200","STN_STN_CARR_ABRV":"CN","STN_STN_FSAC":"42368","STN_333":"BRAINTTER","STN_ST":"ON","STN_NME":"BRAMPTON INTER TERM","STN_ABBR":"BRAINT","STN_SPLC":"044761","STN_TYPE_CD":"D","ARR_DY":"2","ARR_TM":"10.05.00","DPT_DY":"0","DPT_TM":"00.00.00","EST_ARR_DT":"2020-05-14","EST_ARR_TM":"10.05.00","EST_ARR_DST_FLAG":"Y","EST_DPT_DT":"0001-01-01","EST_DPT_TM":"01.01.01","EST_DPT_DST_FLAG":"N","TOPC_EST_ARR_DT":"0001-01-01","TOPC_EST_ARR_TM":"01.01.01","TOPC_EST_ARR_DST_FLAG":"N","TOPC_EST_DEP_DT":"0001-01-01","TOPC_EST_DEP_TM":"01.01.01","TOPC_EST_DEP_DST_FLAG":"N","STN_SEQ_TS":"2020-04-28-18.18.27.104187","STN_TIME_ZONE":"ET"}]}}
{"IngestionHeader":{"ING_CRT_TS":"2020-04-29T18:18:29.068-04:00","PRODUCT_ID":"A107 SRS-YIT","UUID":"2ed0ac80899e11ea9ce80a0d13360000","FORMAT":"JSON"},"ETAETD":{"HEADER":{"TMS_HDR_MESS_ID":"ETAETD","TMS_HDR_TRN":{"TMS_HDR_TRN_TYPE":"Q","TMS_HDR_TRN_SYM":"1211","TMS_HDR_TRN_SECT":"1","TMS_HDR_TRN_DAY":"12"},"TMS_HDR_TMS":"2020-04-28-22.18.28.564029","TMS_HDR_SEQ_NUMB":"0011782040","TMS_ACTION_CODE":"I"},"TRN_ID":{"TRN_TYPE":"Q","TRN_SECT":"1","TRN_SYM":"1211","TRN_DAY":"12","TRN_SCH_DPT_DT":"2020-05-12","BASE_IND":"A","ALPHA_TRN":"ROCBIT1","ALPHA_TRN_ID":""},"STN_SEC":[{"STN_SEQ_NBR":"00010","STN_STN_CARR_ABRV":"CN","STN_STN_FSAC":"12628","STN_333":"ROCKINGHA","STN_ST":"NS","STN_NME":"ROCKINGHAM","STN_ABBR":"ROCKIN","STN_SPLC":"012550","STN_TYPE_CD":"O","ARR_DY":"","ARR_TM":"00.00.00","DPT_DY":"0","DPT_TM":"20.35.00","EST_ARR_DT":"0001-01-01","EST_ARR_TM":"01.01.01","EST_ARR_DST_FLAG":"N","EST_DPT_DT":"2020-05-12","EST_DPT_TM":"20.35.00","EST_DPT_DST_FLAG":"Y","TOPC_EST_ARR_DT":"0001-01-01","TOPC_EST_ARR_TM":"01.01.01","TOPC_EST_ARR_DST_FLAG":"N","TOPC_EST_DEP_DT":"0001-01-01","TOPC_EST_DEP_TM":"01.01.01","TOPC_EST_DEP_DST_FLAG":"N","STN_SEQ_TS":"2020-04-28-18.18.26.865163","STN_TIME_ZONE":"AT"},{"STN_SEQ_NBR":"02200","STN_STN_CARR_ABRV":"CN","STN_STN_FSAC":"42368","STN_333":"BRAINTTER","STN_ST":"ON","STN_NME":"BRAMPTON INTER TERM","STN_ABBR":"BRAINT","STN_SPLC":"044761","STN_TYPE_CD":"D","ARR_DY":"2","ARR_TM":"10.05.00","DPT_DY":"0","DPT_TM":"00.00.00","EST_ARR_DT":"2020-05-14","EST_ARR_TM":"10.05.00","EST_ARR_DST_FLAG":"Y","EST_DPT_DT":"0001-01-01","EST_DPT_TM":"01.01.01","EST_DPT_DST_FLAG":"N","TOPC_EST_ARR_DT":"0001-01-01","TOPC_EST_ARR_TM":"01.01.01","TOPC_EST_ARR_DST_FLAG":"N","TOPC_EST_DEP_DT":"0001-01-01","TOPC_EST_DEP_TM":"01.01.01","TOPC_EST_DEP_DST_FLAG":"N","STN_SEQ_TS":"2020-04-28-18.18.27.104187","STN_TIME_ZONE":"ET"}]}}
