{"IngestionHeader":{"ING_CRT_TS":null,"PRODUCT_ID":"A503","UUID":null,"FORMAT":"JSON"},"HazardousCommodity":{"UPD_ID":"AAR     ","CAN_SUBS_CLS1":"   ","KEY_TRN_FLG":"A","CAN_SUBS_CLS2":"   ","CAN_SUBS_CLS3":"   ","CAN_SPL_CMDTY":" ","DOT_HAZ_CLS":"  ","UPD_DT":"2015-10-28","PROD_CLS_DESC":"TRINITROTOLUOL, WET, WITH NOT MORE THAN 10 PERCENT WATER","EPA_WST_NBR2":"    ","EPA_WST_NBR3":"    ","PLTNT_CD":" ","EPA_WST_CHAR":" ","SEC_PLAC":"  ","CRT_ID":"        ","CAN_SUBS_RISK":" ","CAN_ORIG":" ","PKG_GRP":"1","US_ORIG":" ","CAN_EMRG_RSP":"E","CRT_DT":"0001-01-01","STCC_NUMBER":null,"DNGR_WW":" ","REG_AUTH":"C","EPA_WST_NBR":"    ","ALT_HCLSF_CD":" ","TECH_NME_ABBR":"      ","HAZ_RPT_QTY":" ","HAZ_UNNA":"UN1356","CRT_TM":"00:00:00","RSSM_CD":"  ","TECH_NME":"","INH_TOX_HAZ_ZN":" ","PRI_PLAC":"CS","PROD_CLS_NBR":"158","PROD_CLS_STCC":"2892158","DOT_HAZ_SEC":"  ","HAZ_SUB_CNST":"","POI_CD":" ","ADI_DESC":"","EPA_WST_CHAR3":" ","EPA_WST_CHAR2":" ","PLAC_CD":"  ","PROD_CLS":"2892","DOT_HAZ_SEC2":"  ","HAZ_MPC_DESC":"","DOT_HAZ_SEC3":"  ","UPD_TM":"09:37:22","HAZ_CLSF_CD":"4.1 "}}
{"IngestionHeader":{"ING_CRT_TS":"2021-02-19T19:00:05.717Z","PRODUCT_ID":"A503","UUID":"c685e874-1384-470d-bb36-99ea2f233e5e","FORMAT":"JSON"},"HazardousCommodity":{"UPD_ID":"AAR     ","CAN_SUBS_CLS1":"   ","KEY_TRN_FLG":"A","CAN_SUBS_CLS2":"   ","CAN_SUBS_CLS3":"   ","CAN_SPL_CMDTY":" ","DOT_HAZ_CLS":"  ","UPD_DT":"2015-10-28","PROD_CLS_DESC":"TRINITROTOLUOL, WET, WITH NOT MORE THAN 10 PERCENT WATER","EPA_WST_NBR2":"    ","EPA_WST_NBR3":"    ","PLTNT_CD":" ","EPA_WST_CHAR":" ","SEC_PLAC":"  ","CRT_ID":"        ","CAN_SUBS_RISK":" ","CAN_ORIG":" ","PKG_GRP":"1","US_ORIG":" ","CAN_EMRG_RSP":" ","CRT_DT":"0001-01-01","STCC_NUMBER":"4917160","DNGR_WW":" ","REG_AUTH":"I","EPA_WST_NBR":"    ","ALT_HCLSF_CD":" ","TECH_NME_ABBR":"      ","HAZ_RPT_QTY":" ","HAZ_UNNA":"UN1356","CRT_TM":"00:00:00","RSSM_CD":"  ","TECH_NME":"","INH_TOX_HAZ_ZN":" ","PRI_PLAC":"FS","PROD_CLS_NBR":"158","PROD_CLS_STCC":"2892158","DOT_HAZ_SEC":"  ","HAZ_SUB_CNST":"","POI_CD":" ","ADI_DESC":"TNT, WETTED","EPA_WST_CHAR3":" ","EPA_WST_CHAR2":" ","PLAC_CD":"  ","PROD_CLS":"2892","DOT_HAZ_SEC2":"  ","HAZ_MPC_DESC":"","DOT_HAZ_SEC3":"  ","UPD_TM":"09:37:22","HAZ_CLSF_CD":"4.1 "}}
{"IngestionHeader":{"ING_CRT_TS":"2021-02-19T19:00:05.717Z","PRODUCT_ID":"A503","UUID":"be2a0f15-8c12-47f2-a67d-29ee29a54d6a","FORMAT":"JSON"},"HazardousCommodity":{"UPD_ID":"","CAN_SUBS_CLS1":"   ","KEY_TRN_FLG":"A","CAN_SUBS_CLS2":"   ","CAN_SUBS_CLS3":"   ","CAN_SPL_CMDTY":" ","DOT_HAZ_CLS":"  ","UPD_DT":"2015-10-28","PROD_CLS_DESC":"TRINITROTOLUOL, WET, WITH NOT MORE THAN 10 PERCENT WATER","EPA_WST_NBR2":"    ","EPA_WST_NBR3":"    ","PLTNT_CD":" ","EPA_WST_CHAR":" ","SEC_PLAC":"  ","CRT_ID":"        ","CAN_SUBS_RISK":" ","CAN_ORIG":" ","PKG_GRP":"1","US_ORIG":" ","CAN_EMRG_RSP":" ","CRT_DT":"0001-01-01","STCC_NUMBER":"4917160","DNGR_WW":" ","REG_AUTH":"N","EPA_WST_NBR":"    ","ALT_HCLSF_CD":" ","TECH_NME_ABBR":"      ","HAZ_RPT_QTY":" ","HAZ_UNNA":"UN1356","CRT_TM":"00:00:00","RSSM_CD":"  ","TECH_NME":"","INH_TOX_HAZ_ZN":" ","PRI_PLAC":"FS","PROD_CLS_NBR":"158","PROD_CLS_STCC":"2892158","DOT_HAZ_SEC":"  ","HAZ_SUB_CNST":"","POI_CD":" ","ADI_DESC":"TNT, WETTED","EPA_WST_CHAR3":" ","EPA_WST_CHAR2":" ","PLAC_CD":"DA","PROD_CLS":"2892","DOT_HAZ_SEC2":"  ","HAZ_MPC_DESC":"","DOT_HAZ_SEC3":"  ","UPD_TM":"09:37:22","HAZ_CLSF_CD":"4.1 "}}