{"IngestionHeader":{"ING_CRT_TS":"2021-01-22T17:10:00.950Z","PRODUCT_ID":"A107","UUID":null,"FORMAT":"JSON"},"IndustrialInstruction":{"IBMSNAP_OPERATION":"U","CAR_INIT":"BCNE","INDY_INSN":"test                                                                  ","CAR_NUMB":"    900596","IBMSNAP_LOGMARKER":"2021-01-22 12:03:53.215289","IBMSNAP_INTENTSEQ":"00d929075016a90ca600000000000001","IBMSNAP_COMMITSEQ":"00d929075017939a1400000000000001"}}
{"IngestionHeader":{"ING_CRT_TS":"2021-01-22T17:10:00.950Z","PRODUCT_ID":"A107","UUID":"e74d4cc4-2b90-45c1-8bc8-44c18ab89cb5","FORMAT":"JSON"},"IndustrialInstruction":{"IBMSNAP_OPERATION":"U","CAR_INIT":"BCNE","INDY_INSN":"test                                                                  ","CAR_NUMB":"    900596","IBMSNAP_LOGMARKER":"2021-01-22 12:03:53.215289","IBMSNAP_INTENTSEQ":"00d929075016a90ca600000000000001","IBMSNAP_COMMITSEQ":"00d929075017939a1400000000000001"}}
{"IngestionHeader":{"ING_CRT_TS":"2021-01-22T17:10:00.950Z","PRODUCT_ID":"A107","UUID":"e74d4cc4-2b90-45c1-8bc8-44c18ab89cb5","FORMAT":"JSON"},"IndustrialInstruction":{"IBMSNAP_OPERATION":"D","CAR_INIT":"BCNE","INDY_INSN":"test                                                                  ","CAR_NUMB":"    900596","IBMSNAP_LOGMARKER":"2021-01-22 12:03:53.215289","IBMSNAP_INTENTSEQ":"00d929075016a90ca600000000000001","IBMSNAP_COMMITSEQ":"00d929075017939a1400000000000001"}}