{"RawEventHeader":{"CRT_TS":"2021-03-30T18:44:57.172Z","PRODUCT_ID":"A206","UUID":null,"FORMAT":"JSON"},"InGateRequest":{"Header":{"START_SEQUENCE":"~!@#","LOCATION_333":"MALPORT","LOCATION_PROVINCE":"ON","TIME_ZONE":0,"DATE_TMS":"20210330122643","OPERATOR_ID":"BHALERAO","MESSAGE_SEQUENCE":1724897,"RETURN_CODE":"00","SEQ_NUMBER":"1"},"GateRequestDetails":{"UNIT_INIT":"CNRU","UNIT_NUMBER":731047,"TRANSACTION_TYPE":"A","GATE_CODE":"I","LOAD_EMPTY":"L","ACTION_DATE_TIME":"20210330122558","CHASSIS_INIT":"CNRZ","CHASSIS_NUMBER":731004,"PICKUP_NUMBER":"","BOOKING_NUMBER":"","REDISPLAY":"N","BAD_ORDER_CODE":"13","SEVERITY":"4","LANGUAGE_FLAG":"E","EQUIPMENT_RFID_FLAG":"N","CHASSIS_RFID_FLAG":"N","TRACTOR_RFID_FLAG":"N","ISO_CODE":"","FORCESRS":"N","NUMBER_OF_DAMAGES":2,"NUMBER_OF_ERRORS":2,"DAMAGE_DETAILS":[{"WHAT_CODE":"02","WHERE_CODE":"C","WHY_CODE":"03","RESPONSIBILITY":"9","TEXT":"DVIR - Lights"},{"WHAT_CODE":"08","WHERE_CODE":"C","WHY_CODE":"03","RESPONSIBILITY":"9","TEXT":"DVIR - Fastener"}],"ERROR_DETAILS":[{"ERROR_CODE":1810,"ERROR_DETAILS":"Chassis Broken"},{"ERROR_CODE":9087,"ERROR_DETAILS":"Locking Failed"}],"SRS_CAR_KIND":"KR7","CHASSIS_SRS_CAR_KIND":"UC7","STAY":"Y","TOFC_COFC_INDICATOR":"C","SERVICE_CODE":"25","LENGTH":53,"WEIGHT":5000,"WEIGHT_MEASURE":"L","GROSS_WEIGHT":0,"TRACTOR_WEIGHT":0,"CHAS_TARE_WEIGHT":0,"ALLOW_WEIGHT":0,"REEFER":"Y","ACTUAL_TEMP":1,"ACTUAL_TEMP_MEASURE":"C","SET_TEMP":0,"SET_TEMP_MEASURE":"","FUEL_LEVEL":0,"INTERCHANGE_FROM_SS_MARKS":"","SHIPPER":"JBHUNTTRANSP","DESTINATION":"MEMINTTERTN","SEAL_NUMBER":"TESFSD","BOLT_SEAL":"","LS_HOLD":"","HAZMAT_INDICATOR":"N","PLACARD_CODE":"","VISIT_NUMBER":"0892115104","UNUSED":"","RV_NUMBER":"RV50142221","UNUSED1":"","STEAMSHIP_MARKS":"","BOOKING_NUMBER1":"","CUSTOMER":"","BOBTAIL_EXEMPTION":"","EXCEPTION_REASON_TEXT":"","TruckDetails":{"TRUCKER_SCAC":"HJBT","TRACTOR_ID":"AMOL6","ODOMETER":0,"DRIVER_KEY":"F(]oruL@CFVY\\h.CFr3Z"},"PickupDetails":{"PU_RV_NUMBER":"","UNUSED2":"","ORIGIN_CITY_STATE":"CHIINTTERIL","PU_UNIT_INIT":"CNRU","PU_UNIT_NUMBER":725645,"CHASSIS_CAR_KIND":"","ISO_NUMBER":"","PU_CHASSIS_INIT":"","PU_CHASSIS_NUMBER":0}}}}
{"RawEventHeader":{"CRT_TS":"2021-03-30T18:44:57.172Z","PRODUCT_ID":"A206","UUID":"2d0821e3-8418-4617-902f-f545a6f6328c","FORMAT":"JSON"},"InGateRequest":{"Header":{"START_SEQUENCE":"~!@#","LOCATION_333":"MALPORT","LOCATION_PROVINCE":"ON","TIME_ZONE":0,"DATE_TMS":"20210330122643","OPERATOR_ID":"BHALERAO","MESSAGE_SEQUENCE":1724897,"RETURN_CODE":"00","SEQ_NUMBER":"1"},"GateRequestDetails":{"UNIT_INIT":"CNRU","UNIT_NUMBER":731047,"TRANSACTION_TYPE":"A","GATE_CODE":"I","LOAD_EMPTY":"L","ACTION_DATE_TIME":"20210330122558","CHASSIS_INIT":"CNRZ","CHASSIS_NUMBER":731004,"PICKUP_NUMBER":"","BOOKING_NUMBER":"","REDISPLAY":"N","BAD_ORDER_CODE":"13","SEVERITY":"4","LANGUAGE_FLAG":"E","EQUIPMENT_RFID_FLAG":"N","CHASSIS_RFID_FLAG":"N","TRACTOR_RFID_FLAG":"N","ISO_CODE":"","FORCESRS":"N","NUMBER_OF_DAMAGES":2,"NUMBER_OF_ERRORS":2,"DAMAGE_DETAILS":[{"WHAT_CODE":"02","WHERE_CODE":"C","WHY_CODE":"03","RESPONSIBILITY":"9","TEXT":"DVIR - Lights"},{"WHAT_CODE":"08","WHERE_CODE":"C","WHY_CODE":"03","RESPONSIBILITY":"9","TEXT":"DVIR - Fastener"}],"ERROR_DETAILS":[{"ERROR_CODE":1810,"ERROR_DETAILS":"Chassis Broken"},{"ERROR_CODE":9087,"ERROR_DETAILS":"Locking Failed"}],"SRS_CAR_KIND":"KR7","CHASSIS_SRS_CAR_KIND":"UC7","STAY":"Y","TOFC_COFC_INDICATOR":"C","SERVICE_CODE":"25","LENGTH":53,"WEIGHT":5000,"WEIGHT_MEASURE":"L","GROSS_WEIGHT":0,"TRACTOR_WEIGHT":0,"CHAS_TARE_WEIGHT":0,"ALLOW_WEIGHT":0,"REEFER":"Y","ACTUAL_TEMP":1,"ACTUAL_TEMP_MEASURE":"C","SET_TEMP":0,"SET_TEMP_MEASURE":"","FUEL_LEVEL":0,"INTERCHANGE_FROM_SS_MARKS":"","SHIPPER":"JBHUNTTRANSP","DESTINATION":"MEMINTTERTN","SEAL_NUMBER":"TESFSD","BOLT_SEAL":"","LS_HOLD":"","HAZMAT_INDICATOR":"N","PLACARD_CODE":"","VISIT_NUMBER":"0892115104","UNUSED":"","RV_NUMBER":"RV50142221","UNUSED1":"","STEAMSHIP_MARKS":"","BOOKING_NUMBER1":"","CUSTOMER":"","BOBTAIL_EXEMPTION":"","EXCEPTION_REASON_TEXT":"","TruckDetails":{"TRUCKER_SCAC":"HJBT","TRACTOR_ID":"AMOL6","ODOMETER":0,"DRIVER_KEY":"F(]oruL@CFVY\\h.CFr3Z"},"PickupDetails":{"PU_RV_NUMBER":"","UNUSED2":"","ORIGIN_CITY_STATE":"CHIINTTERIL","PU_UNIT_INIT":"CNRU","PU_UNIT_NUMBER":725645,"CHASSIS_CAR_KIND":"","ISO_NUMBER":"","PU_CHASSIS_INIT":"","PU_CHASSIS_NUMBER":0}}}}
{"RawEventHeader":{"CRT_TS":"2021-03-30T18:44:57.172Z","PRODUCT_ID":"A206","UUID":"2d0821e3-8418-4617-902f-f545a6f6328c","FORMAT":"JSON"},"InGateRequest":{"Header":{"START_SEQUENCE":"~!@#","LOCATION_333":"MALPORT","LOCATION_PROVINCE":"ON","TIME_ZONE":0,"DATE_TMS":"20210330122643","OPERATOR_ID":"BHALERAO","MESSAGE_SEQUENCE":1724897,"RETURN_CODE":"00","SEQ_NUMBER":"1"},"GateRequestDetails":{"UNIT_INIT":"","UNIT_NUMBER":0,"TRANSACTION_TYPE":"A","GATE_CODE":"I","LOAD_EMPTY":"L","ACTION_DATE_TIME":"20210330122558","CHASSIS_INIT":"CNRZ","CHASSIS_NUMBER":731004,"PICKUP_NUMBER":"","BOOKING_NUMBER":"","REDISPLAY":"N","BAD_ORDER_CODE":"13","SEVERITY":"4","LANGUAGE_FLAG":"E","EQUIPMENT_RFID_FLAG":"N","CHASSIS_RFID_FLAG":"N","TRACTOR_RFID_FLAG":"N","ISO_CODE":"","FORCESRS":"N","NUMBER_OF_DAMAGES":2,"NUMBER_OF_ERRORS":2,"DAMAGE_DETAILS":[{"WHAT_CODE":"02","WHERE_CODE":"C","WHY_CODE":"03","RESPONSIBILITY":"9","TEXT":"DVIR - Lights"},{"WHAT_CODE":"08","WHERE_CODE":"C","WHY_CODE":"03","RESPONSIBILITY":"9","TEXT":"DVIR - Fastener"}],"ERROR_DETAILS":[{"ERROR_CODE":1810,"ERROR_DETAILS":"Chassis Broken"},{"ERROR_CODE":9087,"ERROR_DETAILS":"Locking Failed"}],"SRS_CAR_KIND":"KR7","CHASSIS_SRS_CAR_KIND":"UC7","STAY":"Y","TOFC_COFC_INDICATOR":"C","SERVICE_CODE":"25","LENGTH":53,"WEIGHT":5000,"WEIGHT_MEASURE":"L","GROSS_WEIGHT":0,"TRACTOR_WEIGHT":0,"CHAS_TARE_WEIGHT":0,"ALLOW_WEIGHT":0,"REEFER":"Y","ACTUAL_TEMP":1,"ACTUAL_TEMP_MEASURE":"C","SET_TEMP":0,"SET_TEMP_MEASURE":"","FUEL_LEVEL":0,"INTERCHANGE_FROM_SS_MARKS":"","SHIPPER":"JBHUNTTRANSP","DESTINATION":"MEMINTTERTN","SEAL_NUMBER":"TESFSD","BOLT_SEAL":"","LS_HOLD":"","HAZMAT_INDICATOR":"N","PLACARD_CODE":"","VISIT_NUMBER":"0892115104","UNUSED":"","RV_NUMBER":"RV50142221","UNUSED1":"","STEAMSHIP_MARKS":"","BOOKING_NUMBER1":"","CUSTOMER":"","BOBTAIL_EXEMPTION":"","EXCEPTION_REASON_TEXT":"","TruckDetails":{"TRUCKER_SCAC":"HJBT","TRACTOR_ID":"AMOL6","ODOMETER":0,"DRIVER_KEY":"F(]oruL@CFVY\\h.CFr3Z"},"PickupDetails":{"PU_RV_NUMBER":"","UNUSED2":"","ORIGIN_CITY_STATE":"CHIINTTERIL","PU_UNIT_INIT":"CNRU","PU_UNIT_NUMBER":725645,"CHASSIS_CAR_KIND":"","ISO_NUMBER":"","PU_CHASSIS_INIT":"","PU_CHASSIS_NUMBER":0}}}}