{"IngestionHeader":{"ING_CRT_TS":"2020-11-27T07:09:01.254Z","PRODUCT_ID":"B017","UUID":null,"FORMAT":"JSON"},"StorageCharge":{"STCH_TMSTP":"2020-11-27 08:14:22.725913","EQP_INIT":"CAIU","EQP_NUMB":"    432224","SVC_TYP_CD":"IX ","STCH_STAT_CD":"0","STN_333":"BRAINTTER","STN_ST":"ON","CUST_633":"MEDITESHIPPI","UNIT_DRMP_DT":"2020-11-27","UNIT_DRMP_TM":"01:42:30","CUST_NTFY_DT":"2020-11-27","CUST_NTFY_TM":"01:42:30","FRST_CHRG_DT":"2020-11-30","TOT_CHRG_AMT":0.00,"FUEL_RT":null,"FUEL_MEAS_CD":null,"CHRG_DYS":null,"DRY_RFR_FLG":"1","DRY_RFR_FLG_DT":"2020-11-27","FREE_DYS_ALLOC":2,"FREE_DYS_USED":null,"AMT_BAL_DUE":0.00,"UPD_ID":"STGNCALC","UPD_DT":"2020-11-27","UPD_TM":"08:14:22","CANC_USER_ID":"        ","CANC_DT":null,"CANC_TM":null,"CANC_REAS":"                                                 ","TIER1_RT":200.00,"TIER1_DY":"3","TIER2_RT":350.00,"TIER2_DY":"2","TIER3_RT":500.00,"TIER3_DY":"27","RT_BASE_PLAN":"NON-PRSH","OGAT_CSTS_INSP_DT":null,"IGAT_CSTS_INSP_DT":null,"CSTS_INSP_DY":0,"SHTL_RT":0.00,"SHTL_CHRG_IND":"N","EQP_LE_CD":"L","PAD_PLAN_IND":"Y","EVT_CD":"SP","PAD_PLAN_LOCK_DY":1,"PAD_PLAN_LOCK_TM":"12:00:00","PAD_PLAN_FREE_DY":1,"APPT_FREE_DY":null,"PAD_APPT_INCL_IND":"N","PAD_PLAN_PROC_TS":null,"PAD_PLAN_WB_ID":"1075-11-11 14:20:40.79202","IBMSNAP_OPERATION":"U","IBMSNAP_LOGMARKER":"2020-11-27 08:14:22.773936"}}
{"IngestionHeader":{"ING_CRT_TS":"2020-11-27T07:09:01.254Z","PRODUCT_ID":"B017","UUID":"8ead69cc-1619-4336-899b-2e6f5b5eb9f1","FORMAT":"JSON"},"StorageCharge":{"STCH_TMSTP":"2020-11-27 08:14:22.725913","EQP_INIT":"CAIU","EQP_NUMB":"    432224","SVC_TYP_CD":"IX ","STCH_STAT_CD":"0","STN_333":"BRAINTTER","STN_ST":"ON","CUST_633":"MEDITESHIPPI","UNIT_DRMP_DT":"2020-11-27","UNIT_DRMP_TM":"01:42:30","CUST_NTFY_DT":"2020-11-27","CUST_NTFY_TM":"01:42:30","FRST_CHRG_DT":"2020-11-30","TOT_CHRG_AMT":0.00,"FUEL_RT":null,"FUEL_MEAS_CD":null,"CHRG_DYS":null,"DRY_RFR_FLG":"1","DRY_RFR_FLG_DT":"2020-11-27","FREE_DYS_ALLOC":2,"FREE_DYS_USED":null,"AMT_BAL_DUE":0.00,"UPD_ID":"STGNCALC","UPD_DT":"2020-11-27","UPD_TM":"08:14:22","CANC_USER_ID":"        ","CANC_DT":null,"CANC_TM":null,"CANC_REAS":"                                                 ","TIER1_RT":200.00,"TIER1_DY":"3","TIER2_RT":350.00,"TIER2_DY":"2","TIER3_RT":500.00,"TIER3_DY":"27","RT_BASE_PLAN":"NON-PRSH","OGAT_CSTS_INSP_DT":null,"IGAT_CSTS_INSP_DT":null,"CSTS_INSP_DY":0,"SHTL_RT":0.00,"SHTL_CHRG_IND":"N","EQP_LE_CD":"L","PAD_PLAN_IND":"Y","EVT_CD":"SP","PAD_PLAN_LOCK_DY":1,"PAD_PLAN_LOCK_TM":"12:00:00","PAD_PLAN_FREE_DY":1,"APPT_FREE_DY":null,"PAD_APPT_INCL_IND":"N","PAD_PLAN_PROC_TS":null,"PAD_PLAN_WB_ID":"1075-11-11 14:20:40.79202","IBMSNAP_OPERATION":"U","IBMSNAP_LOGMARKER":"2020-11-27 08:14:22.773936"}}