{"IngestionHeader":{"ING_CRT_TS":"2021-03-12T15:19:01.261Z","PRODUCT_ID":"TA108","UUID":null,"FORMAT":"JSON"},"CarContainer":{"CTNR_NBR":"    679420","IBMSNAP_OPERATION":"U","CTNR_CAR_KIND":"KC7 ","CAR_INIT":"DTTX","CTNR_INIT":"PLHU","IBMSNAP_LOGMARKER":"2021-03-12 10:18:21.812261","PLTFM_POS_CD":"T","PLTFM_CD":"C","IBMSNAP_INTENTSEQ":"00d9668b1d83a3c60a00000000000001","CTNR_SEQ_NBR":"  6","IBMSNAP_COMMITSEQ":"00d9668b1d94e2520200000000000001","CAR_NBR":"    885043"}}
{"IngestionHeader":{"ING_CRT_TS":"2021-03-12T15:19:01.261Z","PRODUCT_ID":"TA108","UUID":"e52bb71e-9aa8-4845-81c4-51c6a7adeacc","FORMAT":"JSON"},"CarContainer":{"CTNR_NBR":"    679420","IBMSNAP_OPERATION":"U","CTNR_CAR_KIND":"KC7 ","CAR_INIT":"DTTX","CTNR_INIT":"PLHU","IBMSNAP_LOGMARKER":"2021-03-12 10:18:21.812261","PLTFM_POS_CD":"T","PLTFM_CD":"C","IBMSNAP_INTENTSEQ":"00d9668b1d83a3c60a00000000000001","CTNR_SEQ_NBR":"  6","IBMSNAP_COMMITSEQ":"00d9668b1d94e2520200000000000001","CAR_NBR":"    885043"}