{"IngestionHeader":{"ING_CRT_TS":"2021-02-10T21:45:03.512Z","PRODUCT_ID":"A195","UUID":null,"FORMAT":"JSON"},"IntermodalBadOrder":{"LATA":"        ","IBMSNAP_OPERATION":"I","IBMSNAP_LOGMARKER":"2021-02-10 16:37:23.177415","USER_ID":"        ","CANC_USER_ID":"        ","RPR_PGM_DT":null,"CYCL_ID":"1774-02-10 16:37:20.402021","RPR_USER_ID":"        ","PRNTD_FLG":" ","RPR_STN_333":"         ","CANC_USER_NME":"            ","CANC_REAS":"                                                 ","CANC_LATA":"        ","EQP_INIT":"LPTZ","USER_NME":"IMS PRODUCTION ID   ","PGM_DT":"2021-02-10","CANC_DT":null,"RESP_ROAD_ABBR":"    ","EVT_DT":"2021-02-10","IBMSNAP_COMMITSEQ":"00d94127e19bfc7e1000000000000001","PGM_TM":"16:37:22","CANC_TM":null,"RPR_CYCL_ID":null,"STN_ST":"IL","EQP_NUMB":"    222333","WB_VRSN":"1","RPR_EVT_DT":null,"IBMSNAP_INTENTSEQ":"00d94127e158b3c2d600000000000001","RPR_WB_VRSN":"0","RPR_REAS":"                                                            ","STN_333":"CHIINTTER","EVT_TM":"15:38:18","BO_CD":"53","RPR_EVT_TM":null,"BO_REAS":"DVIR-LIGHTS BROKEN                                          ","RPR_USER_NME":"                    ","INV_STAT_CD":"  ","RPR_PGM_TM":null,"EVT_ACCT_CD":"4","CAR_KND_ABBR":"U","WB_ID":"7663-02-10 16:37:20.232021","EVST_CD":"  ","RPR_WB_ID":null,"RPR_LATA":"        ","GRP_USER_ID":"PRODIMS ","CANC_GRP_USER":"        ","EVT_CD":"  ","RPR_USER_GRP":"        ","RPR_STN_ST":"  "}}
{"IngestionHeader":{"ING_CRT_TS":"2021-02-10T21:45:03.512Z","PRODUCT_ID":"A195","UUID":"ee9e5b6f-e7d7-4a43-be08-ac38191c232c","FORMAT":"JSON"},"IntermodalBadOrder":{"LATA":"        ","IBMSNAP_OPERATION":"I","IBMSNAP_LOGMARKER":"2021-02-10 16:37:23.177415","USER_ID":"        ","CANC_USER_ID":"        ","RPR_PGM_DT":null,"CYCL_ID":"1774-02-10 16:37:20.402021","RPR_USER_ID":"        ","PRNTD_FLG":" ","RPR_STN_333":"         ","CANC_USER_NME":"            ","CANC_REAS":"                                                 ","CANC_LATA":"        ","EQP_INIT":"LPTZ","USER_NME":"IMS PRODUCTION ID   ","PGM_DT":"2021-02-10","CANC_DT":"2021-02-10T21:45:03.512Z","RESP_ROAD_ABBR":"    ","EVT_DT":"2021-02-10","IBMSNAP_COMMITSEQ":"00d94127e19bfc7e1000000000000001","PGM_TM":"16:37:22","CANC_TM":null,"RPR_CYCL_ID":null,"STN_ST":"IL","EQP_NUMB":"    222333","WB_VRSN":"1","RPR_EVT_DT":"2021-02-10T21:45:03.512Z","IBMSNAP_INTENTSEQ":"00d94127e158b3c2d600000000000001","RPR_WB_VRSN":"0","RPR_REAS":"                                                            ","STN_333":"CHIINTTER","EVT_TM":"15:38:18","BO_CD":"53","RPR_EVT_TM":null,"BO_REAS":"DVIR-LIGHTS BROKEN                                          ","RPR_USER_NME":"                    ","INV_STAT_CD":"  ","RPR_PGM_TM":null,"EVT_ACCT_CD":"4","CAR_KND_ABBR":"U","WB_ID":"7663-02-10 16:37:20.232021","EVST_CD":"  ","RPR_WB_ID":null,"RPR_LATA":"        ","GRP_USER_ID":"PRODIMS ","CANC_GRP_USER":"        ","EVT_CD":"  ","RPR_USER_GRP":"        ","RPR_STN_ST":"  "}}
{"IngestionHeader":{"ING_CRT_TS":"2021-02-10T21:45:03.512Z","PRODUCT_ID":"A195","UUID":"ee9e5b6f-e7d7-4a43-be08-ac38191c232c","FORMAT":"JSON"},"IntermodalBadOrder":{"LATA":"        ","IBMSNAP_OPERATION":"I","IBMSNAP_LOGMARKER":"2021-02-10 16:37:23.177415","USER_ID":"        ","CANC_USER_ID":"        ","RPR_PGM_DT":null,"CYCL_ID":"1774-02-10 16:37:20.402021","RPR_USER_ID":"        ","PRNTD_FLG":" ","RPR_STN_333":"         ","CANC_USER_NME":"            ","CANC_REAS":"                                                 ","CANC_LATA":"        ","EQP_INIT":"LPTZ","USER_NME":"IMS PRODUCTION ID   ","PGM_DT":"2021-02-10","CANC_DT":null,"RESP_ROAD_ABBR":"    ","EVT_DT":"2021-02-10","IBMSNAP_COMMITSEQ":"00d94127e19bfc7e1000000000000001","PGM_TM":"16:37:22","CANC_TM":null,"RPR_CYCL_ID":null,"STN_ST":"IL","EQP_NUMB":"    222333","WB_VRSN":"1","RPR_EVT_DT":null,"IBMSNAP_INTENTSEQ":"00d94127e158b3c2d600000000000001","RPR_WB_VRSN":"0","RPR_REAS":"                                                            ","STN_333":"CHIINTTER","EVT_TM":"15:38:18","BO_CD":"53","RPR_EVT_TM":null,"BO_REAS":"DVIR-LIGHTS BROKEN                                          ","RPR_USER_NME":"                    ","INV_STAT_CD":"  ","RPR_PGM_TM":null,"EVT_ACCT_CD":"4","CAR_KND_ABBR":"U","WB_ID":"7663-02-10 16:37:20.232021","EVST_CD":"  ","RPR_WB_ID":null,"RPR_LATA":"        ","GRP_USER_ID":"PRODIMS ","CANC_GRP_USER":"        ","EVT_CD":"  ","RPR_USER_GRP":"        ","RPR_STN_ST":"  "}}