{"EventHeader":{"CRT_TS":"2021-04-09T12:37:16.8950000Z","PRODUCT_ID":"IPROFacade","UUID":null,"FORMAT":"JSON"},"UnitMovePlan":{"SentTimestampUtc":"2021-04-09T12:37:16Z","TerminalID":"MALPORTON","FromMode":"R","ToMode":"Y","MoveAction":"Delete","EventDateTime":"2021-04-09T12:37:16.8080469Z","UnitInit":"","UnitNumber":0,"ChassisInit":"PLHU","ChassisNumber":101334},"FromLocation":{"LotTrackID":null,"RailcarInit":"DTTX","RailcarNumber":620552,"HitchPosition1":"B","HitchPosition2":"T","HitchPosition3":"1","Row":null,"Spot":null,"TruckerSCAC":null,"TruckerSCACNumber":null},"ToLocation":{"LotTrackID":"3G","LocationType":"","TrainID":"","TrainDay":"","YardBlock":"BITDO","RailcarInit":null,"RailcarNumber":null,"HitchPosition1":null,"HitchPosition2":null,"HitchPosition3":null,"Row":"12","Spot":"3","TruckerSCAC":null,"TruckerSCACNumber":null}}
{"EventHeader":{"CRT_TS":"2021-04-09T12:37:16.8950000Z","PRODUCT_ID":"IPROFacade","UUID":"0QRAR2400000AO0WD6V2X1IUZY9C","FORMAT":"JSON"},"UnitMovePlan":{"SentTimestampUtc":"2021-04-09T12:37:16Z","TerminalID":"MALPORTON","FromMode":"R","ToMode":"Y","MoveAction":"Delete","EventDateTime":"2021-04-09T12:37:16.8080469Z","UnitInit":"","UnitNumber":0,"ChassisInit":"PLHU","ChassisNumber":101334},"FromLocation":{"LotTrackID":null,"RailcarInit":"DTTX","RailcarNumber":620552,"HitchPosition1":"B","HitchPosition2":"T","HitchPosition3":"1","Row":null,"Spot":null,"TruckerSCAC":null,"TruckerSCACNumber":null},"ToLocation":{"LotTrackID":"3G","LocationType":"","TrainID":"","TrainDay":"","YardBlock":"BITDO","RailcarInit":null,"RailcarNumber":null,"HitchPosition1":null,"HitchPosition2":null,"HitchPosition3":null,"Row":"12","Spot":"3","TruckerSCAC":null,"TruckerSCACNumber":null}}
{"EventHeader":{"CRT_TS":"2021-04-09T12:37:16.8950000Z","PRODUCT_ID":"IPROFacade","UUID":"0QRAR2400000AO0WD6V2X1IUZY9C","FORMAT":"JSON"},"UnitMovePlan":{"SentTimestampUtc":"2021-04-09T12:37:16Z","TerminalID":"MALPORTON","FromMode":"R","ToMode":"Y","MoveAction":"Delete","EventDateTime":"2021-04-09T12:37:16.8080469Z","UnitInit":"PLHU","UnitNumber":101334,"ChassisInit":"","ChassisNumber":null},"FromLocation":{"LotTrackID":null,"RailcarInit":"DTTX","RailcarNumber":620552,"HitchPosition1":"B","HitchPosition2":"T","HitchPosition3":"1","Row":null,"Spot":null,"TruckerSCAC":null,"TruckerSCACNumber":null},"ToLocation":{"LotTrackID":"3G","LocationType":"","TrainID":"","TrainDay":"","YardBlock":"BITDO","RailcarInit":null,"RailcarNumber":null,"HitchPosition1":null,"HitchPosition2":null,"HitchPosition3":null,"Row":"12","Spot":"3","TruckerSCAC":null,"TruckerSCACNumber":null}}
{"EventHeader":{"CRT_TS":"2021-04-09T12:37:16.8950000Z","PRODUCT_ID":"IPROFacade","UUID":"0QRAR2400000AO0WD6V2X1IUZY9C","FORMAT":"JSON"},"UnitMovePlan":{"SentTimestampUtc":"2021-04-09T12:37:16Z","TerminalID":"MALPORTON","FromMode":"R","ToMode":"Y","MoveAction":"Delete","EventDateTime":"2021-04-09T12:37:16.8080469Z","UnitInit":"PLHU","UnitNumber":101334,"ChassisInit":"PLHU","ChassisNumber":101334},"FromLocation":{"LotTrackID":null,"RailcarInit":"DTTX","RailcarNumber":620552,"HitchPosition1":"B","HitchPosition2":"T","HitchPosition3":"1","Row":null,"Spot":null,"TruckerSCAC":null,"TruckerSCACNumber":null},"ToLocation":{"LotTrackID":"3G","LocationType":"","TrainID":"","TrainDay":"","YardBlock":"BITDO","RailcarInit":null,"RailcarNumber":null,"HitchPosition1":null,"HitchPosition2":null,"HitchPosition3":null,"Row":"12","Spot":"3","TruckerSCAC":null,"TruckerSCACNumber":null}}