{"DomainEventHeader":{"SOR_INGT_CRT_TS":"2020-03-13 10:40:51.805246","SOR_READ_TS":"2021-01-29 10:48:52.009","DE_CRT_TS":"2021-01-29 10:49:02","SOR_TPIC_NM":"reg.transportation.station-master.raw.v1","DE_META":""},"LocationConditionCreated":{"Domain_Event_Type_Key":"e3b61a2ebf5b23ed3fd8ff58d88a71874f646ec36a6e49d48b10b0c9e3100d05","Location_Key":"dd44770440cf7554a87c5f66afaaaeafa12a11ecae95568953bec70641cc6513","ConditionCharacteristics":[{"Condition_Characteristic_Key":"4a4d3bbd406b0ec857bfdeccc2cf6dd035cd98070cb5b639acbf1d87e5e170f1","Characteristic_Type_Key":"507c151192205a8a1f991beda19bcbdbc613f5f81652bac1536f8a39d275791d","Characteristic_Value":"19971207"},{"Condition_Characteristic_Key":"3a4f1344f1b45bdfe23ced67d1d8034630f9a07c9a7141dd0c3b6976265ffbe0","Characteristic_Type_Key":"a81a7bb99afc4e23aef8fb2c7192c65ad501d5c7bf5b99bc3bffe46bcbfe5b96","Characteristic_Value":"20991231"}],"Domain_Event_Key":"47fabc6f636d9984c211e87a85eb89ccd6c19e646cf396c88fe52bac8ccd265d","Correlation_Id":"08a46b91-40a8-4c2f-90bc-355a5ca00b62","Client_Identification":"PRODCREF","System_Key":"5d9ce7f4fe098dab1884bba69c3b808278fb8b421dff7b950899c8ed2a3eceef","Proc_Ts":"2020-03-13 10:40:51.805246","Proc_Ts_Tz_Dst_Cd":"100","Event_Ts":"2014-08-21 04:06:59.000","Event_Ts_Tz_Dst_Cd":"105"}}
{"DomainEventHeader":{"SOR_INGT_CRT_TS":"2020-03-13 10:40:51.805246","SOR_READ_TS":"2021-01-29 10:48:52.009","DE_CRT_TS":"2021-01-29 10:49:02","SOR_TPIC_NM":"reg.transportation.station-master.raw.v1","DE_META":""},"LocationConditionCreated":{"Domain_Event_Type_Key":"e3b61a2ebf5b23ed3fd8ff58d88a71874f646ec36a6e49d48b10b0c9e3100d05","Location_Key":"dd44770440cf7554a87c5f66afaaaeafa12a11ecae95568953bec70641cc6513","ConditionCharacteristics":[{"Condition_Characteristic_Key":"4a4d3bbd406b0ec857bfdeccc2cf6dd035cd98070cb5b639acbf1d87e5e170f1","Characteristic_Type_Key":"507c151192205a8a1f991beda19bcbdbc613f5f81652bac1536f8a39d275791d","Characteristic_Value":"19971207"},{"Condition_Characteristic_Key":"3a4f1344f1b45bdfe23ced67d1d8034630f9a07c9a7141dd0c3b6976265ffbe0","Characteristic_Type_Key":"a81a7bb99afc4e23aef8fb2c7192c65ad501d5c7bf5b99bc3bffe46bcbfe5b96","Characteristic_Value":"20991231"}],"Domain_Event_Key":"47fabc6f636d9984c211e87a85eb89ccd6c19e646cf396c88fe52bac8ccd265d","Correlation_Id":"08a46b91-40a8-4c2f-90bc-355a5ca00b62","Client_Identification":"PRODCREF","System_Key":"5d9ce7f4fe098dab1884bba69c3b808278fb8b421dff7b950899c8ed2a3eceef","Proc_Ts":"2020-03-13 10:40:51.805246","Proc_Ts_Tz_Dst_Cd":"100","Event_Ts":"2014-08-21 04:06:59.000","Event_Ts_Tz_Dst_Cd":"105"}}