{"DomainEventHeader":{"SOR_INGT_CRT_TS":"2021-02-21 08:00:09.119000","SOR_READ_TS":"2021-02-21 23:36:21.112","DE_CRT_TS":"2021-02-21 23:38:02","SOR_TPIC_NM":"reg.tm.raw.carrFgnStn.v1","DE_META":""},"LocationCreated":{"Domain_Event_Type_Key":"e3b61a2ebf5b23ed3fd8ff58d88a71874f646ec36a6e49d48b10b0c9e3100d05","Location_Key":"92e2bc2501c1b3735b1fd98a43b54afdc488e827afab26fdfffb8b36d59ca4cc","Location_Type_Key":"3243be7c53d81a4ed2e0224d66e8452715f18aaefb95df70de85575b6b070306","Identification_Type_Key":"1db4fbc26159da59569835df63f77bfa1dc6db646f2a649d119d8bd4ddbf8caa","Identification_Value":"CSXT78107","Domain_Event_Key":"012715f76e25a67d4f5faaf4fe2b476852c49c9c2d79ae2d17094c28a65b86b7","Correlation_Id":"cfbb2542-d905-4112-bce9-d8c011461712","Client_Identification":"PRODCREF","System_Key":"5d9ce7f4fe098dab1884bba69c3b808278fb8b421dff7b950899c8ed2a3eceef","Proc_Ts":"2021-02-21 08:00:09.119000","Proc_Ts_Tz_Dst_Cd":"100","Event_Ts":"2006-10-28 04:07:30.000","Event_Ts_Tz_Dst_Cd":"105"}}
{"DomainEventHeader":{"SOR_INGT_CRT_TS":"2021-02-21 08:00:09.119000","SOR_READ_TS":"2021-02-21 23:36:21.112","DE_CRT_TS":"2021-02-21 23:38:02","SOR_TPIC_NM":"reg.tm.raw.carrFgnStn.v1","DE_META":""},"LocationCreated":{"Domain_Event_Type_Key":"e3b61a2ebf5b23ed3fd8ff58d88a71874f646ec36a6e49d48b10b0c9e3100d05","Location_Key":"92e2bc2501c1b3735b1fd98a43b54afdc488e827afab26fdfffb8b36d59ca4cc","Location_Type_Key":"3243be7c53d81a4ed2e0224d66e8452715f18aaefb95df70de85575b6b070306","Identification_Type_Key":"1db4fbc26159da59569835df63f77bfa1dc6db646f2a649d119d8bd4ddbf8caa","Identification_Value":"CSXT78107","Domain_Event_Key":"012715f76e25a67d4f5faaf4fe2b476852c49c9c2d79ae2d17094c28a65b86b7","Correlation_Id":"cfbb2542-d905-4112-bce9-d8c011461712","Client_Identification":"PRODCREF","System_Key":"5d9ce7f4fe098dab1884bba69c3b808278fb8b421dff7b950899c8ed2a3eceef","Proc_Ts":"2021-02-21 08:00:09.119000","Proc_Ts_Tz_Dst_Cd":"100","Event_Ts":"2006-10-28 04:07:30.000","Event_Ts_Tz_Dst_Cd":"105"}}