{"IngestionHeader":{"ING_CRT_TS":"2020-09-23 12:42:46.191246","PRODUCT_ID":"A107","UUID":null,"FORMAT":"JSON"},"LocomotiveInventory":{"LOCO_INIT":"NS","LOCO_NUMB":"3322","CAR_LOC_CD":"O","LOCO_OP_CD":"LN","STN_333":"AIRLINJCT","STN_ST":"OH","TRN_TYPE":"I","TRN_SECT":"1","TRN_SYM":"NS","TRN_DAY":"22","TRN_SEQ_NUMB":"208","WB_ID":"9569-09-22-11.06.04.882020","WB_VRSN":"0","ARR_333":"VANTHOYAR","ARR_ST":"BC","ASGN_TRN_TYPE":"","ASGN_TRN_DAY":"","ASGN_TRN_SECT":"","ASGN_TRN_SYM":"","LOCO_AXLE_CNT":"6","DYN_BRK_RNG_CD":"E","BRK_SYS":"F","EVT_CD":"PC","EVST_CD":"CH","LOG_COUNTER":"1","LOCO_HP":"3000","LOCO_MFR_MODL":"SD40-2","EFFIC_FTR":"0.00","LOCO_UNT_WGHT":"390","OS_LGTH_FT":"69","MAINT_CONTR_ID":"LN","FGN_SYS_CD":"F","LOCO_RCE_CD":"","LOCO_CAB_CD":"","LOCO_BSTR_FLG":"N","LOCO_ETD_FLG":"","LOCO_DFCT_LVL":"","LOCO_AVL_HP":"3000","LOCO_JCD":"","STD_JCD_DESC":"L","DFCT_DT":"NULL","DFCT_TM":"NULL","LOCO_DFCT_LOC":"","LOCO_SPD_RESTR":"65","LOCO_SHOP_FLG":"N","LOCO_LEAD_FLG":"","LOCO_DIR_CD":"U","RPOS_LOCO_CD":"","RPOS_FR_333":"","RPOS_FR_ST":"","RPOS_TO_333":"","RPOS_TO_ST":"","RPOS_DT":"NULL","RPOS_TM":"NULL","PGM_NME":"LOCPI611","ARR_DT":"2020-01-28","STN_SEQ_NBR":"40","COMMENT":"Loco changed by WC-Cutin","OP_RAJP":"CSXT","RPOS_FR_SQN":"0","RPOS_TO_SQN":"0","ARR_SEQ_NBR":"90","DIR_FACING":"B","STNUM_SETOFF":"064830","ORIG_333":"TORMACYAR","ORIG_ST":"ON","EVT_DT":"2020-01-28","EVT_TM":"10:15:00","DIST_MNTN":"3","DSGT_LOCO_IND":"N","LOCL_RESP_IND":"N","MNTC_CNTR":"UN","FUEL_LOC_STN_ABBR":"MACYD","FUEL_DT":"-1","FUEL_TM":"13:46:00","LOCO_FUEL_QTY_CD":"FX","ACT_IND":"Y","ASGN_CD":"R","FUEL_VOL":"2400","FUEL_UNIT":"U","EST_RLSE_DT":"2020-01-29","EST_RLSE_TM":"21:00:00","HI_PRTY_NOTF":"LO09","FRA_IND":"Y","PTC_EQP_IND":"Y","PTC_MSSN_CPBY_IND":"Y","FREE_RUN_IND":"N","PTC_IN_SERV_IND":"N","IBMSNAP_COMMITSEQ":"00d88f9ebe22cbfcc600000000000001","IBMSNAP_INTENTSEQ":"00d88f9ebdf0c5843000000000000001","IBMSNAP_LOGMARKER":"2020-09-22 12:41:22.941119","IBMSNAP_OPERATION":"I"}}
{"IngestionHeader":{"ING_CRT_TS":"2020-09-23 12:42:46.191246","PRODUCT_ID":"A107","UUID":"123e4567-e89b-12d3-a456-556642440000","FORMAT":"JSON"},"LocomotiveInventory":{"LOCO_INIT":"NS","LOCO_NUMB":"3322","CAR_LOC_CD":"O","LOCO_OP_CD":"LN","STN_333":"AIRLINJCT","STN_ST":"OH","TRN_TYPE":"I","TRN_SECT":"1","TRN_SYM":"NS","TRN_DAY":"22","TRN_SEQ_NUMB":"208","WB_ID":"9569-09-22-11.06.04.882020","WB_VRSN":"0","ARR_333":"VANTHOYAR","ARR_ST":"BC","ASGN_TRN_TYPE":"","ASGN_TRN_DAY":"","ASGN_TRN_SECT":"","ASGN_TRN_SYM":"","LOCO_AXLE_CNT":"6","DYN_BRK_RNG_CD":"E","BRK_SYS":"F","EVT_CD":"PC","EVST_CD":"CH","LOG_COUNTER":"1","LOCO_HP":"3000","LOCO_MFR_MODL":"SD40-2","EFFIC_FTR":"0.00","LOCO_UNT_WGHT":"390","OS_LGTH_FT":"69","MAINT_CONTR_ID":"LN","FGN_SYS_CD":"F","LOCO_RCE_CD":"","LOCO_CAB_CD":"","LOCO_BSTR_FLG":"N","LOCO_ETD_FLG":"","LOCO_DFCT_LVL":"","LOCO_AVL_HP":"3000","LOCO_JCD":"","STD_JCD_DESC":"L","DFCT_DT":"NULL","DFCT_TM":"NULL","LOCO_DFCT_LOC":"","LOCO_SPD_RESTR":"65","LOCO_SHOP_FLG":"N","LOCO_LEAD_FLG":"","LOCO_DIR_CD":"U","RPOS_LOCO_CD":"","RPOS_FR_333":"","RPOS_FR_ST":"","RPOS_TO_333":"","RPOS_TO_ST":"","RPOS_DT":"NULL","RPOS_TM":"NULL","PGM_NME":"LOCPI611","ARR_DT":"2020-01-28","STN_SEQ_NBR":"40","COMMENT":"Loco changed by WC-Cutin","OP_RAJP":"CSXT","RPOS_FR_SQN":"0","RPOS_TO_SQN":"0","ARR_SEQ_NBR":"90","DIR_FACING":"B","STNUM_SETOFF":"064830","ORIG_333":"TORMACYAR","ORIG_ST":"ON","EVT_DT":"2020-01-28","EVT_TM":"10:15:00","DIST_MNTN":"3","DSGT_LOCO_IND":"N","LOCL_RESP_IND":"N","MNTC_CNTR":"UN","FUEL_LOC_STN_ABBR":"MACYD","FUEL_DT":"-1","FUEL_TM":"13:46:00","LOCO_FUEL_QTY_CD":"FX","ACT_IND":"Y","ASGN_CD":"R","FUEL_VOL":"2400","FUEL_UNIT":"U","EST_RLSE_DT":"2020-01-29","EST_RLSE_TM":"21:00:00","HI_PRTY_NOTF":"LO09","FRA_IND":"Y","PTC_EQP_IND":"Y","PTC_MSSN_CPBY_IND":"Y","FREE_RUN_IND":"N","PTC_IN_SERV_IND":"N","IBMSNAP_COMMITSEQ":"00d88f9ebe22cbfcc600000000000001","IBMSNAP_INTENTSEQ":"00d88f9ebdf0c5843000000000000001","IBMSNAP_LOGMARKER":"2020-09-22 12:41:22.941119","IBMSNAP_OPERATION":"I"}}
{"IngestionHeader":{"ING_CRT_TS":"2020-09-23 12:42:46.191246","PRODUCT_ID":"A107","UUID":"123e4567-e89b-12d3-a456-556642440000","FORMAT":"JSON"},"LocomotiveInventory":{"LOCO_INIT":"NS","LOCO_NUMB":"3322","CAR_LOC_CD":"O","LOCO_OP_CD":"LN","STN_333":"AIRLINJCT","STN_ST":"OH","TRN_TYPE":"I","TRN_SECT":"1","TRN_SYM":"NS","TRN_DAY":"22","TRN_SEQ_NUMB":"208","WB_ID":"9569-09-22-11.06.04.882020","WB_VRSN":"0","ARR_333":"VANTHOYAR","ARR_ST":"BC","ASGN_TRN_TYPE":"","ASGN_TRN_DAY":"","ASGN_TRN_SECT":"","ASGN_TRN_SYM":"","LOCO_AXLE_CNT":"6","DYN_BRK_RNG_CD":"E","BRK_SYS":"F","EVT_CD":"PC","EVST_CD":"CH","LOG_COUNTER":"1","LOCO_HP":"3000","LOCO_MFR_MODL":"SD40-2","EFFIC_FTR":"0.00","LOCO_UNT_WGHT":"390","OS_LGTH_FT":"69","MAINT_CONTR_ID":"LN","FGN_SYS_CD":"F","LOCO_RCE_CD":"","LOCO_CAB_CD":"","LOCO_BSTR_FLG":"N","LOCO_ETD_FLG":"","LOCO_DFCT_LVL":"","LOCO_AVL_HP":"3000","LOCO_JCD":"","STD_JCD_DESC":"L","DFCT_DT":"NULL","DFCT_TM":"NULL","LOCO_DFCT_LOC":"","LOCO_SPD_RESTR":"65","LOCO_SHOP_FLG":"N","LOCO_LEAD_FLG":"","LOCO_DIR_CD":"U","RPOS_LOCO_CD":"","RPOS_FR_333":"","RPOS_FR_ST":"","RPOS_TO_333":"","RPOS_TO_ST":"","RPOS_DT":"NULL","RPOS_TM":"NULL","PGM_NME":"LOCPI611","ARR_DT":"2020-01-28","STN_SEQ_NBR":"40","COMMENT":"Loco changed by WC-Cutin","OP_RAJP":"CSXT","RPOS_FR_SQN":"0","RPOS_TO_SQN":"0","ARR_SEQ_NBR":"90","DIR_FACING":"B","STNUM_SETOFF":"064830","ORIG_333":"TORMACYAR","ORIG_ST":"ON","EVT_DT":"2020-01-28","EVT_TM":"10:15:00","DIST_MNTN":"3","DSGT_LOCO_IND":"N","LOCL_RESP_IND":"N","MNTC_CNTR":"UN","FUEL_LOC_STN_ABBR":"MACYD","FUEL_DT":"-1","FUEL_TM":"13:46:00","LOCO_FUEL_QTY_CD":"FX","ACT_IND":"Y","ASGN_CD":"R","FUEL_VOL":"2400","FUEL_UNIT":"U","EST_RLSE_DT":"2020-01-29","EST_RLSE_TM":"21:00:00","HI_PRTY_NOTF":"LO09","FRA_IND":"Y","PTC_EQP_IND":"Y","PTC_MSSN_CPBY_IND":"Y","FREE_RUN_IND":"N","PTC_IN_SERV_IND":"N","IBMSNAP_COMMITSEQ":"00d88f9ebe22cbfcc600000000000001","IBMSNAP_INTENTSEQ":"00d88f9ebdf0c5843000000000000001","IBMSNAP_LOGMARKER":"2020-09-22 12:41:22.941119","IBMSNAP_OPERATION":"D"}}