{"IngestionHeader":{"ING_CRT_TS":"2020-08-21T07:08:05.254Z","PRODUCT_ID":"A234","UUID":"8ead69cc-1619-4336-899b-2e6f5b5eb9f1","FORMAT":"JSON"},"LocoPosition":{"HEADER":{"LOCOID":"CN2128","EVENTTIMESTAMP":"2020-09-23T14:45:53.000-04:00","TIMEZONECODE":"107","GEOMETRY":"-88.2183274840914,43.0281693349193"},"PAYLOAD":{"SOURCEID":"WiTronix","POSITIONQUALIFIER":"At","STATIONKEY":"61609","SUBDIVISIONKEY":"435","MILEPOINT":"99.01","ALTITUDE":"820.0","ALTITUDEUNITS":"FT","LOCATIONNAMESOURCE":"CN","STATION":"WAUKESHA","SUBDIVISION":"WAUKESHA","MILEPOINTNAME":"99.01","REGIONID":"1","SUBREGIONID":"08","DIVISIONID":"83","CLUSTERSLIST":"795908,796014,795999","TOKEN":"00000000000000006fd931fafdcd11ea986ca573219b0000"}}}
{"IngestionHeader":{"ING_CRT_TS":"2020-08-21T07:08:05.254Z","PRODUCT_ID":"A234","UUID":"8ead69cc-1619-4336-899b-2e6f5b5eb9f1","FORMAT":"JSON"},"LocoPosition":{"HEADER":{"LOCOID":"CN2128","EVENTTIMESTAMP":"2020-09-23T14:45:53.000-04:00","TIMEZONECODE":"107","GEOMETRY":"-88.2183274840914,43.0281693349193"},"PAYLOAD":{"SOURCEID":"","POSITIONQUALIFIER":"At","STATIONKEY":"61609","SUBDIVISIONKEY":"435","MILEPOINT":"99.01","ALTITUDE":"820.0","ALTITUDEUNITS":"FT","LOCATIONNAMESOURCE":"CN","STATION":"WAUKESHA","SUBDIVISION":"WAUKESHA","MILEPOINTNAME":"99.01","REGIONID":"1","SUBREGIONID":"08","DIVISIONID":"83","CLUSTERSLIST":"795908,796014,795999","TOKEN":"00000000000000006fd931fafdcd11ea986ca573219b0000"}}}
{"IngestionHeader":{"ING_CRT_TS":"2020-08-21T07:08:05.254Z","PRODUCT_ID":"A234","UUID":null,"FORMAT":"JSON"},"LocoPosition":{"HEADER":{"LOCOID":"CN2128","EVENTTIMESTAMP":"2020-09-23T14:45:53.000-04:00","TIMEZONECODE":"107","GEOMETRY":"-88.2183274840914,43.0281693349193"},"PAYLOAD":{"SOURCEID":"","POSITIONQUALIFIER":"At","STATIONKEY":"61609","SUBDIVISIONKEY":"435","MILEPOINT":"99.01","ALTITUDE":"820.0","ALTITUDEUNITS":"FT","LOCATIONNAMESOURCE":"CN","STATION":"WAUKESHA","SUBDIVISION":"WAUKESHA","MILEPOINTNAME":"99.01","REGIONID":"1","SUBREGIONID":"08","DIVISIONID":"83","CLUSTERSLIST":"795908,796014,795999","TOKEN":"00000000000000006fd931fafdcd11ea986ca573219b0000"}}}