{"IngestionHeader":{"ING_CRT_TS":"2020-08-04T12:38:00.480Z","PRODUCT_ID":"A195","UUID":null,"FORMAT":"JSON"},"MotorCarrier":{"MTY_OG_LD_IG":"0","TRKR_IC_ABBR":"AAAE ","IBMSNAP_OPERATION":"U","LD_OG_MTY_IG":"0","AGRM_EFFECT_DT":"20011211","IBMSNAP_LOGMARKER":"2020-08-04 08:05:49.190308","AGRM_EXPIRE_DT":"20990101","LD_OG_LD_IG":"0","TRKR_TIER2_DY":"0","IBMSNAP_INTENTSEQ":"00d851c5c2b74261c400000000000001","AGRM_CREATE_DT":"        ","STN_333":"         ","TEL_EXT":"    ","LD_OG_PNLT":"0","EXCP_RATE_FLG":" ","LUSED_CONTR_DT":"            ","TRKR_TYP_CONTR":"    ","TRKR_TIER2_RT":"0.00","NOTE_CODE":" ","TEL_NUMB":"    ","EQP_INIT":"    ","MTY_OG_MTY_IG":"0","TRKR_TIER3_DY":"0","CARR_ABBR":"    ","TRKR_TIER1_DY":"0","IBMSNAP_COMMITSEQ":"00d851c5c2bc8a4dc400000000000001","TRKR_633":"AAPRODUCE   ","MTY_OG_PNLT":"0","PTRN_CD":"          ","STN_ST":"  ","TRKR_TIER1_RT":"0.00","CONTR_SUSP_DT":"        ","TEL_ACD":"   ","EQP_NUMB":"          ","TRKR_AVG_AGRM":" ","TRKR_TIER3_RT":"0.00","TRKR_STS_RT":"0.00"}}
{"IngestionHeader":{"ING_CRT_TS":"2020-08-04T12:38:00.480Z","PRODUCT_ID":"A195","UUID":"4f209e5c-743b-483f-98c8-d3dac375d6ab","FORMAT":"JSON"},"MotorCarrier":{"MTY_OG_LD_IG":"0","TRKR_IC_ABBR":"AAAE ","IBMSNAP_OPERATION":"U","LD_OG_MTY_IG":"0","AGRM_EFFECT_DT":"20011211","IBMSNAP_LOGMARKER":"2020-08-04 08:05:49.190308","AGRM_EXPIRE_DT":"20990101","LD_OG_LD_IG":"0","TRKR_TIER2_DY":"0","IBMSNAP_INTENTSEQ":"00d851c5c2b74261c400000000000001","AGRM_CREATE_DT":"        ","STN_333":"         ","TEL_EXT":"    ","LD_OG_PNLT":"0","EXCP_RATE_FLG":" ","LUSED_CONTR_DT":"            ","TRKR_TYP_CONTR":"    ","TRKR_TIER2_RT":"0.00","NOTE_CODE":" ","TEL_NUMB":"    ","EQP_INIT":"    ","MTY_OG_MTY_IG":"0","TRKR_TIER3_DY":"0","CARR_ABBR":"    ","TRKR_TIER1_DY":"0","IBMSNAP_COMMITSEQ":"00d851c5c2bc8a4dc400000000000001","TRKR_633":"AAPRODUCE   ","MTY_OG_PNLT":"0","PTRN_CD":"          ","STN_ST":"  ","TRKR_TIER1_RT":"0.00","CONTR_SUSP_DT":"        ","TEL_ACD":"   ","EQP_NUMB":"          ","TRKR_AVG_AGRM":" ","TRKR_TIER3_RT":"0.00","TRKR_STS_RT":"0.00"}