{"DomainEventHeader":{"SOR_INGT_CRT_TS":"2020-05-05T02:32:55.535-04:00","SOR_READ_TS":"2020-05-12 21:29:19.185","DE_CRT_TS":"2020-05-12 21:29:56","SOR_TPIC_NM":"reg.tm.raw.srs.trnScheduleActive.v2","DE_META":""},"PlannedEventDescribed":{"Primary_Object_Key":"43e02a4a6633033e3c00bd75804cc33d9f2d3a596252657630f26aac4c7b926b","Domain_Event_Type_Key":"e3b61a2ebf5b23ed3fd8ff58d88a71874f646ec36a6e49d48b10b0c9e3100d05","Planned_Event_Key":"b95b3b3523455f06eb133934b34d84a957ec9216d40aa4afc145549a4ebba5cf","PlannedEventCharacteristics":[{"Planned_Event_Characteristic_Key":"1655076069afd70aa95b4050bd653a1335ddbd25d0971f856ce59859bb3f289c","Characteristic_Type_Key":"0dcad3d39c2aaee059932060e8bdabd760c18ff02ad1be8b62204da8d0f07488","Characteristic_Value":"2020-05-16 04:54:00.0"},{"Planned_Event_Characteristic_Key":"0603b789fcf8f5850115da13b852fef6ff2985526140fb863ee9a098bfd5a005","Characteristic_Type_Key":"94266c7f69395702e702f923aa2d7cb583118d289fa4f4122833035ddcaac27c","Characteristic_Value":"voie d'entreposage                                                    "}],"Domain_Event_Key":"32f4413bb6b9eeca42d85f9f081bc8bf3257b6ab0f19d1b30b84368decc7af32","Correlation_Id":"40ed053a8e9a11ea9dd50a0d13360000","Client_Identification":"PRODSSRS","System_Key":"caf48af09f8e479707513247ae96fd6c8f0fd7649b682952115359e1a4ebab2d","Proc_Ts":"2020-02-09 15:04:58.680926","Proc_Ts_Tz_Dst_Cd":"100","Event_Ts":"2020-02-09 15:04:58.680926","Event_Ts_Tz_Dst_Cd":"100"}}
{"DomainEventHeader":{"SOR_INGT_CRT_TS":"2020-05-05T02:32:55.535-04:00","SOR_READ_TS":"2020-05-12 21:29:19.185","DE_CRT_TS":"2020-05-12 21:29:56","SOR_TPIC_NM":"reg.tm.raw.srs.trnScheduleActive.v2","DE_META":""},"PlannedEventDescribed":{"Primary_Object_Key":"43e02a4a6633033e3c00bd75804cc33d9f2d3a596252657630f26aac4c7b926b","Domain_Event_Type_Key":"e3b61a2ebf5b23ed3fd8ff58d88a71874f646ec36a6e49d48b10b0c9e3100d05","Planned_Event_Key":"b95b3b3523455f06eb133934b34d84a957ec9216d40aa4afc145549a4ebba5cf","PlannedEventCharacteristics":[{"Planned_Event_Characteristic_Key":"1655076069afd70aa95b4050bd653a1335ddbd25d0971f856ce59859bb3f289c","Characteristic_Type_Key":"0dcad3d39c2aaee059932060e8bdabd760c18ff02ad1be8b62204da8d0f07488","Characteristic_Value":"2020-05-16 04:54:00.0"},{"Planned_Event_Characteristic_Key":"0603b789fcf8f5850115da13b852fef6ff2985526140fb863ee9a098bfd5a005","Characteristic_Type_Key":"94266c7f69395702e702f923aa2d7cb583118d289fa4f4122833035ddcaac27c","Characteristic_Value":"voie d'entreposage                                                    "}],"Domain_Event_Key":"32f4413bb6b9eeca42d85f9f081bc8bf3257b6ab0f19d1b30b84368decc7af32","Correlation_Id":"40ed053a8e9a11ea9dd50a0d13360000","Client_Identification":"PRODSSRS","System_Key":"caf48af09f8e479707513247ae96fd6c8f0fd7649b682952115359e1a4ebab2d","Proc_Ts":"2020-02-09 15:04:58.680926","Proc_Ts_Tz_Dst_Cd":"100","Event_Ts":"2020-02-09 15:04:58.680926","Event_Ts_Tz_Dst_Cd":"100"}}
