{"IngestionHeader":{"ING_CRT_TS":"2021-02-15T18:00:01.095Z","PRODUCT_ID":"A195","UUID":null,"FORMAT":"JSON"},"PortInformation":{"AUDT_UPD_USER_ID":"156276A ","PORT_OPER_633":"MONTREGATTER","IBMSNAP_OPERATION":"U","PORT_PRST_CD":"PQ","IBMSNAP_LOGMARKER":"2021-02-15 12:41:31.204321","PORT_OPER_NBR":"0000150272","SAIL_DT_HR":"48","PORT_NME":"MONTREAL WHARF     ","IBMSNAP_INTENTSEQ":"00d9473c7c8931b35200000000000001","AUDT_CRT_PGM_ID":"IMDPPORS","PORT_OPER_NME":"MONTREAL GATEWAY TERMINALS PARTNSHP","PORT_COFF_HR":"2","AUDT_UPD_TS":"2021-02-15 12:41:31.190055","PORT_COFF_DFLT_TM":"06:00:00","EESEA_TRML_ID":"CAMTRMGTCT ","PORT_SCAC":"CN  ","AUDT_CRT_TS":"2006-09-11 09:46:08.091863","PORT_CTRY_CD":"CN","SAIL_DFLT_TM":"23:00:00","ETA_TRHD":"240","IBMSNAP_COMMITSEQ":"00d9473c7c8a6e106000000000000001","AUDT_UPD_PGM_ID":"IMDPPORS","PORT_333":"MONWHARF ","AUDT_CRT_USER_ID":"105125  ","PORT_FSAC":"033380"}}
{"IngestionHeader":{"ING_CRT_TS":"2021-02-15T18:00:01.095Z","PRODUCT_ID":"A195","UUID":"4596a7b6-fd5b-4ad4-97f1-00f2c6ac63c1","FORMAT":"JSON"},"PortInformation":{"AUDT_UPD_USER_ID":"156276A ","PORT_OPER_633":"MONTREGATTER","IBMSNAP_OPERATION":"U","PORT_PRST_CD":"PQ","IBMSNAP_LOGMARKER":"2021-02-15 12:41:31.204321","PORT_OPER_NBR":"0000150272","SAIL_DT_HR":"48","PORT_NME":"MONTREAL WHARF     ","IBMSNAP_INTENTSEQ":"00d9473c7c8931b35200000000000001","AUDT_CRT_PGM_ID":"IMDPPORS","PORT_OPER_NME":"MONTREAL GATEWAY TERMINALS PARTNSHP","PORT_COFF_HR":"2","AUDT_UPD_TS":"2021-02-15 12:41:31.190055","PORT_COFF_DFLT_TM":"06:00:00","EESEA_TRML_ID":"CAMTRMGTCT ","PORT_SCAC":"CN  ","AUDT_CRT_TS":"2006-09-11 09:46:08.091863","PORT_CTRY_CD":"CN","SAIL_DFLT_TM":"23:00:00","ETA_TRHD":"240","IBMSNAP_COMMITSEQ":"00d9473c7c8a6e106000000000000001","AUDT_UPD_PGM_ID":"IMDPPORS","PORT_333":"MONWHARF ","AUDT_CRT_USER_ID":"105125  ","PORT_FSAC":"033380"}}
{"IngestionHeader":{"ING_CRT_TS":"2021-02-15T18:00:01.095Z","PRODUCT_ID":"A195","UUID":"4596a7b6-fd5b-4ad4-97f1-00f2c6ac63c1","FORMAT":"JSON"},"PortInformation":{"AUDT_UPD_USER_ID":"156276A ","PORT_OPER_633":"MONTREGATTER","IBMSNAP_OPERATION":"D","PORT_PRST_CD":"PQ","IBMSNAP_LOGMARKER":"2021-02-15 12:41:31.204321","PORT_OPER_NBR":"0000150272","SAIL_DT_HR":"48","PORT_NME":"MONTREAL WHARF     ","IBMSNAP_INTENTSEQ":"00d9473c7c8931b35200000000000001","AUDT_CRT_PGM_ID":"IMDPPORS","PORT_OPER_NME":"MONTREAL GATEWAY TERMINALS PARTNSHP","PORT_COFF_HR":"2","AUDT_UPD_TS":"2021-02-15 12:41:31.190055","PORT_COFF_DFLT_TM":"06:00:00","EESEA_TRML_ID":"CAMTRMGTCT ","PORT_SCAC":"CN  ","AUDT_CRT_TS":"2006-09-11 09:46:08.091863","PORT_CTRY_CD":"CN","SAIL_DFLT_TM":"23:00:00","ETA_TRHD":"240","IBMSNAP_COMMITSEQ":"00d9473c7c8a6e106000000000000001","AUDT_UPD_PGM_ID":"IMDPPORS","PORT_333":"MONWHARF ","AUDT_CRT_USER_ID":"105125  ","PORT_FSAC":"033380"}}