{"DomainEventHeader":{"SOR_INGT_CRT_TS":"2020-04-01 17:37:04.963","SOR_READ_TS":"2021-01-13 11:40:24.025","DE_CRT_TS":"2021-01-13 11:40:44","SOR_TPIC_NM":"reg.tm.raw.srs.wayBill.v3","DE_META":""},"ShipmentCompositeDescribed":{"Primary_Object_Key":"733fb7fc5bd7d96df0c77119b76c15e0b26b12c2b089cd7b0ff71a62bd32a5ef","Domain_Event_Type_Key":"e3b61a2ebf5b23ed3fd8ff58d88a71874f646ec36a6e49d48b10b0c9e3100d05","Shipment_Composite_Key":"b62d06b720f1683c00e6dce6785f8584ca968690ea8c877d1ad46b1118b72618","ShipmentCompositeCharacteristics":[{"Shipment_Composite_Characteristic_Key":"91564558a5b1463054198cc71bddae0e9f359b226a431bf656ee928036a376a7","Characteristic_Type_Key":"0b1821f40450113c8ce372b1cc14a2865520c66493a36d225a353a1f6bbbeb94","Characteristic_Value":"ZCSB356070"}],"Domain_Event_Key":"758ed597e9f7e3741153ad864d71d80138a9d7ada20c34e3e8138dad459b80d1","Correlation_Id":"93eb6bab-e933-47d3-b07d-05d07dfdf062","Client_Identification":"NATHUB","System_Key":"e842426b7c8978fa9fb29dcf3f073f3c232f6cc1d62972e3d7dfe753cc314915","Proc_Ts":"2020-04-01 17:37:04.963","Proc_Ts_Tz_Dst_Cd":"100","Event_Ts":"2020-03-18 18:32:03.000","Event_Ts_Tz_Dst_Cd":"111"}}
{"DomainEventHeader":{"SOR_INGT_CRT_TS":"2020-04-01 17:37:04.963","SOR_READ_TS":"2021-01-13 11:40:24.025","DE_CRT_TS":"2021-01-13 11:40:44","SOR_TPIC_NM":"reg.tm.raw.srs.wayBill.v3","DE_META":""},"ShipmentCompositeDescribed":{"Primary_Object_Key":"733fb7fc5bd7d96df0c77119b76c15e0b26b12c2b089cd7b0ff71a62bd32a5ef","Domain_Event_Type_Key":"e3b61a2ebf5b23ed3fd8ff58d88a71874f646ec36a6e49d48b10b0c9e3100d05","Shipment_Composite_Key":"b62d06b720f1683c00e6dce6785f8584ca968690ea8c877d1ad46b1118b72618","ShipmentCompositeCharacteristics":[{"Shipment_Composite_Characteristic_Key":"91564558a5b1463054198cc71bddae0e9f359b226a431bf656ee928036a376a7","Characteristic_Type_Key":"0b1821f40450113c8ce372b1cc14a2865520c66493a36d225a353a1f6bbbeb94","Characteristic_Value":"ZCSB356070"}],"Domain_Event_Key":"758ed597e9f7e3741153ad864d71d80138a9d7ada20c34e3e8138dad459b80d1","Correlation_Id":"93eb6bab-e933-47d3-b07d-05d07dfdf062","Client_Identification":"NATHUB","System_Key":"e842426b7c8978fa9fb29dcf3f073f3c232f6cc1d62972e3d7dfe753cc314915","Proc_Ts":"2020-04-01 17:37:04.963","Proc_Ts_Tz_Dst_Cd":"100","Event_Ts":"2020-03-18 18:32:03.000","Event_Ts_Tz_Dst_Cd":"111"}}