{"IngestionHeader":{"ING_CRT_TS":null,"PRODUCT_ID":"A189 Corp-Ind Loc","UUID":null,"FORMAT":"JSON"},"Station":{"STN_333":"ABBOTSFOR","STN_ST":"BC","STN_NME":"ABBOTSFORD         ","STNUM":null,"SPLC":"93526 ","CAR_DSTR_REGN":"0","CAR_DSTR_ZN":"0","TSO_333":"THOLINCON","TSO_ST":"BC","TIME_ZONE":-3,"STN_CNTY":"CANADA                   ","MSS_NUMB":"  ","SLS_AGCY_NUMB":"  ","STN_ABBR":"ABBFRD","BAR_CD_ABBR":"  ","JCT_260":"     ","CAR_CLSTR_333":"         ","CAR_CLSTR_ST":"  ","RAMP_CD":" ","YD_SCALE_CD":" ","GRN_INSP_FLG":"N","PPSI_SVC_FLG":"N","CREW_LOC_FLG":"N","LOCO_FUEL_FLG":"N","LOCO_RPR_FLG":"N","AAR_BNDRY_FLG":" ","TEAMS_FLG":" ","TEMP_STN_FLG":" ","DUP_333_FLG":" ","EMBRG_FLG":"N","YD_BLK_FLG":"N","VEH_LDG_FLG":"N","EFF_DT":"19971207","EXP_DT":"20991231","MECH_AREA_CD":"       ","VAN_SCALE_FLG":"N","VAN_LS_FLG":"N","TRK_WRNT_FLG":" ","SDIV_NUMB":"901 ","DFO_333":"EDMWAYCEN","DFO_ST":"AB","DIV_NUMB":"3 ","SYS_BLK":"58000","DSSA_GRP_NBR":"  ","STN_2ABBR":"  ","SPLC_SFX":"0  ","STN_CLS_LVL":"4","SUPT_TERR_NBR":"99","CUTOVER_CD":"1","CRT_ID":"PRODOPER","UPD_ID":"PRODCREF","CRT_DT":"1997-12-10","CRT_TM":"16:46:26","UPD_DT":null,"UPD_TM":null,"STLIT_STNUM":"64345 ","AAR_REGN_CD":"15","SUB_DIST_ID":"34","MAX_CAR_CPTY":0,"MAX_FRT_TRN_CPTY":0,"MAX_PSGR_TRN_CPTY":0,"MAX_HUMP_CPTY":0,"TRK_OWN_SCAC":"CPRS","EQP_AAR_INV_CD":"SH","INV_CD_GRP_IND":" ","OSW_TM_RPT_IND":" ","STN_SHRT_ABBR":"   ","OPER_GNRL_MGR_ID":"9 ","CAR_MGMT_STN_OWN":"N","CORP_CO_ABR":"CN  ","IBMSNAP_COMMITSEQ":{"bytes":"\u0000\u0000\u0000\u0000\u0000\u0000\u0000\u0001"},"IBMSNAP_INTENTSEQ":{"bytes":"\u0000\u0000\u0000\u0000\u0000\u0000\u0000\u0001"},"IBMSNAP_OPERATION":"I","IBMSNAP_LOGMARKER":"2020-03-10 14:30:23.887528"}}
{"IngestionHeader":{"ING_CRT_TS":"2020-03-13 10:40:51.805246","PRODUCT_ID":"A189 Corp-Ind Loc","UUID":"08a46b91-40a8-4c2f-90bc-355a5ca00b62","FORMAT":"JSON"},"Station":{"STN_333":"ABBOTSFOR","STN_ST":"PQ","STN_NME":"ABBOTSFORD         ","STNUM":"92871 ","SPLC":"93526 ","CAR_DSTR_REGN":"0","CAR_DSTR_ZN":"0","TSO_333":"THOLINCON","TSO_ST":"BC","TIME_ZONE":-3,"STN_CNTY":"CANADA                   ","MSS_NUMB":"  ","SLS_AGCY_NUMB":"  ","STN_ABBR":"ABBFRD","BAR_CD_ABBR":"  ","JCT_260":"     ","CAR_CLSTR_333":"         ","CAR_CLSTR_ST":"  ","RAMP_CD":" ","YD_SCALE_CD":" ","GRN_INSP_FLG":"N","PPSI_SVC_FLG":"N","CREW_LOC_FLG":"N","LOCO_FUEL_FLG":"N","LOCO_RPR_FLG":"N","AAR_BNDRY_FLG":" ","TEAMS_FLG":" ","TEMP_STN_FLG":" ","DUP_333_FLG":" ","EMBRG_FLG":"N","YD_BLK_FLG":"N","VEH_LDG_FLG":"N","EFF_DT":"19971207","EXP_DT":"20991231","MECH_AREA_CD":"       ","VAN_SCALE_FLG":"N","VAN_LS_FLG":"N","TRK_WRNT_FLG":" ","SDIV_NUMB":"901 ","DFO_333":"EDMWAYCEN","DFO_ST":"AB","DIV_NUMB":"3 ","SYS_BLK":"58000","DSSA_GRP_NBR":"  ","STN_2ABBR":"  ","SPLC_SFX":"0  ","STN_CLS_LVL":"4","SUPT_TERR_NBR":"99","CUTOVER_CD":"1","CRT_ID":"PRODOPER","UPD_ID":"PRODCREF","CRT_DT":"1997-12-10","CRT_TM":"16:46:26","UPD_DT":"2014-08-21","UPD_TM":"00:06:59","STLIT_STNUM":"64345 ","AAR_REGN_CD":"15","SUB_DIST_ID":"34","MAX_CAR_CPTY":0,"MAX_FRT_TRN_CPTY":0,"MAX_PSGR_TRN_CPTY":0,"MAX_HUMP_CPTY":0,"TRK_OWN_SCAC":"CPRS","EQP_AAR_INV_CD":"SH","INV_CD_GRP_IND":" ","OSW_TM_RPT_IND":" ","STN_SHRT_ABBR":"   ","OPER_GNRL_MGR_ID":"9 ","CAR_MGMT_STN_OWN":"N","CORP_CO_ABR":"CN  ","IBMSNAP_COMMITSEQ":{"bytes":"\u0000\u0000\u0000\u0000\u0000\u0000\u0000\u0001"},"IBMSNAP_INTENTSEQ":{"bytes":"\u0000\u0000\u0000\u0000\u0000\u0000\u0000\u0001"},"IBMSNAP_OPERATION":"I","IBMSNAP_LOGMARKER":"2020-03-10 14:30:23.887528"}}
{"IngestionHeader":{"ING_CRT_TS":"2020-03-13 10:40:51.805246","PRODUCT_ID":"A189 Corp-Ind Loc","UUID":"08a46b91-40a8-4c2f-90bc-355a5ca00b63","FORMAT":"JSON"},"Station":{"STN_333":"","STN_ST":"","STN_NME":"MONTREAL         ","STNUM":"92872 ","SPLC":"93527 ","CAR_DSTR_REGN":"0","CAR_DSTR_ZN":"0","TSO_333":"THOLINCON1","TSO_ST":"PQ","TIME_ZONE":-3,"STN_CNTY":"CANADA                   ","MSS_NUMB":"  ","SLS_AGCY_NUMB":"  ","STN_ABBR":"ABBFRD","BAR_CD_ABBR":"  ","JCT_260":"     ","CAR_CLSTR_333":"         ","CAR_CLSTR_ST":"  ","RAMP_CD":" ","YD_SCALE_CD":"1","GRN_INSP_FLG":"N","PPSI_SVC_FLG":"N","CREW_LOC_FLG":"N","LOCO_FUEL_FLG":"N","LOCO_RPR_FLG":"N","AAR_BNDRY_FLG":" ","TEAMS_FLG":" ","TEMP_STN_FLG":" ","DUP_333_FLG":" ","EMBRG_FLG":"N","YD_BLK_FLG":"N","VEH_LDG_FLG":"N","EFF_DT":"19991207","EXP_DT":"20991231","MECH_AREA_CD":"       ","VAN_SCALE_FLG":"N","VAN_LS_FLG":"N","TRK_WRNT_FLG":" ","SDIV_NUMB":"902 ","DFO_333":"EDMWAYCEN1","DFO_ST":"PQ","DIV_NUMB":"4 ","SYS_BLK":"58000","DSSA_GRP_NBR":"  ","STN_2ABBR":"  ","SPLC_SFX":"0  ","STN_CLS_LVL":"4","SUPT_TERR_NBR":"99","CUTOVER_CD":"1","CRT_ID":"PRODOPER","UPD_ID":"PRODCREF","CRT_DT":"1997-12-10","CRT_TM":"16:46:26","UPD_DT":"2014-08-21","UPD_TM":"00:06:59","STLIT_STNUM":"64345 ","AAR_REGN_CD":"15","SUB_DIST_ID":"34","MAX_CAR_CPTY":0,"MAX_FRT_TRN_CPTY":0,"MAX_PSGR_TRN_CPTY":0,"MAX_HUMP_CPTY":0,"TRK_OWN_SCAC":"CPRS","EQP_AAR_INV_CD":"SH","INV_CD_GRP_IND":" ","OSW_TM_RPT_IND":" ","STN_SHRT_ABBR":"   ","OPER_GNRL_MGR_ID":"9 ","CAR_MGMT_STN_OWN":"N","CORP_CO_ABR":"CN  ","IBMSNAP_COMMITSEQ":{"bytes":"\u0000\u0000\u0000\u0000\u0000\u0000\u0000\u0001"},"IBMSNAP_INTENTSEQ":{"bytes":"\u0000\u0000\u0000\u0000\u0000\u0000\u0000\u0001"},"IBMSNAP_OPERATION":"D","IBMSNAP_LOGMARKER":"2020-03-10 14:30:23.887528"}}