{"IngestionHeader":{"ING_CRT_TS":"2021-04-05T00:01:10.953Z","PRODUCT_ID":"A195","UUID":null,"FORMAT":"JSON"},"StopOrder":{"CANC_AUTH":"OVERRIDE    ","CAR_KND_ABBR":"U","CLOSE_DT":"43800","CLOSE_LATA":"SRSPNAT ","CLOSE_REAS":"CHASSIS                                          ","CLOSE_TM":"10:50:01","CYCL_ID":"0747-02-07-09.40.16.012001","EQP_INIT":"NONC","EQP_NUMB":"164","EVT_CD":"OG","GEN_EVT_CD":"OG","GRP_USER_ID":"124282B ","LATA":"124282B ","OVR_EVT_CD":"OG","PGM_DT":"43788","PGM_TM":"17:57:00","PRINTED_IND":"","SEQ_NUMB":"1","STN_333":"BRAINTTER","STN_ST":"ON","STP_AUTH":"ZZNOBILL    ","STP_ORD":"HOLD - ZZNOBILL (FROM ADVAN)                     ","STP_TMSTP":"1357-11-20 17:33:43.042019","USER_ID":"124282B ","USER_ID_CLOSE":"EVEREST ","USER_NME":"TAGGART, Dave       ","USER_NME_CLOSE":"FROM AGS            ","WB_ID":"6521-11-20 17:33:42.992019","WB_VRSN":"1","IBMSNAP_OPERATION":"D","IBMSNAP_LOGMARKER":"2021-04-09 20:15:04.280804","IBMSNAP_INTENTSEQ":"00  d9  8a  37  4c  d1  eb  71  12  00  00  00  00  00  00  01  ","IBMSNAP_COMMITSEQ":"00  d9  8a  37  4d  27  ae  4e  80  00  00  00  00  00  00  01  "}}
{"IngestionHeader":{"ING_CRT_TS":"2021-04-05T00:01:10.953Z","PRODUCT_ID":"A195","UUID":"6f0dd7da-109e-4501-942d-0e900c07f884","FORMAT":"JSON"},"StopOrder":{"CANC_AUTH":"OVERRIDE    ","CAR_KND_ABBR":"U","CLOSE_DT":"","CLOSE_LATA":"SRSPNAT ","CLOSE_REAS":"CHASSIS                                          ","CLOSE_TM":"10:50:01","CYCL_ID":"0747-02-07-09.40.16.012001","EQP_INIT":"NONC","EQP_NUMB":"164","EVT_CD":"OG","GEN_EVT_CD":"OG","GRP_USER_ID":"124282B ","LATA":"124282B ","OVR_EVT_CD":"OG","PGM_DT":"43788","PGM_TM":"17:57:00","PRINTED_IND":"","SEQ_NUMB":"1","STN_333":"BRAINTTER","STN_ST":"ON","STP_AUTH":"ZZNOBILL    ","STP_ORD":"HOLD - ZZNOBILL (FROM ADVAN)                     ","STP_TMSTP":"1357-11-20 17:33:43.042019","USER_ID":"124282B ","USER_ID_CLOSE":"EVEREST ","USER_NME":"TAGGART, Dave       ","USER_NME_CLOSE":"FROM AGS            ","WB_ID":"6521-11-20 17:33:42.992019","WB_VRSN":"1","IBMSNAP_OPERATION":"I","IBMSNAP_LOGMARKER":"2021-04-09 20:15:04.280804","IBMSNAP_INTENTSEQ":"00  d9  8a  37  4c  d1  eb  71  12  00  00  00  00  00  00  01  ","IBMSNAP_COMMITSEQ":"00  d9  8a  37  4d  27  ae  4e  80  00  00  00  00  00  00  01  "}}
{"IngestionHeader":{"ING_CRT_TS":"2021-04-05T00:01:10.953Z","PRODUCT_ID":"A195","UUID":"5f0dd7da-109e-4501-942d-0e900c07f884","FORMAT":"JSON"},"StopOrder":{"CANC_AUTH":"OVERRIDE    ","CAR_KND_ABBR":"U","CLOSE_DT":"43800","CLOSE_LATA":"SRSPNAT ","CLOSE_REAS":"CHASSIS                                          ","CLOSE_TM":"10:50:01","CYCL_ID":"0747-02-07-09.40.16.012001","EQP_INIT":"NONC","EQP_NUMB":"164","EVT_CD":"OG","GEN_EVT_CD":"OG","GRP_USER_ID":"124282B ","LATA":"124282B ","OVR_EVT_CD":"OG","PGM_DT":"43788","PGM_TM":"17:57:00","PRINTED_IND":"","SEQ_NUMB":"1","STN_333":"BRAINTTER","STN_ST":"ON","STP_AUTH":"ZZNOBILL    ","STP_ORD":"HOLD - ZZNOBILL (FROM ADVAN)                     ","STP_TMSTP":"1357-11-20 17:33:43.042019","USER_ID":"124282B ","USER_ID_CLOSE":"EVEREST ","USER_NME":"TAGGART, Dave       ","USER_NME_CLOSE":"FROM AGS            ","WB_ID":"6521-11-20 17:33:42.992019","WB_VRSN":"1","IBMSNAP_OPERATION":"D","IBMSNAP_LOGMARKER":"2021-04-09 20:15:04.280804","IBMSNAP_INTENTSEQ":"00  d9  8a  37  4c  d1  eb  71  12  00  00  00  00  00  00  01  ","IBMSNAP_COMMITSEQ":"00  d9  8a  37  4d  27  ae  4e  80  00  00  00  00  00  00  01  "}}