{"IngestionHeader":{"ING_CRT_TS":"2020-09-23T12:42:46.191Z","PRODUCT_ID":"A234","UUID":"123e4567-e89b-12d3-a456-556642440000","FORMAT":"JSON"},"SystemEquipment":{"EQP_INIT":"CNRU","EQP_NUMB":"1","CAR_KIND":"KC7","CAR_KIND_AAR":"U287","EQP_INIT_OLD":"CNRU","EQP_NUMB_OLD":"235302","EQP_OWN_ABBR":"CN","MFG_ABBR":"CIMC","MFG_YR":"2003","MFG_MO":"06","EQP_ORG_COST":"13000.67","DEPR_VAL":"100.25","EQP_SERL_NBR":"XCMC85200031","IMDL_LIC_ST":"","IMDL_LIC_NUMB":"","POOL_333":"","POOL_ST":"","POOL_ASGN_CD":"","OS_LGTH_FT":"53","OS_LGTH_IN":"0","OS_HGTH_FT":"9","OS_HGTH_IN":"6","OS_WDTH_FT":"8","OS_WDTH_IN":"6","IS_LGTH_FT":"52","IS_LGTH_IN":"4","IS_HGTH_FT":"9","IS_HGTH_IN":"1","IS_WDTH_FT":"8","IS_WDTH_IN":"2","SD_WDTH_IN":"0","SD_HGTH_IN":"0","ED_WDTH_IN":"98","ED_HGTH_IN":"109","AXLE_LGTH_IN":"0","AXLE_SPREAD_FT":"0","AXLE_SPREAD_IN":"0","KINGPIN":"0","TRUE_KINGPIN":"0","CAR_TARE_WGHT":"11500","LD_LMT":"65000","EQP_CUFT":"3901","RFGR_POS":"","EQP_REG_YRMO":"37773","EQP_LSE_EFF":"NULL","EQP_LSE_EXP":"NULL","FHWA_INSP_YRMO":"NULL","CHAS_TYP":"","AXLE_TYP":"","BOGIE_SPREAD_IN":"","BOGIE_CD":"","CHAS_EXT_CD":"","LEAS_CITY_333":"VANCOUVER","LEAS_ST":"BC","LEAS_CD":"C","LEAS_DLY_RT":"0.56","PMA_INSP_DT":"2015-05-21","PMC_INSP_DT":"2015-05-26","AMIS_STUS_CD":"H","AMIS_STUS_DT":"2015-05-24","EQP_RFID_TAG":"","BLD_LOT_CD":"RESTENCIL FOR TIRE PRGM","BLD_CTRY_CD":"CA","AUDT_CRT_TS":"2015-05-21 16:15:40.639438","AUDT_CRT_USER_ID":"112605A","AUDT_CRT_PGM_ID":"IEQPCEQP","AUDT_UPD_TS":"2020-10-14 03:46:27.305096","AUDT_UPD_USER_ID":"PRODSSRS","AUDT_UPD_PGM_ID":"IMDBAMSR","PMD_INSP_DT":"NULL","IBMSNAP_COMMITSEQ":"00d88f9ebe22cbfcc600000000000001","IBMSNAP_INTENTSEQ":"00d88f9ebdf0c5843000000000000001","IBMSNAP_LOGMARKER":"2020-09-22 12:41:22.941119","IBMSNAP_OPERATION":"I"}}
{"IngestionHeader":{"ING_CRT_TS":null,"PRODUCT_ID":"A234","UUID":"123e4567-e89b-12d3-a456-556642440000","FORMAT":"JSON"},"SystemEquipment":{"EQP_INIT":null,"EQP_NUMB":null,"CAR_KIND":"KC7","CAR_KIND_AAR":"U287","EQP_INIT_OLD":"CNRU","EQP_NUMB_OLD":"235302","EQP_OWN_ABBR":"CN","MFG_ABBR":"CIMC","MFG_YR":"2003","MFG_MO":"06","EQP_ORG_COST":"13000.67","DEPR_VAL":"100.25","EQP_SERL_NBR":"XCMC85200031","IMDL_LIC_ST":"","IMDL_LIC_NUMB":"","POOL_333":"","POOL_ST":"","POOL_ASGN_CD":"","OS_LGTH_FT":"53","OS_LGTH_IN":"0","OS_HGTH_FT":"9","OS_HGTH_IN":"6","OS_WDTH_FT":"8","OS_WDTH_IN":"6","IS_LGTH_FT":"52","IS_LGTH_IN":"4","IS_HGTH_FT":"9","IS_HGTH_IN":"1","IS_WDTH_FT":"8","IS_WDTH_IN":"2","SD_WDTH_IN":"0","SD_HGTH_IN":"0","ED_WDTH_IN":"98","ED_HGTH_IN":"109","AXLE_LGTH_IN":"0","AXLE_SPREAD_FT":"0","AXLE_SPREAD_IN":"0","KINGPIN":"0","TRUE_KINGPIN":"0","CAR_TARE_WGHT":"11500","LD_LMT":"65000","EQP_CUFT":"3901","RFGR_POS":"","EQP_REG_YRMO":"37773","EQP_LSE_EFF":"NULL","EQP_LSE_EXP":"NULL","FHWA_INSP_YRMO":"NULL","CHAS_TYP":"","AXLE_TYP":"","BOGIE_SPREAD_IN":"","BOGIE_CD":"","CHAS_EXT_CD":"","LEAS_CITY_333":"VANCOUVER","LEAS_ST":"BC","LEAS_CD":"C","LEAS_DLY_RT":"0.56","PMA_INSP_DT":"2015-05-21","PMC_INSP_DT":"2015-05-26","AMIS_STUS_CD":"H","AMIS_STUS_DT":"2015-05-24","EQP_RFID_TAG":"","BLD_LOT_CD":"RESTENCIL FOR TIRE PRGM","BLD_CTRY_CD":"CA","AUDT_CRT_TS":"2015-05-21 16:15:40.639438","AUDT_CRT_USER_ID":"112605A","AUDT_CRT_PGM_ID":"IEQPCEQP","AUDT_UPD_TS":"2020-10-14 03:46:27.305096","AUDT_UPD_USER_ID":"PRODSSRS","AUDT_UPD_PGM_ID":"IMDBAMSR","PMD_INSP_DT":"NULL","IBMSNAP_COMMITSEQ":"00d88f9ebe22cbfcc600000000000001","IBMSNAP_INTENTSEQ":"00d88f9ebdf0c5843000000000000001","IBMSNAP_LOGMARKER":"2020-09-22 12:41:22.941119","IBMSNAP_OPERATION":"U"}}
{"IngestionHeader":{"ING_CRT_TS":"2020-09-23T12:42:46.191Z","PRODUCT_ID":"A234","UUID":"123e4567-e89b-12d3-a456-556642440000","FORMAT":"JSON"},"SystemEquipment":{"EQP_INIT":"CNRU","EQP_NUMB":"1","CAR_KIND":"KC7","CAR_KIND_AAR":"U287","EQP_INIT_OLD":"CNRU","EQP_NUMB_OLD":"235302","EQP_OWN_ABBR":"CN","MFG_ABBR":"CIMC","MFG_YR":"2003","MFG_MO":"06","EQP_ORG_COST":"13000.67","DEPR_VAL":"100.25","EQP_SERL_NBR":"XCMC85200031","IMDL_LIC_ST":"","IMDL_LIC_NUMB":"","POOL_333":"","POOL_ST":"","POOL_ASGN_CD":"","OS_LGTH_FT":"53","OS_LGTH_IN":"0","OS_HGTH_FT":"9","OS_HGTH_IN":"6","OS_WDTH_FT":"8","OS_WDTH_IN":"6","IS_LGTH_FT":"52","IS_LGTH_IN":"4","IS_HGTH_FT":"9","IS_HGTH_IN":"1","IS_WDTH_FT":"8","IS_WDTH_IN":"2","SD_WDTH_IN":"0","SD_HGTH_IN":"0","ED_WDTH_IN":"98","ED_HGTH_IN":"109","AXLE_LGTH_IN":"0","AXLE_SPREAD_FT":"0","AXLE_SPREAD_IN":"0","KINGPIN":"0","TRUE_KINGPIN":"0","CAR_TARE_WGHT":"11500","LD_LMT":"65000","EQP_CUFT":"3901","RFGR_POS":"","EQP_REG_YRMO":"37773","EQP_LSE_EFF":"NULL","EQP_LSE_EXP":"NULL","FHWA_INSP_YRMO":"NULL","CHAS_TYP":"","AXLE_TYP":"","BOGIE_SPREAD_IN":"","BOGIE_CD":"","CHAS_EXT_CD":"","LEAS_CITY_333":"VANCOUVER","LEAS_ST":"BC","LEAS_CD":"C","LEAS_DLY_RT":"0.56","PMA_INSP_DT":"2015-05-21","PMC_INSP_DT":"2015-05-26","AMIS_STUS_CD":"H","AMIS_STUS_DT":"2015-05-24","EQP_RFID_TAG":"","BLD_LOT_CD":"RESTENCIL FOR TIRE PRGM","BLD_CTRY_CD":"CA","AUDT_CRT_TS":"2015-05-21 16:15:40.639438","AUDT_CRT_USER_ID":"112605A","AUDT_CRT_PGM_ID":"IEQPCEQP","AUDT_UPD_TS":"2020-10-14 03:46:27.305096","AUDT_UPD_USER_ID":"PRODSSRS","AUDT_UPD_PGM_ID":"IMDBAMSR","PMD_INSP_DT":"NULL","IBMSNAP_COMMITSEQ":"00d88f9ebe22cbfcc600000000000001","IBMSNAP_INTENTSEQ":"00d88f9ebdf0c5843000000000000001","IBMSNAP_LOGMARKER":"2020-09-22 12:41:22.941119","IBMSNAP_OPERATION":"D"}}