{"IngestionHeader":{"ING_CRT_TS":"2021-02-17T07:34:38.910-05:00","PRODUCT_ID":"A195 SRS-IM","UUID":null,"FORMAT":"JSON"},"WMBYARDEVENTV10":{"MSG_HEADER":{"HDR_MSG_TYPE":"SB-YardEvent","HDR_MSG_SUBTYPE":"Planned Ramp","HDR_ACTION_CD":"A","HDR_SRCE_APPL":"SRS-IM","HDR_ORIG_APPL":"SRS-IM","HDR_TRGT_APPL":"","HDR_MSG_VRSN":"1.0","HDR_MSG_TS":"2021-02-17-12.34.38.768748"},"EQP_INFO":{"EQP_INIT":"TGHU","EQP_NBR":"    700157","EQP_CAR_KIND":"KC4","EQP_OWNER_CD":"MS","EQP_OWNER_TYPE":"I","EQP_CN_EQP_IND":"N","EQP_CYCL_ID":"0741-02-17-07.34.38.392021","PLAN_CD":"85","EVT_CD":"AS","EVT_STUS_CD":"OR","LOAD_EMPTY_CD":"L","CURR_TRML_SCAC":"CN","CURR_TRML_FSAC":"28770","CURR_TRML_333":"HUNTINGDO","CURR_TRML_PRST_CD":"PQ","CURR_TRML_TZ":"ET","EVT_DT":"2021-02-17","EVT_TM":"07.34.00","EVT_DST_FLAG":"N","ORDER_CONF_NBR":"","CNT_OBJ_ID":"610072261","LIFT_SECTION_COUNT":{"LIFT_SECTION_COUNT_NUM":2}},"LIFT_LIST":{"LIFT":[{"LIFT_CD":"From","MOVEMENT":{"GRND_OR_LOAD_CD":"G","CAR_PLFM_CD":"","CAR_PLFM_POS_CD":"","CAR_PLFM_POS_SUB_CD":"","CAR_SEQ_NBR":""},"AREAC":{"PARK_OR_TRK_CD":"","LOT":"","ROW":"","SPOT":"","TRK_NBR":"","TRK_AREA":""},"CAR_EQUIPMENT":{"CAR_EQP_INIT":"","CAR_EQP_NBR":""},"CHASSIS_EQUIPMENT":{"CHAS_EQP_INIT":"","CHAS_EQP_NBR":"","CHAS_CAR_KIND":"","CHAS_CN_EQP_IND":""},"CHAS_CYCL_ID":""},{"LIFT_CD":"To","MOVEMENT":{"GRND_OR_LOAD_CD":"L","CAR_PLFM_CD":"","CAR_PLFM_POS_CD":"B","CAR_PLFM_POS_SUB_CD":"1","CAR_SEQ_NBR":"1"},"AREAC":{"PARK_OR_TRK_CD":"","LOT":"","ROW":"","SPOT":"","TRK_NBR":"HN01","TRK_AREA":""},"CAR_EQUIPMENT":{"CAR_EQP_INIT":"DTTX","CAR_EQP_NBR":"    646545"},"CHASSIS_EQUIPMENT":{"CHAS_EQP_INIT":"","CHAS_EQP_NBR":"","CHAS_CAR_KIND":"","CHAS_CN_EQP_IND":""},"CHAS_CYCL_ID":""}]},"MSG_FOOTER":{"FTR_AUDT_TYPE_CD":"Update","FTR_AUDT_USER_ID":"XT25319","FTR_AUDT_APPL_ID":"SRS-IM","FTR_AUDT_PGM_ID":"ASGNXADD","FTR_AUDT_TS":"2021-02-17-12.34.38.768748"}}}
{"IngestionHeader":{"ING_CRT_TS":"2021-02-17T07:34:38.910-05:00","PRODUCT_ID":"A195 SRS-IM","UUID":"8034c15a711c11eba2230a0d13360000","FORMAT":"JSON"},"WMBYARDEVENTV10":{"MSG_HEADER":{"HDR_MSG_TYPE":"SB-YardEvent","HDR_MSG_SUBTYPE":"Planned Ramp","HDR_ACTION_CD":"A","HDR_SRCE_APPL":"SRS-IM","HDR_ORIG_APPL":"SRS-IM","HDR_TRGT_APPL":"","HDR_MSG_VRSN":"1.0","HDR_MSG_TS":"2021-02-17-12.34.38.768748"},"EQP_INFO":{"EQP_INIT":"TGHU","EQP_NBR":"    700157","EQP_CAR_KIND":"KC4","EQP_OWNER_CD":"MS","EQP_OWNER_TYPE":"I","EQP_CN_EQP_IND":"N","EQP_CYCL_ID":"0741-02-17-07.34.38.392021","PLAN_CD":"85","EVT_CD":"AS","EVT_STUS_CD":"OR","LOAD_EMPTY_CD":"L","CURR_TRML_SCAC":"CN","CURR_TRML_FSAC":"28770","CURR_TRML_333":"HUNTINGDO","CURR_TRML_PRST_CD":"PQ","CURR_TRML_TZ":"ET","EVT_DT":"2021-02-17","EVT_TM":"07.34.00","EVT_DST_FLAG":"N","ORDER_CONF_NBR":"","CNT_OBJ_ID":"610072261","LIFT_SECTION_COUNT":{"LIFT_SECTION_COUNT_NUM":2}},"LIFT_LIST":{"LIFT":[{"LIFT_CD":"From","MOVEMENT":{"GRND_OR_LOAD_CD":"G","CAR_PLFM_CD":"","CAR_PLFM_POS_CD":"","CAR_PLFM_POS_SUB_CD":"","CAR_SEQ_NBR":""},"AREAC":{"PARK_OR_TRK_CD":"","LOT":"","ROW":"","SPOT":"","TRK_NBR":"","TRK_AREA":""},"CAR_EQUIPMENT":{"CAR_EQP_INIT":"","CAR_EQP_NBR":""},"CHASSIS_EQUIPMENT":{"CHAS_EQP_INIT":"","CHAS_EQP_NBR":"","CHAS_CAR_KIND":"","CHAS_CN_EQP_IND":""},"CHAS_CYCL_ID":""},{"LIFT_CD":"To","MOVEMENT":{"GRND_OR_LOAD_CD":"L","CAR_PLFM_CD":"","CAR_PLFM_POS_CD":"B","CAR_PLFM_POS_SUB_CD":"1","CAR_SEQ_NBR":"1"},"AREAC":{"PARK_OR_TRK_CD":"","LOT":"","ROW":"","SPOT":"","TRK_NBR":"HN01","TRK_AREA":""},"CAR_EQUIPMENT":{"CAR_EQP_INIT":"DTTX","CAR_EQP_NBR":"    646545"},"CHASSIS_EQUIPMENT":{"CHAS_EQP_INIT":"","CHAS_EQP_NBR":"","CHAS_CAR_KIND":"","CHAS_CN_EQP_IND":""},"CHAS_CYCL_ID":""}]},"MSG_FOOTER":{"FTR_AUDT_TYPE_CD":"Update","FTR_AUDT_USER_ID":"XT25319","FTR_AUDT_APPL_ID":"SRS-IM","FTR_AUDT_PGM_ID":"ASGNXADD","FTR_AUDT_TS":"2021-02-17-12.34.38.768748"}}}