{"IngestionHeader":{"ING_CRT_TS":"2021-04-20T15:08:38.997-04:00","PRODUCT_ID":"A089 SRS-SS","UUID":null,"FORMAT":"JSON"},"TripPlan":{"header":{"TMS_HDR_MESS_ID":"TRPEVT  ","TMS_HDR_EQP_INIT":"ECUX","TMS_HDR_EQP_NUMB":"882906","TMS_HDR_EQP_WB_ID":"1013-04-20-12.06.41.872016","TMS_HDR_EQP_WB_VRSN":30,"TMS_HDR_TMSTP":"2021-04-20-19.08.38.904984","TMS_ACTION_CODE":"N"},"car":{"EQP_INIT":"ECUX","EQP_NUMB":"882906","WB_ID":"1013-04-20-12.06.41.872016","WB_VRSN":30,"WB_REC_TYPE":"W","WB_STAT_CD":"S","LOAD_EMPTY":"L","CAR_KIND":"C5P ","STCC_NUMBER":"2821139","OP_ORIG_333":"BATROUGE ","OP_ORIG_ST":"LA","OP_CITY_333":"NEWORLEAN","OP_CITY_ST":"LA","DEST_ZTS":"      ","BENEF_OWN_633":"CLOSURSYSINT","ORDER_CONF_NUMB":"          "},"summary":{"TRP_CRET_DT":"2021-04-20","TRP_CRET_TM":"15.08.38","TRP_CRET_TZ":"ET","TRP_CRET_DS_FLAG":"Y","CUST_GOAL_NBR":"8BRGBMYYA","CUST_GOAL_TYP":"C","GOAL_CUTOF_DT":"2021-04-23","GOAL_CUTOF_TM":"08.00.00","GOAL_CUTOF_TZ":"CT","GOAL_CUTOF_DS_FLAG":"Y","ATSF_GOAL_HRS":84,"GOAL_TOT_HRS":84,"GOAL_DT":"2021-04-26","GOAL_TM":"20.00.00","GOAL_TZ":"CT","GOAL_DS_FLAG":"Y","TOT_SCHD_HRS":76,"TOT_SCHD_MN":0,"JPY_RSN_CD":"M   ","RESCHD_RSN_CD":"IETI","STN_SEQ_NUMB":111,"DEST_EAVL_DT":"2021-04-26","DEST_EAVL_TM":"12.00.00","DEST_EAVL_TZ":"CT","DEST_EAVL_DS_FLAG":"Y","ORIG_SERV_YD_333":"         ","ORIG_SERV_YD_ST":"  ","DEST_SERV_YD_333":"         ","DEST_SERV_YD_ST":"  ","PRG_EVT_CD":"  ","PRG_EVST_CD":"  ","PRG_STN_333":"         ","PRG_STN_ST":"  ","LAST_LEG_CD":" "},"segment":[{"SEQ_NUMB":10,"TRP_CRET_DT":"2021-04-20","TRP_CRET_TM":"15.08.38","TRP_CRET_TZ":"ET","TRP_CRET_DS_FLAG":"Y","TRP_TYPE_CD":"A","EVT_CD":"RR","EVST_CD":"  ","STN_333":"BATROUGE ","STN_ST":"LA","TIME_ZONE":"CT","SCHD_EVT_DT":"2021-04-22","SCHD_EVT_TM":"11.05.00","SCHD_EVT_DS_FLAG":"Y","EST_EVT_DT":"2021-04-22","EST_EVT_TM":"11.05.00","EST_EVT_DS_FLAG":"Y","ACTL_EVT_DT":"0001-01-01","ACTL_EVT_TM":"01.01.01","ACTL_EVT_DS_FLAG":"N","STN_SEQ_NBR":0,"TRN_TYPE":" ","TRN_SECT":" ","TRN_SYM":"    ","TRN_DAY":"  ","BLK_NME":"NOLAF","YD_BLK":"NONOPB","JPY_RSN_CD":"M   ","RESCHD_RSN_CD":"IETI","EQP_INIT":"    ","EQP_NUMB":"          ","CAR_INIT":"ECUX","CAR_NUMB":"    882906","OP_RAJP":"BNSF","ZTS":"BR09  ","YDBLK_CNCT_IND":" "},{"SEQ_NUMB":15,"TRP_CRET_DT":"2021-04-20","TRP_CRET_TM":"15.08.38","TRP_CRET_TZ":"ET","TRP_CRET_DS_FLAG":"Y","TRP_TYPE_CD":"A","EVT_CD":"SW","EVST_CD":"  ","STN_333":"BATROUGE ","STN_ST":"LA","TIME_ZONE":"CT","SCHD_EVT_DT":"2021-04-23","SCHD_EVT_TM":"13.00.00","SCHD_EVT_DS_FLAG":"Y","EST_EVT_DT":"2021-04-23","EST_EVT_TM":"13.00.00","EST_EVT_DS_FLAG":"Y","ACTL_EVT_DT":"0001-01-01","ACTL_EVT_TM":"01.01.01","ACTL_EVT_DS_FLAG":"N","STN_SEQ_NBR":0,"TRN_TYPE":" ","TRN_SECT":" ","TRN_SYM":"KCS ","TRN_DAY":"  ","BLK_NME":"NOLAF","YD_BLK":"NONOPB","JPY_RSN_CD":"M   ","RESCHD_RSN_CD":"IETI","EQP_INIT":"    ","EQP_NUMB":"          ","CAR_INIT":"ECUX","CAR_NUMB":"    882906","OP_RAJP":"BNSF","ZTS":"      ","YDBLK_CNCT_IND":" "},{"SEQ_NUMB":20,"TRP_CRET_DT":"2021-04-20","TRP_CRET_TM":"15.08.38","TRP_CRET_TZ":"ET","TRP_CRET_DS_FLAG":"Y","TRP_TYPE_CD":"A","EVT_CD":"SW","EVST_CD":"  ","STN_333":"BATROUGE ","STN_ST":"LA","TIME_ZONE":"CT","SCHD_EVT_DT":"2021-04-23","SCHD_EVT_TM":"21.00.00","SCHD_EVT_DS_FLAG":"Y","EST_EVT_DT":"2021-04-23","EST_EVT_TM":"21.00.00","EST_EVT_DS_FLAG":"Y","ACTL_EVT_DT":"0001-01-01","ACTL_EVT_TM":"01.01.01","ACTL_EVT_DS_FLAG":"N","STN_SEQ_NBR":0,"TRN_TYPE":" ","TRN_SECT":" ","TRN_SYM":"    ","TRN_DAY":"  ","BLK_NME":"NOLAF","YD_BLK":"NONOPB","JPY_RSN_CD":"M   ","RESCHD_RSN_CD":"IETI","EQP_INIT":"    ","EQP_NUMB":"          ","CAR_INIT":"ECUX","CAR_NUMB":"    882906","OP_RAJP":"BNSF","ZTS":"      ","YDBLK_CNCT_IND":" "},{"SEQ_NUMB":25,"TRP_CRET_DT":"2021-04-20","TRP_CRET_TM":"15.08.38","TRP_CRET_TZ":"ET","TRP_CRET_DS_FLAG":"Y","TRP_TYPE_CD":"A","EVT_CD":"TD","EVST_CD":"WO","STN_333":"BATROUGE ","STN_ST":"LA","TIME_ZONE":"CT","SCHD_EVT_DT":"2021-04-24","SCHD_EVT_TM":"08.10.00","SCHD_EVT_DS_FLAG":"Y","EST_EVT_DT":"2021-04-24","EST_EVT_TM":"08.10.00","EST_EVT_DS_FLAG":"Y","ACTL_EVT_DT":"0001-01-01","ACTL_EVT_TM":"01.01.01","ACTL_EVT_DS_FLAG":"N","STN_SEQ_NBR":80,"TRN_TYPE":"L","TRN_SECT":"1","TRN_SYM":"5827","TRN_DAY":"24","BLK_NME":"NOLAF","YD_BLK":"NONOPB","JPY_RSN_CD":"M   ","RESCHD_RSN_CD":"IETI","EQP_INIT":"    ","EQP_NUMB":"          ","CAR_INIT":"ECUX","CAR_NUMB":"    882906","OP_RAJP":"BNSF","ZTS":"      ","YDBLK_CNCT_IND":" "},{"SEQ_NUMB":30,"TRP_CRET_DT":"2021-04-20","TRP_CRET_TM":"15.08.38","TRP_CRET_TZ":"ET","TRP_CRET_DS_FLAG":"Y","TRP_TYPE_CD":"A","EVT_CD":"TA","EVST_CD":"WO","STN_333":"GEISMAR  ","STN_ST":"LA","TIME_ZONE":"CT","SCHD_EVT_DT":"2021-04-24","SCHD_EVT_TM":"11.00.00","SCHD_EVT_DS_FLAG":"Y","EST_EVT_DT":"2021-04-24","EST_EVT_TM":"11.00.00","EST_EVT_DS_FLAG":"Y","ACTL_EVT_DT":"0001-01-01","ACTL_EVT_TM":"01.01.01","ACTL_EVT_DS_FLAG":"N","STN_SEQ_NBR":150,"TRN_TYPE":"L","TRN_SECT":"1","TRN_SYM":"5827","TRN_DAY":"24","BLK_NME":"NOLAF","YD_BLK":"NONOPB","JPY_RSN_CD":"M   ","RESCHD_RSN_CD":"IETI","EQP_INIT":"    ","EQP_NUMB":"          ","CAR_INIT":"ECUX","CAR_NUMB":"    882906","OP_RAJP":"BNSF","ZTS":"      ","YDBLK_CNCT_IND":" "},{"SEQ_NUMB":35,"TRP_CRET_DT":"2021-04-20","TRP_CRET_TM":"15.08.38","TRP_CRET_TZ":"ET","TRP_CRET_DS_FLAG":"Y","TRP_TYPE_CD":"A","EVT_CD":"SW","EVST_CD":"  ","STN_333":"GEISMAR  ","STN_ST":"LA","TIME_ZONE":"CT","SCHD_EVT_DT":"2021-04-24","SCHD_EVT_TM":"16.00.00","SCHD_EVT_DS_FLAG":"Y","EST_EVT_DT":"2021-04-24","EST_EVT_TM":"16.00.00","EST_EVT_DS_FLAG":"Y","ACTL_EVT_DT":"0001-01-01","ACTL_EVT_TM":"01.01.01","ACTL_EVT_DS_FLAG":"N","STN_SEQ_NBR":0,"TRN_TYPE":" ","TRN_SECT":" ","TRN_SYM":"    ","TRN_DAY":"  ","BLK_NME":"NOLAF","YD_BLK":"NONOPB","JPY_RSN_CD":"M   ","RESCHD_RSN_CD":"IETI","EQP_INIT":"    ","EQP_NUMB":"          ","CAR_INIT":"ECUX","CAR_NUMB":"    882906","OP_RAJP":"BNSF","ZTS":"      ","YDBLK_CNCT_IND":" "},{"SEQ_NUMB":40,"TRP_CRET_DT":"2021-04-20","TRP_CRET_TM":"15.08.38","TRP_CRET_TZ":"ET","TRP_CRET_DS_FLAG":"Y","TRP_TYPE_CD":"A","EVT_CD":"TD","EVST_CD":"WO","STN_333":"GEISMAR  ","STN_ST":"LA","TIME_ZONE":"CT","SCHD_EVT_DT":"2021-04-25","SCHD_EVT_TM":"13.00.00","SCHD_EVT_DS_FLAG":"Y","EST_EVT_DT":"2021-04-25","EST_EVT_TM":"13.00.00","EST_EVT_DS_FLAG":"Y","ACTL_EVT_DT":"0001-01-01","ACTL_EVT_TM":"01.01.01","ACTL_EVT_DS_FLAG":"N","STN_SEQ_NBR":10,"TRN_TYPE":"L","TRN_SECT":"1","TRN_SYM":"5167","TRN_DAY":"25","BLK_NME":"NOLAF","YD_BLK":"NONOPB","JPY_RSN_CD":"M   ","RESCHD_RSN_CD":"IETI","EQP_INIT":"    ","EQP_NUMB":"          ","CAR_INIT":"ECUX","CAR_NUMB":"    882906","OP_RAJP":"BNSF","ZTS":"      ","YDBLK_CNCT_IND":" "},{"SEQ_NUMB":45,"TRP_CRET_DT":"2021-04-20","TRP_CRET_TM":"15.08.38","TRP_CRET_TZ":"ET","TRP_CRET_DS_FLAG":"Y","TRP_TYPE_CD":"A","EVT_CD":"TD","EVST_CD":"PS","STN_333":"DESTREHAN","STN_ST":"LA","TIME_ZONE":"CT","SCHD_EVT_DT":"2021-04-25","SCHD_EVT_TM":"15.20.00","SCHD_EVT_DS_FLAG":"Y","EST_EVT_DT":"2021-04-25","EST_EVT_TM":"15.20.00","EST_EVT_DS_FLAG":"Y","ACTL_EVT_DT":"0001-01-01","ACTL_EVT_TM":"01.01.01","ACTL_EVT_DS_FLAG":"N","STN_SEQ_NBR":220,"TRN_TYPE":"L","TRN_SECT":"1","TRN_SYM":"5167","TRN_DAY":"25","BLK_NME":"NOLAF","YD_BLK":"NONOPB","JPY_RSN_CD":"M   ","RESCHD_RSN_CD":"IETI","EQP_INIT":"    ","EQP_NUMB":"          ","CAR_INIT":"ECUX","CAR_NUMB":"    882906","OP_RAJP":"BNSF","ZTS":"      ","YDBLK_CNCT_IND":" "},{"SEQ_NUMB":50,"TRP_CRET_DT":"2021-04-20","TRP_CRET_TM":"15.08.38","TRP_CRET_TZ":"ET","TRP_CRET_DS_FLAG":"Y","TRP_TYPE_CD":"A","EVT_CD":"TA","EVST_CD":"WO","STN_333":"MAYYARD  ","STN_ST":"LA","TIME_ZONE":"CT","SCHD_EVT_DT":"2021-04-25","SCHD_EVT_TM":"16.00.00","SCHD_EVT_DS_FLAG":"Y","EST_EVT_DT":"2021-04-25","EST_EVT_TM":"16.00.00","EST_EVT_DS_FLAG":"Y","ACTL_EVT_DT":"0001-01-01","ACTL_EVT_TM":"01.01.01","ACTL_EVT_DS_FLAG":"N","STN_SEQ_NBR":270,"TRN_TYPE":"L","TRN_SECT":"1","TRN_SYM":"5167","TRN_DAY":"25","BLK_NME":"NOLAF","YD_BLK":"NONOPB","JPY_RSN_CD":"M   ","RESCHD_RSN_CD":"IETI","EQP_INIT":"    ","EQP_NUMB":"          ","CAR_INIT":"ECUX","CAR_NUMB":"    882906","OP_RAJP":"BNSF","ZTS":"      ","YDBLK_CNCT_IND":" "},{"SEQ_NUMB":55,"TRP_CRET_DT":"2021-04-20","TRP_CRET_TM":"15.08.38","TRP_CRET_TZ":"ET","TRP_CRET_DS_FLAG":"Y","TRP_TYPE_CD":"A","EVT_CD":"SW","EVST_CD":"  ","STN_333":"MAYYARD  ","STN_ST":"LA","TIME_ZONE":"CT","SCHD_EVT_DT":"2021-04-25","SCHD_EVT_TM":"22.00.00","SCHD_EVT_DS_FLAG":"Y","EST_EVT_DT":"2021-04-25","EST_EVT_TM":"22.00.00","EST_EVT_DS_FLAG":"Y","ACTL_EVT_DT":"0001-01-01","ACTL_EVT_TM":"01.01.01","ACTL_EVT_DS_FLAG":"N","STN_SEQ_NBR":0,"TRN_TYPE":" ","TRN_SECT":" ","TRN_SYM":"    ","TRN_DAY":"  ","BLK_NME":"NOLAF","YD_BLK":"NONOPB","JPY_RSN_CD":"M   ","RESCHD_RSN_CD":"IETI","EQP_INIT":"    ","EQP_NUMB":"          ","CAR_INIT":"ECUX","CAR_NUMB":"    882906","OP_RAJP":"BNSF","ZTS":"      ","YDBLK_CNCT_IND":" "},{"SEQ_NUMB":60,"TRP_CRET_DT":"2021-04-20","TRP_CRET_TM":"15.08.38","TRP_CRET_TZ":"ET","TRP_CRET_DS_FLAG":"Y","TRP_TYPE_CD":"A","EVT_CD":"SW","EVST_CD":"  ","STN_333":"NEWORLEAN","STN_ST":"LA","TIME_ZONE":"CT","SCHD_EVT_DT":"2021-04-26","SCHD_EVT_TM":"08.00.00","SCHD_EVT_DS_FLAG":"Y","EST_EVT_DT":"2021-04-26","EST_EVT_TM":"08.00.00","EST_EVT_DS_FLAG":"Y","ACTL_EVT_DT":"0001-01-01","ACTL_EVT_TM":"01.01.01","ACTL_EVT_DS_FLAG":"N","STN_SEQ_NBR":0,"TRN_TYPE":" ","TRN_SECT":" ","TRN_SYM":"BNSF","TRN_DAY":"  ","BLK_NME":"NOLAF","YD_BLK":"NONOPB","JPY_RSN_CD":"M   ","RESCHD_RSN_CD":"IETI","EQP_INIT":"    ","EQP_NUMB":"          ","CAR_INIT":"ECUX","CAR_NUMB":"    882906","OP_RAJP":"BNSF","ZTS":"      ","YDBLK_CNCT_IND":" "},{"SEQ_NUMB":999,"TRP_CRET_DT":"2021-04-20","TRP_CRET_TM":"15.08.38","TRP_CRET_TZ":"ET","TRP_CRET_DS_FLAG":"Y","TRP_TYPE_CD":"A","EVT_CD":"DD","EVST_CD":"  ","STN_333":"NEWORLEAN","STN_ST":"LA","TIME_ZONE":"CT","SCHD_EVT_DT":"2021-04-26","SCHD_EVT_TM":"12.00.00","SCHD_EVT_DS_FLAG":"Y","EST_EVT_DT":"2021-04-26","EST_EVT_TM":"12.00.00","EST_EVT_DS_FLAG":"Y","ACTL_EVT_DT":"0001-01-01","ACTL_EVT_TM":"01.01.01","ACTL_EVT_DS_FLAG":"N","STN_SEQ_NBR":0,"TRN_TYPE":" ","TRN_SECT":" ","TRN_SYM":"    ","TRN_DAY":"  ","BLK_NME":"NOLAF","YD_BLK":"NONOPB","JPY_RSN_CD":"M   ","RESCHD_RSN_CD":"IETI","EQP_INIT":"    ","EQP_NUMB":"          ","CAR_INIT":"ECUX","CAR_NUMB":"    882906","OP_RAJP":"BNSF","ZTS":"NX85  ","YDBLK_CNCT_IND":" "}]}}
{"IngestionHeader":{"ING_CRT_TS":"2021-04-20T15:08:38.997-04:00","PRODUCT_ID":"A089 SRS-SS","UUID":"d065fb6aa20b11ebbed60a0d13360000","FORMAT":"JSON"},"TripPlan":{"header":{"TMS_HDR_MESS_ID":"TRPEVT  ","TMS_HDR_EQP_INIT":"ECUX","TMS_HDR_EQP_NUMB":"882906","TMS_HDR_EQP_WB_ID":"1013-04-20-12.06.41.872016","TMS_HDR_EQP_WB_VRSN":30,"TMS_HDR_TMSTP":"2021-04-20-19.08.38.904984","TMS_ACTION_CODE":"N"},"car":{"EQP_INIT":"ECUX","EQP_NUMB":"882906","WB_ID":"1013-04-20-12.06.41.872016","WB_VRSN":30,"WB_REC_TYPE":"W","WB_STAT_CD":"S","LOAD_EMPTY":"L","CAR_KIND":"C5P ","STCC_NUMBER":"2821139","OP_ORIG_333":"BATROUGE ","OP_ORIG_ST":"LA","OP_CITY_333":"NEWORLEAN","OP_CITY_ST":"LA","DEST_ZTS":"      ","BENEF_OWN_633":"CLOSURSYSINT","ORDER_CONF_NUMB":"          "},"summary":{"TRP_CRET_DT":"2021-04-20","TRP_CRET_TM":"15.08.38","TRP_CRET_TZ":"ET","TRP_CRET_DS_FLAG":"Y","CUST_GOAL_NBR":"8BRGBMYYA","CUST_GOAL_TYP":"C","GOAL_CUTOF_DT":"2021-04-23","GOAL_CUTOF_TM":"08.00.00","GOAL_CUTOF_TZ":"CT","GOAL_CUTOF_DS_FLAG":"Y","ATSF_GOAL_HRS":84,"GOAL_TOT_HRS":84,"GOAL_DT":"2021-04-26","GOAL_TM":"20.00.00","GOAL_TZ":"CT","GOAL_DS_FLAG":"Y","TOT_SCHD_HRS":76,"TOT_SCHD_MN":0,"JPY_RSN_CD":"M   ","RESCHD_RSN_CD":"IETI","STN_SEQ_NUMB":111,"DEST_EAVL_DT":"2021-04-26","DEST_EAVL_TM":"12.00.00","DEST_EAVL_TZ":"CT","DEST_EAVL_DS_FLAG":"Y","ORIG_SERV_YD_333":"         ","ORIG_SERV_YD_ST":"  ","DEST_SERV_YD_333":"         ","DEST_SERV_YD_ST":"  ","PRG_EVT_CD":"  ","PRG_EVST_CD":"  ","PRG_STN_333":"         ","PRG_STN_ST":"  ","LAST_LEG_CD":" "},"segment":[{"SEQ_NUMB":10,"TRP_CRET_DT":"2021-04-20","TRP_CRET_TM":"15.08.38","TRP_CRET_TZ":"ET","TRP_CRET_DS_FLAG":"Y","TRP_TYPE_CD":"A","EVT_CD":"RR","EVST_CD":"  ","STN_333":"BATROUGE ","STN_ST":"LA","TIME_ZONE":"CT","SCHD_EVT_DT":"2021-04-22","SCHD_EVT_TM":"11.05.00","SCHD_EVT_DS_FLAG":"Y","EST_EVT_DT":"2021-04-22","EST_EVT_TM":"11.05.00","EST_EVT_DS_FLAG":"Y","ACTL_EVT_DT":"0001-01-01","ACTL_EVT_TM":"01.01.01","ACTL_EVT_DS_FLAG":"N","STN_SEQ_NBR":0,"TRN_TYPE":" ","TRN_SECT":" ","TRN_SYM":"    ","TRN_DAY":"  ","BLK_NME":"NOLAF","YD_BLK":"NONOPB","JPY_RSN_CD":"M   ","RESCHD_RSN_CD":"IETI","EQP_INIT":"    ","EQP_NUMB":"          ","CAR_INIT":"ECUX","CAR_NUMB":"    882906","OP_RAJP":"BNSF","ZTS":"BR09  ","YDBLK_CNCT_IND":" "},{"SEQ_NUMB":15,"TRP_CRET_DT":"2021-04-20","TRP_CRET_TM":"15.08.38","TRP_CRET_TZ":"ET","TRP_CRET_DS_FLAG":"Y","TRP_TYPE_CD":"A","EVT_CD":"SW","EVST_CD":"  ","STN_333":"BATROUGE ","STN_ST":"LA","TIME_ZONE":"CT","SCHD_EVT_DT":"2021-04-23","SCHD_EVT_TM":"13.00.00","SCHD_EVT_DS_FLAG":"Y","EST_EVT_DT":"2021-04-23","EST_EVT_TM":"13.00.00","EST_EVT_DS_FLAG":"Y","ACTL_EVT_DT":"0001-01-01","ACTL_EVT_TM":"01.01.01","ACTL_EVT_DS_FLAG":"N","STN_SEQ_NBR":0,"TRN_TYPE":" ","TRN_SECT":" ","TRN_SYM":"KCS ","TRN_DAY":"  ","BLK_NME":"NOLAF","YD_BLK":"NONOPB","JPY_RSN_CD":"M   ","RESCHD_RSN_CD":"IETI","EQP_INIT":"    ","EQP_NUMB":"          ","CAR_INIT":"ECUX","CAR_NUMB":"    882906","OP_RAJP":"BNSF","ZTS":"      ","YDBLK_CNCT_IND":" "},{"SEQ_NUMB":20,"TRP_CRET_DT":"2021-04-20","TRP_CRET_TM":"15.08.38","TRP_CRET_TZ":"ET","TRP_CRET_DS_FLAG":"Y","TRP_TYPE_CD":"A","EVT_CD":"SW","EVST_CD":"  ","STN_333":"BATROUGE ","STN_ST":"LA","TIME_ZONE":"CT","SCHD_EVT_DT":"2021-04-23","SCHD_EVT_TM":"21.00.00","SCHD_EVT_DS_FLAG":"Y","EST_EVT_DT":"2021-04-23","EST_EVT_TM":"21.00.00","EST_EVT_DS_FLAG":"Y","ACTL_EVT_DT":"0001-01-01","ACTL_EVT_TM":"01.01.01","ACTL_EVT_DS_FLAG":"N","STN_SEQ_NBR":0,"TRN_TYPE":" ","TRN_SECT":" ","TRN_SYM":"    ","TRN_DAY":"  ","BLK_NME":"NOLAF","YD_BLK":"NONOPB","JPY_RSN_CD":"M   ","RESCHD_RSN_CD":"IETI","EQP_INIT":"    ","EQP_NUMB":"          ","CAR_INIT":"ECUX","CAR_NUMB":"    882906","OP_RAJP":"BNSF","ZTS":"      ","YDBLK_CNCT_IND":" "},{"SEQ_NUMB":25,"TRP_CRET_DT":"2021-04-20","TRP_CRET_TM":"15.08.38","TRP_CRET_TZ":"ET","TRP_CRET_DS_FLAG":"Y","TRP_TYPE_CD":"A","EVT_CD":"TD","EVST_CD":"WO","STN_333":"BATROUGE ","STN_ST":"LA","TIME_ZONE":"CT","SCHD_EVT_DT":"2021-04-24","SCHD_EVT_TM":"08.10.00","SCHD_EVT_DS_FLAG":"Y","EST_EVT_DT":"2021-04-24","EST_EVT_TM":"08.10.00","EST_EVT_DS_FLAG":"Y","ACTL_EVT_DT":"0001-01-01","ACTL_EVT_TM":"01.01.01","ACTL_EVT_DS_FLAG":"N","STN_SEQ_NBR":80,"TRN_TYPE":"L","TRN_SECT":"1","TRN_SYM":"5827","TRN_DAY":"24","BLK_NME":"NOLAF","YD_BLK":"NONOPB","JPY_RSN_CD":"M   ","RESCHD_RSN_CD":"IETI","EQP_INIT":"    ","EQP_NUMB":"          ","CAR_INIT":"ECUX","CAR_NUMB":"    882906","OP_RAJP":"BNSF","ZTS":"      ","YDBLK_CNCT_IND":" "},{"SEQ_NUMB":30,"TRP_CRET_DT":"2021-04-20","TRP_CRET_TM":"15.08.38","TRP_CRET_TZ":"ET","TRP_CRET_DS_FLAG":"Y","TRP_TYPE_CD":"A","EVT_CD":"TA","EVST_CD":"WO","STN_333":"GEISMAR  ","STN_ST":"LA","TIME_ZONE":"CT","SCHD_EVT_DT":"2021-04-24","SCHD_EVT_TM":"11.00.00","SCHD_EVT_DS_FLAG":"Y","EST_EVT_DT":"2021-04-24","EST_EVT_TM":"11.00.00","EST_EVT_DS_FLAG":"Y","ACTL_EVT_DT":"0001-01-01","ACTL_EVT_TM":"01.01.01","ACTL_EVT_DS_FLAG":"N","STN_SEQ_NBR":150,"TRN_TYPE":"L","TRN_SECT":"1","TRN_SYM":"5827","TRN_DAY":"24","BLK_NME":"NOLAF","YD_BLK":"NONOPB","JPY_RSN_CD":"M   ","RESCHD_RSN_CD":"IETI","EQP_INIT":"    ","EQP_NUMB":"          ","CAR_INIT":"ECUX","CAR_NUMB":"    882906","OP_RAJP":"BNSF","ZTS":"      ","YDBLK_CNCT_IND":" "},{"SEQ_NUMB":35,"TRP_CRET_DT":"2021-04-20","TRP_CRET_TM":"15.08.38","TRP_CRET_TZ":"ET","TRP_CRET_DS_FLAG":"Y","TRP_TYPE_CD":"A","EVT_CD":"SW","EVST_CD":"  ","STN_333":"GEISMAR  ","STN_ST":"LA","TIME_ZONE":"CT","SCHD_EVT_DT":"2021-04-24","SCHD_EVT_TM":"16.00.00","SCHD_EVT_DS_FLAG":"Y","EST_EVT_DT":"2021-04-24","EST_EVT_TM":"16.00.00","EST_EVT_DS_FLAG":"Y","ACTL_EVT_DT":"0001-01-01","ACTL_EVT_TM":"01.01.01","ACTL_EVT_DS_FLAG":"N","STN_SEQ_NBR":0,"TRN_TYPE":" ","TRN_SECT":" ","TRN_SYM":"    ","TRN_DAY":"  ","BLK_NME":"NOLAF","YD_BLK":"NONOPB","JPY_RSN_CD":"M   ","RESCHD_RSN_CD":"IETI","EQP_INIT":"    ","EQP_NUMB":"          ","CAR_INIT":"ECUX","CAR_NUMB":"    882906","OP_RAJP":"BNSF","ZTS":"      ","YDBLK_CNCT_IND":" "},{"SEQ_NUMB":40,"TRP_CRET_DT":"2021-04-20","TRP_CRET_TM":"15.08.38","TRP_CRET_TZ":"ET","TRP_CRET_DS_FLAG":"Y","TRP_TYPE_CD":"A","EVT_CD":"TD","EVST_CD":"WO","STN_333":"GEISMAR  ","STN_ST":"LA","TIME_ZONE":"CT","SCHD_EVT_DT":"2021-04-25","SCHD_EVT_TM":"13.00.00","SCHD_EVT_DS_FLAG":"Y","EST_EVT_DT":"2021-04-25","EST_EVT_TM":"13.00.00","EST_EVT_DS_FLAG":"Y","ACTL_EVT_DT":"0001-01-01","ACTL_EVT_TM":"01.01.01","ACTL_EVT_DS_FLAG":"N","STN_SEQ_NBR":10,"TRN_TYPE":"L","TRN_SECT":"1","TRN_SYM":"5167","TRN_DAY":"25","BLK_NME":"NOLAF","YD_BLK":"NONOPB","JPY_RSN_CD":"M   ","RESCHD_RSN_CD":"IETI","EQP_INIT":"    ","EQP_NUMB":"          ","CAR_INIT":"ECUX","CAR_NUMB":"    882906","OP_RAJP":"BNSF","ZTS":"      ","YDBLK_CNCT_IND":" "},{"SEQ_NUMB":45,"TRP_CRET_DT":"2021-04-20","TRP_CRET_TM":"15.08.38","TRP_CRET_TZ":"ET","TRP_CRET_DS_FLAG":"Y","TRP_TYPE_CD":"A","EVT_CD":"TD","EVST_CD":"PS","STN_333":"DESTREHAN","STN_ST":"LA","TIME_ZONE":"CT","SCHD_EVT_DT":"2021-04-25","SCHD_EVT_TM":"15.20.00","SCHD_EVT_DS_FLAG":"Y","EST_EVT_DT":"2021-04-25","EST_EVT_TM":"15.20.00","EST_EVT_DS_FLAG":"Y","ACTL_EVT_DT":"0001-01-01","ACTL_EVT_TM":"01.01.01","ACTL_EVT_DS_FLAG":"N","STN_SEQ_NBR":220,"TRN_TYPE":"L","TRN_SECT":"1","TRN_SYM":"5167","TRN_DAY":"25","BLK_NME":"NOLAF","YD_BLK":"NONOPB","JPY_RSN_CD":"M   ","RESCHD_RSN_CD":"IETI","EQP_INIT":"    ","EQP_NUMB":"          ","CAR_INIT":"ECUX","CAR_NUMB":"    882906","OP_RAJP":"BNSF","ZTS":"      ","YDBLK_CNCT_IND":" "},{"SEQ_NUMB":50,"TRP_CRET_DT":"2021-04-20","TRP_CRET_TM":"15.08.38","TRP_CRET_TZ":"ET","TRP_CRET_DS_FLAG":"Y","TRP_TYPE_CD":"A","EVT_CD":"TA","EVST_CD":"WO","STN_333":"MAYYARD  ","STN_ST":"LA","TIME_ZONE":"CT","SCHD_EVT_DT":"2021-04-25","SCHD_EVT_TM":"16.00.00","SCHD_EVT_DS_FLAG":"Y","EST_EVT_DT":"2021-04-25","EST_EVT_TM":"16.00.00","EST_EVT_DS_FLAG":"Y","ACTL_EVT_DT":"0001-01-01","ACTL_EVT_TM":"01.01.01","ACTL_EVT_DS_FLAG":"N","STN_SEQ_NBR":270,"TRN_TYPE":"L","TRN_SECT":"1","TRN_SYM":"5167","TRN_DAY":"25","BLK_NME":"NOLAF","YD_BLK":"NONOPB","JPY_RSN_CD":"M   ","RESCHD_RSN_CD":"IETI","EQP_INIT":"    ","EQP_NUMB":"          ","CAR_INIT":"ECUX","CAR_NUMB":"    882906","OP_RAJP":"BNSF","ZTS":"      ","YDBLK_CNCT_IND":" "},{"SEQ_NUMB":55,"TRP_CRET_DT":"2021-04-20","TRP_CRET_TM":"15.08.38","TRP_CRET_TZ":"ET","TRP_CRET_DS_FLAG":"Y","TRP_TYPE_CD":"A","EVT_CD":"SW","EVST_CD":"  ","STN_333":"MAYYARD  ","STN_ST":"LA","TIME_ZONE":"CT","SCHD_EVT_DT":"2021-04-25","SCHD_EVT_TM":"22.00.00","SCHD_EVT_DS_FLAG":"Y","EST_EVT_DT":"2021-04-25","EST_EVT_TM":"22.00.00","EST_EVT_DS_FLAG":"Y","ACTL_EVT_DT":"0001-01-01","ACTL_EVT_TM":"01.01.01","ACTL_EVT_DS_FLAG":"N","STN_SEQ_NBR":0,"TRN_TYPE":" ","TRN_SECT":" ","TRN_SYM":"    ","TRN_DAY":"  ","BLK_NME":"NOLAF","YD_BLK":"NONOPB","JPY_RSN_CD":"M   ","RESCHD_RSN_CD":"IETI","EQP_INIT":"    ","EQP_NUMB":"          ","CAR_INIT":"ECUX","CAR_NUMB":"    882906","OP_RAJP":"BNSF","ZTS":"      ","YDBLK_CNCT_IND":" "},{"SEQ_NUMB":60,"TRP_CRET_DT":"2021-04-20","TRP_CRET_TM":"15.08.38","TRP_CRET_TZ":"ET","TRP_CRET_DS_FLAG":"Y","TRP_TYPE_CD":"A","EVT_CD":"SW","EVST_CD":"  ","STN_333":"NEWORLEAN","STN_ST":"LA","TIME_ZONE":"CT","SCHD_EVT_DT":"2021-04-26","SCHD_EVT_TM":"08.00.00","SCHD_EVT_DS_FLAG":"Y","EST_EVT_DT":"2021-04-26","EST_EVT_TM":"08.00.00","EST_EVT_DS_FLAG":"Y","ACTL_EVT_DT":"0001-01-01","ACTL_EVT_TM":"01.01.01","ACTL_EVT_DS_FLAG":"N","STN_SEQ_NBR":0,"TRN_TYPE":" ","TRN_SECT":" ","TRN_SYM":"BNSF","TRN_DAY":"  ","BLK_NME":"NOLAF","YD_BLK":"NONOPB","JPY_RSN_CD":"M   ","RESCHD_RSN_CD":"IETI","EQP_INIT":"    ","EQP_NUMB":"          ","CAR_INIT":"ECUX","CAR_NUMB":"    882906","OP_RAJP":"BNSF","ZTS":"      ","YDBLK_CNCT_IND":" "},{"SEQ_NUMB":999,"TRP_CRET_DT":"2021-04-20","TRP_CRET_TM":"15.08.38","TRP_CRET_TZ":"ET","TRP_CRET_DS_FLAG":"Y","TRP_TYPE_CD":"A","EVT_CD":"DD","EVST_CD":"  ","STN_333":"NEWORLEAN","STN_ST":"LA","TIME_ZONE":"CT","SCHD_EVT_DT":"2021-04-26","SCHD_EVT_TM":"12.00.00","SCHD_EVT_DS_FLAG":"Y","EST_EVT_DT":"2021-04-26","EST_EVT_TM":"12.00.00","EST_EVT_DS_FLAG":"Y","ACTL_EVT_DT":"0001-01-01","ACTL_EVT_TM":"01.01.01","ACTL_EVT_DS_FLAG":"N","STN_SEQ_NBR":0,"TRN_TYPE":" ","TRN_SECT":" ","TRN_SYM":"    ","TRN_DAY":"  ","BLK_NME":"NOLAF","YD_BLK":"NONOPB","JPY_RSN_CD":"M   ","RESCHD_RSN_CD":"IETI","EQP_INIT":"    ","EQP_NUMB":"          ","CAR_INIT":"ECUX","CAR_NUMB":"    882906","OP_RAJP":"BNSF","ZTS":"NX85  ","YDBLK_CNCT_IND":" "}]}}
{"IngestionHeader":{"ING_CRT_TS":"2021-04-22T11:01:32.684-04:00","PRODUCT_ID":"A089 SRS-SS","UUID":"a011525ea37b11ebbed60a0d13360000","FORMAT":"JSON"},"TripPlan":{"header":{"TMS_HDR_MESS_ID":"TRPEVT  ","TMS_HDR_EQP_INIT":"PLHU","TMS_HDR_EQP_NUMB":"700810","TMS_HDR_EQP_WB_ID":"6255-04-13-10.36.13.322021","TMS_HDR_EQP_WB_VRSN":2,"TMS_HDR_TMSTP":"2021-04-22-15.01.32.643249","TMS_ACTION_CODE":"R"},"car":{"EQP_INIT":"PLHU","EQP_NUMB":"700810","WB_ID":"6255-04-13-10.36.13.322021","WB_VRSN":2,"WB_REC_TYPE":"W","WB_STAT_CD":"A","LOAD_EMPTY":"L","CAR_KIND":"KC1 ","STCC_NUMBER":"2099515","OP_ORIG_333":"MONTASYAR","OP_ORIG_ST":"PQ","OP_CITY_333":"MALPORT  ","OP_CITY_ST":"ON","DEST_ZTS":"      ","BENEF_OWN_633":"            ","ORDER_CONF_NUMB":"          "},"summary":{"TRP_CRET_DT":"2021-04-22","TRP_CRET_TM":"11.01.32","TRP_CRET_TZ":"ET","TRP_CRET_DS_FLAG":"Y","CUST_GOAL_NBR":"DEFAULTI ","CUST_GOAL_TYP":"I","GOAL_CUTOF_DT":"2021-04-13","GOAL_CUTOF_TM":"16.00.00","GOAL_CUTOF_TZ":"ET","GOAL_CUTOF_DS_FLAG":"Y","ATSF_GOAL_HRS":175,"GOAL_TOT_HRS":175,"GOAL_DT":"2021-04-20","GOAL_TM":"23.00.00","GOAL_TZ":"ET","GOAL_DS_FLAG":"Y","TOT_SCHD_HRS":3,"TOT_SCHD_MN":58,"JPY_RSN_CD":"Y   ","RESCHD_RSN_CD":"ACWB","STN_SEQ_NUMB":0,"DEST_EAVL_DT":"2021-04-13","DEST_EAVL_TM":"12.02.00","DEST_EAVL_TZ":"ET","DEST_EAVL_DS_FLAG":"Y","ORIG_SERV_YD_333":"         ","ORIG_SERV_YD_ST":"  ","DEST_SERV_YD_333":"         ","DEST_SERV_YD_ST":"  ","PRG_EVT_CD":"  ","PRG_EVST_CD":"  ","PRG_STN_333":"         ","PRG_STN_ST":"  ","LAST_LEG_CD":"Y"},"segment":[{"SEQ_NUMB":10,"TRP_CRET_DT":"2021-04-13","TRP_CRET_TM":"10.42.02","TRP_CRET_TZ":"ET","TRP_CRET_DS_FLAG":"Y","TRP_TYPE_CD":"A","EVT_CD":"IG","EVST_CD":"  ","STN_333":"MONTASYAR","STN_ST":"PQ","TIME_ZONE":"ET","SCHD_EVT_DT":"2021-04-13","SCHD_EVT_TM":"10.42.02","SCHD_EVT_DS_FLAG":"Y","EST_EVT_DT":"2021-04-13","EST_EVT_TM":"10.42.01","EST_EVT_DS_FLAG":"Y","ACTL_EVT_DT":"2021-04-13","ACTL_EVT_TM":"10.42.01","ACTL_EVT_DS_FLAG":"Y","STN_SEQ_NBR":0,"TRN_TYPE":" ","TRN_SECT":" ","TRN_SYM":"    ","TRN_DAY":"  ","BLK_NME":"BITII","YD_BLK":"BITDOM","JPY_RSN_CD":"M   ","RESCHD_RSN_CD":"    ","EQP_INIT":"PLHU","EQP_NUMB":"    700810","CAR_INIT":"    ","CAR_NUMB":"          ","OP_RAJP":"    ","ZTS":"      ","YDBLK_CNCT_IND":" "},{"SEQ_NUMB":15,"TRP_CRET_DT":"2021-04-13","TRP_CRET_TM":"10.42.02","TRP_CRET_TZ":"ET","TRP_CRET_DS_FLAG":"Y","TRP_TYPE_CD":"A","EVT_CD":"RM","EVST_CD":"  ","STN_333":"MONTASYAR","STN_ST":"PQ","TIME_ZONE":"ET","SCHD_EVT_DT":"2021-04-13","SCHD_EVT_TM":"16.00.00","SCHD_EVT_DS_FLAG":"Y","EST_EVT_DT":"2021-04-13","EST_EVT_TM":"16.00.00","EST_EVT_DS_FLAG":"Y","ACTL_EVT_DT":"2021-04-13","ACTL_EVT_TM":"10.54.00","ACTL_EVT_DS_FLAG":"Y","STN_SEQ_NBR":0,"TRN_TYPE":" ","TRN_SECT":" ","TRN_SYM":"    ","TRN_DAY":"  ","BLK_NME":"BITII","YD_BLK":"BITDOM","JPY_RSN_CD":"M   ","RESCHD_RSN_CD":"    ","EQP_INIT":"PLHU","EQP_NUMB":"    700810","CAR_INIT":"DTTX","CAR_NUMB":"    721045","OP_RAJP":"    ","ZTS":"      ","YDBLK_CNCT_IND":" "},{"SEQ_NUMB":20,"TRP_CRET_DT":"2021-04-13","TRP_CRET_TM":"10.42.02","TRP_CRET_TZ":"ET","TRP_CRET_DS_FLAG":"Y","TRP_TYPE_CD":"A","EVT_CD":"RI","EVST_CD":"FL","STN_333":"MONTASYAR","STN_ST":"PQ","TIME_ZONE":"ET","SCHD_EVT_DT":"2021-04-13","SCHD_EVT_TM":"16.01.00","SCHD_EVT_DS_FLAG":"Y","EST_EVT_DT":"2021-04-13","EST_EVT_TM":"16.01.00","EST_EVT_DS_FLAG":"Y","ACTL_EVT_DT":"2021-04-13","ACTL_EVT_TM":"10.56.00","ACTL_EVT_DS_FLAG":"Y","STN_SEQ_NBR":0,"TRN_TYPE":" ","TRN_SECT":" ","TRN_SYM":"    ","TRN_DAY":"  ","BLK_NME":"BITII","YD_BLK":"BITDOM","JPY_RSN_CD":"M   ","RESCHD_RSN_CD":"    ","EQP_INIT":"PLHU","EQP_NUMB":"    700810","CAR_INIT":"DTTX","CAR_NUMB":"    721045","OP_RAJP":"    ","ZTS":"      ","YDBLK_CNCT_IND":" "},{"SEQ_NUMB":25,"TRP_CRET_DT":"2021-04-13","TRP_CRET_TM":"10.57.58","TRP_CRET_TZ":"ET","TRP_CRET_DS_FLAG":"Y","TRP_TYPE_CD":"A","EVT_CD":"SW","EVST_CD":"  ","STN_333":"MONTASYAR","STN_ST":"PQ","TIME_ZONE":"ET","SCHD_EVT_DT":"2021-04-13","SCHD_EVT_TM":"16.05.00","SCHD_EVT_DS_FLAG":"Y","EST_EVT_DT":"2021-04-13","EST_EVT_TM":"16.05.00","EST_EVT_DS_FLAG":"Y","ACTL_EVT_DT":"2021-04-13","ACTL_EVT_TM":"10.59.00","ACTL_EVT_DS_FLAG":"Y","STN_SEQ_NBR":0,"TRN_TYPE":" ","TRN_SECT":" ","TRN_SYM":"    ","TRN_DAY":"  ","BLK_NME":"MALPI","YD_BLK":"BITDOM","JPY_RSN_CD":"    ","RESCHD_RSN_CD":"MSMT","EQP_INIT":"PLHU","EQP_NUMB":"    700810","CAR_INIT":"DTTX","CAR_NUMB":"    721045","OP_RAJP":"    ","ZTS":"      ","YDBLK_CNCT_IND":" "},{"SEQ_NUMB":30,"TRP_CRET_DT":"2021-04-13","TRP_CRET_TM":"11.00.20","TRP_CRET_TZ":"ET","TRP_CRET_DS_FLAG":"Y","TRP_TYPE_CD":"A","EVT_CD":"SW","EVST_CD":"  ","STN_333":"MONTASYAR","STN_ST":"PQ","TIME_ZONE":"ET","SCHD_EVT_DT":"2021-04-13","SCHD_EVT_TM":"16.05.00","SCHD_EVT_DS_FLAG":"Y","EST_EVT_DT":"2021-04-13","EST_EVT_TM":"16.05.00","EST_EVT_DS_FLAG":"Y","ACTL_EVT_DT":"2021-04-13","ACTL_EVT_TM":"11.00.00","ACTL_EVT_DS_FLAG":"Y","STN_SEQ_NBR":0,"TRN_TYPE":" ","TRN_SECT":" ","TRN_SYM":"    ","TRN_DAY":"  ","BLK_NME":"MALPI","YD_BLK":"BITDOM","JPY_RSN_CD":"    ","RESCHD_RSN_CD":"ATJS","EQP_INIT":"PLHU","EQP_NUMB":"    700810","CAR_INIT":"DTTX","CAR_NUMB":"    721045","OP_RAJP":"    ","ZTS":"      ","YDBLK_CNCT_IND":" "},{"SEQ_NUMB":35,"TRP_CRET_DT":"2021-04-13","TRP_CRET_TM":"11.00.20","TRP_CRET_TZ":"ET","TRP_CRET_DS_FLAG":"Y","TRP_TYPE_CD":"A","EVT_CD":"TD","EVST_CD":"WO","STN_333":"MONTASYAR","STN_ST":"PQ","TIME_ZONE":"ET","SCHD_EVT_DT":"2021-04-13","SCHD_EVT_TM":"11.00.00","SCHD_EVT_DS_FLAG":"Y","EST_EVT_DT":"2021-04-13","EST_EVT_TM":"11.00.00","EST_EVT_DS_FLAG":"Y","ACTL_EVT_DT":"2021-04-13","ACTL_EVT_TM":"11.00.00","ACTL_EVT_DS_FLAG":"Y","STN_SEQ_NBR":10,"TRN_TYPE":"Q","TRN_SECT":"2","TRN_SYM":"8463","TRN_DAY":"13","BLK_NME":"MALPI","YD_BLK":"BITDOM","JPY_RSN_CD":"    ","RESCHD_RSN_CD":"ATJS","EQP_INIT":"PLHU","EQP_NUMB":"    700810","CAR_INIT":"DTTX","CAR_NUMB":"    721045","OP_RAJP":"    ","ZTS":"      ","YDBLK_CNCT_IND":" "},{"SEQ_NUMB":40,"TRP_CRET_DT":"2021-04-13","TRP_CRET_TM":"11.00.20","TRP_CRET_TZ":"ET","TRP_CRET_DS_FLAG":"Y","TRP_TYPE_CD":"A","EVT_CD":"TA","EVST_CD":"WO","STN_333":"MALPORT  ","STN_ST":"ON","TIME_ZONE":"ET","SCHD_EVT_DT":"2021-04-13","SCHD_EVT_TM":"11.02.00","SCHD_EVT_DS_FLAG":"Y","EST_EVT_DT":"2021-04-13","EST_EVT_TM":"11.02.00","EST_EVT_DS_FLAG":"Y","ACTL_EVT_DT":"2021-04-13","ACTL_EVT_TM":"11.03.00","ACTL_EVT_DS_FLAG":"Y","STN_SEQ_NBR":20,"TRN_TYPE":"Q","TRN_SECT":"2","TRN_SYM":"8463","TRN_DAY":"13","BLK_NME":"MALPI","YD_BLK":"BITDOM","JPY_RSN_CD":"    ","RESCHD_RSN_CD":"ATJS","EQP_INIT":"PLHU","EQP_NUMB":"    700810","CAR_INIT":"DTTX","CAR_NUMB":"    721045","OP_RAJP":"    ","ZTS":"      ","YDBLK_CNCT_IND":" "},{"SEQ_NUMB":45,"TRP_CRET_DT":"2021-04-13","TRP_CRET_TM":"11.00.20","TRP_CRET_TZ":"ET","TRP_CRET_DS_FLAG":"Y","TRP_TYPE_CD":"A","EVT_CD":"SW","EVST_CD":"  ","STN_333":"MALPORT  ","STN_ST":"ON","TIME_ZONE":"ET","SCHD_EVT_DT":"2021-04-13","SCHD_EVT_TM":"12.02.00","SCHD_EVT_DS_FLAG":"Y","EST_EVT_DT":"2021-04-13","EST_EVT_TM":"12.02.00","EST_EVT_DS_FLAG":"Y","ACTL_EVT_DT":"2021-04-15","ACTL_EVT_TM":"02.59.00","ACTL_EVT_DS_FLAG":"Y","STN_SEQ_NBR":0,"TRN_TYPE":" ","TRN_SECT":" ","TRN_SYM":"    ","TRN_DAY":"  ","BLK_NME":"MALPI","YD_BLK":"MALINT","JPY_RSN_CD":"    ","RESCHD_RSN_CD":"ATJS","EQP_INIT":"PLHU","EQP_NUMB":"    700810","CAR_INIT":"DTTX","CAR_NUMB":"    721045","OP_RAJP":"    ","ZTS":"      ","YDBLK_CNCT_IND":" "},{"SEQ_NUMB":50,"TRP_CRET_DT":"2021-04-13","TRP_CRET_TM":"11.00.20","TRP_CRET_TZ":"ET","TRP_CRET_DS_FLAG":"Y","TRP_TYPE_CD":"A","EVT_CD":"AP","EVST_CD":"ST","STN_333":"MALPORT  ","STN_ST":"ON","TIME_ZONE":"ET","SCHD_EVT_DT":"2021-04-13","SCHD_EVT_TM":"12.02.00","SCHD_EVT_DS_FLAG":"Y","EST_EVT_DT":"2021-04-13","EST_EVT_TM":"12.02.00","EST_EVT_DS_FLAG":"Y","ACTL_EVT_DT":"2021-04-15","ACTL_EVT_TM":"03.00.00","ACTL_EVT_DS_FLAG":"Y","STN_SEQ_NBR":0,"TRN_TYPE":" ","TRN_SECT":" ","TRN_SYM":"    ","TRN_DAY":"  ","BLK_NME":"MALPI","YD_BLK":"MALINT","JPY_RSN_CD":"M   ","RESCHD_RSN_CD":"ATJS","EQP_INIT":"PLHU","EQP_NUMB":"    700810","CAR_INIT":"DTTX","CAR_NUMB":"    721045","OP_RAJP":"    ","ZTS":"C301  ","YDBLK_CNCT_IND":" "},{"SEQ_NUMB":55,"TRP_CRET_DT":"2021-04-13","TRP_CRET_TM":"11.00.20","TRP_CRET_TZ":"ET","TRP_CRET_DS_FLAG":"Y","TRP_TYPE_CD":"A","EVT_CD":"DR","EVST_CD":"  ","STN_333":"MALPORT  ","STN_ST":"ON","TIME_ZONE":"ET","SCHD_EVT_DT":"2021-04-13","SCHD_EVT_TM":"12.02.00","SCHD_EVT_DS_FLAG":"Y","EST_EVT_DT":"2021-04-13","EST_EVT_TM":"12.02.00","EST_EVT_DS_FLAG":"Y","ACTL_EVT_DT":"2021-04-15","ACTL_EVT_TM":"06.00.00","ACTL_EVT_DS_FLAG":"Y","STN_SEQ_NBR":0,"TRN_TYPE":" ","TRN_SECT":" ","TRN_SYM":"    ","TRN_DAY":"  ","BLK_NME":"MALPI","YD_BLK":"MALINT","JPY_RSN_CD":"M   ","RESCHD_RSN_CD":"ATJS","EQP_INIT":"PLHU","EQP_NUMB":"    700810","CAR_INIT":"DTTX","CAR_NUMB":"    721045","OP_RAJP":"    ","ZTS":"      ","YDBLK_CNCT_IND":" "},{"SEQ_NUMB":60,"TRP_CRET_DT":"2021-04-22","TRP_CRET_TM":"11.01.32","TRP_CRET_TZ":"ET","TRP_CRET_DS_FLAG":"Y","TRP_TYPE_CD":"A","EVT_CD":"SW","EVST_CD":"  ","STN_333":"MALPORT  ","STN_ST":"ON","TIME_ZONE":"ET","SCHD_EVT_DT":"2021-04-22","SCHD_EVT_TM":"11.02.32","SCHD_EVT_DS_FLAG":"Y","EST_EVT_DT":"2021-04-22","EST_EVT_TM":"11.02.32","EST_EVT_DS_FLAG":"Y","ACTL_EVT_DT":"0001-01-01","ACTL_EVT_TM":"01.01.01","ACTL_EVT_DS_FLAG":"N","STN_SEQ_NBR":0,"TRN_TYPE":" ","TRN_SECT":" ","TRN_SYM":"    ","TRN_DAY":"  ","BLK_NME":"MALPI","YD_BLK":"MALINT","JPY_RSN_CD":"Y   ","RESCHD_RSN_CD":"ACWB","EQP_INIT":"PLHU","EQP_NUMB":"    700810","CAR_INIT":"DTTX","CAR_NUMB":"    721045","OP_RAJP":"    ","ZTS":"      ","YDBLK_CNCT_IND":" "},{"SEQ_NUMB":999,"TRP_CRET_DT":"2021-04-22","TRP_CRET_TM":"11.01.32","TRP_CRET_TZ":"ET","TRP_CRET_DS_FLAG":"Y","TRP_TYPE_CD":"A","EVT_CD":"OG","EVST_CD":"  ","STN_333":"MALPORT  ","STN_ST":"ON","TIME_ZONE":"ET","SCHD_EVT_DT":"2021-04-22","SCHD_EVT_TM":"11.02.32","SCHD_EVT_DS_FLAG":"Y","EST_EVT_DT":"2021-04-22","EST_EVT_TM":"11.02.32","EST_EVT_DS_FLAG":"Y","ACTL_EVT_DT":"0001-01-01","ACTL_EVT_TM":"01.01.01","ACTL_EVT_DS_FLAG":"N","STN_SEQ_NBR":0,"TRN_TYPE":" ","TRN_SECT":" ","TRN_SYM":"    ","TRN_DAY":"  ","BLK_NME":"MALPI","YD_BLK":"MALINT","JPY_RSN_CD":"Y   ","RESCHD_RSN_CD":"ACWB","EQP_INIT":"PLHU","EQP_NUMB":"    700810","CAR_INIT":"DTTX","CAR_NUMB":"    721045","OP_RAJP":"    ","ZTS":"      ","YDBLK_CNCT_IND":" "}]}}
{"IngestionHeader":{"ING_CRT_TS":"2021-04-20T15:44:47.209-04:00","PRODUCT_ID":"A089 SRS-SS","UUID":"dcc30560a21011ebbed60a0d13360000","FORMAT":"JSON"},"TripPlan":{"header":{"TMS_HDR_MESS_ID":"TRPEVT  ","TMS_HDR_EQP_INIT":"BN  ","TMS_HDR_EQP_NUMB":"500140","TMS_HDR_EQP_WB_ID":"9951-02-08-09.56.57.692021","TMS_HDR_EQP_WB_VRSN":1,"TMS_HDR_TMSTP":"2021-04-20-19.44.47.148375","TMS_ACTION_CODE":"P"},"summary":{"TRP_CRET_DT":"0001-01-01","TRP_CRET_TM":"01.01.01","TRP_CRET_TZ":"ET","TRP_CRET_DS_FLAG":"N","CUST_GOAL_NBR":"         ","CUST_GOAL_TYP":" ","GOAL_CUTOF_DT":"0001-01-01","GOAL_CUTOF_TM":"01.01.01","GOAL_CUTOF_TZ":"ET","GOAL_CUTOF_DS_FLAG":"N","ATSF_GOAL_HRS":0,"GOAL_TOT_HRS":0,"GOAL_DT":"0001-01-01","GOAL_TM":"01.01.01","GOAL_TZ":"ET","GOAL_DS_FLAG":"N","TOT_SCHD_HRS":0,"TOT_SCHD_MN":0,"JPY_RSN_CD":"    ","RESCHD_RSN_CD":"    ","STN_SEQ_NUMB":0,"DEST_EAVL_DT":"0001-01-01","DEST_EAVL_TM":"01.01.01","DEST_EAVL_TZ":"ET","DEST_EAVL_DS_FLAG":"N","ORIG_SERV_YD_333":"         ","ORIG_SERV_YD_ST":"  ","DEST_SERV_YD_333":"         ","DEST_SERV_YD_ST":"  ","PRG_EVT_CD":"OT","PRG_EVST_CD":"IP","PRG_STN_333":"         ","PRG_STN_ST":"  ","LAST_LEG_CD":" "}}}