{"IngestionHeader": {"ING_CRT_TS": "2021-02-16 21:34:51.201","PRODUCT_ID": "A234 Corporate Equipment","UUID": null,"FORMAT": "JSON"},"Umler": {"NOM_CPTY": 154,"RATE_IND": "4","CMPT_CNT": 0,"IBMSNAP_LOGMARKER": "1900-01-01 00:00:00","IS_WDTH_FT": 9,"TARE_WGT": 659,"EQP_LSEE_ABBR": "    ","OPER_BRAK": null,"PLATFORM_TARE_WEIGHT_3": 0,"PLATFORM_TARE_WEIGHT_2": 0,"PLATFORM_TARE_WEIGHT_1": 0,"PLATFORM_TARE_WEIGHT_7": 0,"EQP_INIT": "ABOX","PLATFORM_TARE_WEIGHT_6": 0,"PLATFORM_TARE_WEIGHT_5": 0,"PLATFORM_TARE_WEIGHT_4": 0,"DU13_ABT_DUE_DT": "2008-07-01T00:00:00","ACTL_TANK_CPTY": 0,"PLATFORM_TARE_WEIGHT_9": 0,"AAR_POOL_CD": 0,"PLATFORM_TARE_WEIGHT_8": 0,"RBLD_DT": "9999-12-31T00:00:00","SIDE_DOOR_TYP": "09","B204_JCKT_MATL_CTGY": " ","IBMSNAP_COMMITSEQ": " ","ERT_CD": "4","TRSP_CD_TRUE": " ","ERT_FPS_IND": "N","B207_TANK_MJR_CLSS": "  ","IS_LGTH_FT": 50,"TCPD34_RSTR_IND": " ","IS_HGTH_IN": 0,"TANK_CPLC_IND": " ","AAR_MECH_DSGN": "XM  ","LDLT_LOAD_LMT": 154100,"DU58_ABT_DUE_DT": "2012-06-01T00:00:00","EQP_NBR_SRS": "     52062","XTRM_WDT": 1008,"PLATFORM_TARE_WEIGHT_10": 0,"EQP_NBR": "0052062","TRCK_CTRLGT_IN": 10,"BLD_DT": "0001-01-01T00:00:00","A266_TOT_WGT_RAIL": 220000,"B259_INLT_PROT_THC": 0,"XTRM_HGT": 1505,"CAR_GRD_CD": "A ","BH_HGT_FT": null,"OSID_LGT": 5507,"LINING": "L","FORMAT_TYP": "A","STARRED": " ","SIDE_DOOR_WDTH": 1600,"ERT_CD_TRUE": "4","TRSP_COND_CD": " ","SIDE_DOOR_H_FT": 10,"EFF_DT_YYMM": 811,"EQP_INIT_NBR": "ABOX0052062","ABRK_TST_DT": "2012-01-26T00:00:00","EQP_OWNR_CD": "B","AAR_POOL_EW_IND": "N","TCPD34_OWNID_IND": " ","TRSP_CD_EW_IND": "N","FLOOR_TYP": "3","ROOF_TYP": " ","PLATFORM_LOAD_LIMIT_9": 0,"IBMSNAP_OPERATION": "I","CUFT_CPTY": 5290,"B203_TKHD_MATL_NORM_IND": " ","GST_FPS_IND": "N","PLATFORM_LOAD_LIMIT_3": 0,"PLATFORM_LOAD_LIMIT_4": 0,"PLATFORM_LOAD_LIMIT_1": 0,"PLATFORM_LOAD_LIMIT_2": 0,"PLATFORM_LOAD_LIMIT_7": 0,"PLATFORM_LOAD_LIMIT_8": 0,"TIME_CHRG": 0,"PLATFORM_LOAD_LIMIT_5": 0,"PLATFORM_LOAD_LIMIT_6": 0,"CAR_KIND": "B24","EQP_TYP_AAR": "B357","DRF_GEAR_CD": 88,"TRSP_COND_CD_TRUE": " ","ARTICLTD": " ","IS_HGTH_FT": 11,"LOAD_LMT": 1541,"EXT_SRVC_CD": "E","ABRK_TST_RD": "CSXT","IS_WDTH_IN": 6,"TRSP_COND_EW_IND": "N","SHP_CONT_SPECS": "            ","GST_CD_TRUE": "B5P","XWDT_HGT": 1310,"AAR_POOL_CD_TRUE": 0,"TRAN_CD": " ","A142_INLT_PROT_TYP": "  ","TOT_WGT_RAIL": 220,"IBMSNAP_INTENTSEQ": " ","IS_LGTH_IN": 6,"EQP_OWNR_ABBR": "TTX ","SIDE_DOOR_H_IN": 4,"AXLES": "4","BH_HGT_IN": null,"SURCHRG": 0,"A259_TARE_WGT": 65900,"AEI_CD": "71","BRNG_CD": "E","B078_END_SERV_DT": null,"B208_TKSH_MATL_NORM_IND": " ","MLG_RT": 0,"A072_CONT_SPEC": "            ","CLRC_CD": "C","TRSP_CD": " ","TRCK_CTRLGT_FT": 40,"B541_JCKT_THC": 0,"GST_CD": "B5P","PLATFORM_LOAD_LIMIT_10": 0,"SPL_TRN_SVC_CD": "                  "}}
{"IngestionHeader": {"ING_CRT_TS": "2021-02-16 21:34:51.201","PRODUCT_ID": "A234 Corporate Equipment","UUID": "9bc89972-a879-4ee6-b090-0c495e4ef064","FORMAT": "JSON"},"Umler": {"NOM_CPTY": 154,"RATE_IND": "4","CMPT_CNT": 0,"IBMSNAP_LOGMARKER": "1900-01-01 00:00:00","IS_WDTH_FT": 9,"TARE_WGT": 659,"EQP_LSEE_ABBR": "    ","OPER_BRAK": null,"PLATFORM_TARE_WEIGHT_3": 0,"PLATFORM_TARE_WEIGHT_2": 0,"PLATFORM_TARE_WEIGHT_1": 0,"PLATFORM_TARE_WEIGHT_7": 0,"EQP_INIT": "ABOX","PLATFORM_TARE_WEIGHT_6": 0,"PLATFORM_TARE_WEIGHT_5": 0,"PLATFORM_TARE_WEIGHT_4": 0,"DU13_ABT_DUE_DT": "2008-07-01T00:00:00","ACTL_TANK_CPTY": 0,"PLATFORM_TARE_WEIGHT_9": 0,"AAR_POOL_CD": 0,"PLATFORM_TARE_WEIGHT_8": 0,"RBLD_DT": "9999-12-31T00:00:00","SIDE_DOOR_TYP": "09","B204_JCKT_MATL_CTGY": " ","IBMSNAP_COMMITSEQ": " ","ERT_CD": "4","TRSP_CD_TRUE": " ","ERT_FPS_IND": "N","B207_TANK_MJR_CLSS": "  ","IS_LGTH_FT": 50,"TCPD34_RSTR_IND": " ","IS_HGTH_IN": 0,"TANK_CPLC_IND": " ","AAR_MECH_DSGN": "XM  ","LDLT_LOAD_LMT": 154100,"DU58_ABT_DUE_DT": "2012-06-01T00:00:00","EQP_NBR_SRS": "     52062","XTRM_WDT": 1008,"PLATFORM_TARE_WEIGHT_10": 0,"EQP_NBR": "0052062","TRCK_CTRLGT_IN": 10,"BLD_DT": "0001-01-01T00:00:00","A266_TOT_WGT_RAIL": 220000,"B259_INLT_PROT_THC": 0,"XTRM_HGT": 1505,"CAR_GRD_CD": "A ","BH_HGT_FT": null,"OSID_LGT": 5507,"LINING": "L","FORMAT_TYP": "A","STARRED": " ","SIDE_DOOR_WDTH": 1600,"ERT_CD_TRUE": "4","TRSP_COND_CD": " ","SIDE_DOOR_H_FT": 10,"EFF_DT_YYMM": 811,"EQP_INIT_NBR": "ABOX0052062","ABRK_TST_DT": "2012-01-26T00:00:00","EQP_OWNR_CD": "B","AAR_POOL_EW_IND": "N","TCPD34_OWNID_IND": " ","TRSP_CD_EW_IND": "N","FLOOR_TYP": "3","ROOF_TYP": " ","PLATFORM_LOAD_LIMIT_9": 0,"IBMSNAP_OPERATION": "I","CUFT_CPTY": 5290,"B203_TKHD_MATL_NORM_IND": " ","GST_FPS_IND": "N","PLATFORM_LOAD_LIMIT_3": 0,"PLATFORM_LOAD_LIMIT_4": 0,"PLATFORM_LOAD_LIMIT_1": 0,"PLATFORM_LOAD_LIMIT_2": 0,"PLATFORM_LOAD_LIMIT_7": 0,"PLATFORM_LOAD_LIMIT_8": 0,"TIME_CHRG": 0,"PLATFORM_LOAD_LIMIT_5": 0,"PLATFORM_LOAD_LIMIT_6": 0,"CAR_KIND": "B24","EQP_TYP_AAR": "B357","DRF_GEAR_CD": 88,"TRSP_COND_CD_TRUE": " ","ARTICLTD": " ","IS_HGTH_FT": 11,"LOAD_LMT": 1541,"EXT_SRVC_CD": "E","ABRK_TST_RD": "CSXT","IS_WDTH_IN": 6,"TRSP_COND_EW_IND": "N","SHP_CONT_SPECS": "            ","GST_CD_TRUE": "B5P","XWDT_HGT": 1310,"AAR_POOL_CD_TRUE": 0,"TRAN_CD": " ","A142_INLT_PROT_TYP": "  ","TOT_WGT_RAIL": 220,"IBMSNAP_INTENTSEQ": " ","IS_LGTH_IN": 6,"EQP_OWNR_ABBR": "TTX ","SIDE_DOOR_H_IN": 4,"AXLES": "4","BH_HGT_IN": null,"SURCHRG": 0,"A259_TARE_WGT": 65900,"AEI_CD": "71","BRNG_CD": "E","B078_END_SERV_DT": null,"B208_TKSH_MATL_NORM_IND": " ","MLG_RT": 0,"A072_CONT_SPEC": "            ","CLRC_CD": "C","TRSP_CD": " ","TRCK_CTRLGT_FT": 40,"B541_JCKT_THC": 0,"GST_CD": "B5P","PLATFORM_LOAD_LIMIT_10": 0,"SPL_TRN_SVC_CD": "                  "}}