{"EventHeader":{"CRT_TS":"2021-01-15T09:08:10.3600309Z","PRODUCT_ID":"IPROFacade","UUID":"57aa96a0-45b5-4ba9-80d5-aa032e97db09","FORMAT":"JSON"},"UnitLocationUpdated":{"SentTimestampUtc":"","TerminalID":"","ContainerHandlingEquipmentID":"","OperatorUserID":"","EventDateTime":"","UnitInit":"","UnitNumber":0,"ChassisInit":"TSXZ","ChassisNumber":123456,"TrainVoyage":"","TrainID":""},"PreviousLocation":{"ParkingTracksideIndicator":"","LotTrackID":"","RailcarInit":"","RailcarNumber":0,"HitchPosition1":"A","HitchPosition2":"B","HitchPosition3":"1","Row":"","Spot":"","ChassisInit":"TSXZ","ChassisNumber":123456},"CurrentLocation":{"ParkingTracksideIndicator":"","LotTrackID":"","RailcarInit":"","RailcarNumber":0,"HitchPosition1":"","HitchPosition2":"","HitchPosition3":"","Row":"","Spot":"","ChassisInit":"TSXZ","ChassisNumber":123456}}
{"EventHeader":{"CRT_TS":"2021-01-15T09:08:10.3600309Z","PRODUCT_ID":"IPROFacade","UUID":null,"FORMAT":"JSON"},"UnitLocationUpdated":{"SentTimestampUtc":"","TerminalID":"","ContainerHandlingEquipmentID":"","OperatorUserID":"","EventDateTime":"","UnitInit":"","UnitNumber":0,"ChassisInit":"TSXZ","ChassisNumber":123456,"TrainVoyage":"","TrainID":""},"PreviousLocation":{"ParkingTracksideIndicator":"","LotTrackID":"","RailcarInit":"","RailcarNumber":0,"HitchPosition1":"A","HitchPosition2":"B","HitchPosition3":"1","Row":"","Spot":"","ChassisInit":"TSXZ","ChassisNumber":123456},"CurrentLocation":{"ParkingTracksideIndicator":"","LotTrackID":"","RailcarInit":"","RailcarNumber":0,"HitchPosition1":"","HitchPosition2":"","HitchPosition3":"","Row":"","Spot":"","ChassisInit":"TSXZ","ChassisNumber":123456}}