{"IngestionHeader":{"ING_CRT_TS":"2021-02-11T21:30:05.029Z","PRODUCT_ID":"A195","UUID":null,"FORMAT":"JSON"},"Vessel":{"LLOYD_VES_ID":"9318060","PRCS_TM":"16:25:05","IBMSNAP_OPERATION":"I","VES_OWNR_633":"CMACGMAMELLC","IBMSNAP_LOGMARKER":"2021-02-11 16:25:25.462647","VES_EDI_IND":"N","PRCS_CD":"A","USER_ID":"156276A ","PRCS_DT":"2021-02-11","IBMSNAP_INTENTSEQ":"00d942671299c5d29000000000000001","IBMSNAP_COMMITSEQ":"00d94267129aa77f9200000000000001","VES_NME":"BELITA                  "}}
{"IngestionHeader":{"ING_CRT_TS":"2021-02-11T21:30:05.029Z","PRODUCT_ID":"A195","UUID":"f7816208-8c44-4913-b6f2-d8d0075a47f5","FORMAT":"JSON"},"Vessel":{"LLOYD_VES_ID":"9318060","PRCS_TM":"16:25:05","IBMSNAP_OPERATION":"I","VES_OWNR_633":"CMACGMAMELLC","IBMSNAP_LOGMARKER":"2021-02-11 16:25:25.462647","VES_EDI_IND":"N","PRCS_CD":"A","USER_ID":"156276A ","PRCS_DT":"2021-02-11","IBMSNAP_INTENTSEQ":"00d942671299c5d29000000000000001","IBMSNAP_COMMITSEQ":"00d94267129aa77f9200000000000001","VES_NME":"BELITA                  "}}
{"IngestionHeader":{"ING_CRT_TS":"2021-02-11T21:30:05.029Z","PRODUCT_ID":"A195","UUID":"f7816208-8c44-4913-b6f2-d8d0075a47f5","FORMAT":"JSON"},"Vessel":{"LLOYD_VES_ID":"9318060","PRCS_TM":"16:25:05","IBMSNAP_OPERATION":"D","VES_OWNR_633":"CMACGMAMELLC","IBMSNAP_LOGMARKER":"2021-02-11 16:25:25.462647","VES_EDI_IND":"N","PRCS_CD":"A","USER_ID":"156276A ","PRCS_DT":"2021-02-11","IBMSNAP_INTENTSEQ":"00d942671299c5d29000000000000001","IBMSNAP_COMMITSEQ":"00d94267129aa77f9200000000000001","VES_NME":"BELITA                  "}}