{"IngestionHeader":{"ING_CRT_TS":null,"PRODUCT_ID":"TA108","UUID":null,"FORMAT":"JSON"},"Voyage":{"VOYG_NBR":null,"LLOYD_VES_ID":null,"VOYG_DIR_CD":null,"VOYG_CANC_DT":"3/3/2009","VOYG_CANC_TM":"3:23:53","CRT_DT":"5/19/2020","CRT_TM":"3:40:57","CRT_ID":"156276B ","UPD_DT":null,"UPD_TM":null,"UPD_ID":"156276B ","IBMSNAP_COMMITSEQ":{"bytes":"\u0000\u0000\u0000\u0000\u0000\u0000\u0000\u0001"},"IBMSNAP_INTENTSEQ":{"bytes":"\u0000\u0000\u0000\u0000\u0000\u0000\u0000\u0001"},"IBMSNAP_OPERATION":"U","IBMSNAP_LOGMARKER":"2020-03-10 14:30:23.887528"}}
{"IngestionHeader":{"ING_CRT_TS":"2020-06-03 20:04:01.149000","PRODUCT_ID":"TA108","UUID":"123e4567-e89b-12d3-a456-556642440000","FORMAT":"JSON"},"Voyage":{"VOYG_NBR":"103W      ","LLOYD_VES_ID":"9302073","VOYG_DIR_CD":"W","VOYG_CANC_DT":"3/3/2009","VOYG_CANC_TM":"3:23:53","CRT_DT":"5/19/2020","CRT_TM":"3:40:57","CRT_ID":"156276B ","UPD_DT":"3:40:57","UPD_TM":"5/27/2020","UPD_ID":"156276B ","IBMSNAP_COMMITSEQ":{"bytes":"\u0000\u0000\u0000\u0000\u0000\u0000\u0000\u0001"},"IBMSNAP_INTENTSEQ":{"bytes":"\u0000\u0000\u0000\u0000\u0000\u0000\u0000\u0001"},"IBMSNAP_OPERATION":"I","IBMSNAP_LOGMARKER":"2020-03-10 14:30:23.887528"}}
{"IngestionHeader":{"ING_CRT_TS":"2020-06-04 20:04:01.149000","PRODUCT_ID":"TA108","UUID":"124e4567-e89b-12d3-a456-556642440000","FORMAT":"JSON"},"Voyage":{"VOYG_NBR":"104W      ","LLOYD_VES_ID":"9302074","VOYG_DIR_CD":"","VOYG_CANC_DT":"3/4/2009","VOYG_CANC_TM":"3:23:53","CRT_DT":"5/20/2020","CRT_TM":"3:40:57","CRT_ID":"156276B ","UPD_DT":"3:40:57","UPD_TM":"5/27/2020","UPD_ID":"156276B ","IBMSNAP_COMMITSEQ":{"bytes":"\u0000\u0000\u0000\u0000\u0000\u0000\u0000\u0001"},"IBMSNAP_INTENTSEQ":{"bytes":"\u0000\u0000\u0000\u0000\u0000\u0000\u0000\u0001"},"IBMSNAP_OPERATION":"U","IBMSNAP_LOGMARKER":"2020-03-11 14:30:23.887528"}}
{"IngestionHeader":{"ING_CRT_TS":"2020-06-05 20:04:01.149000","PRODUCT_ID":"TA108","UUID":"125e4567-e89b-12d3-a456-556642440000","FORMAT":"JSON"},"Voyage":{"VOYG_NBR":"105W      ","LLOYD_VES_ID":"9302075","VOYG_DIR_CD":"W","VOYG_CANC_DT":"3/5/2009","VOYG_CANC_TM":"3:23:53","CRT_DT":"5/21/2020","CRT_TM":"3:40:57","CRT_ID":"156276B ","UPD_DT":"3:40:57","UPD_TM":"5/27/2020","UPD_ID":"156276B ","IBMSNAP_COMMITSEQ":{"bytes":"\u0000\u0000\u0000\u0000\u0000\u0000\u0000\u0001"},"IBMSNAP_INTENTSEQ":{"bytes":"\u0000\u0000\u0000\u0000\u0000\u0000\u0000\u0001"},"IBMSNAP_OPERATION":"D","IBMSNAP_LOGMARKER":"2020-03-12 14:30:23.887528"}}
