{"IngestionHeader":{"ING_CRT_TS":"2020-06-03 20:04:01.149000","PRODUCT_ID":"A195","UUID":"123e4567-e89b-12d3-a456-556642440000","FORMAT":"JSON"},"VoyageSegment":{"CUST_CITY_333":"ROBBANK ","PORT_OPER_633":"DPWORLDCANAD","CUST_ST":"LA","VOYG_NBR":"RD023R    ","LLOYD_VES_ID":"9329643","SCH_ARR_DT":"2020-06-26","SCH_ARR_TM":"18:00:00","ORG_ARR_DT":"2020-06-26","ORG_ARR_TM":"18:00:00","SCH_SAIL_DT":"2020-06-26","SCH_SAIL_TM":"23:00:00","SERV_TYPE_CD":"MMX ","VOYG_SEG_CMNT":"AS PER MSK/ESEA    05/14 YK- SWITCHED PORT ROTATION","IBMSNAP_COMMITSEQ":{"bytes":"\u0000\u0000\u0000\u0000\u0000\u0000\u0000\u0001"},"IBMSNAP_INTENTSEQ":{"bytes":"\u0000\u0000\u0000\u0000\u0000\u0000\u0000\u0001"},"IBMSNAP_OPERATION":"U","IBMSNAP_LOGMARKER":"2020-03-10 14:30:23.887528"}}
{"IngestionHeader":{"ING_CRT_TS":"2020-06-03 20:04:01.149000","PRODUCT_ID":"A195","UUID":"123e4567-e89b-12d3-a456-556642440000","FORMAT":"JSON"},"VoyageSegment":{"CUST_CITY_333":"ROBBANK ","PORT_OPER_633":"DPWORLDCANAD","CUST_ST":"LA","VOYG_NBR":"RD023R    ","LLOYD_VES_ID":"9329643","SCH_ARR_DT":"2020-06-26","SCH_ARR_TM":"18:00:00","ORG_ARR_DT":"2020-06-26","ORG_ARR_TM":"18:00:00","SCH_SAIL_DT":"2020-06-26","SCH_SAIL_TM":"23:00:00","SERV_TYPE_CD":"MMX ","VOYG_SEG_CMNT":"AS PER MSK/ESEA    05/14 YK- SWITCHED PORT ROTATION","IBMSNAP_COMMITSEQ":{"bytes":"\u0000\u0000\u0000\u0000\u0000\u0000\u0000\u0001"},"IBMSNAP_INTENTSEQ":{"bytes":"\u0000\u0000\u0000\u0000\u0000\u0000\u0000\u0001"},"IBMSNAP_OPERATION":"I","IBMSNAP_LOGMARKER":"2020-03-10 14:30:23.887528"}}
{"IngestionHeader":{"ING_CRT_TS":"2020-06-03 20:04:01.149000","PRODUCT_ID":"A195","UUID":"123e4567-e89b-12d3-a456-556642440000","FORMAT":"JSON"},"VoyageSegment":{"CUST_CITY_333":"ROBBANK ","PORT_OPER_633":"DPWORLDCANAD","CUST_ST":"LA","VOYG_NBR":"RD023R    ","LLOYD_VES_ID":"9329643","SCH_ARR_DT":"2020-06-26","SCH_ARR_TM":"18:00:00","ORG_ARR_DT":"2020-06-26","ORG_ARR_TM":"18:00:00","SCH_SAIL_DT":"2020-06-26","SCH_SAIL_TM":"23:00:00","SERV_TYPE_CD":"MMX ","VOYG_SEG_CMNT":"AS PER MSK/ESEA    05/14 YK- SWITCHED PORT ROTATION","IBMSNAP_COMMITSEQ":{"bytes":"\u0000\u0000\u0000\u0000\u0000\u0000\u0000\u0001"},"IBMSNAP_INTENTSEQ":{"bytes":"\u0000\u0000\u0000\u0000\u0000\u0000\u0000\u0001"},"IBMSNAP_OPERATION":"D","IBMSNAP_LOGMARKER":"2020-03-10 14:30:23.887528"}}
{"IngestionHeader":{"ING_CRT_TS":"2020-06-03 20:04:01.149000","PRODUCT_ID":"A195","UUID":null,"FORMAT":"JSON"},"VoyageSegment":{"CUST_CITY_333":"ROBBANK ","PORT_OPER_633":"DPWORLDCANAD","CUST_ST":"LA","VOYG_NBR":"RD023R    ","LLOYD_VES_ID":"9329643","SCH_ARR_DT":"2020-06-26","SCH_ARR_TM":"18:00:00","ORG_ARR_DT":"2020-06-26","ORG_ARR_TM":"18:00:00","SCH_SAIL_DT":"2020-06-26","SCH_SAIL_TM":"23:00:00","SERV_TYPE_CD":"MMX ","VOYG_SEG_CMNT":"AS PER MSK/ESEA    05/14 YK- SWITCHED PORT ROTATION","IBMSNAP_COMMITSEQ":{"bytes":"\u0000\u0000\u0000\u0000\u0000\u0000\u0000\u0001"},"IBMSNAP_INTENTSEQ":{"bytes":"\u0000\u0000\u0000\u0000\u0000\u0000\u0000\u0001"},"IBMSNAP_OPERATION":"U","IBMSNAP_LOGMARKER":"2020-03-10 14:30:23.887528"}}