{"IngestionHeader":{"ING_CRT_TS":"2020-03-13 10:40:51.805246","PRODUCT_ID":"A059","UUID":"9f491d1c-cd41-46a1-bdf7-473f244c885a","FORMAT":"JSON"},"WaybillSpecialConditionCodes":{"WB_ID":"0002-05-11-10.22.16.302020","WB_VRSN":"2","SEQ_SORT":"7","SPL_COND_CD":"AZ","IBMSNAP_COMMITSEQ":{"bytes":"\u0000\u0000\u0000\u0000\u0000\u0000\u0000\u0001"},"IBMSNAP_INTENTSEQ":{"bytes":"\u0000\u0000\u0000\u0000\u0000\u0000\u0000\u0001"},"IBMSNAP_OPERATION":"U","IBMSNAP_LOGMARKER":"2020-03-10 14:30:23.887528"}}
{"IngestionHeader":{"ING_CRT_TS":"2020-03-13 10:40:51.805246","PRODUCT_ID":"A059","UUID":null,"FORMAT":"JSON"},"WaybillSpecialConditionCodes":{"WB_ID":"0002-05-11-10.22.16.302020","WB_VRSN":"2","SEQ_SORT":"7","SPL_COND_CD":"AZ","IBMSNAP_COMMITSEQ":{"bytes":"\u0000\u0000\u0000\u0000\u0000\u0000\u0000\u0001"},"IBMSNAP_INTENTSEQ":{"bytes":"\u0000\u0000\u0000\u0000\u0000\u0000\u0000\u0001"},"IBMSNAP_OPERATION":"U","IBMSNAP_LOGMARKER":"2020-03-10 14:30:23.887528"}}