{"IngestionHeader":{"ING_CRT_TS":"2020-03-13 10:40:51.805246","PRODUCT_ID":"A059","UUID":null,"FORMAT":"JSON"},"WaybillFumigation":{"WB_ID":null,"WB_VRSN":2,"FGT_VOL":"1       ","FGT_UOM_CD":"KG","FGT_DT":"2017-06-30","CRT_USER_ID":"PRODIMS ","CRT_PGM_ID":"EWBSDANG","CRT_TS":"2020-10-16 17:12:41.097392","DSPS_RSDU_INSN":"(ALUMINUM PHOSPHIDE)","IBMSNAP_COMMITSEQ":{"bytes":"\u0000\u0000\u0000\u0000\u0000\u0000\u0000\u0001"},"IBMSNAP_INTENTSEQ":{"bytes":"\u0000\u0000\u0000\u0000\u0000\u0000\u0000\u0001"},"IBMSNAP_OPERATION":"U","IBMSNAP_LOGMARKER":"2020-03-10 14:30:23.887528"}}
{"IngestionHeader":{"ING_CRT_TS":"2020-03-13 10:40:51.805246","PRODUCT_ID":"A059","UUID":"9f491d1c-cd41-46a1-bdf7-473f244c885a","FORMAT":"JSON"},"WaybillFumigation":{"WB_ID":"4495-06-30-14.08.52.492017","WB_VRSN":2,"FGT_VOL":"1       ","FGT_UOM_CD":"KG","FGT_DT":"2017-06-30","CRT_USER_ID":"PRODIMS ","CRT_PGM_ID":"EWBSDANG","CRT_TS":"2020-10-16 17:12:41.097392","DSPS_RSDU_INSN":"(ALUMINUM PHOSPHIDE)","IBMSNAP_COMMITSEQ":{"bytes":"\u0000\u0000\u0000\u0000\u0000\u0000\u0000\u0001"},"IBMSNAP_INTENTSEQ":{"bytes":"\u0000\u0000\u0000\u0000\u0000\u0000\u0000\u0001"},"IBMSNAP_OPERATION":"U","IBMSNAP_LOGMARKER":"2020-03-10 14:30:23.887528"}}
{"IngestionHeader":{"ING_CRT_TS":"2020-03-13 10:40:51.805246","PRODUCT_ID":"A059","UUID":"9f491d1c-cd41-46a1-bdf7-473f244c885a","FORMAT":"JSON"},"WaybillFumigation":{"WB_ID":"4495-06-30-14.08.52.492017","WB_VRSN":2,"FGT_VOL":"1       ","FGT_UOM_CD":"KG","FGT_DT":"2017-06-30","CRT_USER_ID":"PRODIMS ","CRT_PGM_ID":"EWBSDANG","CRT_TS":"2020-10-16 17:12:41.097392","DSPS_RSDU_INSN":"(ALUMINUM PHOSPHIDE)","IBMSNAP_COMMITSEQ":{"bytes":"\u0000\u0000\u0000\u0000\u0000\u0000\u0000\u0001"},"IBMSNAP_INTENTSEQ":{"bytes":"\u0000\u0000\u0000\u0000\u0000\u0000\u0000\u0001"},"IBMSNAP_OPERATION":"D","IBMSNAP_LOGMARKER":"2020-03-10 14:30:23.887528"}