{"IngestionHeader":{"ING_CRT_TS":"2020-08-21T07:08:05.254Z","PRODUCT_ID":"A059","UUID":null,"FORMAT":"JSON"},"WayBillSEAL":{"LOG_ACTION":" ","EQP_INIT":"TILX","LOG_DATE":"2020-01-28","SEAL_RNG_HI":"               ","WB_ID":"7921-01-28 01:36:48.91202","LOG_USER_NME":"                    ","LOG_TIME":"01:36:49","LOG_TID":"        ","WB_VRSN":"2","SEAL_RNG_LO":"31798          ","WB_NUMB":"676138","WB_DT":"2020-01-27","TMSTP":"2020-01-28 01:36:49.079374","LOG_USER":"        ","SEQ_SORT":"3.00","EQP_NUMB":"    725873","LOG_COUNTER":"0","IBMSNAP_COMMITSEQ":"","IBMSNAP_INTENTSEQ":"","IBMSNAP_OPERATION":"I","IBMSNAP_LOGMARKER":"2020-08-28T16:03:12.800Z"}}
{"IngestionHeader":{"ING_CRT_TS":"2020-08-21T07:08:05.254Z","PRODUCT_ID":"A059","UUID":"8ead69cc-1619-4336-899b-2e6f5b5eb9f1","FORMAT":"JSON"},"WayBillSEAL":{"LOG_ACTION":" ","EQP_INIT":"TILX","LOG_DATE":"2020-01-28","SEAL_RNG_HI":"               ","WB_ID":"7921-01-28 01:36:48.91202","LOG_USER_NME":"                    ","LOG_TIME":"01:36:49","LOG_TID":"        ","WB_VRSN":"2","SEAL_RNG_LO":"31798          ","WB_NUMB":"676138","WB_DT":"2020-01-27","TMSTP":"2020-01-28 01:36:49.079374","LOG_USER":"        ","SEQ_SORT":"3.00","EQP_NUMB":"    725873","LOG_COUNTER":"0","IBMSNAP_COMMITSEQ":"","IBMSNAP_INTENTSEQ":"","IBMSNAP_OPERATION":"D","IBMSNAP_LOGMARKER":"2020-08-28T16:03:12.800Z"}}
{"IngestionHeader":{"ING_CRT_TS":"2020-08-21T07:08:05.254Z","PRODUCT_ID":"A059","UUID":"8ead69cc-1619-4336-899b-2e6f5b5eb9f1","FORMAT":"JSON"},"WayBillSEAL":{"LOG_ACTION":" ","EQP_INIT":"TILX","LOG_DATE":"2020-01-28","SEAL_RNG_HI":"               ","WB_ID":"7921-01-28 01:36:48.91202","LOG_USER_NME":"                    ","LOG_TIME":"01:36:49","LOG_TID":"        ","WB_VRSN":"2","SEAL_RNG_LO":"31798          ","WB_NUMB":"676138","WB_DT":"2020-01-27","TMSTP":"2020-01-28 01:36:49.079374","LOG_USER":"        ","SEQ_SORT":"3.00","EQP_NUMB":"    725873","LOG_COUNTER":"0","IBMSNAP_COMMITSEQ":"","IBMSNAP_INTENTSEQ":"","IBMSNAP_OPERATION":"I","IBMSNAP_LOGMARKER":"2020-08-28T16:03:12.800Z"}}
{"IngestionHeader":{"ING_CRT_TS":"2020-08-21T07:08:05.254Z","PRODUCT_ID":"A059","UUID":null,"FORMAT":"JSON"},"WayBillSEAL":{"LOG_ACTION":" ","EQP_INIT":"TILX","LOG_DATE":"2020-01-28","SEAL_RNG_HI":"               ","WB_ID":"7921-01-28 01:36:48.91202","LOG_USER_NME":"                    ","LOG_TIME":"01:36:49","LOG_TID":"        ","WB_VRSN":"2","SEAL_RNG_LO":"31798          ","WB_NUMB":"676138","WB_DT":"2020-01-27","TMSTP":"2020-01-28 01:36:49.079374","LOG_USER":"        ","SEQ_SORT":"3.00","EQP_NUMB":"    725873","LOG_COUNTER":"0","IBMSNAP_COMMITSEQ":"","IBMSNAP_INTENTSEQ":"","IBMSNAP_OPERATION":"I","IBMSNAP_LOGMARKER":"2020-08-28T16:03:12.800Z"}}