{"SCHD_PROF": " ","ATSF_ORIG_1610": "042368","BUS_FCST_CD": "  ","RFGR_POS": " ","OVR_WGHT_FLG": " ","RVS_RTE_PROF": " ","CONTR_ID": "            ","CAR_KND_CNVY": "    ","NET_TONS": "  0","VESSEL_PROF": " ","LS_DEST_333": "         ","DFO_STNUM": "042030","OS_LGTH_FT": "265","WB_TYPE_CD": " ","SHPMT_UNIT_CNT": "   ","CALC_LGTH_FT": "265","ORD_LGTH_FT": 0,"ICD_CINV_FLG": " ","CREATE_BOL_CD": " ","SWTCH_LMT_ZN": "  ","CHAS_INIT": "    ","PPSI_RULE_CD": "   ","RAMP_CD_DEST": " ","CHK_NUMB": "          ","REG_AUTH": "    ","LD_LMT": "613000","CONTR_QUOTE": "            ","CUST_WGHT_CD": "  ","WGHT_ALW1_KGS": 0,"AAR_CAR_KIND": "S162","TSO_333": "BRAINTTER","OS_LGTH_UNVL": "   ","LS_ST": "  ","CRNBR_CERT": "        ","DRF_GEAR_CPLR": 0,"OS_LGTH_IN": "02","CMDTY_DESC_LST": "      ","RFGR_RUN": "    ","ORD_HGHT_IN": 0,"CAR_KIND": "QS5 ","SPD_RESTR_CD": "  ","NET_SCALE_KGS": 0,"ICR_CINV_FLG": " ","STOP_PROF": " ","CAR_NUMB": "          ","ADV_CHRG": 0.00,"PPSI_TEMP": "   ","OP_CITY_333": "MONINTTER","MVMT_AUTH_CD": "  ","LOAD_EMPTY": "E","SCO_FCO_ID": "      ","WB_EDI_CD": "   ","MVMT_PROF3": " ","MVMT_PROF2": "Y","GRN_PROF": " ","ORD_LGTH_IN": 0,"CITY_CUST_PROF": "Y","DRAY_SVC_CD": " ","IMPT_EXPT_CD": "  ","RFGR_SET": "    ","DFO_333": "TORWAYCEN","PLTFM_CD": " ","IG_HAZ_DECL": " ","SYS_BLK": "15000","PPSI_COOL_FLG": " ","PER_DIEM_RATE": 0.00,"EQP_NUMB_LEAD": "          ","CSTM_PROF": " ","ORIG_SYS_BLK": "     ","STCC_NUMBER": "       ","MECH_STAT_CD3": "  ","MECH_STAT_CD2": "  ","RAMP_CD_ORIG": " ","TARIFF_SUPP": "    ","BUS_UNIT_SUB": "  ","MECH_STAT_CD1": "PM","NET_SCALE_WGHT": "        ","IBMSNAP_COMMITSEQ": "\u0000\ufffd\u001b/\ufffd\ufffd\f\ufffdz\u0000\u0000\u0000\u0000\u0000\u0000\u0001","SHPR_PTRN_CD": "0000980000","DVN_PROF": " ","DEST_RAMP_333": "         ","CARR_ABBR_ON": "    ","TNSF_PROF": " ","TRANS_BRDR_CD": "C","TRN_BLK_ORIG": "     ","PKG_TYP": "   ","CIRC_SUPP": "    ","PPSI_CD": "    ","WB_VRSN": 1,"ORIG_TYPE_ATSF": " ","LVL_SVC_CD": " ","SSI_YARD_FLG": " ","WGHT_ALW2": "000000","WGHT_ALW1": "000000","WGHT_AGRM_NUMB": "      ","LS_WGHT_COFC": "        ","ISIS_BOL_CNT": "   ","PST": " ","OS_HGTH_IN": "00","TOFC_LBLTY_ITM": "  ","CAR_KND_ABBR": "V","CN_CAR_KIND": "FC5","OP_ZTS": "P003  ","PRG_FLG": "N","CONTR_ISS_CARR": "    ","CONTR_ERR_CD": " ","SHPR_AGT_RTE": "A","MULTI_PROF": " ","ORIG_RAMP_333": "         ","ORD_CU_CAP": "        ","SECT_7_FLG": "N","CUST_NET_WGHT": "        ","FFRM_PROF": " ","EMBRG_PRMT": "          ","ORIG_STNUM": "042368","OP_DEST_STNUM": "014521","DEST_RAMP_1610": "      ","RAIL_CNTL_CD": "N","WB_10_DY": " ","ORIG_333": "BRAINTTER","IMDL_HDLG_CD2": " ","WGT_UNIT_CODE": " ","IMDL_HDLG_CD3": " ","EQP_INIT_LEAD": "    ","IMDL_HDLG_CD1": " ","TOT_LADG_WGHT": "       0","LS_WGHT_TOFC": "        ","ICD_JT_SVC_CD": " ","OP_CUST_633": "CNINTERMODAL","GST": " ","ORD_EQP_TYPE": "    ","MVMT_LDMTY": "E","ICR_JT_SVC_CD": " ","RFGR_FUEL": "     ","OS_WDTH_FT": "09","OP_DEST_333": "         ","CUST_633_SHPR": "AGENT       ","MECH_CLASS": "     ","ST_INTERST": "I","WGHT_CD": "  ","REF_PROF": " ","STN_FSAC_OFF": "      ","CMDTY_DES_ABBR": "      ","PPD_CHRG": 0.00,"DEST_333": "MONINTTER","BILL_RD_ORIG": "   ","STN_FSAC_ON": "      ","TARIFF_CARR": "    ","WB_ERR_CD": " ","SVC_EQP_CD": "  ","SWTCH_CD": "  ","UNIT_CHAR_PROF": "Y","EQP_INIT": "DTTX","BOGIE_CD": " ","PLTFM_POS_CD": " ","OP_ST": "NB","OP_RAJP": "    ","TARIFF_ITEM": "          ","IBMSNAP_OPERATION": "U","ISIS_DCMT_ID": "                    ","WB_REC_TYPE": "M","LRHC": "CN  ","EQP_RMP_STAT": " ","TARE_TYPE_CD": "U","KINGPIN": "   ","WB_NUMB": "      ","ADVO_PROF": " ","TOFC_COFC_CD": " ","CSTM_SHELL_IND": " ","ORD_WGHT": 0,"TSO_ST": "ON","ORIG_ST": "ON","SCALE_333": "         ","IMDL_PLAN_CD": "  ","WGHT_ALW_DESC2": "        ","WGHT_ALW_DESC1": "        ","PLTNT_CD": " ","CHAS_NUMB": "          ","SPL_COND_CD5": "  ","AXLE_LGTH_IN": "   ","SPL_COND_CD4": "  ","SPL_COND_CD3": "  ","SPD_BILL_NBR": "          ","BOL_ISS_333": "         ","SPL_COND_CD2": "PM","CROSS_PROF": " ","SPL_COND_CD1": "DH","EMBRG_NUMB": "      ","EMBRG_ISS_CARR": "   ^C ","SHPR_PROF": " ","WB_STAT_CD": "A","RAJP2": "    ","DEST_RLSE_TEL": "                    ","BUS_UNIT_CD": "  ","SPL_COND_CD7": "  ","SPL_COND_CD6": "  ","LOG_ACTION": "A","CIRC_NUMB": "            ","QUOTE_ALLOW": "            ","LOG_TID": "XT24401 ","DEST_STNUM": "014521","EQUIP_REQ_CD": " ","LS_DEST_ST": "  ","ORIG_RAMP_1610": "      ","POOL_NBR": "P8841","EQP_TARE": "188500","MVMT_PROF": "Y","DEST_RAMP_ST": "  ","RAJP": "    ","TRNST_CD": "  ","ACTV_SHIP_MDH": "052412","LOG_COUNTER": 1,"LOG_USER_NME": "LUXMI MENON         ","CUST_ALW_DESC": "        ","PPSI_TEMP_CD": "  ","OS_HGHT_FT": "08","ORD_HGHT_FT": 0,"EQP_NBR_CHK_DG": "  ","FRT_CHRG": 0.00,"WEATHER_CD": "  ","WB_PRCS_CD": " ","JT_SVC_CD": " ","CIRC_ITEM": "            ","WB_AUTO_RT_FLG": " ","ARTCL_QTY": "     ","IMDL_PROF": " ","TRNST_PROF": " ","WB_AXLE_CNT": "12","GRS_SCALE_WGHT": "  188500","POOL_MRKT_CD": " ","TARIFF_AUTH": "          ","RAIL_PVT_CD": "P","SCALE_ST": "  ","CUST_SVC_TEAM": " ","CONTR_PROF": " ","RVS_STN_333": "         ","OS_WDTH_IN": "02","CUST_WGHT_ALW": "      ","RVS_633_CNSG": "            ","CUST_WGHT_UNIT": " ","EQP_NUMB": "    759646","CNSG_PTRN_CD": "0000980000","WB_ID": "2259-05-24-12.46.09.512019","VEH_PROF": " ","BOL_ISS_ST": "  ","GRS_TONS": " 94","TOT_LADG_KGS": 0,"JCT2_R260": "     ","PLAN_NUMB": "  ","MVMT_REV_CODE": "  ","ICD_CARR": "    ","IBMSNAP_INTENTSEQ": "\u0000\ufffd\u001b/\ufffd\ufffdŠ\ufffd\u0000\u0000\u0000\u0000\u0000\u0000\u0001","IG_PLAC_CD": "  ","HAZ_MATL_PROF": " ","DFO_ST": "ON","MPTY_ASGN_CD": "   ","WB_NUMB_LEAD": "      ","LS_BLOCK": "     ","NXT_WB_STAT_CD": " ","KEY_TRN_CD": " ","DEST_ST": "NB","ATSF_RTE_OCUR": 0,"SEAL_PROF": " ","SWTCH_BILL_NBR": "      ","LS_333": "         ","RTE_PROF": "Y","RWC_NUMB": 0,"EQP_TARE_KG": "      ","MFST_SHPR": " ","WB_SPL_INSTR1": "                              ","CUST_633_RESP": "            ","CAR_INIT": "    ","WB_SPL_INSTR2": "                              ","IG_SEAL": "               ","LS_STNUM": "      ","LOG_USER": "XT24401 ","DEST_RLSE_CUST": "            ","CMDTY_PROF": " ","CUST_633_CNSG": "AGENT       ","ORIG_RAMP_ST": "  ","ORD_CU_CAP_QLF": " ","WB_ID_LEAD": null,"RVS_STN_ST": "  ","BLADG_ID": "                 ","OP_DEST_ST": "  ","LS_WGHT_CD": " ","CARR_ABBR_DELY": "    ","TRUE_KINGPIN": "  ","RULE11_FLG": " ","TSO_STNUM": "042368","BRNG_TYPE_CD": "H","CIRC_CARR": "    ","STCC_NBR_LST": "       ","CSD_CD": "    ","LOG_TIME": "12:47:57","LOG_DATE": "2019-05-24","EVT_TIME": "20:28:08","EVT_DT": "2021-01-09","WB_DT": "2019-05-24","BLADG_ISS_DT": null,"ORIG_DT_ATSF": null,"TMSTP": "2019-05-24 12:46:09.512259","RLSE_DT": "2019-05-24","RLSE_TIME": "12:46:09","IBMSNAP_LOGMARKER": "2021-01-11 11:51:21.261261","INGT_CRT_TS": "2021-01-16 03:39:02.469","PRODUCT_ID": "SRS_WB_DB2_OW.VWBM_ASNKK","INGT_UUID": null,"FORMAT": "TAB"}
{"SCHD_PROF": " ","ATSF_ORIG_1610": "042368","BUS_FCST_CD": "  ","RFGR_POS": " ","OVR_WGHT_FLG": " ","RVS_RTE_PROF": " ","CONTR_ID": "            ","CAR_KND_CNVY": "    ","NET_TONS": "  0","VESSEL_PROF": " ","LS_DEST_333": "         ","DFO_STNUM": "042030","OS_LGTH_FT": "265","WB_TYPE_CD": " ","SHPMT_UNIT_CNT": "   ","CALC_LGTH_FT": "265","ORD_LGTH_FT": 0,"ICD_CINV_FLG": " ","CREATE_BOL_CD": " ","SWTCH_LMT_ZN": "  ","CHAS_INIT": "    ","PPSI_RULE_CD": "   ","RAMP_CD_DEST": " ","CHK_NUMB": "          ","REG_AUTH": "    ","LD_LMT": "613000","CONTR_QUOTE": "            ","CUST_WGHT_CD": "  ","WGHT_ALW1_KGS": 0,"AAR_CAR_KIND": "S162","TSO_333": "BRAINTTER","OS_LGTH_UNVL": "   ","LS_ST": "  ","CRNBR_CERT": "        ","DRF_GEAR_CPLR": 0,"OS_LGTH_IN": "02","CMDTY_DESC_LST": "      ","RFGR_RUN": "    ","ORD_HGHT_IN": 0,"CAR_KIND": "QS5 ","SPD_RESTR_CD": "  ","NET_SCALE_KGS": 0,"ICR_CINV_FLG": " ","STOP_PROF": " ","CAR_NUMB": "          ","ADV_CHRG": 0.00,"PPSI_TEMP": "   ","OP_CITY_333": "MONINTTER","MVMT_AUTH_CD": "  ","LOAD_EMPTY": "E","SCO_FCO_ID": "      ","WB_EDI_CD": "   ","MVMT_PROF3": " ","MVMT_PROF2": "Y","GRN_PROF": " ","ORD_LGTH_IN": 0,"CITY_CUST_PROF": "Y","DRAY_SVC_CD": " ","IMPT_EXPT_CD": "  ","RFGR_SET": "    ","DFO_333": "TORWAYCEN","PLTFM_CD": " ","IG_HAZ_DECL": " ","SYS_BLK": "15000","PPSI_COOL_FLG": " ","PER_DIEM_RATE": 0.00,"EQP_NUMB_LEAD": "          ","CSTM_PROF": " ","ORIG_SYS_BLK": "     ","STCC_NUMBER": "       ","MECH_STAT_CD3": "  ","MECH_STAT_CD2": "  ","RAMP_CD_ORIG": " ","TARIFF_SUPP": "    ","BUS_UNIT_SUB": "  ","MECH_STAT_CD1": "PM","NET_SCALE_WGHT": "        ","IBMSNAP_COMMITSEQ": "\u0000\ufffd\u001b/\ufffd\ufffd\f\ufffdz\u0000\u0000\u0000\u0000\u0000\u0000\u0001","SHPR_PTRN_CD": "0000980000","DVN_PROF": " ","DEST_RAMP_333": "         ","CARR_ABBR_ON": "    ","TNSF_PROF": " ","TRANS_BRDR_CD": "C","TRN_BLK_ORIG": "     ","PKG_TYP": "   ","CIRC_SUPP": "    ","PPSI_CD": "    ","WB_VRSN": 1,"ORIG_TYPE_ATSF": " ","LVL_SVC_CD": " ","SSI_YARD_FLG": " ","WGHT_ALW2": "000000","WGHT_ALW1": "000000","WGHT_AGRM_NUMB": "      ","LS_WGHT_COFC": "        ","ISIS_BOL_CNT": "   ","PST": " ","OS_HGTH_IN": "00","TOFC_LBLTY_ITM": "  ","CAR_KND_ABBR": "V","CN_CAR_KIND": "FC5","OP_ZTS": "P003  ","PRG_FLG": "N","CONTR_ISS_CARR": "    ","CONTR_ERR_CD": " ","SHPR_AGT_RTE": "A","MULTI_PROF": " ","ORIG_RAMP_333": "         ","ORD_CU_CAP": "        ","SECT_7_FLG": "N","CUST_NET_WGHT": "        ","FFRM_PROF": " ","EMBRG_PRMT": "          ","ORIG_STNUM": "042368","OP_DEST_STNUM": "014521","DEST_RAMP_1610": "      ","RAIL_CNTL_CD": "N","WB_10_DY": " ","ORIG_333": "BRAINTTER","IMDL_HDLG_CD2": " ","WGT_UNIT_CODE": " ","IMDL_HDLG_CD3": " ","EQP_INIT_LEAD": "    ","IMDL_HDLG_CD1": " ","TOT_LADG_WGHT": "       0","LS_WGHT_TOFC": "        ","ICD_JT_SVC_CD": " ","OP_CUST_633": "CNINTERMODAL","GST": " ","ORD_EQP_TYPE": "    ","MVMT_LDMTY": "E","ICR_JT_SVC_CD": " ","RFGR_FUEL": "     ","OS_WDTH_FT": "09","OP_DEST_333": "         ","CUST_633_SHPR": "AGENT       ","MECH_CLASS": "     ","ST_INTERST": "I","WGHT_CD": "  ","REF_PROF": " ","STN_FSAC_OFF": "      ","CMDTY_DES_ABBR": "      ","PPD_CHRG": 0.00,"DEST_333": "MONINTTER","BILL_RD_ORIG": "   ","STN_FSAC_ON": "      ","TARIFF_CARR": "    ","WB_ERR_CD": " ","SVC_EQP_CD": "  ","SWTCH_CD": "  ","UNIT_CHAR_PROF": "Y","EQP_INIT": "DTTX","BOGIE_CD": " ","PLTFM_POS_CD": " ","OP_ST": "NB","OP_RAJP": "    ","TARIFF_ITEM": "          ","IBMSNAP_OPERATION": "U","ISIS_DCMT_ID": "                    ","WB_REC_TYPE": "M","LRHC": "CN  ","EQP_RMP_STAT": " ","TARE_TYPE_CD": "U","KINGPIN": "   ","WB_NUMB": "      ","ADVO_PROF": " ","TOFC_COFC_CD": " ","CSTM_SHELL_IND": " ","ORD_WGHT": 0,"TSO_ST": "ON","ORIG_ST": "ON","SCALE_333": "         ","IMDL_PLAN_CD": "  ","WGHT_ALW_DESC2": "        ","WGHT_ALW_DESC1": "        ","PLTNT_CD": " ","CHAS_NUMB": "          ","SPL_COND_CD5": "  ","AXLE_LGTH_IN": "   ","SPL_COND_CD4": "  ","SPL_COND_CD3": "  ","SPD_BILL_NBR": "          ","BOL_ISS_333": "         ","SPL_COND_CD2": "PM","CROSS_PROF": " ","SPL_COND_CD1": "DH","EMBRG_NUMB": "      ","EMBRG_ISS_CARR": "   ^C ","SHPR_PROF": " ","WB_STAT_CD": "A","RAJP2": "    ","DEST_RLSE_TEL": "                    ","BUS_UNIT_CD": "  ","SPL_COND_CD7": "  ","SPL_COND_CD6": "  ","LOG_ACTION": "A","CIRC_NUMB": "            ","QUOTE_ALLOW": "            ","LOG_TID": "XT24401 ","DEST_STNUM": "014521","EQUIP_REQ_CD": " ","LS_DEST_ST": "  ","ORIG_RAMP_1610": "      ","POOL_NBR": "P8841","EQP_TARE": "188500","MVMT_PROF": "Y","DEST_RAMP_ST": "  ","RAJP": "    ","TRNST_CD": "  ","ACTV_SHIP_MDH": "052412","LOG_COUNTER": 1,"LOG_USER_NME": "LUXMI MENON         ","CUST_ALW_DESC": "        ","PPSI_TEMP_CD": "  ","OS_HGHT_FT": "08","ORD_HGHT_FT": 0,"EQP_NBR_CHK_DG": "  ","FRT_CHRG": 0.00,"WEATHER_CD": "  ","WB_PRCS_CD": " ","JT_SVC_CD": " ","CIRC_ITEM": "            ","WB_AUTO_RT_FLG": " ","ARTCL_QTY": "     ","IMDL_PROF": " ","TRNST_PROF": " ","WB_AXLE_CNT": "12","GRS_SCALE_WGHT": "  188500","POOL_MRKT_CD": " ","TARIFF_AUTH": "          ","RAIL_PVT_CD": "P","SCALE_ST": "  ","CUST_SVC_TEAM": " ","CONTR_PROF": " ","RVS_STN_333": "         ","OS_WDTH_IN": "02","CUST_WGHT_ALW": "      ","RVS_633_CNSG": "            ","CUST_WGHT_UNIT": " ","EQP_NUMB": "    759646","CNSG_PTRN_CD": "0000980000","WB_ID": "2259-05-24-12.46.09.512019","VEH_PROF": " ","BOL_ISS_ST": "  ","GRS_TONS": " 94","TOT_LADG_KGS": 0,"JCT2_R260": "     ","PLAN_NUMB": "  ","MVMT_REV_CODE": "  ","ICD_CARR": "    ","IBMSNAP_INTENTSEQ": "\u0000\ufffd\u001b/\ufffd\ufffdŠ\ufffd\u0000\u0000\u0000\u0000\u0000\u0000\u0001","IG_PLAC_CD": "  ","HAZ_MATL_PROF": " ","DFO_ST": "ON","MPTY_ASGN_CD": "   ","WB_NUMB_LEAD": "      ","LS_BLOCK": "     ","NXT_WB_STAT_CD": " ","KEY_TRN_CD": " ","DEST_ST": "NB","ATSF_RTE_OCUR": 0,"SEAL_PROF": " ","SWTCH_BILL_NBR": "      ","LS_333": "         ","RTE_PROF": "Y","RWC_NUMB": 0,"EQP_TARE_KG": "      ","MFST_SHPR": " ","WB_SPL_INSTR1": "                              ","CUST_633_RESP": "            ","CAR_INIT": "    ","WB_SPL_INSTR2": "                              ","IG_SEAL": "               ","LS_STNUM": "      ","LOG_USER": "XT24401 ","DEST_RLSE_CUST": "            ","CMDTY_PROF": " ","CUST_633_CNSG": "AGENT       ","ORIG_RAMP_ST": "  ","ORD_CU_CAP_QLF": " ","WB_ID_LEAD": null,"RVS_STN_ST": "  ","BLADG_ID": "                 ","OP_DEST_ST": "  ","LS_WGHT_CD": " ","CARR_ABBR_DELY": "    ","TRUE_KINGPIN": "  ","RULE11_FLG": " ","TSO_STNUM": "042368","BRNG_TYPE_CD": "H","CIRC_CARR": "    ","STCC_NBR_LST": "       ","CSD_CD": "    ","LOG_TIME": "12:47:57","LOG_DATE": "2019-05-24","EVT_TIME": "20:28:08","EVT_DT": "2021-01-09","WB_DT": "2019-05-24","BLADG_ISS_DT": null,"ORIG_DT_ATSF": null,"TMSTP": "2019-05-24 12:46:09.512259","RLSE_DT": "2019-05-24","RLSE_TIME": "12:46:09","IBMSNAP_LOGMARKER": "2021-01-11 11:51:21.261261","INGT_CRT_TS": "2021-01-16 03:39:02.469","PRODUCT_ID": "SRS_WB_DB2_OW.VWBM_ASNKK","INGT_UUID": "61530fa6-ffc3-4a18-82ab-02768e991cd9","FORMAT": "TAB"}
{"SCHD_PROF": " ","ATSF_ORIG_1610": "042368","BUS_FCST_CD": "  ","RFGR_POS": " ","OVR_WGHT_FLG": " ","RVS_RTE_PROF": " ","CONTR_ID": "            ","CAR_KND_CNVY": "    ","NET_TONS": "  0","VESSEL_PROF": " ","LS_DEST_333": "         ","DFO_STNUM": "042030","OS_LGTH_FT": "265","WB_TYPE_CD": " ","SHPMT_UNIT_CNT": "   ","CALC_LGTH_FT": "265","ORD_LGTH_FT": 0,"ICD_CINV_FLG": " ","CREATE_BOL_CD": " ","SWTCH_LMT_ZN": "  ","CHAS_INIT": "    ","PPSI_RULE_CD": "   ","RAMP_CD_DEST": " ","CHK_NUMB": "          ","REG_AUTH": "    ","LD_LMT": "613000","CONTR_QUOTE": "            ","CUST_WGHT_CD": "  ","WGHT_ALW1_KGS": 0,"AAR_CAR_KIND": "S162","TSO_333": "BRAINTTER","OS_LGTH_UNVL": "   ","LS_ST": "  ","CRNBR_CERT": "        ","DRF_GEAR_CPLR": 0,"OS_LGTH_IN": "02","CMDTY_DESC_LST": "      ","RFGR_RUN": "    ","ORD_HGHT_IN": 0,"CAR_KIND": "QS5 ","SPD_RESTR_CD": "  ","NET_SCALE_KGS": 0,"ICR_CINV_FLG": " ","STOP_PROF": " ","CAR_NUMB": "          ","ADV_CHRG": 0.00,"PPSI_TEMP": "   ","OP_CITY_333": "MONINTTER","MVMT_AUTH_CD": "  ","LOAD_EMPTY": "E","SCO_FCO_ID": "      ","WB_EDI_CD": "   ","MVMT_PROF3": " ","MVMT_PROF2": "Y","GRN_PROF": " ","ORD_LGTH_IN": 0,"CITY_CUST_PROF": "Y","DRAY_SVC_CD": " ","IMPT_EXPT_CD": "  ","RFGR_SET": "    ","DFO_333": "TORWAYCEN","PLTFM_CD": " ","IG_HAZ_DECL": " ","SYS_BLK": "15000","PPSI_COOL_FLG": " ","PER_DIEM_RATE": 0.00,"EQP_NUMB_LEAD": "          ","CSTM_PROF": " ","ORIG_SYS_BLK": "     ","STCC_NUMBER": "       ","MECH_STAT_CD3": "  ","MECH_STAT_CD2": "  ","RAMP_CD_ORIG": " ","TARIFF_SUPP": "    ","BUS_UNIT_SUB": "  ","MECH_STAT_CD1": "PM","NET_SCALE_WGHT": "        ","IBMSNAP_COMMITSEQ": "\u0000\ufffd\u001b/\ufffd\ufffd\f\ufffdz\u0000\u0000\u0000\u0000\u0000\u0000\u0001","SHPR_PTRN_CD": "0000980000","DVN_PROF": " ","DEST_RAMP_333": "         ","CARR_ABBR_ON": "    ","TNSF_PROF": " ","TRANS_BRDR_CD": "C","TRN_BLK_ORIG": "     ","PKG_TYP": "   ","CIRC_SUPP": "    ","PPSI_CD": "    ","WB_VRSN": 1,"ORIG_TYPE_ATSF": " ","LVL_SVC_CD": " ","SSI_YARD_FLG": " ","WGHT_ALW2": "000000","WGHT_ALW1": "000000","WGHT_AGRM_NUMB": "      ","LS_WGHT_COFC": "        ","ISIS_BOL_CNT": "   ","PST": " ","OS_HGTH_IN": "00","TOFC_LBLTY_ITM": "  ","CAR_KND_ABBR": "Q","CN_CAR_KIND": "FC5","OP_ZTS": "P003  ","PRG_FLG": "N","CONTR_ISS_CARR": "    ","CONTR_ERR_CD": " ","SHPR_AGT_RTE": "A","MULTI_PROF": " ","ORIG_RAMP_333": "         ","ORD_CU_CAP": "        ","SECT_7_FLG": "N","CUST_NET_WGHT": "        ","FFRM_PROF": " ","EMBRG_PRMT": "          ","ORIG_STNUM": "042368","OP_DEST_STNUM": "014521","DEST_RAMP_1610": "      ","RAIL_CNTL_CD": "N","WB_10_DY": " ","ORIG_333": "BRAINTTER","IMDL_HDLG_CD2": " ","WGT_UNIT_CODE": " ","IMDL_HDLG_CD3": " ","EQP_INIT_LEAD": "    ","IMDL_HDLG_CD1": " ","TOT_LADG_WGHT": "       0","LS_WGHT_TOFC": "        ","ICD_JT_SVC_CD": " ","OP_CUST_633": "CNINTERMODAL","GST": " ","ORD_EQP_TYPE": "    ","MVMT_LDMTY": "E","ICR_JT_SVC_CD": " ","RFGR_FUEL": "     ","OS_WDTH_FT": "09","OP_DEST_333": "         ","CUST_633_SHPR": "AGENT       ","MECH_CLASS": "     ","ST_INTERST": "I","WGHT_CD": "  ","REF_PROF": " ","STN_FSAC_OFF": "      ","CMDTY_DES_ABBR": "      ","PPD_CHRG": 0.00,"DEST_333": "MONINTTER","BILL_RD_ORIG": "   ","STN_FSAC_ON": "      ","TARIFF_CARR": "    ","WB_ERR_CD": " ","SVC_EQP_CD": "  ","SWTCH_CD": "  ","UNIT_CHAR_PROF": "Y","EQP_INIT": "DTTX","BOGIE_CD": " ","PLTFM_POS_CD": " ","OP_ST": "NB","OP_RAJP": "    ","TARIFF_ITEM": "          ","IBMSNAP_OPERATION": "U","ISIS_DCMT_ID": "                    ","WB_REC_TYPE": "M","LRHC": "CN  ","EQP_RMP_STAT": " ","TARE_TYPE_CD": "U","KINGPIN": "   ","WB_NUMB": "      ","ADVO_PROF": " ","TOFC_COFC_CD": " ","CSTM_SHELL_IND": " ","ORD_WGHT": 0,"TSO_ST": "ON","ORIG_ST": "ON","SCALE_333": "         ","IMDL_PLAN_CD": "  ","WGHT_ALW_DESC2": "        ","WGHT_ALW_DESC1": "        ","PLTNT_CD": " ","CHAS_NUMB": "          ","SPL_COND_CD5": "  ","AXLE_LGTH_IN": "   ","SPL_COND_CD4": "  ","SPL_COND_CD3": "  ","SPD_BILL_NBR": "          ","BOL_ISS_333": "         ","SPL_COND_CD2": "PM","CROSS_PROF": " ","SPL_COND_CD1": "DH","EMBRG_NUMB": "      ","EMBRG_ISS_CARR": "   ^C ","SHPR_PROF": " ","WB_STAT_CD": "A","RAJP2": "    ","DEST_RLSE_TEL": "                    ","BUS_UNIT_CD": "  ","SPL_COND_CD7": "  ","SPL_COND_CD6": "  ","LOG_ACTION": "A","CIRC_NUMB": "            ","QUOTE_ALLOW": "            ","LOG_TID": "XT24401 ","DEST_STNUM": "014521","EQUIP_REQ_CD": " ","LS_DEST_ST": "  ","ORIG_RAMP_1610": "      ","POOL_NBR": "P8841","EQP_TARE": "188500","MVMT_PROF": "Y","DEST_RAMP_ST": "  ","RAJP": "    ","TRNST_CD": "  ","ACTV_SHIP_MDH": "052412","LOG_COUNTER": 1,"LOG_USER_NME": "LUXMI MENON         ","CUST_ALW_DESC": "        ","PPSI_TEMP_CD": "  ","OS_HGHT_FT": "08","ORD_HGHT_FT": 0,"EQP_NBR_CHK_DG": "  ","FRT_CHRG": 0.00,"WEATHER_CD": "  ","WB_PRCS_CD": " ","JT_SVC_CD": " ","CIRC_ITEM": "            ","WB_AUTO_RT_FLG": " ","ARTCL_QTY": "     ","IMDL_PROF": " ","TRNST_PROF": " ","WB_AXLE_CNT": "12","GRS_SCALE_WGHT": "  188500","POOL_MRKT_CD": " ","TARIFF_AUTH": "          ","RAIL_PVT_CD": "P","SCALE_ST": "  ","CUST_SVC_TEAM": " ","CONTR_PROF": " ","RVS_STN_333": "         ","OS_WDTH_IN": "02","CUST_WGHT_ALW": "      ","RVS_633_CNSG": "            ","CUST_WGHT_UNIT": " ","EQP_NUMB": "    759646","CNSG_PTRN_CD": "0000980000","WB_ID": "2259-05-24-12.46.09.512019","VEH_PROF": " ","BOL_ISS_ST": "  ","GRS_TONS": " 94","TOT_LADG_KGS": 0,"JCT2_R260": "     ","PLAN_NUMB": "  ","MVMT_REV_CODE": "  ","ICD_CARR": "    ","IBMSNAP_INTENTSEQ": "\u0000\ufffd\u001b/\ufffd\ufffdŠ\ufffd\u0000\u0000\u0000\u0000\u0000\u0000\u0001","IG_PLAC_CD": "  ","HAZ_MATL_PROF": " ","DFO_ST": "ON","MPTY_ASGN_CD": "   ","WB_NUMB_LEAD": "      ","LS_BLOCK": "     ","NXT_WB_STAT_CD": " ","KEY_TRN_CD": " ","DEST_ST": "NB","ATSF_RTE_OCUR": 0,"SEAL_PROF": " ","SWTCH_BILL_NBR": "      ","LS_333": "         ","RTE_PROF": "Y","RWC_NUMB": 0,"EQP_TARE_KG": "      ","MFST_SHPR": " ","WB_SPL_INSTR1": "                              ","CUST_633_RESP": "            ","CAR_INIT": "    ","WB_SPL_INSTR2": "                              ","IG_SEAL": "               ","LS_STNUM": "      ","LOG_USER": "XT24401 ","DEST_RLSE_CUST": "            ","CMDTY_PROF": " ","CUST_633_CNSG": "AGENT       ","ORIG_RAMP_ST": "  ","ORD_CU_CAP_QLF": " ","WB_ID_LEAD": null,"RVS_STN_ST": "  ","BLADG_ID": "                 ","OP_DEST_ST": "  ","LS_WGHT_CD": " ","CARR_ABBR_DELY": "    ","TRUE_KINGPIN": "  ","RULE11_FLG": " ","TSO_STNUM": "042368","BRNG_TYPE_CD": "H","CIRC_CARR": "    ","STCC_NBR_LST": "       ","CSD_CD": "    ","LOG_TIME": "12:47:57","LOG_DATE": "2019-05-24","EVT_TIME": "20:28:08","EVT_DT": "2021-01-09","WB_DT": "2019-05-24","BLADG_ISS_DT": null,"ORIG_DT_ATSF": null,"TMSTP": "2019-05-24 12:46:09.512259","RLSE_DT": "2019-05-24","RLSE_TIME": "12:46:09","IBMSNAP_LOGMARKER": "2021-01-11 11:51:21.261261","INGT_CRT_TS": "2021-01-16 03:39:02.469","PRODUCT_ID": "SRS_WB_DB2_OW.VWBM_ASNKK","INGT_UUID": "61530fa6-ffc3-4a18-82ab-02768e991cd9","FORMAT": "TAB"}
{"SCHD_PROF": " ","ATSF_ORIG_1610": "042368","BUS_FCST_CD": "  ","RFGR_POS": " ","OVR_WGHT_FLG": " ","RVS_RTE_PROF": " ","CONTR_ID": "            ","CAR_KND_CNVY": "    ","NET_TONS": "  0","VESSEL_PROF": " ","LS_DEST_333": "         ","DFO_STNUM": "042030","OS_LGTH_FT": "265","WB_TYPE_CD": " ","SHPMT_UNIT_CNT": "   ","CALC_LGTH_FT": "265","ORD_LGTH_FT": 0,"ICD_CINV_FLG": " ","CREATE_BOL_CD": " ","SWTCH_LMT_ZN": "  ","CHAS_INIT": "    ","PPSI_RULE_CD": "   ","RAMP_CD_DEST": " ","CHK_NUMB": "          ","REG_AUTH": "    ","LD_LMT": "613000","CONTR_QUOTE": "            ","CUST_WGHT_CD": "  ","WGHT_ALW1_KGS": 0,"AAR_CAR_KIND": "S162","TSO_333": "BRAINTTER","OS_LGTH_UNVL": "   ","LS_ST": "  ","CRNBR_CERT": "        ","DRF_GEAR_CPLR": 0,"OS_LGTH_IN": "02","CMDTY_DESC_LST": "      ","RFGR_RUN": "    ","ORD_HGHT_IN": 0,"CAR_KIND": "QS5 ","SPD_RESTR_CD": "  ","NET_SCALE_KGS": 0,"ICR_CINV_FLG": " ","STOP_PROF": " ","CAR_NUMB": "          ","ADV_CHRG": 0.00,"PPSI_TEMP": "   ","OP_CITY_333": "MONINTTER","MVMT_AUTH_CD": "  ","LOAD_EMPTY": "E","SCO_FCO_ID": "      ","WB_EDI_CD": "   ","MVMT_PROF3": " ","MVMT_PROF2": "Y","GRN_PROF": " ","ORD_LGTH_IN": 0,"CITY_CUST_PROF": "Y","DRAY_SVC_CD": " ","IMPT_EXPT_CD": "  ","RFGR_SET": "    ","DFO_333": "TORWAYCEN","PLTFM_CD": " ","IG_HAZ_DECL": " ","SYS_BLK": "15000","PPSI_COOL_FLG": " ","PER_DIEM_RATE": 0.00,"EQP_NUMB_LEAD": "          ","CSTM_PROF": " ","ORIG_SYS_BLK": "     ","STCC_NUMBER": "       ","MECH_STAT_CD3": "  ","MECH_STAT_CD2": "  ","RAMP_CD_ORIG": " ","TARIFF_SUPP": "    ","BUS_UNIT_SUB": "  ","MECH_STAT_CD1": "PM","NET_SCALE_WGHT": "        ","IBMSNAP_COMMITSEQ": "\u0000\ufffd\u001b/\ufffd\ufffd\f\ufffdz\u0000\u0000\u0000\u0000\u0000\u0000\u0001","SHPR_PTRN_CD": "0000980000","DVN_PROF": " ","DEST_RAMP_333": "         ","CARR_ABBR_ON": "    ","TNSF_PROF": " ","TRANS_BRDR_CD": "C","TRN_BLK_ORIG": "     ","PKG_TYP": "   ","CIRC_SUPP": "    ","PPSI_CD": "    ","WB_VRSN": 1,"ORIG_TYPE_ATSF": " ","LVL_SVC_CD": " ","SSI_YARD_FLG": " ","WGHT_ALW2": "000000","WGHT_ALW1": "000000","WGHT_AGRM_NUMB": "      ","LS_WGHT_COFC": "        ","ISIS_BOL_CNT": "   ","PST": " ","OS_HGTH_IN": "00","TOFC_LBLTY_ITM": "  ","CAR_KND_ABBR": "Q","CN_CAR_KIND": "FC5","OP_ZTS": "P003  ","PRG_FLG": "N","CONTR_ISS_CARR": "    ","CONTR_ERR_CD": " ","SHPR_AGT_RTE": "A","MULTI_PROF": " ","ORIG_RAMP_333": "         ","ORD_CU_CAP": "        ","SECT_7_FLG": "N","CUST_NET_WGHT": "        ","FFRM_PROF": " ","EMBRG_PRMT": "          ","ORIG_STNUM": "042368","OP_DEST_STNUM": "014521","DEST_RAMP_1610": "      ","RAIL_CNTL_CD": "N","WB_10_DY": " ","ORIG_333": "BRAINTTER","IMDL_HDLG_CD2": " ","WGT_UNIT_CODE": " ","IMDL_HDLG_CD3": " ","EQP_INIT_LEAD": "    ","IMDL_HDLG_CD1": " ","TOT_LADG_WGHT": "       0","LS_WGHT_TOFC": "        ","ICD_JT_SVC_CD": " ","OP_CUST_633": "CNINTERMODAL","GST": " ","ORD_EQP_TYPE": "    ","MVMT_LDMTY": "E","ICR_JT_SVC_CD": " ","RFGR_FUEL": "     ","OS_WDTH_FT": "09","OP_DEST_333": "         ","CUST_633_SHPR": "AGENT       ","MECH_CLASS": "     ","ST_INTERST": "I","WGHT_CD": "  ","REF_PROF": " ","STN_FSAC_OFF": "      ","CMDTY_DES_ABBR": "      ","PPD_CHRG": 0.00,"DEST_333": "MONINTTER","BILL_RD_ORIG": "   ","STN_FSAC_ON": "      ","TARIFF_CARR": "    ","WB_ERR_CD": " ","SVC_EQP_CD": "  ","SWTCH_CD": "  ","UNIT_CHAR_PROF": "Y","EQP_INIT": "DTTX","BOGIE_CD": " ","PLTFM_POS_CD": " ","OP_ST": "NB","OP_RAJP": "    ","TARIFF_ITEM": "          ","IBMSNAP_OPERATION": "U","ISIS_DCMT_ID": "                    ","WB_REC_TYPE": "M","LRHC": "CN  ","EQP_RMP_STAT": " ","TARE_TYPE_CD": "U","KINGPIN": "   ","WB_NUMB": "      ","ADVO_PROF": " ","TOFC_COFC_CD": " ","CSTM_SHELL_IND": " ","ORD_WGHT": 0,"TSO_ST": "ON","ORIG_ST": "ON","SCALE_333": "         ","IMDL_PLAN_CD": "  ","WGHT_ALW_DESC2": "        ","WGHT_ALW_DESC1": "        ","PLTNT_CD": " ","CHAS_NUMB": "          ","SPL_COND_CD5": "  ","AXLE_LGTH_IN": "   ","SPL_COND_CD4": "  ","SPL_COND_CD3": "  ","SPD_BILL_NBR": "          ","BOL_ISS_333": "         ","SPL_COND_CD2": "PM","CROSS_PROF": " ","SPL_COND_CD1": "DH","EMBRG_NUMB": "      ","EMBRG_ISS_CARR": "   ^C ","SHPR_PROF": " ","WB_STAT_CD": "U","RAJP2": "    ","DEST_RLSE_TEL": "                    ","BUS_UNIT_CD": "  ","SPL_COND_CD7": "  ","SPL_COND_CD6": "  ","LOG_ACTION": "A","CIRC_NUMB": "            ","QUOTE_ALLOW": "            ","LOG_TID": "XT24401 ","DEST_STNUM": "014521","EQUIP_REQ_CD": " ","LS_DEST_ST": "  ","ORIG_RAMP_1610": "      ","POOL_NBR": "P8841","EQP_TARE": "188500","MVMT_PROF": "Y","DEST_RAMP_ST": "  ","RAJP": "    ","TRNST_CD": "  ","ACTV_SHIP_MDH": "052412","LOG_COUNTER": 1,"LOG_USER_NME": "LUXMI MENON         ","CUST_ALW_DESC": "        ","PPSI_TEMP_CD": "  ","OS_HGHT_FT": "08","ORD_HGHT_FT": 0,"EQP_NBR_CHK_DG": "  ","FRT_CHRG": 0.00,"WEATHER_CD": "  ","WB_PRCS_CD": " ","JT_SVC_CD": " ","CIRC_ITEM": "            ","WB_AUTO_RT_FLG": " ","ARTCL_QTY": "     ","IMDL_PROF": " ","TRNST_PROF": " ","WB_AXLE_CNT": "12","GRS_SCALE_WGHT": "  188500","POOL_MRKT_CD": " ","TARIFF_AUTH": "          ","RAIL_PVT_CD": "P","SCALE_ST": "  ","CUST_SVC_TEAM": " ","CONTR_PROF": " ","RVS_STN_333": "         ","OS_WDTH_IN": "02","CUST_WGHT_ALW": "      ","RVS_633_CNSG": "            ","CUST_WGHT_UNIT": " ","EQP_NUMB": "    759646","CNSG_PTRN_CD": "0000980000","WB_ID": "2259-05-24-12.46.09.512019","VEH_PROF": " ","BOL_ISS_ST": "  ","GRS_TONS": " 94","TOT_LADG_KGS": 0,"JCT2_R260": "     ","PLAN_NUMB": "  ","MVMT_REV_CODE": "  ","ICD_CARR": "    ","IBMSNAP_INTENTSEQ": "\u0000\ufffd\u001b/\ufffd\ufffdŠ\ufffd\u0000\u0000\u0000\u0000\u0000\u0000\u0001","IG_PLAC_CD": "  ","HAZ_MATL_PROF": " ","DFO_ST": "ON","MPTY_ASGN_CD": "   ","WB_NUMB_LEAD": "      ","LS_BLOCK": "     ","NXT_WB_STAT_CD": " ","KEY_TRN_CD": " ","DEST_ST": "NB","ATSF_RTE_OCUR": 0,"SEAL_PROF": " ","SWTCH_BILL_NBR": "      ","LS_333": "         ","RTE_PROF": "Y","RWC_NUMB": 0,"EQP_TARE_KG": "      ","MFST_SHPR": " ","WB_SPL_INSTR1": "                              ","CUST_633_RESP": "            ","CAR_INIT": "    ","WB_SPL_INSTR2": "                              ","IG_SEAL": "               ","LS_STNUM": "      ","LOG_USER": "XT24401 ","DEST_RLSE_CUST": "            ","CMDTY_PROF": " ","CUST_633_CNSG": "AGENT       ","ORIG_RAMP_ST": "  ","ORD_CU_CAP_QLF": " ","WB_ID_LEAD": null,"RVS_STN_ST": "  ","BLADG_ID": "                 ","OP_DEST_ST": "  ","LS_WGHT_CD": " ","CARR_ABBR_DELY": "    ","TRUE_KINGPIN": "  ","RULE11_FLG": " ","TSO_STNUM": "042368","BRNG_TYPE_CD": "H","CIRC_CARR": "    ","STCC_NBR_LST": "       ","CSD_CD": "    ","LOG_TIME": "12:47:57","LOG_DATE": "2019-05-24","EVT_TIME": "20:28:08","EVT_DT": "2021-01-09","WB_DT": "2019-05-24","BLADG_ISS_DT": null,"ORIG_DT_ATSF": null,"TMSTP": "2019-05-24 12:46:09.512259","RLSE_DT": "2019-05-24","RLSE_TIME": "12:46:09","IBMSNAP_LOGMARKER": "2021-01-11 11:51:21.261261","INGT_CRT_TS": "2021-01-16 03:39:02.469","PRODUCT_ID": "SRS_WB_DB2_OW.VWBM_ASNKK","INGT_UUID": "61530fa6-ffc3-4a18-82ab-02768e991cd9","FORMAT": "TAB"}