{"IngestionHeader":{"ING_CRT_TS":"2020-09-01T13:36:23.691Z","PRODUCT_ID":"A059","UUID":"8ead69cc-1619-4336-899b-2e6f5b5eb9f1","FORMAT":"JSON"},"WayBillCityCustomer":{"WB_ID":"2020-09-01T13:36:23.691Z","WB_VRSN":0,"CIT_CUS_CD":"PC","CITY_333":"","STATE":"","CITY_NME":"","FSAC":"","SPLC":"","ZIP":"","CUST_633":"","CUST_ADDR":"","CUST_INFO":"","PTRN_CD":"","CUST_FULL":"","CUST_SYN_633":"","CUST_NOTF_TEL":"","ZTS":"","FRC_CUST_FLG":"","CARR_ABBR":"","SPLC_SFX":"","CNTC_NME":"","LOC_SEQ":0,"CTY_CUST_CNTC_PROF":"","LOG_ACTION":"","LOG_COUNTER":0,"LOG_DATE":"2020-09-08T12:19:29.885Z","LOG_TID":"","LOG_TIME":"2020-09-08T12:19:29.885Z","LOG_USER":"","LOG_USER_NME":"","RULE_11_PROF":"","SEQ_SORT":0,"APPT_DT":"2020-09-01T13:36:23.693Z","APPT_TM":"2020-09-01T13:36:23.693Z","DROP_STAY_CD":"","HLPR_CNT":0,"PND_CMPL_FLG":"","CIF_CUST_ID":"","CIF_SUBL_ID":"","IRF_CUST_LOCN_ID":0,"ISO_CTRY_CD":"","IBMSNAP_COMMITSEQ":"","IBMSNAP_INTENTSEQ":"","IBMSNAP_OPERATION":"I","IBMSNAP_LOGMARKER":"2020-09-01T13:36:23.694Z"}}
{"IngestionHeader":{"ING_CRT_TS":"2020-09-01T13:36:23.691Z","PRODUCT_ID":"A059","UUID":null,"FORMAT":"JSON"},"WayBillCityCustomer":{"WB_ID":"2020-09-01T13:36:23.691Z","WB_VRSN":0,"CIT_CUS_CD":"PC","CITY_333":"","STATE":"","CITY_NME":"","FSAC":"","SPLC":"","ZIP":"","CUST_633":"","CUST_ADDR":"","CUST_INFO":"","PTRN_CD":"","CUST_FULL":"","CUST_SYN_633":"","CUST_NOTF_TEL":"","ZTS":"","FRC_CUST_FLG":"","CARR_ABBR":"","SPLC_SFX":"","CNTC_NME":"","LOC_SEQ":0,"CTY_CUST_CNTC_PROF":"","LOG_ACTION":"","LOG_COUNTER":0,"LOG_DATE":"2020-09-08T12:19:29.885Z","LOG_TID":"","LOG_TIME":"2020-09-08T12:19:29.885Z","LOG_USER":"","LOG_USER_NME":"","RULE_11_PROF":"","SEQ_SORT":0,"APPT_DT":"2020-09-01T13:36:23.693Z","APPT_TM":"2020-09-01T13:36:23.693Z","DROP_STAY_CD":"","HLPR_CNT":0,"PND_CMPL_FLG":"","CIF_CUST_ID":"","CIF_SUBL_ID":"","IRF_CUST_LOCN_ID":0,"ISO_CTRY_CD":"","IBMSNAP_COMMITSEQ":"","IBMSNAP_INTENTSEQ":"","IBMSNAP_OPERATION":"I","IBMSNAP_LOGMARKER":"2020-09-01T13:36:23.694Z"}}
{"IngestionHeader":{"ING_CRT_TS":"2020-09-01T13:36:23.691Z","PRODUCT_ID":"A059","UUID":"8ead69cc-1619-4336-899b-2e6f5b5eb9f1","FORMAT":"JSON"},"WayBillCityCustomer":{"WB_ID":"2020-09-01T13:36:23.691Z","WB_VRSN":0,"CIT_CUS_CD":"SF","CITY_333":"","STATE":"","CITY_NME":"","FSAC":"","SPLC":"","ZIP":"","CUST_633":"","CUST_ADDR":"","CUST_INFO":"","PTRN_CD":"","CUST_FULL":"","CUST_SYN_633":"","CUST_NOTF_TEL":"","ZTS":"","FRC_CUST_FLG":"","CARR_ABBR":"","SPLC_SFX":"","CNTC_NME":"","LOC_SEQ":0,"CTY_CUST_CNTC_PROF":"","LOG_ACTION":"","LOG_COUNTER":0,"LOG_DATE":"2020-09-08T12:19:29.885Z","LOG_TID":"","LOG_TIME":"2020-09-08T12:19:29.885Z","LOG_USER":"","LOG_USER_NME":"","RULE_11_PROF":"","SEQ_SORT":0,"APPT_DT":"2020-09-01T13:36:23.693Z","APPT_TM":"2020-09-01T13:36:23.693Z","DROP_STAY_CD":"","HLPR_CNT":0,"PND_CMPL_FLG":"","CIF_CUST_ID":"","CIF_SUBL_ID":"","IRF_CUST_LOCN_ID":0,"ISO_CTRY_CD":"","IBMSNAP_COMMITSEQ":"","IBMSNAP_INTENTSEQ":"","IBMSNAP_OPERATION":"D","IBMSNAP_LOGMARKER":"2020-09-01T13:36:23.694Z"}}