{"IngestionHeader":{"ING_CRT_TS":"2020-08-28T16:03:12.792Z","PRODUCT_ID":"A059","UUID":"8ead69cc-1619-4336-899b-2e6f5b5eb9f1","FORMAT":"JSON"},"WaybillStopoff":{"ACTV_ALTR_DT":"2020-08-28T16:03:12.793Z","ACTV_ALTR_TM":"2020-08-28T16:03:12.792Z","ALTR_AUTH_NME":"","ALTR_FILE_NBR":"","APPT_DT":"2020-08-28T16:03:12.794Z","APPT_TM":"2020-08-28T16:03:12.794Z","DROP_STAY_CD":"","FRC_CUST_FLG":"Y","HLPR_CNT":0,"IRF_CUST_LOCN_ID":0,"LOC_SEQ":0,"LOG_ACTION":"","LOG_COUNTER":0,"LOG_DATE":"2020-08-28T16:03:12.796Z","LOG_TID":"","LOG_TIME":"2020-08-28T16:03:12.796Z","LOG_USER":"","LOG_USER_NME":"","OP_RAJP":"","SEQ_SORT":0,"STOP_333":"","STOP_633":"","STOP_ADDL_INFO":"","STOP_CARR_ABBR":"","STOP_CD":"","STOP_CMPL_FLG":"","STOP_CUS_PHONE":"","STOP_NME":"","STOP_PLT_ADDR":"","STOP_PLT_ZIP":"","STOP_PTRN_CD":"","STOP_REF_KEY_ID":"","STOP_SPLC":"","STOP_SPLC_SFX":"","STOP_ST":"","STOP_STAT_CD":"","STOP_STNUM":"","STOP_SYN_633":"","STOP_WGHT":"","STOP_ZTS":"","STP_CNSG_NME":"","TMSTP":"2020-08-28T16:03:12.800Z","WB_ID":"2020-08-28T16:03:12.800Z","WB_VRSN":0,"IBMSNAP_COMMITSEQ":"","IBMSNAP_INTENTSEQ":"","IBMSNAP_OPERATION":"U","IBMSNAP_LOGMARKER":"2020-08-28T16:03:12.800Z"}}
{"IngestionHeader":{"ING_CRT_TS":"2020-08-28T16:03:12.792Z","PRODUCT_ID":"A059","UUID":null,"FORMAT":"JSON"},"WaybillStopoff":{"ACTV_ALTR_DT":"2020-08-28T16:03:12.793Z","ACTV_ALTR_TM":"2020-08-28T16:03:12.792Z","ALTR_AUTH_NME":"","ALTR_FILE_NBR":"","APPT_DT":"2020-08-28T16:03:12.794Z","APPT_TM":"2020-08-28T16:03:12.794Z","DROP_STAY_CD":"","FRC_CUST_FLG":"Y","HLPR_CNT":0,"IRF_CUST_LOCN_ID":0,"LOC_SEQ":0,"LOG_ACTION":"","LOG_COUNTER":0,"LOG_DATE":"2020-08-28T16:03:12.796Z","LOG_TID":"","LOG_TIME":"2020-08-28T16:03:12.796Z","LOG_USER":"","LOG_USER_NME":"","OP_RAJP":"","SEQ_SORT":0,"STOP_333":"","STOP_633":"","STOP_ADDL_INFO":"","STOP_CARR_ABBR":"","STOP_CD":"","STOP_CMPL_FLG":"","STOP_CUS_PHONE":"","STOP_NME":"","STOP_PLT_ADDR":"","STOP_PLT_ZIP":"","STOP_PTRN_CD":"","STOP_REF_KEY_ID":"","STOP_SPLC":"","STOP_SPLC_SFX":"","STOP_ST":"","STOP_STAT_CD":"","STOP_STNUM":"","STOP_SYN_633":"","STOP_WGHT":"","STOP_ZTS":"","STP_CNSG_NME":"","TMSTP":"2020-08-28T16:03:12.800Z","WB_ID":"2020-08-28T16:03:12.800Z","WB_VRSN":0,"IBMSNAP_COMMITSEQ":"","IBMSNAP_INTENTSEQ":"","IBMSNAP_OPERATION":"U","IBMSNAP_LOGMARKER":"2020-08-28T16:03:12.800Z"}}
{"IngestionHeader":{"ING_CRT_TS":"2020-08-28T16:03:12.792Z","PRODUCT_ID":"A059","UUID":"8ead69cc-1619-4336-899b-2e6f5b5eb9f1","FORMAT":"JSON"},"WaybillStopoff":{"ACTV_ALTR_DT":"2020-08-28T16:03:12.793Z","ACTV_ALTR_TM":"2020-08-28T16:03:12.792Z","ALTR_AUTH_NME":"","ALTR_FILE_NBR":"","APPT_DT":"2020-08-28T16:03:12.794Z","APPT_TM":"2020-08-28T16:03:12.794Z","DROP_STAY_CD":"","FRC_CUST_FLG":"Y","HLPR_CNT":0,"IRF_CUST_LOCN_ID":0,"LOC_SEQ":0,"LOG_ACTION":"","LOG_COUNTER":0,"LOG_DATE":"2020-08-28T16:03:12.796Z","LOG_TID":"","LOG_TIME":"2020-08-28T16:03:12.796Z","LOG_USER":"","LOG_USER_NME":"","OP_RAJP":"","SEQ_SORT":0,"STOP_333":"","STOP_633":"","STOP_ADDL_INFO":"","STOP_CARR_ABBR":"","STOP_CD":"","STOP_CMPL_FLG":"","STOP_CUS_PHONE":"","STOP_NME":"","STOP_PLT_ADDR":"","STOP_PLT_ZIP":"","STOP_PTRN_CD":"","STOP_REF_KEY_ID":"","STOP_SPLC":"","STOP_SPLC_SFX":"","STOP_ST":"","STOP_STAT_CD":"","STOP_STNUM":"","STOP_SYN_633":"","STOP_WGHT":"","STOP_ZTS":"","STP_CNSG_NME":"","TMSTP":"2020-08-28T16:03:12.800Z","WB_ID":"2020-08-28T16:03:12.800Z","WB_VRSN":0,"IBMSNAP_COMMITSEQ":"","IBMSNAP_INTENTSEQ":"","IBMSNAP_OPERATION":"D","IBMSNAP_LOGMARKER":"2020-08-28T16:03:12.800Z"}}
