{"IngestionHeader":{"ING_CRT_TS":"2021-02-23T18:21:02.136Z","PRODUCT_ID":"A059","UUID":null,"FORMAT":"JSON"},"WaybillVessel":{"LOG_DATE":"2021-02-23","VESSEL_NME":"ANL WARRNAMBOOL             ","IBMSNAP_OPERATION":"I","MNFST_DT":"0001-01-01","LOG_USER_NME":"                    ","IBMSNAP_LOGMARKER":"2021-02-23 10:45:12.217442","STATE":"  ","WB_VRSN":"2","IBMSNAP_INTENTSEQ":"00d9513168833f444200000000000001","CARR_ABBR_CURR":"    ","VOY_BKG_DT":null,"VOY_PORT_NME":"VANCOUVER, BC           ","FLY_VOY_NBR":"0Y162S1   ","LOG_ACTION":" ","EQP_INIT":"TGHU","WB_ID":"5826-02-23-10.45.12.032021","SAIL_DT":null,"LOG_TIME":"10:45:12","CNTRY_CD":"  ","LOG_TID":"        ","VOY_PORT_FUNC":"L","WB_NUMB":"378161","WB_DT":"2021-02-23","CUST_BOOK_ID":null,"IBMSNAP_COMMITSEQ":"00d95131688c362ae200000000000001","FLY_VOY_TERM":"                              ","CARR_ABBR_PREV":"    ","IBND_OBND_CD":"O","TMSTP":"2021-02-23 10:45:12.180708","LOG_USER":"        ","PIER_NBR":"    ","SEQ_SORT":"1.00","VESSEL_DIR":" ","EQP_NUMB":"    600252","LOG_COUNTER":"0","VOY_BKG_NBR":"USC0130173       ","PIER_NME":"              ","SAIL_TM":null}}
{"IngestionHeader":{"ING_CRT_TS":"2021-02-23T18:21:02.136Z","PRODUCT_ID":"A059","UUID":"ba73397d-2183-4d5c-ae42-78fe4141ea3b","FORMAT":"JSON"},"WaybillVessel":{"LOG_DATE":"2021-02-23","VESSEL_NME":"ANL WARRNAMBOOL             ","IBMSNAP_OPERATION":"I","MNFST_DT":"0001-01-01","LOG_USER_NME":"                    ","IBMSNAP_LOGMARKER":"2021-02-23 10:45:12.217442","STATE":"  ","WB_VRSN":"2","IBMSNAP_INTENTSEQ":"00d9513168833f444200000000000001","CARR_ABBR_CURR":"    ","VOY_BKG_DT":null,"VOY_PORT_NME":"VANCOUVER, BC           ","FLY_VOY_NBR":"0Y162S1   ","LOG_ACTION":" ","EQP_INIT":"TGHU","WB_ID":"5826-02-23-10.45.12.032021","SAIL_DT":null,"LOG_TIME":"10:45:12","CNTRY_CD":"  ","LOG_TID":"        ","VOY_PORT_FUNC":"L","WB_NUMB":"378161","WB_DT":"2021-02-23","CUST_BOOK_ID":null,"IBMSNAP_COMMITSEQ":"00d95131688c362ae200000000000001","FLY_VOY_TERM":"                              ","CARR_ABBR_PREV":"    ","IBND_OBND_CD":"O","TMSTP":"2021-02-23 10:45:12.180708","LOG_USER":"        ","PIER_NBR":"    ","SEQ_SORT":"1.00","VESSEL_DIR":" ","EQP_NUMB":"    600252","LOG_COUNTER":"0","VOY_BKG_NBR":"USC0130173       ","PIER_NME":"              ","SAIL_TM":null}}
{"IngestionHeader":{"ING_CRT_TS":"2021-02-23T18:21:02.136Z","PRODUCT_ID":"A059","UUID":"ba73397d-2183-4d5c-ae42-78fe4141ea3b","FORMAT":"JSON"},"WaybillVessel":{"LOG_DATE":"2021-02-23","VESSEL_NME":"ANL WARRNAMBOOL             ","IBMSNAP_OPERATION":"D","MNFST_DT":"0001-01-01","LOG_USER_NME":"                    ","IBMSNAP_LOGMARKER":"2021-02-23 10:45:12.217442","STATE":"  ","WB_VRSN":"2","IBMSNAP_INTENTSEQ":"00d9513168833f444200000000000001","CARR_ABBR_CURR":"    ","VOY_BKG_DT":null,"VOY_PORT_NME":"VANCOUVER, BC           ","FLY_VOY_NBR":"0Y162S1   ","LOG_ACTION":" ","EQP_INIT":"TGHU","WB_ID":"5826-02-23-10.45.12.032021","SAIL_DT":null,"LOG_TIME":"10:45:12","CNTRY_CD":"  ","LOG_TID":"        ","VOY_PORT_FUNC":"L","WB_NUMB":"378161","WB_DT":"2021-02-23","CUST_BOOK_ID":null,"IBMSNAP_COMMITSEQ":"00d95131688c362ae200000000000001","FLY_VOY_TERM":"                              ","CARR_ABBR_PREV":"    ","IBND_OBND_CD":"O","TMSTP":"2021-02-23 10:45:12.180708","LOG_USER":"        ","PIER_NBR":"    ","SEQ_SORT":"1.00","VESSEL_DIR":" ","EQP_NUMB":"    600252","LOG_COUNTER":"0","VOY_BKG_NBR":"USC0130173       ","PIER_NME":"              ","SAIL_TM":null}}