{"IngestionHeader":{"ING_CRT_TS":"2021-01-29T12:54:00.136Z","PRODUCT_ID":"A059","UUID":null,"FORMAT":"JSON"},"WaybillReference":{"REF_NBR_DT":"2021-01-29","EQP_INIT":"PLHU","IBMSNAP_OPERATION":"U","CUST_633":"            ","WB_ID":"7672-01-21-10.37.28.772021","CRT_TS":"2021-01-29 07:53:42.131986","IBMSNAP_LOGMARKER":"2021-01-29 07:53:42.424051","WB_VRSN":"1","REF_KEY_ID":"S342628","IBMSNAP_INTENTSEQ":"00d9319c72dff20ac000000000000001","WB_NUMB":"373696","WB_DT":"2021-01-11","REF_NBR_FFRM":"                                             ","IBMSNAP_COMMITSEQ":"00d9319c72e99f301600000000000001","REF_NBR_TIME":"07:53:01","REF_NBR_CD":"RV","REF_NBR":"RV                            ","SEQ_SORT":"9","EQP_NUMB":"    677493","CPLT_REF_NBR_CD":"   "}}
{"IngestionHeader":{"ING_CRT_TS":"2021-01-29T12:54:00.136Z","PRODUCT_ID":"A059","UUID":"9a1300e0-3169-44eb-a36f-2babdb508a8f","FORMAT":"JSON"},"WaybillReference":{"REF_NBR_DT":"2021-01-29","EQP_INIT":"PLHU","IBMSNAP_OPERATION":"U","CUST_633":"            ","WB_ID":"7672-01-21-10.37.28.772021","CRT_TS":"2021-01-29 07:53:42.131986","IBMSNAP_LOGMARKER":"2021-01-29 07:53:42.424051","WB_VRSN":"1","REF_KEY_ID":"S342628","IBMSNAP_INTENTSEQ":"00d9319c72dff20ac000000000000001","WB_NUMB":"373696","WB_DT":"2021-01-11","REF_NBR_FFRM":"                                             ","IBMSNAP_COMMITSEQ":"00d9319c72e99f301600000000000001","REF_NBR_TIME":"07:53:01","REF_NBR_CD":"RV","REF_NBR":"RV                            ","SEQ_SORT":"9","EQP_NUMB":"    677493","CPLT_REF_NBR_CD":"   "}}
{"IngestionHeader":{"ING_CRT_TS":"2021-01-29T14:23:00.725Z","PRODUCT_ID":"A059","UUID":"1934ffc5-0e58-4f76-bb9d-2a530b6ad936","FORMAT":"JSON"},"WaybillReference":{"REF_NBR_DT":"2021-01-12","EQP_INIT":"CNRU","IBMSNAP_OPERATION":"D","CUST_633":"            ","WB_ID":"5809-01-12-16.08.47.772021","CRT_TS":"2021-01-12 16:08:50.982048","IBMSNAP_LOGMARKER":"2021-01-29 09:22:32.301114","WB_VRSN":"3","REF_KEY_ID":"S340963","IBMSNAP_INTENTSEQ":"00d931b04dada5194e00000000000001","WB_NUMB":"373132","WB_DT":"2021-01-12","REF_NBR_FFRM":"                                             ","IBMSNAP_COMMITSEQ":"00d931b04de123a4ca00000000000001","REF_NBR_TIME":"16:08:50","REF_NBR_CD":"RV","REF_NBR":"RV20140975                    ","SEQ_SORT":"4","EQP_NUMB":"    243065","CPLT_REF_NBR_CD":"   "}}